code,line_item,period_end,measure,value,asOf
,Portfolio turnover rate (%) = (Total value of purchase transactions + total value of sales transactions) x 100%/ (2 x Average NAV) (**),2021-05-31,month,0.560987721344121,2021-07-02
2265,Management fee paid to the fund management company/Average NAV (%),2021-05-31,month,0.0122329729106065,2021-07-02
2266,Custody and supervising fees paid to the Supervisory Bank/Average NAV (%),2021-05-31,month,0.000868923445906712,2021-07-02
2267,Auditing fee paid to auditing organizations (if any)/Average NAV (%),2021-05-31,month,0.00013488263418755,2021-07-02
2268,"Legal consultancy, price quotation and other appropriate service fees; remunerations paid to the Board of Representatives/Average NAV (%)",2021-05-31,month,0.000136868068256938,2021-07-02
2269,Expense/Average NAV (%),2021-05-31,month,0.0142077910668243,2021-07-02
2273,Fund scale at the beginning of the period (based on par value of fund certificate),2021-05-31,month,418699977000,2021-07-02
2274,Total value of outstanding Fund Certificate at the beginning of period,2021-05-31,month,418699977000,2021-07-02
2275,Total number of outstanding Fund Certificate at the beginning of period,2021-05-31,month,41869997.7,2021-07-02
2276,Change of Fund scale during the period (based on par value of fund certificate),2021-05-31,month,-31701296000,2021-07-02
2277,Number of Fund Certificates subscribed during the period,2021-05-31,month,1181550.67,2021-07-02
2278,Net subscription amount during the period (based on par value),2021-05-31,month,11815506700,2021-07-02
2279,Fund scale at the end of the period (based on par value),2021-05-31,month,386998681000,2021-07-02
2280,Total value of outstanding Fund Certificate at the end of the period (based on par value),2021-05-31,month,386998681000,2021-07-02
2281,Total number of outstanding Fund Certificate at the end of the period,2021-05-31,month,38699868.1,2021-07-02
2282,Fund Management Company and related parties' ownership ratio at the end of the period,2021-05-31,month,0.0549740413714743,2021-07-02
2283,Top 10 investors' ownership ratio at the end of the period,2021-05-31,month,0.1723,2021-07-02
2284,Foreign investors' ownership ratio at the end of the period,2021-05-31,month,0.0739,2021-07-02
2285,Net asset value per Fund Certificate at the end of period,2021-05-31,month,21371.67,2021-07-02
22661,"Fund admin fee, and other fees paid to relating services providers by the fund management company/Average NAV (%)",2021-05-31,month,0.000496549009348266,2021-07-02
22761,Change of Number of Fund Certificates during the period,2021-05-31,month,-3170129.6,2021-07-02
22762,Change in capital amount during the period (based on par value),2021-05-31,month,-31701296000,2021-07-02
22781,Number of Fund Certificates redeemed during the period,2021-05-31,month,-4351680.27,2021-07-02
22782,Net redemption amount during the period (based on par value),2021-05-31,month,-43516802700,2021-07-02
22841,Number of investors of the Fund at the end of the period,2021-05-31,month,1554,2021-07-02
,Portfolio turnover rate (%) = (Total value of purchase transactions + total value of sales transactions) x 100%/ (2 x Average NAV) (**),2021-06-30,month,0,2021-08-03
2265,Management fee paid to the fund management company/Average NAV (%),2021-06-30,month,0.0118383500860134,2021-08-03
2266,Custody and supervising fees paid to the Supervisory Bank/Average NAV (%),2021-06-30,month,0.000834515171535035,2021-08-03
2267,Auditing fee paid to auditing organizations (if any)/Average NAV (%),2021-06-30,month,0.000135742651555085,2021-08-03
2268,"Legal consultancy, price quotation and other appropriate service fees; remunerations paid to the Board of Representatives/Average NAV (%)",2021-06-30,month,0.000512219830523509,2021-08-03
2269,Expense/Average NAV (%),2021-06-30,month,0.0138458588652374,2021-08-03
2273,Fund scale at the beginning of the period (based on par value of fund certificate),2021-06-30,month,386998681000,2021-08-03
2274,Total value of outstanding Fund Certificate at the beginning of period,2021-06-30,month,386998681000,2021-08-03
2275,Total number of outstanding Fund Certificate at the beginning of period,2021-06-30,month,38699868.1,2021-08-03
2276,Change of Fund scale during the period (based on par value of fund certificate),2021-06-30,month,-7446573700,2021-08-03
2277,Number of Fund Certificates subscribed during the period,2021-06-30,month,1804275.75,2021-08-03
2278,Net subscription amount during the period (based on par value),2021-06-30,month,18042757500,2021-08-03
2279,Fund scale at the end of the period (based on par value),2021-06-30,month,379552107300,2021-08-03
2280,Total value of outstanding Fund Certificate at the end of the period (based on par value),2021-06-30,month,379552107300,2021-08-03
2281,Total number of outstanding Fund Certificate at the end of the period,2021-06-30,month,37955210.73,2021-08-03
2282,Fund Management Company and related parties' ownership ratio at the end of the period,2021-06-30,month,0.0561941193047883,2021-08-03
2283,Top 10 investors' ownership ratio at the end of the period,2021-06-30,month,0.18,2021-08-03
2284,Foreign investors' ownership ratio at the end of the period,2021-06-30,month,0.0878,2021-08-03
2285,Net asset value per Fund Certificate at the end of period,2021-06-30,month,21489.65,2021-08-03
22661,"Fund admin fee, and other fees paid to relating services providers by the fund management company/Average NAV (%)",2021-06-30,month,0.000492676042739072,2021-08-03
22761,Change of Number of Fund Certificates during the period,2021-06-30,month,-744657.37,2021-08-03
22762,Change in capital amount during the period (based on par value),2021-06-30,month,-7446573700,2021-08-03
22781,Number of Fund Certificates redeemed during the period,2021-06-30,month,-2548933.12,2021-08-03
22782,Net redemption amount during the period (based on par value),2021-06-30,month,-25489331200,2021-08-03
22841,Number of investors of the Fund at the end of the period,2021-06-30,month,1582,2021-08-03
,Portfolio turnover rate (%) = (Total value of purchase transactions + total value of sales transactions) x 100%/ (2 x Average NAV) (**),2021-07-31,month,0.250429541490174,2021-09-06
2265,Management fee paid to the fund management company/Average NAV (%),2021-07-31,month,0.0122329986756389,2021-09-06
2266,Custody and supervising fees paid to the Supervisory Bank/Average NAV (%),2021-07-31,month,0.000859171949875399,2021-09-06
2267,Auditing fee paid to auditing organizations (if any)/Average NAV (%),2021-07-31,month,0.000155768297639883,2021-09-06
2268,"Legal consultancy, price quotation and other appropriate service fees; remunerations paid to the Board of Representatives/Average NAV (%)",2021-07-31,month,0.000139731412660943,2021-09-06
2269,Expense/Average NAV (%),2021-07-31,month,0.0139906081667062,2021-09-06
2273,Fund scale at the beginning of the period (based on par value of fund certificate),2021-07-31,month,379552107300,2021-09-06
2274,Total value of outstanding Fund Certificate at the beginning of period,2021-07-31,month,379552107300,2021-09-06
2275,Total number of outstanding Fund Certificate at the beginning of period,2021-07-31,month,37955210.73,2021-09-06
2276,Change of Fund scale during the period (based on par value of fund certificate),2021-07-31,month,15667843400,2021-09-06
2277,Number of Fund Certificates subscribed during the period,2021-07-31,month,3206124.57,2021-09-06
2278,Net subscription amount during the period (based on par value),2021-07-31,month,32061245700,2021-09-06
2279,Fund scale at the end of the period (based on par value),2021-07-31,month,395219950700,2021-09-06
2280,Total value of outstanding Fund Certificate at the end of the period (based on par value),2021-07-31,month,395219950700,2021-09-06
2281,Total number of outstanding Fund Certificate at the end of the period,2021-07-31,month,39521995.07,2021-09-06
2282,Fund Management Company and related parties' ownership ratio at the end of the period,2021-07-31,month,0.0891614963707853,2021-09-06
2283,Top 10 investors' ownership ratio at the end of the period,2021-07-31,month,0.211,2021-09-06
2284,Foreign investors' ownership ratio at the end of the period,2021-07-31,month,0.0843,2021-09-06
2285,Net asset value per Fund Certificate at the end of period,2021-07-31,month,21611.97,2021-09-06
22661,"Fund admin fee, and other fees paid to relating services providers by the fund management company/Average NAV (%)",2021-07-31,month,0.000501076281431778,2021-09-06
22761,Change of Number of Fund Certificates during the period,2021-07-31,month,1566784.34,2021-09-06
22762,Change in capital amount during the period (based on par value),2021-07-31,month,15667843400,2021-09-06
22781,Number of Fund Certificates redeemed during the period,2021-07-31,month,-1639340.23,2021-09-06
22782,Net redemption amount during the period (based on par value),2021-07-31,month,-16393402300,2021-09-06
22841,Number of investors of the Fund at the end of the period,2021-07-31,month,1683,2021-09-06
,Portfolio turnover rate (%) = (Total value of purchase transactions + total value of sales transactions) x 100%/ (2 x Average NAV) (**),2021-08-31,month,0.695712887970277,2021-10-04
2265,Management fee paid to the fund management company/Average NAV (%),2021-08-31,month,0.0122329412969892,2021-10-04
2266,Custody and supervising fees paid to the Supervisory Bank/Average NAV (%),2021-08-31,month,0.000860464670729486,2021-10-04
2267,Auditing fee paid to auditing organizations (if any)/Average NAV (%),2021-08-31,month,0.000151477586123082,2021-10-04
2268,"Legal consultancy, price quotation and other appropriate service fees; remunerations paid to the Board of Representatives/Average NAV (%)",2021-08-31,month,0.000135359228829912,2021-10-04
2269,Expense/Average NAV (%),2021-08-31,month,0.0141825057869031,2021-10-04
2273,Fund scale at the beginning of the period (based on par value of fund certificate),2021-08-31,month,395219950700,2021-10-04
2274,Total value of outstanding Fund Certificate at the beginning of period,2021-08-31,month,395219950700,2021-10-04
2275,Total number of outstanding Fund Certificate at the beginning of period,2021-08-31,month,39521995.07,2021-10-04
2276,Change of Fund scale during the period (based on par value of fund certificate),2021-08-31,month,10126575900,2021-10-04
2277,Number of Fund Certificates subscribed during the period,2021-08-31,month,2725929.7,2021-10-04
2278,Net subscription amount during the period (based on par value),2021-08-31,month,27259297000,2021-10-04
2279,Fund scale at the end of the period (based on par value),2021-08-31,month,405346526600,2021-10-04
2280,Total value of outstanding Fund Certificate at the end of the period (based on par value),2021-08-31,month,405346526600,2021-10-04
2281,Total number of outstanding Fund Certificate at the end of the period,2021-08-31,month,40534652.66,2021-10-04
2282,Fund Management Company and related parties' ownership ratio at the end of the period,2021-08-31,month,0.143854188388153,2021-10-04
2283,Top 10 investors' ownership ratio at the end of the period,2021-08-31,month,0.2626,2021-10-04
2284,Foreign investors' ownership ratio at the end of the period,2021-08-31,month,0.0822,2021-10-04
2285,Net asset value per Fund Certificate at the end of period,2021-08-31,month,21726.73,2021-10-04
22661,"Fund admin fee, and other fees paid to relating services providers by the fund management company/Average NAV (%)",2021-08-31,month,0.000494632993098689,2021-10-04
22761,Change of Number of Fund Certificates during the period,2021-08-31,month,1012657.59,2021-10-04
22762,Change in capital amount during the period (based on par value),2021-08-31,month,10126575900,2021-10-04
22781,Number of Fund Certificates redeemed during the period,2021-08-31,month,-1713272.11,2021-10-04
22782,Net redemption amount during the period (based on par value),2021-08-31,month,-17132721100,2021-10-04
22841,Number of investors of the Fund at the end of the period,2021-08-31,month,1866,2021-10-04
,Portfolio turnover rate (%) = (Total value of purchase transactions + total value of sales transactions) x 100%/ (2 x Average NAV) (**),2021-09-30,month,0.269366503152348,2021-11-02
2265,Management fee paid to the fund management company/Average NAV (%),2021-09-30,month,0.0118384727540911,2021-11-02
2266,Custody and supervising fees paid to the Supervisory Bank/Average NAV (%),2021-09-30,month,0.000829973055585433,2021-11-02
2267,Auditing fee paid to auditing organizations (if any)/Average NAV (%),2021-09-30,month,0.000135352078956331,2021-11-02
2268,"Legal consultancy, price quotation and other appropriate service fees; remunerations paid to the Board of Representatives/Average NAV (%)",2021-09-30,month,0.000374899883547755,2021-11-02
2269,Expense/Average NAV (%),2021-09-30,month,0.0137791913487636,2021-11-02
2273,Fund scale at the beginning of the period (based on par value of fund certificate),2021-09-30,month,405346526600,2021-11-02
2274,Total value of outstanding Fund Certificate at the beginning of period,2021-09-30,month,405346526600,2021-11-02
2275,Total number of outstanding Fund Certificate at the beginning of period,2021-09-30,month,40534652.66,2021-11-02
2276,Change of Fund scale during the period (based on par value of fund certificate),2021-09-30,month,31722648500,2021-11-02
2277,Number of Fund Certificates subscribed during the period,2021-09-30,month,5089216.64,2021-11-02
2278,Net subscription amount during the period (based on par value),2021-09-30,month,50892166400,2021-11-02
2279,Fund scale at the end of the period (based on par value),2021-09-30,month,437069175100,2021-11-02
2280,Total value of outstanding Fund Certificate at the end of the period (based on par value),2021-09-30,month,437069175100,2021-11-02
2281,Total number of outstanding Fund Certificate at the end of the period,2021-09-30,month,43706917.51,2021-11-02
2282,Fund Management Company and related parties' ownership ratio at the end of the period,2021-09-30,month,0.185649091774626,2021-11-02
2283,Top 10 investors' ownership ratio at the end of the period,2021-09-30,month,0.3366,2021-11-02
2284,Foreign investors' ownership ratio at the end of the period,2021-09-30,month,0.0763,2021-11-02
2285,Net asset value per Fund Certificate at the end of period,2021-09-30,month,21839.46,2021-11-02
22661,"Fund admin fee, and other fees paid to relating services providers by the fund management company/Average NAV (%)",2021-09-30,month,0.000471830483220363,2021-11-02
22761,Change of Number of Fund Certificates during the period,2021-09-30,month,3172264.85,2021-11-02
22762,Change in capital amount during the period (based on par value),2021-09-30,month,31722648500,2021-11-02
22781,Number of Fund Certificates redeemed during the period,2021-09-30,month,-1916951.79,2021-11-02
22782,Net redemption amount during the period (based on par value),2021-09-30,month,-19169517900,2021-11-02
22841,Number of investors of the Fund at the end of the period,2021-09-30,month,2011,2021-11-02
,Portfolio turnover rate (%) = (Total value of purchase transactions + total value of sales transactions) x 100%/ (2 x Average NAV) (**),2021-10-31,month,1.33535867065773,2021-12-03
2265,Management fee paid to the fund management company/Average NAV (%),2021-10-31,month,0.0122330560764323,2021-12-03
2266,Custody and supervising fees paid to the Supervisory Bank/Average NAV (%),2021-10-31,month,0.000860134491984267,2021-12-03
2267,Auditing fee paid to auditing organizations (if any)/Average NAV (%),2021-10-31,month,0.000139159329450847,2021-12-03
2268,"Legal consultancy, price quotation and other appropriate service fees; remunerations paid to the Board of Representatives/Average NAV (%)",2021-10-31,month,0.000124351714811102,2021-12-03
2269,Expense/Average NAV (%),2021-10-31,month,0.0140640492074733,2021-12-03
2273,Fund scale at the beginning of the period (based on par value of fund certificate),2021-10-31,month,437069175100,2021-12-03
2274,Total value of outstanding Fund Certificate at the beginning of period,2021-10-31,month,437069175100,2021-12-03
2275,Total number of outstanding Fund Certificate at the beginning of period,2021-10-31,month,43706917.51,2021-12-03
2276,Change of Fund scale during the period (based on par value of fund certificate),2021-10-31,month,-8524415700,2021-12-03
2277,Number of Fund Certificates subscribed during the period,2021-10-31,month,2803209.52,2021-12-03
2278,Net subscription amount during the period (based on par value),2021-10-31,month,28032095200,2021-12-03
2279,Fund scale at the end of the period (based on par value),2021-10-31,month,428544759400,2021-12-03
2280,Total value of outstanding Fund Certificate at the end of the period (based on par value),2021-10-31,month,428544759400,2021-12-03
2281,Total number of outstanding Fund Certificate at the end of the period,2021-10-31,month,42854475.94,2021-12-03
2282,Fund Management Company and related parties' ownership ratio at the end of the period,2021-10-31,month,0.242928505871259,2021-12-03
2283,Top 10 investors' ownership ratio at the end of the period,2021-10-31,month,0.3881,2021-12-03
2284,Foreign investors' ownership ratio at the end of the period,2021-10-31,month,0.0781,2021-12-03
2285,Net asset value per Fund Certificate at the end of period,2021-10-31,month,21965.1,2021-12-03
22661,"Fund admin fee, and other fees paid to relating services providers by the fund management company/Average NAV (%)",2021-10-31,month,0.00048278528092138,2021-12-03
22761,Change of Number of Fund Certificates during the period,2021-10-31,month,-852441.57,2021-12-03
22762,Change in capital amount during the period (based on par value),2021-10-31,month,-8524415700,2021-12-03
22781,Number of Fund Certificates redeemed during the period,2021-10-31,month,-3655651.09,2021-12-03
22782,Net redemption amount during the period (based on par value),2021-10-31,month,-36556510900,2021-12-03
22841,Number of investors of the Fund at the end of the period,2021-10-31,month,2125,2021-12-03
,Portfolio turnover rate (%) = (Total value of purchase transactions + total value of sales transactions) x 100%/ (2 x Average NAV) (**),2021-11-30,month,1.60103598663987,2022-01-05
2265,Management fee paid to the fund management company/Average NAV (%),2021-11-30,month,0.0118382884051728,2022-01-05
2266,Custody and supervising fees paid to the Supervisory Bank/Average NAV (%),2021-11-30,month,0.00083798398311414,2022-01-05
2267,Auditing fee paid to auditing organizations (if any)/Average NAV (%),2021-11-30,month,0.000140548857356999,2022-01-05
2268,"Legal consultancy, price quotation and other appropriate service fees; remunerations paid to the Board of Representatives/Average NAV (%)",2021-11-30,month,0.000129452107258873,2022-01-05
2269,Expense/Average NAV (%),2021-11-30,month,0.0140238116375757,2022-01-05
2273,Fund scale at the beginning of the period (based on par value of fund certificate),2021-11-30,month,428544759400,2022-01-05
2274,Total value of outstanding Fund Certificate at the beginning of period,2021-11-30,month,428544759400,2022-01-05
2275,Total number of outstanding Fund Certificate at the beginning of period,2021-11-30,month,42854475.94,2022-01-05
2276,Change of Fund scale during the period (based on par value of fund certificate),2021-11-30,month,-27361637100,2022-01-05
2277,Number of Fund Certificates subscribed during the period,2021-11-30,month,575420,2022-01-05
2278,Net subscription amount during the period (based on par value),2021-11-30,month,5754200000,2022-01-05
2279,Fund scale at the end of the period (based on par value),2021-11-30,month,401183122300,2022-01-05
2280,Total value of outstanding Fund Certificate at the end of the period (based on par value),2021-11-30,month,401183122300,2022-01-05
2281,Total number of outstanding Fund Certificate at the end of the period,2021-11-30,month,40118312.23,2022-01-05
2282,Fund Management Company and related parties' ownership ratio at the end of the period,2021-11-30,month,0.259060517063033,2022-01-05
2283,Top 10 investors' ownership ratio at the end of the period,2021-11-30,month,0.4078,2022-01-05
2284,Foreign investors' ownership ratio at the end of the period,2021-11-30,month,0.0844,2022-01-05
2285,Net asset value per Fund Certificate at the end of period,2021-11-30,month,22084.79,2022-01-05
22661,"Fund admin fee, and other fees paid to relating services providers by the fund management company/Average NAV (%)",2021-11-30,month,0.000478270848976169,2022-01-05
22761,Change of Number of Fund Certificates during the period,2021-11-30,month,-2736163.71,2022-01-05
22762,Change in capital amount during the period (based on par value),2021-11-30,month,-27361637100,2022-01-05
22781,Number of Fund Certificates redeemed during the period,2021-11-30,month,-3311583.71,2022-01-05
22782,Net redemption amount during the period (based on par value),2021-11-30,month,-33115837100,2022-01-05
22841,Number of investors of the Fund at the end of the period,2021-11-30,month,2167,2022-01-05
,Portfolio turnover rate (%) = (Total value of purchase transactions + total value of sales transactions) x 100%/ (2 x Average NAV) (**),2021-12-31,month,2.05336136409856,2022-02-08
2265,Management fee paid to the fund management company/Average NAV (%),2021-12-31,month,0.01223299877016,2022-02-08
2266,Custody and supervising fees paid to the Supervisory Bank/Average NAV (%),2021-12-31,month,0.000874365899533538,2022-02-08
2267,Auditing fee paid to auditing organizations (if any)/Average NAV (%),2021-12-31,month,0.000151769135362754,2022-02-08
2268,"Legal consultancy, price quotation and other appropriate service fees; remunerations paid to the Board of Representatives/Average NAV (%)",2021-12-31,month,0.000442224461723021,2022-02-08
2269,Expense/Average NAV (%),2021-12-31,month,0.0148366983980157,2022-02-08
2273,Fund scale at the beginning of the period (based on par value of fund certificate),2021-12-31,month,401183122300,2022-02-08
2274,Total value of outstanding Fund Certificate at the beginning of period,2021-12-31,month,401183122300,2022-02-08
2275,Total number of outstanding Fund Certificate at the beginning of period,2021-12-31,month,40118312.23,2022-02-08
2276,Change of Fund scale during the period (based on par value of fund certificate),2021-12-31,month,-29516028400,2022-02-08
2277,Number of Fund Certificates subscribed during the period,2021-12-31,month,517164.92,2022-02-08
2278,Net subscription amount during the period (based on par value),2021-12-31,month,5171649200,2022-02-08
2279,Fund scale at the end of the period (based on par value),2021-12-31,month,371667093900,2022-02-08
2280,Total value of outstanding Fund Certificate at the end of the period (based on par value),2021-12-31,month,371667093900,2022-02-08
2281,Total number of outstanding Fund Certificate at the end of the period,2021-12-31,month,37166709.39,2022-02-08
2282,Fund Management Company and related parties' ownership ratio at the end of the period,2021-12-31,month,0.279646649665371,2022-02-08
2283,Top 10 investors' ownership ratio at the end of the period,2021-12-31,month,0.4411,2022-02-08
2284,Foreign investors' ownership ratio at the end of the period,2021-12-31,month,0.091,2022-02-08
2285,Net asset value per Fund Certificate at the end of period,2021-12-31,month,22278.64,2022-02-08
22661,"Fund admin fee, and other fees paid to relating services providers by the fund management company/Average NAV (%)",2021-12-31,month,0.00049616413954526,2022-02-08
22761,Change of Number of Fund Certificates during the period,2021-12-31,month,-2951602.84,2022-02-08
22762,Change in capital amount during the period (based on par value),2021-12-31,month,-29516028400,2022-02-08
22781,Number of Fund Certificates redeemed during the period,2021-12-31,month,-3468767.76,2022-02-08
22782,Net redemption amount during the period (based on par value),2021-12-31,month,-34687677600,2022-02-08
22841,Number of investors of the Fund at the end of the period,2021-12-31,month,2238,2022-02-08
,Portfolio turnover rate (%) = (Total value of purchase transactions + total value of sales transactions) x 100%/ (2 x Average NAV) (**),2022-01-31,month,1.34411139383811,2022-03-02
2265,Management fee paid to the fund management company/Average NAV (%),2022-01-31,month,0.0122329746617042,2022-03-02
2266,Custody and supervising fees paid to the Supervisory Bank/Average NAV (%),2022-01-31,month,0.000877100588257188,2022-03-02
2267,Auditing fee paid to auditing organizations (if any)/Average NAV (%),2022-01-31,month,0.000128103607419177,2022-03-02
2268,"Legal consultancy, price quotation and other appropriate service fees; remunerations paid to the Board of Representatives/Average NAV (%)",2022-01-31,month,0.000129989256139737,2022-03-02
2269,Expense/Average NAV (%),2022-01-31,month,0.0143197386068362,2022-03-02
2273,Fund scale at the beginning of the period (based on par value of fund certificate),2022-01-31,month,371667093900,2022-03-02
2274,Total value of outstanding Fund Certificate at the beginning of period,2022-01-31,month,371667093900,2022-03-02
2275,Total number of outstanding Fund Certificate at the beginning of period,2022-01-31,month,37166709.39,2022-03-02
2276,Change of Fund scale during the period (based on par value of fund certificate),2022-01-31,month,37412639000,2022-03-02
2277,Number of Fund Certificates subscribed during the period,2022-01-31,month,5546946.07,2022-03-02
2278,Net subscription amount during the period (based on par value),2022-01-31,month,55469460700,2022-03-02
2279,Fund scale at the end of the period (based on par value),2022-01-31,month,409079732900,2022-03-02
2280,Total value of outstanding Fund Certificate at the end of the period (based on par value),2022-01-31,month,409079732900,2022-03-02
2281,Total number of outstanding Fund Certificate at the end of the period,2022-01-31,month,40907973.29,2022-03-02
2282,Fund Management Company and related parties' ownership ratio at the end of the period,2022-01-31,month,0.25424448227413,2022-03-02
2283,Top 10 investors' ownership ratio at the end of the period,2022-01-31,month,0.5106,2022-03-02
2284,Foreign investors' ownership ratio at the end of the period,2022-01-31,month,0.0827,2022-03-02
2285,Net asset value per Fund Certificate at the end of period,2022-01-31,month,22377.48,2022-03-02
22661,"Fund admin fee, and other fees paid to relating services providers by the fund management company/Average NAV (%)",2022-01-31,month,0.000482845313346077,2022-03-02
22761,Change of Number of Fund Certificates during the period,2022-01-31,month,3741263.9,2022-03-02
22762,Change in capital amount during the period (based on par value),2022-01-31,month,37412639000,2022-03-02
22781,Number of Fund Certificates redeemed during the period,2022-01-31,month,-1805682.17,2022-03-02
22782,Net redemption amount during the period (based on par value),2022-01-31,month,-18056821700,2022-03-02
22841,Number of investors of the Fund at the end of the period,2022-01-31,month,2320,2022-03-02
,Portfolio turnover rate (%) = (Total value of purchase transactions + total value of sales transactions) x 100%/ (2 x Average NAV) (**),2022-02-28,month,0.329833617313616,2022-04-04
2265,Management fee paid to the fund management company/Average NAV (%),2022-02-28,month,0.0110490253442746,2022-04-04
2266,Custody and supervising fees paid to the Supervisory Bank/Average NAV (%),2022-02-28,month,0.000785327284804913,2022-04-04
2267,Auditing fee paid to auditing organizations (if any)/Average NAV (%),2022-02-28,month,0.000114633443563755,2022-04-04
2268,"Legal consultancy, price quotation and other appropriate service fees; remunerations paid to the Board of Representatives/Average NAV (%)",2022-02-28,month,0.000127808121477448,2022-04-04
2269,Expense/Average NAV (%),2022-02-28,month,0.0128872577642266,2022-04-04
2273,Fund scale at the beginning of the period (based on par value of fund certificate),2022-02-28,month,409079732900,2022-04-04
2274,Total value of outstanding Fund Certificate at the beginning of period,2022-02-28,month,409079732900,2022-04-04
2275,Total number of outstanding Fund Certificate at the beginning of period,2022-02-28,month,40907973.29,2022-04-04
2276,Change of Fund scale during the period (based on par value of fund certificate),2022-02-28,month,-9825111500,2022-04-04
2277,Number of Fund Certificates subscribed during the period,2022-02-28,month,1135592.12,2022-04-04
2278,Net subscription amount during the period (based on par value),2022-02-28,month,11355921200,2022-04-04
2279,Fund scale at the end of the period (based on par value),2022-02-28,month,399254621400,2022-04-04
2280,Total value of outstanding Fund Certificate at the end of the period (based on par value),2022-02-28,month,399254621400,2022-04-04
2281,Total number of outstanding Fund Certificate at the end of the period,2022-02-28,month,39925462.14,2022-04-04
2282,Fund Management Company and related parties' ownership ratio at the end of the period,2022-02-28,month,0.260437341803052,2022-04-04
2283,Top 10 investors' ownership ratio at the end of the period,2022-02-28,month,0.5257,2022-04-04
2284,Foreign investors' ownership ratio at the end of the period,2022-02-28,month,0.0848,2022-04-04
2285,Net asset value per Fund Certificate at the end of period,2022-02-28,month,22505.15,2022-04-04
22661,"Fund admin fee, and other fees paid to relating services providers by the fund management company/Average NAV (%)",2022-02-28,month,0.000448928656108105,2022-04-04
22761,Change of Number of Fund Certificates during the period,2022-02-28,month,-982511.15,2022-04-04
22762,Change in capital amount during the period (based on par value),2022-02-28,month,-9825111500,2022-04-04
22781,Number of Fund Certificates redeemed during the period,2022-02-28,month,-2118103.27,2022-04-04
22782,Net redemption amount during the period (based on par value),2022-02-28,month,-21181032700,2022-04-04
22841,Number of investors of the Fund at the end of the period,2022-02-28,month,2401,2022-04-04
,Change of Fund scale during the period (based on par value),2022-03-31,month,-24101406300,2022-05-05
,Fund scale at the beginning of the period (based on par value),2022-03-31,month,399254621400,2022-05-05
,Portfolio turnover rate (%) = (Total value of purchase transactions + total value of sales transactions) x 100%/ (2 x Average NAV) (**),2022-03-31,month,1.71981232194048,2022-05-05
,Total value of outstanding Fund Certificate at the beginning of period (based on par value),2022-03-31,month,399254621400,2022-05-05
2265,Management fee paid to the fund management company/Average NAV (%),2022-03-31,month,0.0122330504984307,2022-05-05
2266,Custody and supervising fees paid to the Supervisory Bank/Average NAV (%),2022-03-31,month,0.000876011832349719,2022-05-05
2267,Auditing fee paid to auditing organizations (if any)/Average NAV (%),2022-03-31,month,0.000132539287676668,2022-05-05
2268,"Legal consultancy, price quotation and other appropriate service fees; remunerations paid to the Board of Representatives/Average NAV (%)",2022-03-31,month,0.000134490228553655,2022-05-05
2269,Expense/Average NAV (%),2022-03-31,month,0.014492322523779,2022-05-05
2273,Fund scale at the beginning of the period (based on par value of fund certificate),2022-03-31,month,399254621400,2022-04-04
2274,Total value of outstanding Fund Certificate at the beginning of period,2022-03-31,month,399254621400,2022-04-04
2275,Total number of outstanding Fund Certificate at the beginning of period,2022-03-31,month,39925462.14,2022-05-05
2276,Change of Fund scale during the period (based on par value of fund certificate),2022-03-31,month,-24101406300,2022-04-04
2277,Number of Fund Certificates subscribed during the period,2022-03-31,month,547464.41,2022-05-05
2278,Net subscription amount during the period (based on par value),2022-03-31,month,5474644100,2022-05-05
2279,Fund scale at the end of the period (based on par value),2022-03-31,month,375153215100,2022-05-05
2280,Total value of outstanding Fund Certificate at the end of the period (based on par value),2022-03-31,month,375153215100,2022-05-05
2281,Total number of outstanding Fund Certificate at the end of the period,2022-03-31,month,37515321.51,2022-05-05
2282,Fund Management Company and related parties' ownership ratio at the end of the period,2022-03-31,month,0.277170100680819,2022-05-05
2283,Top 10 investors' ownership ratio at the end of the period,2022-03-31,month,0.5549,2022-05-05
2284,Foreign investors' ownership ratio at the end of the period,2022-03-31,month,0.091,2022-05-05
2285,Net asset value per Fund Certificate at the end of period,2022-03-31,month,22646.6,2022-05-05
22661,"Fund admin fee, and other fees paid to relating services providers by the fund management company/Average NAV (%)",2022-03-31,month,0.000487917952949583,2022-05-05
22761,Change of Number of Fund Certificates during the period,2022-03-31,month,-2410140.63,2022-05-05
22762,Change in capital amount during the period (based on par value),2022-03-31,month,-24101406300,2022-05-05
22781,Number of Fund Certificates redeemed during the period,2022-03-31,month,-2957605.04,2022-05-05
22782,Net redemption amount during the period (based on par value),2022-03-31,month,-29576050400,2022-05-05
22841,Number of investors of the Fund at the end of the period,2022-03-31,month,2439,2022-05-05
,Change of Fund scale during the period (based on par value),2022-04-30,month,-11712962000,2022-06-01
,Fund scale at the beginning of the period (based on par value),2022-04-30,month,375153215100,2022-06-01
,Portfolio turnover rate (%) = (Total value of purchase transactions + total value of sales transactions) x 100%/ (2 x Average NAV) (**),2022-04-30,month,2.00901642402094,2022-06-01
,Total value of outstanding Fund Certificate at the beginning of period (based on par value),2022-04-30,month,375153215100,2022-06-01
2265,Management fee paid to the fund management company/Average NAV (%),2022-04-30,month,0.0118384658122698,2022-06-01
2266,Custody and supervising fees paid to the Supervisory Bank/Average NAV (%),2022-04-30,month,0.000853147936423951,2022-06-01
2267,Auditing fee paid to auditing organizations (if any)/Average NAV (%),2022-04-30,month,0.000133148434662629,2022-06-01
2268,"Legal consultancy, price quotation and other appropriate service fees; remunerations paid to the Board of Representatives/Average NAV (%)",2022-04-30,month,0.000139259391602564,2022-06-01
2269,Expense/Average NAV (%),2022-04-30,month,0.0143100124829393,2022-06-01
2275,Total number of outstanding Fund Certificate at the beginning of period,2022-04-30,month,37515321.51,2022-06-01
2277,Number of Fund Certificates subscribed during the period,2022-04-30,month,802412.09,2022-06-01
2278,Net subscription amount during the period (based on par value),2022-04-30,month,8024120900,2022-06-01
2279,Fund scale at the end of the period (based on par value),2022-04-30,month,363440253100,2022-06-01
2280,Total value of outstanding Fund Certificate at the end of the period (based on par value),2022-04-30,month,363440253100,2022-06-01
2281,Total number of outstanding Fund Certificate at the end of the period,2022-04-30,month,36344025.31,2022-06-01
2282,Fund Management Company and related parties' ownership ratio at the end of the period,2022-04-30,month,0.286103966231252,2022-06-01
2283,Top 10 investors' ownership ratio at the end of the period,2022-04-30,month,0.57,2022-06-01
2284,Foreign investors' ownership ratio at the end of the period,2022-04-30,month,0.0943,2022-06-01
2285,Net asset value per Fund Certificate at the end of period,2022-04-30,month,22826.82,2022-06-01
2288,Market price per fund certificates at the end of period (not applicable),2022-04-30,month,,2022-06-01
22661,"Fund admin fee, and other fees paid to relating services providers by the fund management company/Average NAV (%)",2022-04-30,month,0.0005025235159171074,2022-06-01
22761,Change of Number of Fund Certificates during the period,2022-04-30,month,-1171296.2,2022-06-01
22762,Change in capital amount during the period (based on par value),2022-04-30,month,-11712962000,2022-06-01
22781,Number of Fund Certificates redeemed during the period,2022-04-30,month,-1973708.29,2022-06-01
22782,Net redemption amount during the period (based on par value),2022-04-30,month,-19737082900,2022-06-01
22841,Number of investors of the Fund at the end of the period,2022-04-30,month,4594,2022-06-01
,Change of Fund scale during the period (based on par value),2022-05-31,month,-6128031400,2022-07-01
,Fund scale at the beginning of the period (based on par value),2022-05-31,month,363440253100,2022-07-01
,Portfolio turnover rate (%) = (Total value of purchase transactions + total value of sales transactions) x 100%/ (2 x Average NAV) (**),2022-05-31,month,0.216933593612575,2022-07-01
,Total value of outstanding Fund Certificate at the beginning of period (based on par value),2022-05-31,month,363440253100,2022-07-01
2265,Management fee paid to the fund management company/Average NAV (%),2022-05-31,month,0.0122329432699395,2022-07-01
2266,Custody and supervising fees paid to the Supervisory Bank/Average NAV (%),2022-05-31,month,0.0008635422000355814,2022-07-01
2267,Auditing fee paid to auditing organizations (if any)/Average NAV (%),2022-05-31,month,0.000153040604845138,2022-07-01
2268,"Legal consultancy, price quotation and other appropriate service fees; remunerations paid to the Board of Representatives/Average NAV (%)",2022-05-31,month,0.000322216413251239,2022-07-01
2269,Expense/Average NAV (%),2022-05-31,month,0.0148038631247106,2022-07-01
2275,Total number of outstanding Fund Certificate at the beginning of period,2022-05-31,month,36344025.31,2022-07-01
2277,Number of Fund Certificates subscribed during the period,2022-05-31,month,654044.33,2022-07-01
2278,Net subscription amount during the period (based on par value),2022-05-31,month,6540443300,2022-07-01
2279,Fund scale at the end of the period (based on par value),2022-05-31,month,357312221700,2022-07-01
2280,Total value of outstanding Fund Certificate at the end of the period (based on par value),2022-05-31,month,357312221700,2022-07-01
2281,Total number of outstanding Fund Certificate at the end of the period,2022-05-31,month,35731222.17,2022-07-01
2282,Fund Management Company and related parties' ownership ratio at the end of the period,2022-05-31,month,0.286103966231252,2022-07-01
2283,Top 10 investors' ownership ratio at the end of the period,2022-05-31,month,0.5844,2022-07-01
2284,Foreign investors' ownership ratio at the end of the period,2022-05-31,month,0.09513505034412316,2022-07-01
2285,Net asset value per Fund Certificate at the end of period,2022-05-31,month,22961.13,2022-07-01
2288,Market price per fund certificates at the end of period (not applicable),2022-05-31,month,-,2022-07-01
22661,"Fund admin fee, and other fees paid to relating services providers by the fund management company/Average NAV (%)",2022-05-31,month,0.0005086459733157385,2022-07-01
22761,Change of Number of Fund Certificates during the period,2022-05-31,month,-612803.14,2022-07-01
22762,Change in capital amount during the period (based on par value),2022-05-31,month,-6128031400,2022-07-01
22781,Number of Fund Certificates redeemed during the period,2022-05-31,month,-1266847.47,2022-07-01
22782,Net redemption amount during the period (based on par value),2022-05-31,month,-12668474700,2022-07-01
22841,Number of investors of the Fund at the end of the period,2022-05-31,month,6154,2022-07-01
,Change of Fund scale during the period (based on par value),2022-06-30,month,-4719976500,2022-08-01
,Fund scale at the beginning of the period (based on par value),2022-06-30,month,357312221700,2022-08-01
,Portfolio turnover rate (%) = (Total value of purchase transactions + total value of sales transactions) x 100%/ (2 x Average NAV) (**),2022-06-30,month,1.23133082572884,2022-08-01
,Total value of outstanding Fund Certificate at the beginning of period (based on par value),2022-06-30,month,357312221700,2022-08-01
2265,Management fee paid to the fund management company/Average NAV (%),2022-06-30,month,0.0118384637112685,2022-08-01
2266,Custody and supervising fees paid to the Supervisory Bank/Average NAV (%),2022-06-30,month,0.0008418951184943921,2022-08-01
2267,Auditing fee paid to auditing organizations (if any)/Average NAV (%),2022-06-30,month,0.000156802858548108,2022-08-01
2268,"Legal consultancy, price quotation and other appropriate service fees; remunerations paid to the Board of Representatives/Average NAV (%)",2022-06-30,month,0.000334259124532539,2022-08-01
2269,Expense/Average NAV (%),2022-06-30,month,0.0144775168150822,2022-08-01
2275,Total number of outstanding Fund Certificate at the beginning of period,2022-06-30,month,35731222.17,2022-08-01
2277,Number of Fund Certificates subscribed during the period,2022-06-30,month,561250.33,2022-08-01
2278,Net subscription amount during the period (based on par value),2022-06-30,month,5612503300,2022-08-01
2279,Fund scale at the end of the period (based on par value),2022-06-30,month,352592245200,2022-08-01
2280,Total value of outstanding Fund Certificate at the end of the period (based on par value),2022-06-30,month,352592245200,2022-08-01
2281,Total number of outstanding Fund Certificate at the end of the period,2022-06-30,month,35259224.52,2022-08-01
2282,Fund Management Company and related parties' ownership ratio at the end of the period,2022-06-30,month,0.294674018542482,2022-08-01
2283,Top 10 investors' ownership ratio at the end of the period,2022-06-30,month,0.5903,2022-08-01
2284,Foreign investors' ownership ratio at the end of the period,2022-06-30,month,0.0964,2022-08-01
2285,Net asset value per Fund Certificate at the end of period,2022-06-30,month,23101.37,2022-08-01
2288,Market price per fund certificates at the end of period (not applicable),2022-06-30,month,-,2022-07-01
22661,"Fund admin fee, and other fees paid to relating services providers by the fund management company/Average NAV (%)",2022-06-30,month,0.000486923380007753,2022-08-01
22761,Change of Number of Fund Certificates during the period,2022-06-30,month,-471997.65,2022-08-01
22762,Change in capital amount during the period (based on par value),2022-06-30,month,-4719976500,2022-08-01
22781,Number of Fund Certificates redeemed during the period,2022-06-30,month,-1033247.98,2022-08-01
22782,Net redemption amount during the period (based on par value),2022-06-30,month,-10332479800,2022-08-01
22841,Number of investors of the Fund at the end of the period,2022-06-30,month,7458,2022-08-01
,Change of Fund scale during the period (based on par value),2022-07-31,month,-1105512300,2022-09-05
,Fund scale at the beginning of the period (based on par value),2022-07-31,month,352592245200,2022-09-05
,Portfolio turnover rate (%) = (Total value of purchase transactions + total value of sales transactions) x 100%/ (2 x Average NAV) (**),2022-07-31,month,1.16307371353754,2022-09-05
,Total value of outstanding Fund Certificate at the beginning of period (based on par value),2022-07-31,month,352592245200,2022-09-05
2265,Management fee paid to the fund management company/Average NAV (%),2022-07-31,month,0.0122330551818369,2022-09-05
2266,Custody and supervising fees paid to the Supervisory Bank/Average NAV (%),2022-07-31,month,0.000875941602852779,2022-09-05
2267,Auditing fee paid to auditing organizations (if any)/Average NAV (%),2022-07-31,month,0.000162714167272501,2022-09-05
2268,"Legal consultancy, price quotation and other appropriate service fees; remunerations paid to the Board of Representatives/Average NAV (%)",2022-07-31,month,0.000759606454063344,2022-09-05
2269,Expense/Average NAV (%),2022-07-31,month,0.0150444788229454,2022-09-05
2275,Total number of outstanding Fund Certificate at the beginning of period,2022-07-31,month,35259224.52,2022-09-05
2277,Number of Fund Certificates subscribed during the period,2022-07-31,month,570544.56,2022-09-05
2278,Net subscription amount during the period (based on par value),2022-07-31,month,5705445600,2022-09-05
2279,Fund scale at the end of the period (based on par value),2022-07-31,month,351486732900,2022-09-05
2280,Total value of outstanding Fund Certificate at the end of the period (based on par value),2022-07-31,month,351486732900,2022-09-05
2281,Total number of outstanding Fund Certificate at the end of the period,2022-07-31,month,35148673.29,2022-09-05
2282,Fund Management Company and related parties' ownership ratio at the end of the period,2022-07-31,month,0.2956168391982,2022-09-05
2283,Top 10 investors' ownership ratio at the end of the period,2022-07-31,month,0.5913,2022-09-05
2284,Foreign investors' ownership ratio at the end of the period,2022-07-31,month,0.0966,2022-09-05
2285,Net asset value per Fund Certificate at the end of period,2022-07-31,month,23273.49,2022-09-05
22661,"Fund admin fee, and other fees paid to relating services providers by the fund management company/Average NAV (%)",2022-07-31,month,0.000498456389816819,2022-09-05
22761,Change of Number of Fund Certificates during the period,2022-07-31,month,-110551.23,2022-09-05
22762,Change in capital amount during the period (based on par value),2022-07-31,month,-1105512300,2022-09-05
22781,Number of Fund Certificates redeemed during the period,2022-07-31,month,-681095.79,2022-09-05
22782,Net redemption amount during the period (based on par value),2022-07-31,month,-6810957900,2022-09-05
22841,Number of investors of the Fund at the end of the period,2022-07-31,month,9174,2022-09-05
,Change of Fund scale during the period (based on par value),2022-08-31,month,-1187291200,2022-10-03
,Fund scale at the beginning of the period (based on par value),2022-08-31,month,351486732900,2022-10-03
,Portfolio turnover rate (%) = (Total value of purchase transactions + total value of sales transactions) x 100%/ (2 x Average NAV) (**),2022-08-31,month,0.946517446191823,2022-10-03
,Total value of outstanding Fund Certificate at the beginning of period (based on par value),2022-08-31,month,351486732900,2022-10-03
2265,Management fee paid to the fund management company/Average NAV (%),2022-08-31,month,0.0122329710135678,2022-10-03
2266,Custody and supervising fees paid to the Supervisory Bank/Average NAV (%),2022-08-31,month,0.00088392889728276,2022-10-03
2267,Auditing fee paid to auditing organizations (if any)/Average NAV (%),2022-08-31,month,0.000161383951204567,2022-10-03
2268,"Legal consultancy, price quotation and other appropriate service fees; remunerations paid to the Board of Representatives/Average NAV (%)",2022-08-31,month,9.24856909129709e-05,2022-10-03
2269,Expense/Average NAV (%),2022-08-31,month,0.0143134776590455,2022-10-03
2275,Total number of outstanding Fund Certificate at the beginning of period,2022-08-31,month,35148673.29,2022-10-03
2277,Number of Fund Certificates subscribed during the period,2022-08-31,month,482590.84,2022-10-03
2278,Net subscription amount during the period (based on par value),2022-08-31,month,4825908400,2022-10-03
2279,Fund scale at the end of the period (based on par value),2022-08-31,month,350299441700,2022-10-03
2280,Total value of outstanding Fund Certificate at the end of the period (based on par value),2022-08-31,month,350299441700,2022-10-03
2281,Total number of outstanding Fund Certificate at the end of the period,2022-08-31,month,35029944.17,2022-10-03
2282,Fund Management Company and related parties' ownership ratio at the end of the period,2022-08-31,month,0.296643583831324,2022-10-03
2283,Top 10 investors' ownership ratio at the end of the period,2022-08-31,month,0.5922,2022-10-03
2284,Foreign investors' ownership ratio at the end of the period,2022-08-31,month,0.0977,2022-10-03
2285,Net asset value per Fund Certificate at the end of period,2022-08-31,month,23439.36,2022-10-03
22661,"Fund admin fee, and other fees paid to relating services providers by the fund management company/Average NAV (%)",2022-08-31,month,0.000497129298229776,2022-10-03
22761,Change of Number of Fund Certificates during the period,2022-08-31,month,-118729.12,2022-10-03
22762,Change in capital amount during the period (based on par value),2022-08-31,month,-1187291200,2022-10-03
22781,Number of Fund Certificates redeemed during the period,2022-08-31,month,-601319.96,2022-10-03
22782,Net redemption amount during the period (based on par value),2022-08-31,month,-6013199600,2022-10-03
22841,Number of investors of the Fund at the end of the period,2022-08-31,month,9973,2022-10-03
,Change of Fund scale during the period (based on par value),2022-09-30,month,-3681461900,2022-11-01
,Fund scale at the beginning of the period (based on par value),2022-09-30,month,350299441700,2022-11-01
,Portfolio turnover rate (%) = (Total value of purchase transactions + total value of sales transactions) x 100%/ (2 x Average NAV) (**),2022-09-30,month,0.0730396226966302,2022-11-01
,Total value of outstanding Fund Certificate at the beginning of period (based on par value),2022-09-30,month,350299441700,2022-11-01
2265,Management fee paid to the fund management company/Average NAV (%),2022-09-30,month,0.0118381792597189,2022-11-01
2266,Custody and supervising fees paid to the Supervisory Bank/Average NAV (%),2022-09-30,month,0.000846590838586749,2022-11-01
2267,Auditing fee paid to auditing organizations (if any)/Average NAV (%),2022-09-30,month,0.000156243808480398,2022-11-01
2268,"Legal consultancy, price quotation and other appropriate service fees; remunerations paid to the Board of Representatives/Average NAV (%)",2022-09-30,month,9.23691453999376e-05,2022-11-01
2269,Expense/Average NAV (%),2022-09-30,month,0.0135636667778752,2022-11-01
2275,Total number of outstanding Fund Certificate at the beginning of period,2022-09-30,month,35029944.17,2022-11-01
2277,Number of Fund Certificates subscribed during the period,2022-09-30,month,374702.59,2022-11-01
2278,Net subscription amount during the period (based on par value),2022-09-30,month,3747025900,2022-11-01
2279,Fund scale at the end of the period (based on par value),2022-09-30,month,346617979800,2022-11-01
2280,Total value of outstanding Fund Certificate at the end of the period (based on par value),2022-09-30,month,346617979800,2022-11-01
2281,Total number of outstanding Fund Certificate at the end of the period,2022-09-30,month,34661797.98,2022-11-01
2282,Fund Management Company and related parties' ownership ratio at the end of the period,2022-09-30,month,0.299808998829091,2022-11-01
2283,Top 10 investors' ownership ratio at the end of the period,2022-09-30,month,0.5971,2022-11-01
2284,Foreign investors' ownership ratio at the end of the period,2022-09-30,month,0.0988,2022-10-03
2284,Foreign investors' ownership ratio at the end of the period (***),2022-09-30,month,0.0988,2022-11-01
2285,Net asset value per Fund Certificate at the end of period,2022-09-30,month,23577.41,2022-11-01
22661,"Fund admin fee, and other fees paid to relating services providers by the fund management company/Average NAV (%)",2022-09-30,month,0.000486340229016186,2022-11-01
22761,Change of Number of Fund Certificates during the period,2022-09-30,month,-368146.19,2022-11-01
22762,Change in capital amount during the period (based on par value),2022-09-30,month,-3681461900,2022-11-01
22781,Number of Fund Certificates redeemed during the period,2022-09-30,month,-742848.78,2022-11-01
22782,Net redemption amount during the period (based on par value),2022-09-30,month,-7428487800,2022-11-01
22841,Number of investors of the Fund at the end of the period,2022-09-30,month,10658,2022-11-01
,Change of Fund scale during the period (based on par value),2022-10-31,month,-80471574400,2022-12-01
,Fund scale at the beginning of the period (based on par value),2022-10-31,month,346617979800,2022-12-01
,Portfolio turnover rate (%) = (Total value of purchase transactions + total value of sales transactions) x 100%/ (2 x Average NAV) (**),2022-10-31,month,2.66244634192782,2022-12-01
,Total value of outstanding Fund Certificate at the beginning of period (based on par value),2022-10-31,month,346617979800,2022-12-01
2265,Management fee paid to the fund management company/Average NAV (%),2022-10-31,month,0.0122329643600937,2022-12-01
2266,Custody and supervising fees paid to the Supervisory Bank/Average NAV (%),2022-10-31,month,0.0008757901617958725,2022-12-01
2267,Auditing fee paid to auditing organizations (if any)/Average NAV (%),2022-10-31,month,0.000195627871874278,2022-12-01
2268,"Legal consultancy, price quotation and other appropriate service fees; remunerations paid to the Board of Representatives/Average NAV (%)",2022-10-31,month,0.000112110149473244,2022-12-01
2269,Expense/Average NAV (%),2022-10-31,month,0.0149513372059115,2022-12-01
2275,Total number of outstanding Fund Certificate at the beginning of period,2022-10-31,month,34661797.98,2022-12-01
2277,Number of Fund Certificates subscribed during the period,2022-10-31,month,362388.02,2022-12-01
2278,Net subscription amount during the period (based on par value),2022-10-31,month,3623880200,2022-12-01
2279,Fund scale at the end of the period (based on par value),2022-10-31,month,266146405400,2022-12-01
2280,Total value of outstanding Fund Certificate at the end of the period (based on par value),2022-10-31,month,266146405400,2022-12-01
2281,Total number of outstanding Fund Certificate at the end of the period,2022-10-31,month,26614640.54,2022-12-01
2282,Fund Management Company and related parties' ownership ratio at the end of the period,2022-10-31,month,0.390127318623556,2022-12-01
2283,Top 10 investors' ownership ratio at the end of the period,2022-10-31,month,0.5196,2022-12-01
2284,Foreign investors' ownership ratio at the end of the period (***),2022-10-31,month,0.1287,2022-12-01
2285,Net asset value per Fund Certificate at the end of period,2022-10-31,month,23711.93,2022-12-01
22661,"Fund admin fee, and other fees paid to relating services providers by the fund management company/Average NAV (%)",2022-10-31,month,0.000548779153687402,2022-12-01
22761,Change of Number of Fund Certificates during the period,2022-10-31,month,-8047157.44,2022-12-01
22762,Change in capital amount during the period (based on par value),2022-10-31,month,-80471574400,2022-12-01
22781,Number of Fund Certificates redeemed during the period,2022-10-31,month,-8409545.46,2022-12-01
22782,Net redemption amount during the period (based on par value),2022-10-31,month,-84095454600,2022-12-01
22841,Number of investors of the Fund at the end of the period,2022-10-31,month,12324,2022-12-01
,Change of Fund scale during the period (based on par value),2022-11-30,month,-36396044000,2022-12-01
,Fund scale at the beginning of the period (based on par value),2022-11-30,month,266146405400,2022-12-01
,Portfolio turnover rate (%) = (Total value of purchase transactions + total value of sales transactions) x 100%/ (2 x Average NAV) (**),2022-11-30,month,1.79095944634031,2023-01-04
,Total value of outstanding Fund Certificate at the beginning of period (based on par value),2022-11-30,month,266146405400,2022-12-01
2265,Management fee paid to the fund management company/Average NAV (%),2022-11-30,month,0.0118383495096146,2023-01-04
2266,Custody and supervising fees paid to the Supervisory Bank/Average NAV (%),2022-11-30,month,0.000836706438095044,2023-01-04
2267,Auditing fee paid to auditing organizations (if any)/Average NAV (%),2022-11-30,month,0.000214365776895169,2023-01-04
2268,"Legal consultancy, price quotation and other appropriate service fees; remunerations paid to the Board of Representatives/Average NAV (%)",2022-11-30,month,0.000749767977659228,2023-01-04
2269,Expense/Average NAV (%),2022-11-30,month,0.0148882410208128,2023-01-04
2273,Fund scale at the beginning of the period (based on par value of fund certificate),2022-11-30,month,266146405400,2023-01-04
2274,Total value of outstanding Fund Certificate at the beginning of period,2022-11-30,month,266146405400,2023-01-04
2275,Total number of outstanding Fund Certificate at the beginning of period,2022-11-30,month,26614640.54,2023-01-04
2276,Change of Fund scale during the period (based on par value of fund certificate),2022-11-30,month,-36396044000,2023-01-04
2277,Number of Fund Certificates subscribed during the period,2022-11-30,month,338736.09,2023-01-04
2278,Net subscription amount during the period (based on par value),2022-11-30,month,3387360900,2023-01-04
2279,Fund scale at the end of the period (based on par value),2022-11-30,month,229750361400,2023-01-04
2280,Total value of outstanding Fund Certificate at the end of the period (based on par value),2022-11-30,month,229750361400,2023-01-04
2281,Total number of outstanding Fund Certificate at the end of the period,2022-11-30,month,22975036.14,2023-01-04
2282,Fund Management Company and related parties' ownership ratio at the end of the period,2022-11-30,month,0.452316025388415,2023-01-04
2283,Top 10 investors' ownership ratio at the end of the period,2022-11-30,month,0.5735,2023-01-04
2284,Foreign investors' ownership ratio at the end of the period (***),2022-11-30,month,0.1467,2023-01-04
2285,Net asset value per Fund Certificate at the end of period,2022-11-30,month,23398.76,2023-01-04
22661,"Fund admin fee, and other fees paid to relating services providers by the fund management company/Average NAV (%)",2022-11-30,month,0.000565809293453263,2023-01-04
22761,Change of Number of Fund Certificates during the period,2022-11-30,month,-3639604.4,2023-01-04
22762,Change in capital amount during the period (based on par value),2022-11-30,month,-36396044000,2023-01-04
22781,Number of Fund Certificates redeemed during the period,2022-11-30,month,-3978340.49,2023-01-04
22782,Net redemption amount during the period (based on par value),2022-11-30,month,-39783404900,2023-01-04
22841,Number of investors of the Fund at the end of the period,2022-11-30,month,12151,2023-01-04
,Portfolio turnover rate (%) = (Total value of purchase transactions + total value of sales transactions) x 100%/ (2 x Average NAV) (**),2022-12-31,month,3.06285570231408,2023-01-04
2264,INVESTMENT PERFORMANCE INDICATORS,2022-12-31,month,,2023-02-01
2265,Management fee paid to the fund management company/Average NAV (%),2022-12-31,month,0.0122329922451071,2023-02-01
2266,Custody and supervising fees paid to the Supervisory Bank/Average NAV (%),2022-12-31,month,0.000882228270193873,2023-02-01
2267,Auditing fee paid to auditing organizations (if any)/Average NAV (%),2022-12-31,month,0.000289445517547947,2023-02-01
2268,"Legal consultancy, price quotation and other appropriate service fees; remunerations paid to the Board of Representatives/Average NAV (%)",2022-12-31,month,0.0009878510415122,2023-02-01
2269,Expense/Average NAV (%),2022-12-31,month,0.0165980482058996,2023-01-04
2269,Tổng chi phí hoạt động trong kỳ lập báo cáo tài chính / NAV bình quân trong kỳ) x (365-366/ số ngày trong kỳ),2022-12-31,month,0.0165980482058996,2023-02-01
2270,((Tổng giá trị lũy kế mua + Tổng giá trị lũy kế bán từ ngày 1 tháng 1 đến ngày lập báo cáo)/NAV bình quân từ 1 tháng 1 đến ngày lập báo cáo) x (365/ số ngày từ ngày 1 tháng 1 đến ngày lập báo cáo),2022-12-31,month,3.06285570231408,2023-02-01
2272,OTHER INDICATORS,2022-12-31,month,,2023-02-01
2273,Fund scale at the beginning of the period (based on par value of fund certificate),2022-12-31,month,229750361400,2023-02-01
2274,Total value of outstanding Fund Certificate at the beginning of period,2022-12-31,month,229750361400,2023-02-01
2275,Total number of outstanding Fund Certificate at the beginning of period,2022-12-31,month,22975036.14,2023-02-01
2276,Change of Fund scale during the period (based on par value of fund certificate),2022-12-31,month,-42889174600,2023-02-01
2277,Number of Fund Certificates subscribed during the period,2022-12-31,month,218387.33,2023-02-01
2278,Net subscription amount during the period (based on par value),2022-12-31,month,2183873300,2023-02-01
2279,Fund scale at the end of the period (based on par value),2022-12-31,month,186861186800,2023-02-01
2280,Total value of outstanding Fund Certificate at the end of the period (based on par value),2022-12-31,month,186861186800,2023-02-01
2281,Total number of outstanding Fund Certificate at the end of the period,2022-12-31,month,18686118.68,2023-02-01
2282,Fund Management Company and related parties' ownership ratio at the end of the period,2022-12-31,month,0.555898662953371,2023-02-01
2283,Top 10 investors' ownership ratio at the end of the period,2022-12-31,month,0.6805,2023-02-01
2284,Foreign investors' ownership ratio at the end of the period (***),2022-12-31,month,0.1231,2023-02-01
2285,Net asset value per Fund Certificate at the end of period,2022-12-31,month,23272.08,2023-02-01
2286,Fee paid to Real Estate management organisation/ Average NAV (%) (not applicable),2022-12-31,month,,2023-02-01
2287,Fee paid to Real Estate valuation service provider/ Average NAV (%) (not applicable),2022-12-31,month,,2023-02-01
2287,"Income (including interest income, dividend, coupon income and unrealised gain)/ Average NAV (%) (not applicable)",2022-12-31,month,,2023-02-01
2288,Market price per fund certificates at the end of period (not applicable),2022-12-31,month,,2023-02-01
22661,"Fund admin fee, and other fees paid to relating services providers by the fund management company/Average NAV (%)",2022-12-31,month,0.000648365398495904,2023-02-01
22761,Change of Number of Fund Certificates during the period,2022-12-31,month,-4288917.46,2023-02-01
22762,Change in capital amount during the period (based on par value),2022-12-31,month,-42889174600,2023-02-01
22781,Number of Fund Certificates redeemed during the period,2022-12-31,month,-4507304.79,2023-02-01
22782,Net redemption amount during the period (based on par value),2022-12-31,month,-45073047900,2023-02-01
22841,Number of investors of the Fund at the end of the period,2022-12-31,month,10797,2023-02-01
2264,INVESTMENT PERFORMANCE INDICATORS,2023-01-31,month,,2023-03-03
2265,Management fee paid to the fund management company/Average NAV (%),2023-01-31,month,0.0122343419528789,2023-03-03
2266,Custody and supervising fees paid to the Supervisory Bank/Average NAV (%),2023-01-31,month,0.000896424098704183,2023-03-03
2267,Auditing fee paid to auditing organizations (if any)/Average NAV (%),2023-01-31,month,0.000295581581470716,2023-03-03
2268,"Legal consultancy, price quotation and other appropriate service fees; remunerations paid to the Board of Representatives/Average NAV (%)",2023-01-31,month,0.000405306721965051,2023-03-03
2269,Expense/Average NAV (%),2023-01-31,month,0.0146,2023-03-03
2269,Tổng chi phí hoạt động trong kỳ lập báo cáo tài chính / NAV bình quân trong kỳ) x (365-366/ số ngày trong kỳ),2023-01-31,month,0.014628785710764787,2023-02-01
2270,((Tổng giá trị lũy kế mua + Tổng giá trị lũy kế bán từ ngày 1 tháng 1 đến ngày lập báo cáo)/NAV bình quân từ 1 tháng 1 đến ngày lập báo cáo) x (365/ số ngày từ ngày 1 tháng 1 đến ngày lập báo cáo),2023-01-31,month,1.1097,2023-02-01
2270,Portfolio turnover rate (%),2023-01-31,month,1.1097,2023-03-03
2272,OTHER INDICATORS,2023-01-31,month,,2023-03-03
2273,Fund scale at the beginning of the period (based on par value of fund certificate),2023-01-31,month,186861186800,2023-03-03
2274,Total value of outstanding Fund Certificate at the beginning of period,2023-01-31,month,186861186800,2023-03-03
2275,Total number of outstanding Fund Certificate at the beginning of period,2023-01-31,month,18686118.68,2023-03-03
2276,Change of Fund scale during the period (based on par value of fund certificate),2023-01-31,month,-2428303800,2023-03-03
2277,Number of Fund Certificates subscribed during the period,2023-01-31,month,45132.87,2023-03-03
2278,Net subscription amount during the period (based on par value),2023-01-31,month,451328700,2023-03-03
2279,Fund scale at the end of the period (based on par value),2023-01-31,month,184432883000,2023-03-03
2280,Total value of outstanding Fund Certificate at the end of the period (based on par value),2023-01-31,month,184432883000,2023-03-03
2281,Total number of outstanding Fund Certificate at the end of the period,2023-01-31,month,18443288.3,2023-03-03
2282,Fund Management Company and related parties' ownership ratio at the end of the period,2023-01-31,month,0.56321780698944,2023-03-03
2283,Top 10 investors' ownership ratio at the end of the period,2023-01-31,month,0.6864,2023-03-03
2284,Foreign investors' ownership ratio at the end of the period (***),2023-01-31,month,0.123285384526576,2023-03-03
2285,Net asset value per Fund Certificate at the end of period,2023-01-31,month,23323.45,2023-03-03
2286,Fee paid to Real Estate management organisation/ Average NAV (%) (not applicable),2023-01-31,month,,2023-03-03
2287,Fee paid to Real Estate valuation service provider/ Average NAV (%) (not applicable),2023-01-31,month,,2023-03-03
2287,"Income (including interest income, dividend, coupon income and unrealised gain)/ Average NAV (%) (not applicable)",2023-01-31,month,,2023-03-03
2288,Market price per fund certificates at the end of period (not applicable),2023-01-31,month,,2023-03-03
22661,"Fund admin fee, and other fees paid to relating services providers by the fund management company/Average NAV (%)",2023-01-31,month,0.000662464596987022,2023-03-03
22761,Change of Number of Fund Certificates during the period,2023-01-31,month,-242830.38,2023-03-03
22762,Change in capital amount during the period (based on par value),2023-01-31,month,-2428303800,2023-03-03
22781,Number of Fund Certificates redeemed during the period,2023-01-31,month,-287963.25,2023-03-03
22782,Net redemption amount during the period (based on par value),2023-01-31,month,-2879632500,2023-03-03
22841,Number of investors of the Fund at the end of the period,2023-01-31,month,10464,2023-03-03
2264,INVESTMENT PERFORMANCE INDICATORS,2023-02-28,month,,2023-04-04
2265,Management fee paid to the fund management company/Average NAV (%),2023-02-28,month,0.0110491119993805,2023-04-04
2266,Custody and supervising fees paid to the Supervisory Bank/Average NAV (%),2023-02-28,month,0.000924973861057882,2023-04-04
2267,Auditing fee paid to auditing organizations (if any)/Average NAV (%),2023-02-28,month,0.000278062346891841,2023-04-04
2268,"Legal consultancy, price quotation and other appropriate service fees; remunerations paid to the Board of Representatives/Average NAV (%)",2023-02-28,month,0.000398067877516827,2023-04-04
2269,Expense/Average NAV (%),2023-02-28,month,0.0148,2023-04-04
2270,Portfolio turnover rate (%),2023-02-28,month,0.8073,2023-04-04
2272,OTHER INDICATORS,2023-02-28,month,,2023-04-04
2273,Fund scale at the beginning of the period (based on par value of fund certificate),2023-02-28,month,184432883000,2023-04-04
2274,Total value of outstanding Fund Certificate at the beginning of period,2023-02-28,month,184432883000,2023-04-04
2275,Total number of outstanding Fund Certificate at the beginning of period,2023-02-28,month,18443288.3,2023-04-04
2276,Change of Fund scale during the period (based on par value of fund certificate),2023-02-28,month,-13254989300,2023-04-04
2277,Number of Fund Certificates subscribed during the period,2023-02-28,month,64088.87,2023-04-04
2278,Net subscription amount during the period (based on par value),2023-02-28,month,640888700,2023-04-04
2279,Fund scale at the end of the period (based on par value),2023-02-28,month,171177893700,2023-04-04
2280,Total value of outstanding Fund Certificate at the end of the period (based on par value),2023-02-28,month,171177893700,2023-04-04
2281,Total number of outstanding Fund Certificate at the end of the period,2023-02-28,month,17117789.37,2023-04-04
2282,Fund Management Company and related parties' ownership ratio at the end of the period,2023-02-28,month,0.606714335333593,2023-04-04
2283,Top 10 investors' ownership ratio at the end of the period,2023-02-28,month,0.7165,2023-04-04
2284,Foreign investors' ownership ratio at the end of the period (***),2023-02-28,month,0.1329,2023-04-04
2285,Net asset value per Fund Certificate at the end of period,2023-02-28,month,23476.94,2023-04-04
2286,Fee paid to Real Estate management organisation/ Average NAV (%) (not applicable),2023-02-28,month,,2023-04-04
2287,Fee paid to Real Estate valuation service provider/ Average NAV (%) (not applicable),2023-02-28,month,,2023-04-04
2287,"Income (including interest income, dividend, coupon income and unrealised gain)/ Average NAV (%) (not applicable)",2023-02-28,month,,2023-04-04
2288,Market price per fund certificates at the end of period (not applicable),2023-02-28,month,,2023-04-04
22661,"Fund admin fee, and other fees paid to relating services providers by the fund management company/Average NAV (%)",2023-02-28,month,0.000648063077717626,2023-04-04
22761,Change of Number of Fund Certificates during the period,2023-02-28,month,-1325498.93,2023-04-04
22762,Change in capital amount during the period (based on par value),2023-02-28,month,-13254989300,2023-04-04
22781,Number of Fund Certificates redeemed during the period,2023-02-28,month,-1389587.8,2023-04-04
22782,Net redemption amount during the period (based on par value),2023-02-28,month,-13895878000,2023-04-04
22841,Number of investors of the Fund at the end of the period,2023-02-28,month,10019,2023-04-04
2264,INVESTMENT PERFORMANCE INDICATORS,2023-03-31,month,,2023-05-05
2265,Management fee paid to the fund management company/Average NAV (%),2023-03-31,month,0.0120695269901171,2023-05-05
2266,Custody and supervising fees paid to the Supervisory Bank/Average NAV (%),2023-03-31,month,0.000993546725428228,2023-05-05
2267,Auditing fee paid to auditing organizations (if any)/Average NAV (%),2023-03-31,month,0.000480143950589493,2023-05-05
2268,"Legal consultancy, price quotation and other appropriate service fees; remunerations paid to the Board of Representatives/Average NAV (%)",2023-03-31,month,0.000445085557214595,2023-05-05
2269,Expense/Average NAV (%),2023-03-31,month,0.0147,2023-05-05
2270,Portfolio turnover rate (%),2023-03-31,month,0.9908,2023-05-05
2272,OTHER INDICATORS,2023-03-31,month,,2023-05-05
2273,Fund scale at the beginning of the period (based on par value of fund certificate),2023-03-31,month,171177893700,2023-05-05
2274,Total value of outstanding Fund Certificate at the beginning of period,2023-03-31,month,171177893700,2023-05-05
2275,Total number of outstanding Fund Certificate at the beginning of period,2023-03-31,month,17117789.37,2023-05-05
2276,Change of Fund scale during the period (based on par value of fund certificate),2023-03-31,month,-7058602200,2023-05-05
2277,Number of Fund Certificates subscribed during the period,2023-03-31,month,72034.96,2023-05-05
2278,Net subscription amount during the period (based on par value),2023-03-31,month,720349600,2023-05-05
2279,Fund scale at the end of the period (based on par value),2023-03-31,month,164119291500,2023-05-05
2280,Total value of outstanding Fund Certificate at the end of the period (based on par value),2023-03-31,month,164119291500,2023-05-05
2281,Total number of outstanding Fund Certificate at the end of the period,2023-03-31,month,16411929.15,2023-05-05
2282,Fund Management Company and related parties' ownership ratio at the end of the period,2023-03-31,month,0.632806912281851,2023-05-05
2283,Top 10 investors' ownership ratio at the end of the period,2023-03-31,month,0.7267,2023-05-05
2284,Foreign investors' ownership ratio at the end of the period (***),2023-03-31,month,0.1386,2023-05-05
2285,Net asset value per Fund Certificate at the end of period,2023-03-31,month,23667.49,2023-05-05
2286,Fee paid to Real Estate management organisation/ Average NAV (%) (not applicable),2023-03-31,month,0,2023-05-05
2287,Fee paid to Real Estate valuation service provider/ Average NAV (%) (not applicable),2023-03-31,month,0,2023-05-05
2287,"Income (including interest income, dividend, coupon income and unrealised gain)/ Average NAV (%) (not applicable)",2023-03-31,month,0,2023-05-05
2288,Market price per fund certificates at the end of period (not applicable),2023-03-31,month,0,2023-05-05
22661,"Fund admin fee, and other fees paid to relating services providers by the fund management company/Average NAV (%)",2023-03-31,month,0.000687578281676643,2023-05-05
22761,Change of Number of Fund Certificates during the period,2023-03-31,month,-705860.22,2023-05-05
22762,Change in capital amount during the period (based on par value),2023-03-31,month,-7058602200,2023-05-05
22781,Number of Fund Certificates redeemed during the period,2023-03-31,month,-777895.18,2023-05-05
22782,Net redemption amount during the period (based on par value),2023-03-31,month,-7778951800,2023-05-05
22841,Number of investors of the Fund at the end of the period,2023-03-31,month,9835,2023-05-05
2264,INVESTMENT PERFORMANCE INDICATORS,2023-04-30,month,,2023-06-03
2265,Management fee paid to the fund management company/Average NAV (%),2023-04-30,month,0.0118383844763263,2023-06-03
2266,Custody and supervising fees paid to the Supervisory Bank/Average NAV (%),2023-04-30,month,0.000997330384062262,2023-06-03
2267,Auditing fee paid to auditing organizations (if any)/Average NAV (%),2023-04-30,month,0.000319233964957818,2023-06-03
2268,"Legal consultancy, price quotation and other appropriate service fees; remunerations paid to the Board of Representatives/Average NAV (%)",2023-04-30,month,0.000441067937593844,2023-06-03
2269,Expense/Average NAV (%),2023-04-30,month,0.014802636046228,2023-06-03
2270,Portfolio turnover rate (%),2023-04-30,month,0.951281428541982,2023-06-03
2272,OTHER INDICATORS,2023-04-30,month,,2023-06-03
2273,Fund scale at the beginning of the period (based on par value of fund certificate),2023-04-30,month,164119291500,2023-06-03
2274,Total value of outstanding Fund Certificate at the beginning of period,2023-04-30,month,164119291500,2023-06-03
2275,Total number of outstanding Fund Certificate at the beginning of period,2023-04-30,month,16411929.15,2023-06-03
2276,Change of Fund scale during the period (based on par value of fund certificate),2023-04-30,month,-1945447500,2023-06-03
2277,Number of Fund Certificates subscribed during the period,2023-04-30,month,45959.9,2023-06-03
2278,Net subscription amount during the period (based on par value),2023-04-30,month,459599000,2023-06-03
2279,Fund scale at the end of the period (based on par value),2023-04-30,month,162173844000,2023-06-03
2280,Total value of outstanding Fund Certificate at the end of the period (based on par value),2023-04-30,month,162173844000,2023-06-03
2281,Total number of outstanding Fund Certificate at the end of the period,2023-04-30,month,16217384.4,2023-06-03
2282,Fund Management Company and related parties' ownership ratio at the end of the period,2023-04-30,month,0.638660969891051,2023-06-03
2283,Top 10 investors' ownership ratio at the end of the period,2023-04-30,month,0.7335,2023-06-03
2284,Foreign investors' ownership ratio at the end of the period  (***),2023-04-30,month,0.1403,2023-06-03
2284,Foreign investors' ownership ratio at the end of the period (***),2023-04-30,month,0.1403,2023-05-05
2285,Net asset value per Fund Certificate at the end of period,2023-04-30,month,23821.87,2023-06-03
2286,Fee paid to Real Estate management organisation/ Average NAV (%) (not applicable),2023-04-30,month,,2023-06-03
2287,Fee paid to Real Estate valuation service provider/ Average NAV (%) (not applicable),2023-04-30,month,,2023-06-03
2287,"Income (including interest income, dividend, coupon income and unrealised gain)/ Average NAV (%) (not applicable)",2023-04-30,month,,2023-06-03
2288,Market price per fund certificates at the end of period (not applicable),2023-04-30,month,,2023-06-03
22661,"Fund admin fee, and other fees paid to relating services providers by the fund management company/Average NAV (%)",2023-04-30,month,0.00069547669748034,2023-06-03
22761,Change of Number of Fund Certificates during the period,2023-04-30,month,-194544.75,2023-06-03
22762,Change in capital amount during the period (based on par value),2023-04-30,month,-1945447500,2023-06-03
22781,Number of Fund Certificates redeemed during the period,2023-04-30,month,-240504.65,2023-06-03
22782,Net redemption amount during the period (based on par value),2023-04-30,month,-2405046500,2023-06-03
22841,Number of investors of the Fund at the end of the period,2023-04-30,month,9745,2023-06-03
2264,INVESTMENT PERFORMANCE INDICATORS,2023-05-31,month,,2023-07-04
2265,Management fee paid to the fund management company/Average NAV (%),2023-05-31,month,0.0122329968830164,2023-07-04
2266,Custody and supervising fees paid to the Supervisory Bank/Average NAV (%),2023-05-31,month,0.00100321742319017,2023-07-04
2267,Auditing fee paid to auditing organizations (if any)/Average NAV (%),2023-05-31,month,0.000329774008621488,2023-07-04
2268,"Legal consultancy, price quotation and other appropriate service fees; remunerations paid to the Board of Representatives/Average NAV (%)",2023-05-31,month,0.000449437782859611,2023-07-04
2269,Expense/Average NAV (%),2023-05-31,month,0.0147266557031596,2023-07-04
2270,Portfolio turnover rate (%),2023-05-31,month,1.18983038291352,2023-07-04
2272,OTHER INDICATORS,2023-05-31,month,,2023-07-04
2273,Fund scale at the beginning of the period (based on par value of fund certificate),2023-05-31,month,162173844000,2023-07-04
2274,Total value of outstanding Fund Certificate at the beginning of period,2023-05-31,month,162173844000,2023-07-04
2275,Total number of outstanding Fund Certificate at the beginning of period,2023-05-31,month,16217384.4,2023-07-04
2276,Change of Fund scale during the period (based on par value of fund certificate),2023-05-31,month,-921535100,2023-07-04
2277,Number of Fund Certificates subscribed during the period,2023-05-31,month,48068.1,2023-07-04
2278,Net subscription amount during the period (based on par value),2023-05-31,month,480681000,2023-07-04
2279,Fund scale at the end of the period (based on par value),2023-05-31,month,161252308900,2023-07-04
2280,Total value of outstanding Fund Certificate at the end of the period (based on par value),2023-05-31,month,161252308900,2023-07-04
2281,Total number of outstanding Fund Certificate at the end of the period,2023-05-31,month,16125230.89,2023-07-04
2282,Fund Management Company and related parties' ownership ratio at the end of the period,2023-05-31,month,0.642310830812544,2023-07-04
2283,Top 10 investors' ownership ratio at the end of the period,2023-05-31,month,0.7368,2023-07-04
2284,Foreign investors' ownership ratio at the end of the period  (***),2023-05-31,month,0.1412,2023-06-03
2284,Foreign investors' ownership ratio at the end of the period (***),2023-05-31,month,0.1412,2023-07-04
2285,Net asset value per Fund Certificate at the end of period,2023-05-31,month,24010.84,2023-07-04
2286,Fee paid to Real Estate management organisation/ Average NAV (%) (not applicable),2023-05-31,month,,2023-07-04
2287,Fee paid to Real Estate valuation service provider/ Average NAV (%) (not applicable),2023-05-31,month,,2023-07-04
2287,"Income (including interest income, dividend, coupon income and unrealised gain)/ Average NAV (%) (not applicable)",2023-05-31,month,,2023-07-04
2288,Market price per fund certificates at the end of period (not applicable),2023-05-31,month,,2023-07-04
22661,"Fund admin fee, and other fees paid to relating services providers by the fund management company/Average NAV (%)",2023-05-31,month,0.000696985242834367,2023-07-04
22761,Change of Number of Fund Certificates during the period,2023-05-31,month,-92153.51,2023-07-04
22762,Change in capital amount during the period (based on par value),2023-05-31,month,-921535100,2023-07-04
22781,Number of Fund Certificates redeemed during the period,2023-05-31,month,-140221.61,2023-07-04
22782,Net redemption amount during the period (based on par value),2023-05-31,month,-1402216100,2023-07-04
22841,Number of investors of the Fund at the end of the period,2023-05-31,month,9663,2023-07-04
2264,INVESTMENT PERFORMANCE INDICATORS,2023-06-30,month,,2023-08-02
2265,Management fee paid to the fund management company/Average NAV (%),2023-06-30,month,0.0118339741296851,2023-08-02
2266,Custody and supervising fees paid to the Supervisory Bank/Average NAV (%),2023-06-30,month,0.00102311191993335,2023-08-02
2267,Auditing fee paid to auditing organizations (if any)/Average NAV (%),2023-06-30,month,0.000354345445215191,2023-08-02
2268,"Legal consultancy, price quotation and other appropriate service fees; remunerations paid to the Board of Representatives/Average NAV (%)",2023-06-30,month,0.000438841146203453,2023-08-02
2269,Expense/Average NAV (%),2023-06-30,month,0.0148994219045421,2023-08-02
2270,Portfolio turnover rate (%),2023-06-30,month,1.80562206012877,2023-08-02
2272,OTHER INDICATORS,2023-06-30,month,,2023-08-02
2273,Fund scale at the beginning of the period (based on par value of fund certificate),2023-06-30,month,161252308900,2023-08-02
2274,Total value of outstanding Fund Certificate at the beginning of period,2023-06-30,month,161252308900,2023-08-02
2275,Total number of outstanding Fund Certificate at the beginning of period,2023-06-30,month,16125230.89,2023-08-02
2276,Change of Fund scale during the period (based on par value of fund certificate),2023-06-30,month,64219699.9999999,2023-08-02
2277,Number of Fund Certificates subscribed during the period,2023-06-30,month,81206.43,2023-08-02
2278,Net subscription amount during the period (based on par value),2023-06-30,month,812064300,2023-08-02
2279,Fund scale at the end of the period (based on par value),2023-06-30,month,161316528600,2023-08-02
2280,Total value of outstanding Fund Certificate at the end of the period (based on par value),2023-06-30,month,161316528600,2023-08-02
2281,Total number of outstanding Fund Certificate at the end of the period,2023-06-30,month,16131652.86,2023-08-02
2282,Fund Management Company and related parties' ownership ratio at the end of the period,2023-06-30,month,0.642055128503429,2023-08-02
2283,Top 10 investors' ownership ratio at the end of the period,2023-06-30,month,0.7358,2023-08-02
2284,Foreign investors' ownership ratio at the end of the period,2023-06-30,month,0.1412,2023-08-02
2284,Foreign investors' ownership ratio at the end of the period (***),2023-06-30,month,0.1412,2023-07-04
2285,Net asset value per Fund Certificate at the end of period,2023-06-30,month,24203.84,2023-08-02
2286,Fee paid to Real Estate management organisation/ Average NAV (%) (not applicable),2023-06-30,month,,2023-08-02
2287,Fee paid to Real Estate valuation service provider/ Average NAV (%) (not applicable),2023-06-30,month,,2023-08-02
2287,"Income (including interest income, dividend, coupon income and unrealised gain)/ Average NAV (%) (not applicable)",2023-06-30,month,,2023-08-02
2288,Market price per fund certificates at the end of period (not applicable),2023-06-30,month,,2023-08-02
22661,"Fund admin fee, and other fees paid to relating services providers by the fund management company/Average NAV (%)",2023-06-30,month,0.000693363317938321,2023-08-02
22761,Change of Number of Fund Certificates during the period,2023-06-30,month,6421.96999999999,2023-08-02
22762,Change in capital amount during the period (based on par value),2023-06-30,month,64219699.9999999,2023-08-02
22781,Number of Fund Certificates redeemed during the period,2023-06-30,month,-74784.46,2023-08-02
22782,Net redemption amount during the period (based on par value),2023-06-30,month,-747844600,2023-08-02
22841,Number of investors of the Fund at the end of the period,2023-06-30,month,9611,2023-08-02
2264,INVESTMENT PERFORMANCE INDICATORS,2023-07-31,month,,2023-09-05
2265,Management fee paid to the fund management company/Average NAV (%),2023-07-31,month,0.0120913315802714,2023-09-05
2266,Custody and supervising fees paid to the Supervisory Bank/Average NAV (%),2023-07-31,month,0.00100094072367339,2023-09-05
2267,Auditing fee paid to auditing organizations (if any)/Average NAV (%),2023-07-31,month,0.000468787793895443,2023-09-05
2268,"Legal consultancy, price quotation and other appropriate service fees; remunerations paid to the Board of Representatives/Average NAV (%)",2023-07-31,month,0.000442995117335242,2023-09-05
2269,Expense/Average NAV (%),2023-07-31,month,0.0149282334379436,2023-09-05
2270,Portfolio turnover rate (%),2023-07-31,month,2.01608611442494,2023-09-05
2272,OTHER INDICATORS,2023-07-31,month,,2023-09-05
2273,Fund scale at the beginning of the period (based on par value of fund certificate),2023-07-31,month,161316528600,2023-09-05
2274,Total value of outstanding Fund Certificate at the beginning of period,2023-07-31,month,161316528600,2023-09-05
2275,Total number of outstanding Fund Certificate at the beginning of period,2023-07-31,month,16131652.86,2023-09-05
2276,Change of Fund scale during the period (based on par value of fund certificate),2023-07-31,month,-1871706400,2023-09-05
2277,Number of Fund Certificates subscribed during the period,2023-07-31,month,64299.25,2023-09-05
2278,Net subscription amount during the period (based on par value),2023-07-31,month,642992500,2023-09-05
2279,Fund scale at the end of the period (based on par value),2023-07-31,month,159444822200,2023-09-05
2280,Total value of outstanding Fund Certificate at the end of the period (based on par value),2023-07-31,month,159444822200,2023-09-05
2281,Total number of outstanding Fund Certificate at the end of the period,2023-07-31,month,15944482.22,2023-09-05
2282,Fund Management Company and related parties' ownership ratio at the end of the period,2023-07-31,month,0.649592147746771,2023-09-05
2283,Top 10 investors' ownership ratio at the end of the period,2023-07-31,month,0.7419,2023-09-05
2284,Foreign investors' ownership ratio at the end of the period,2023-07-31,month,0.1429,2023-08-02
2284,Foreign investors' ownership ratio at the end of the period (***),2023-07-31,month,0.1429,2023-09-05
2285,Net asset value per Fund Certificate at the end of period,2023-07-31,month,24404.52,2023-09-05
2286,Fee paid to Real Estate management organisation/ Average NAV (%) (not applicable),2023-07-31,month,,2023-09-05
2287,Fee paid to Real Estate valuation service provider/ Average NAV (%) (not applicable),2023-07-31,month,,2023-09-05
2287,"Income (including interest income, dividend, coupon income and unrealised gain)/ Average NAV (%) (not applicable)",2023-07-31,month,,2023-09-05
2288,Market price per fund certificates at the end of period (not applicable),2023-07-31,month,,2023-09-05
22661,"Fund admin fee, and other fees paid to relating services providers by the fund management company/Average NAV (%)",2023-07-31,month,0.000714704652480017,2023-09-05
22761,Change of Number of Fund Certificates during the period,2023-07-31,month,-187170.64,2023-09-05
22762,Change in capital amount during the period (based on par value),2023-07-31,month,-1871706400,2023-09-05
22781,Number of Fund Certificates redeemed during the period,2023-07-31,month,-251469.89,2023-09-05
22782,Net redemption amount during the period (based on par value),2023-07-31,month,-2514698900,2023-09-05
22841,Number of investors of the Fund at the end of the period,2023-07-31,month,9538,2023-09-05
2264,INVESTMENT PERFORMANCE INDICATORS,2023-08-31,month,,2023-10-02
2265,Management fee paid to the fund management company/Average NAV (%),2023-08-31,month,0.0122089765254445,2023-10-02
2266,Custody and supervising fees paid to the Supervisory Bank/Average NAV (%),2023-08-31,month,0.000981559486543727,2023-10-02
2267,Auditing fee paid to auditing organizations (if any)/Average NAV (%),2023-08-31,month,0.000466871278121122,2023-10-02
2268,"Legal consultancy, price quotation and other appropriate service fees; remunerations paid to the Board of Representatives/Average NAV (%)",2023-08-31,month,0.000441184019249158,2023-10-02
2269,Expense/Average NAV (%),2023-08-31,month,0.014870563574097,2023-10-02
2270,Portfolio turnover rate (%),2023-08-31,month,2.04304550772877,2023-10-02
2272,OTHER INDICATORS,2023-08-31,month,,2023-10-02
2273,Fund scale at the beginning of the period (based on par value of fund certificate),2023-08-31,month,159444822200,2023-10-02
2274,Total value of outstanding Fund Certificate at the beginning of period,2023-08-31,month,159444822200,2023-10-02
2275,Total number of outstanding Fund Certificate at the beginning of period,2023-08-31,month,15944482.22,2023-10-02
2276,Change of Fund scale during the period (based on par value of fund certificate),2023-08-31,month,1193812700,2023-10-02
2277,Number of Fund Certificates subscribed during the period,2023-08-31,month,184368.92,2023-10-02
2278,Net subscription amount during the period (based on par value),2023-08-31,month,1843689200,2023-10-02
2279,Fund scale at the end of the period (based on par value),2023-08-31,month,160638634900,2023-10-02
2280,Total value of outstanding Fund Certificate at the end of the period (based on par value),2023-08-31,month,160638634900,2023-10-02
2281,Total number of outstanding Fund Certificate at the end of the period,2023-08-31,month,16063863.49,2023-10-02
2282,Fund Management Company and related parties' ownership ratio at the end of the period,2023-08-31,month,0.644764595792764,2023-10-02
2283,Top 10 investors' ownership ratio at the end of the period,2023-08-31,month,0.7355,2023-10-02
2284,Foreign investors' ownership ratio at the end of the period,2023-08-31,month,0.1442,2023-10-02
2284,Foreign investors' ownership ratio at the end of the period (***),2023-08-31,month,0.1442,2023-09-05
2285,Net asset value per Fund Certificate at the end of period,2023-08-31,month,24581.31,2023-10-02
2286,Fee paid to Real Estate management organisation/ Average NAV (%) (not applicable),2023-08-31,month,,2023-10-02
2287,Fee paid to Real Estate valuation service provider/ Average NAV (%) (not applicable),2023-08-31,month,,2023-10-02
2287,"Income (including interest income, dividend, coupon income and unrealised gain)/ Average NAV (%) (not applicable)",2023-08-31,month,,2023-10-02
2288,Market price per fund certificates at the end of period (not applicable),2023-08-31,month,,2023-10-02
22661,"Fund admin fee, and other fees paid to relating services providers by the fund management company/Average NAV (%)",2023-08-31,month,0.000688493435955737,2023-10-02
22761,Change of Number of Fund Certificates during the period,2023-08-31,month,119381.27,2023-10-02
22762,Change in capital amount during the period (based on par value),2023-08-31,month,1193812700,2023-10-02
22781,Number of Fund Certificates redeemed during the period,2023-08-31,month,-64987.65,2023-10-02
22782,Net redemption amount during the period (based on par value),2023-08-31,month,-649876500,2023-10-02
22841,Number of investors of the Fund at the end of the period,2023-08-31,month,9523,2023-10-02
2264,INVESTMENT PERFORMANCE INDICATORS,2023-09-30,month,,2023-11-02
2265,Management fee paid to the fund management company/Average NAV (%),2023-09-30,month,0.0118381483394048,2023-11-02
2266,Custody and supervising fees paid to the Supervisory Bank/Average NAV (%),2023-09-30,month,0.000958169894500989,2023-11-02
2267,Auditing fee paid to auditing organizations (if any)/Average NAV (%),2023-09-30,month,0.000445205475943991,2023-11-02
2268,"Legal consultancy, price quotation and other appropriate service fees; remunerations paid to the Board of Representatives/Average NAV (%)",2023-09-30,month,0.00042654207400458,2023-11-02
2269,Expense/Average NAV (%),2023-09-30,month,0.0148959871554777,2023-11-02
2270,Portfolio turnover rate (%),2023-09-30,month,1.87034585584634,2023-11-02
2272,OTHER INDICATORS,2023-09-30,month,,2023-11-02
2273,Fund scale at the beginning of the period (based on par value of fund certificate),2023-09-30,month,160638634900,2023-11-02
2274,Total value of outstanding Fund Certificate at the beginning of period,2023-09-30,month,160638634900,2023-11-02
2275,Total number of outstanding Fund Certificate at the beginning of period,2023-09-30,month,16063863.49,2023-11-02
2276,Change of Fund scale during the period (based on par value of fund certificate),2023-09-30,month,1224799000,2023-11-02
2277,Number of Fund Certificates subscribed during the period,2023-09-30,month,267253.84,2023-11-02
2278,Net subscription amount during the period (based on par value),2023-09-30,month,2672538400,2023-11-02
2279,Fund scale at the end of the period (based on par value),2023-09-30,month,161863433900,2023-11-02
2280,Total value of outstanding Fund Certificate at the end of the period (based on par value),2023-09-30,month,161863433900,2023-11-02
2281,Total number of outstanding Fund Certificate at the end of the period,2023-09-30,month,16186343.39,2023-11-02
2282,Fund Management Company and related parties' ownership ratio at the end of the period,2023-09-30,month,0.660268094065191,2023-11-02
2283,Top 10 investors' ownership ratio at the end of the period,2023-09-30,month,0.7316,2023-11-02
2284,Foreign investors' ownership ratio at the end of the period,2023-09-30,month,0.1527,2023-10-02
2284,Foreign investors' ownership ratio at the end of the period (***),2023-09-30,month,0.1527,2023-11-02
2285,Net asset value per Fund Certificate at the end of period,2023-09-30,month,24738.52,2023-11-02
2286,Fee paid to Real Estate management organisation/ Average NAV (%) (not applicable),2023-09-30,month,,2023-11-02
2287,Fee paid to Real Estate valuation service provider/ Average NAV (%) (not applicable),2023-09-30,month,,2023-11-02
2287,"Income (including interest income, dividend, coupon income and unrealised gain)/ Average NAV (%) (not applicable)",2023-09-30,month,,2023-11-02
2288,Market price per fund certificates at the end of period (not applicable),2023-09-30,month,,2023-11-02
22661,"Fund admin fee, and other fees paid to relating services providers by the fund management company/Average NAV (%)",2023-09-30,month,0.000678485766948357,2023-11-02
22761,Change of Number of Fund Certificates during the period,2023-09-30,month,122479.9,2023-11-02
22762,Change in capital amount during the period (based on par value),2023-09-30,month,1224799000,2023-11-02
22781,Number of Fund Certificates redeemed during the period,2023-09-30,month,-144773.94,2023-11-02
22782,Net redemption amount during the period (based on par value),2023-09-30,month,-1447739400,2023-11-02
22841,Number of investors of the Fund at the end of the period,2023-09-30,month,9506,2023-11-02
2264,INVESTMENT PERFORMANCE INDICATORS,2023-10-31,month,,2023-12-04
2265,Management fee paid to the fund management company/Average NAV (%),2023-10-31,month,0.0122329596833087,2023-12-04
2266,Custody and supervising fees paid to the Supervisory Bank/Average NAV (%),2023-10-31,month,0.00094699370128539,2023-12-04
2267,Auditing fee paid to auditing organizations (if any)/Average NAV (%),2023-10-31,month,0.000456113959731098,2023-12-04
2268,"Legal consultancy, price quotation and other appropriate service fees; remunerations paid to the Board of Representatives/Average NAV (%)",2023-10-31,month,0.000431018566899798,2023-12-04
2269,Expense/Average NAV (%),2023-10-31,month,0.0148257841077089,2023-12-04
2270,Portfolio turnover rate (%),2023-10-31,month,1.67823590082522,2023-12-04
2272,OTHER INDICATORS,2023-10-31,month,,2023-12-04
2273,Fund scale at the beginning of the period (based on par value of fund certificate),2023-10-31,month,161863433900,2023-12-04
2274,Total value of outstanding Fund Certificate at the beginning of period,2023-10-31,month,161863433900,2023-12-04
2275,Total number of outstanding Fund Certificate at the beginning of period,2023-10-31,month,16186343.39,2023-12-04
2276,Change of Fund scale during the period (based on par value of fund certificate),2023-10-31,month,-481307300,2023-12-04
2277,Number of Fund Certificates subscribed during the period,2023-10-31,month,92506.86,2023-12-04
2278,Net subscription amount during the period (based on par value),2023-10-31,month,925068600,2023-12-04
2279,Fund scale at the end of the period (based on par value),2023-10-31,month,161382126600,2023-12-04
2280,Total value of outstanding Fund Certificate at the end of the period (based on par value),2023-10-31,month,161382126600,2023-12-04
2281,Total number of outstanding Fund Certificate at the end of the period,2023-10-31,month,16138212.66,2023-12-04
2282,Fund Management Company and related parties' ownership ratio at the end of the period,2023-10-31,month,0.662237282725211,2023-12-04
2283,Top 10 investors' ownership ratio at the end of the period,2023-10-31,month,0.7335,2023-12-04
2284,Foreign investors' ownership ratio at the end of the period (***),2023-10-31,month,0.1531,2023-12-04
2285,Net asset value per Fund Certificate at the end of period,2023-10-31,month,24932.75,2023-12-04
2286,Fee paid to Real Estate management organisation/ Average NAV (%) (not applicable),2023-10-31,month,,2023-12-04
2287,Fee paid to Real Estate valuation service provider/ Average NAV (%) (not applicable),2023-10-31,month,,2023-12-04
2287,"Income (including interest income, dividend, coupon income and unrealised gain)/ Average NAV (%) (not applicable)",2023-10-31,month,,2023-12-04
2288,Market price per fund certificates at the end of period (not applicable),2023-10-31,month,,2023-12-04
22661,"Fund admin fee, and other fees paid to relating services providers by the fund management company/Average NAV (%)",2023-10-31,month,0.000679470460182589,2023-12-04
22761,Change of Number of Fund Certificates during the period,2023-10-31,month,-48130.73,2023-12-04
22762,Change in capital amount during the period (based on par value),2023-10-31,month,-481307300,2023-12-04
22781,Number of Fund Certificates redeemed during the period,2023-10-31,month,-140637.59,2023-12-04
22782,Net redemption amount during the period (based on par value),2023-10-31,month,-1406375900,2023-12-04
22841,Number of investors of the Fund at the end of the period,2023-10-31,month,9482,2023-12-04
2264,INVESTMENT PERFORMANCE INDICATORS,2023-11-30,month,,2024-01-02
2265,Management fee paid to the fund management company/Average NAV (%),2023-11-30,month,0.0118384869770181,2024-01-02
2266,Custody and supervising fees paid to the Supervisory Bank/Average NAV (%),2023-11-30,month,0.000933420473069653,2024-01-02
2267,Auditing fee paid to auditing organizations (if any)/Average NAV (%),2023-11-30,month,0.000430995235683999,2024-01-02
2268,"Legal consultancy, price quotation and other appropriate service fees; remunerations paid to the Board of Representatives/Average NAV (%)",2023-11-30,month,0.000412927569805195,2024-01-02
2269,Expense/Average NAV (%),2023-11-30,month,0.0148017897645703,2024-01-02
2270,Portfolio turnover rate (%),2023-11-30,month,1.57469066878228,2024-01-02
2272,OTHER INDICATORS,2023-11-30,month,,2024-01-02
2273,Fund scale at the beginning of the period (based on par value of fund certificate),2023-11-30,month,161382126600,2024-01-02
2274,Total value of outstanding Fund Certificate at the beginning of period,2023-11-30,month,161382126600,2024-01-02
2275,Total number of outstanding Fund Certificate at the beginning of period,2023-11-30,month,16138212.66,2024-01-02
2276,Change of Fund scale during the period (based on par value of fund certificate),2023-11-30,month,3887661600,2024-01-02
2277,Number of Fund Certificates subscribed during the period,2023-11-30,month,562178.98,2024-01-02
2278,Net subscription amount during the period (based on par value),2023-11-30,month,5621789800,2024-01-02
2279,Fund scale at the end of the period (based on par value),2023-11-30,month,165269788200,2024-01-02
2280,Total value of outstanding Fund Certificate at the end of the period (based on par value),2023-11-30,month,165269788200,2024-01-02
2281,Total number of outstanding Fund Certificate at the end of the period,2023-11-30,month,16526978.82,2024-01-02
2282,Fund Management Company and related parties' ownership ratio at the end of the period,2023-11-30,month,0.646659393492222,2024-01-02
2283,Top 10 investors' ownership ratio at the end of the period,2023-11-30,month,0.7318,2024-01-02
2284,Foreign investors' ownership ratio at the end of the period (***),2023-11-30,month,0.1495,2024-01-02
2285,Net asset value per Fund Certificate at the end of period,2023-11-30,month,25118.29,2024-01-02
2286,Fee paid to Real Estate management organisation/ Average NAV (%) (not applicable),2023-11-30,month,,2024-01-02
2287,Fee paid to Real Estate valuation service provider/ Average NAV (%) (not applicable),2023-11-30,month,,2024-01-02
2287,"Income (including interest income, dividend, coupon income and unrealised gain)/ Average NAV (%) (not applicable)",2023-11-30,month,,2024-01-02
2288,Market price per fund certificates at the end of period (not applicable),2023-11-30,month,,2024-01-02
22661,"Fund admin fee, and other fees paid to relating services providers by the fund management company/Average NAV (%)",2023-11-30,month,0.000662635398017875,2024-01-02
22761,Change of Number of Fund Certificates during the period,2023-11-30,month,388766.16,2024-01-02
22762,Change in capital amount during the period (based on par value),2023-11-30,month,3887661600,2024-01-02
22781,Number of Fund Certificates redeemed during the period,2023-11-30,month,-173412.82,2024-01-02
22782,Net redemption amount during the period (based on par value),2023-11-30,month,-1734128200,2024-01-02
22841,Number of investors of the Fund at the end of the period,2023-11-30,month,9491,2024-01-02
2264,INVESTMENT PERFORMANCE INDICATORS,2023-12-31,month,,2024-02-02
2265,Management fee paid to the fund management company/Average NAV (%),2023-12-31,month,0.0122330532260237,2024-02-02
2266,Custody and supervising fees paid to the Supervisory Bank/Average NAV (%),2023-12-31,month,0.000927555263785628,2024-02-02
2267,Auditing fee paid to auditing organizations (if any)/Average NAV (%),2023-12-31,month,0.000429545085370662,2024-02-02
2268,"Legal consultancy, price quotation and other appropriate service fees; remunerations paid to the Board of Representatives/Average NAV (%)",2023-12-31,month,0.000405911512167847,2024-02-02
2269,Expense/Average NAV (%),2023-12-31,month,0.0147173368523147,2024-02-02
2270,Portfolio turnover rate (%),2023-12-31,month,1.66677854906568,2024-02-02
2272,OTHER INDICATORS,2023-12-31,month,,2024-02-02
2273,Fund scale at the beginning of the period (based on par value of fund certificate),2023-12-31,month,165269788200,2024-02-02
2274,Total value of outstanding Fund Certificate at the beginning of period,2023-12-31,month,165269788200,2024-02-02
2275,Total number of outstanding Fund Certificate at the beginning of period,2023-12-31,month,16526978.82,2024-02-02
2276,Change of Fund scale during the period (based on par value of fund certificate),2023-12-31,month,12596894500,2024-02-02
2277,Number of Fund Certificates subscribed during the period,2023-12-31,month,2182955.55,2024-02-02
2278,Net subscription amount during the period (based on par value),2023-12-31,month,21829555500,2024-02-02
2279,Fund scale at the end of the period (based on par value),2023-12-31,month,177866682700,2024-02-02
2280,Total value of outstanding Fund Certificate at the end of the period (based on par value),2023-12-31,month,177866682700,2024-02-02
2281,Total number of outstanding Fund Certificate at the end of the period,2023-12-31,month,17786668.27,2024-02-02
2282,Fund Management Company and related parties' ownership ratio at the end of the period,2023-12-31,month,0.561506289339482,2024-02-02
2283,Top 10 investors' ownership ratio at the end of the period,2023-12-31,month,0.718,2024-02-02
2284,Foreign investors' ownership ratio at the end of the period,2023-12-31,month,0.1782,2024-02-02
2284,Foreign investors' ownership ratio at the end of the period (***),2023-12-31,month,0.1782,2024-01-02
2285,Net asset value per Fund Certificate at the end of period,2023-12-31,month,25389.59,2024-02-02
2286,Fee paid to Real Estate management organisation/ Average NAV (%) (not applicable),2023-12-31,month,,2024-02-02
2287,Fee paid to Real Estate valuation service provider/ Average NAV (%) (not applicable),2023-12-31,month,,2024-02-02
2287,"Income (including interest income, dividend, coupon income and unrealised gain)/ Average NAV (%) (not applicable)",2023-12-31,month,,2024-02-02
2288,Market price per fund certificates at the end of period (not applicable),2023-12-31,month,,2024-02-02
22661,"Fund admin fee, and other fees paid to relating services providers by the fund management company/Average NAV (%)",2023-12-31,month,0.000662162839384813,2024-02-02
22761,Change of Number of Fund Certificates during the period,2023-12-31,month,1259689.45,2024-02-02
22762,Change in capital amount during the period (based on par value),2023-12-31,month,12596894500,2024-02-02
22781,Number of Fund Certificates redeemed during the period,2023-12-31,month,-923266.1,2024-02-02
22782,Net redemption amount during the period (based on par value),2023-12-31,month,-9232661000,2024-02-02
22841,Number of investors of the Fund at the end of the period,2023-12-31,month,9563,2024-02-02
2264,INVESTMENT PERFORMANCE INDICATORS,2024-01-31,month,,2024-03-01
2265,Management fee paid to the fund management company/Average NAV (%),2024-01-31,month,0.0121995468581667,2024-03-01
2266,Custody and supervising fees paid to the Supervisory Bank/Average NAV (%),2024-01-31,month,0.000875587546363042,2024-03-01
2267,Auditing fee paid to auditing organizations (if any)/Average NAV (%),2024-01-31,month,0.000313328894622449,2024-03-01
2268,"Legal consultancy, price quotation and other appropriate service fees; remunerations paid to the Board of Representatives/Average NAV (%)",2024-01-31,month,0.000438162382241085,2024-03-01
2269,Expense/Average NAV (%),2024-01-31,month,0.0144460006488315,2024-03-01
2270,Portfolio turnover rate (%),2024-01-31,month,1.79258290436168,2024-03-01
2272,OTHER INDICATORS,2024-01-31,month,,2024-03-01
2273,Fund scale at the beginning of the period (based on par value of fund certificate),2024-01-31,month,177866682700,2024-03-01
2274,Total value of outstanding Fund Certificate at the beginning of period,2024-01-31,month,177866682700,2024-03-01
2275,Total number of outstanding Fund Certificate at the beginning of period,2024-01-31,month,17786668.27,2024-03-01
2276,Change of Fund scale during the period (based on par value of fund certificate),2024-01-31,month,38260716400,2024-03-01
2277,Number of Fund Certificates subscribed during the period,2024-01-31,month,3926322.6,2024-03-01
2278,Net subscription amount during the period (based on par value),2024-01-31,month,39263226000,2024-03-01
2279,Fund scale at the end of the period (based on par value),2024-01-31,month,216127399100,2024-03-01
2280,Total value of outstanding Fund Certificate at the end of the period (based on par value),2024-01-31,month,216127399100,2024-03-01
2281,Total number of outstanding Fund Certificate at the end of the period,2024-01-31,month,21612739.91,2024-03-01
2282,Fund Management Company and related parties' ownership ratio at the end of the period,2024-01-31,month,0.462103654677257,2024-03-01
2283,Top 10 investors' ownership ratio at the end of the period,2024-01-31,month,0.648,2024-03-01
2284,Foreign investors' ownership ratio at the end of the period,2024-01-31,month,0.1467,2024-02-02
2284,Foreign investors' ownership ratio at the end of the period (***),2024-01-31,month,0.1467,2024-03-01
2285,Net asset value per Fund Certificate at the end of period,2024-01-31,month,25506.47,2024-03-01
2286,Fee paid to Real Estate management organisation/ Average NAV (%) (not applicable),2024-01-31,month,,2024-03-01
2287,Fee paid to Real Estate valuation service provider/ Average NAV (%) (not applicable),2024-01-31,month,,2024-03-01
2287,"Income (including interest income, dividend, coupon income and unrealised gain)/ Average NAV (%) (not applicable)",2024-01-31,month,,2024-03-01
2288,Market price per fund certificates at the end of period (not applicable),2024-01-31,month,,2024-03-01
22661,"Fund admin fee, and other fees paid to relating services providers by the fund management company/Average NAV (%)",2024-01-31,month,0.000613256273629864,2024-03-01
22761,Change of Number of Fund Certificates during the period,2024-01-31,month,3826071.64,2024-03-01
22762,Change in capital amount during the period (based on par value),2024-01-31,month,38260716400,2024-03-01
22781,Number of Fund Certificates redeemed during the period,2024-01-31,month,-100250.96,2024-03-01
22782,Net redemption amount during the period (based on par value),2024-01-31,month,-1002509600,2024-03-01
22841,Number of investors of the Fund at the end of the period,2024-01-31,month,9798,2024-03-01
2264,INVESTMENT PERFORMANCE INDICATORS,2024-02-29,month,,2024-04-01
2265,Management fee paid to the fund management company/Average NAV (%),2024-02-29,month,0.0114136000173659,2024-04-01
2266,Custody and supervising fees paid to the Supervisory Bank/Average NAV (%),2024-02-29,month,0.000806088977582309,2024-04-01
2267,Auditing fee paid to auditing organizations (if any)/Average NAV (%),2024-02-29,month,0.000217716880732702,2024-04-01
2268,"Legal consultancy, price quotation and other appropriate service fees; remunerations paid to the Board of Representatives/Average NAV (%)",2024-02-29,month,0.000311364276523741,2024-04-01
2269,Expense/Average NAV (%),2024-02-29,month,0.0141851500411618,2024-04-01
2270,Portfolio turnover rate (%),2024-02-29,month,1.36803651406334,2024-04-01
2272,OTHER INDICATORS,2024-02-29,month,,2024-04-01
2273,Fund scale at the beginning of the period (based on par value of fund certificate),2024-02-29,month,216127399100,2024-04-01
2274,Total value of outstanding Fund Certificate at the beginning of period,2024-02-29,month,216127399100,2024-04-01
2275,Total number of outstanding Fund Certificate at the beginning of period,2024-02-29,month,21612739.91,2024-04-01
2276,Change of Fund scale during the period (based on par value of fund certificate),2024-02-29,month,82439499600,2024-04-01
2277,Number of Fund Certificates subscribed during the period,2024-02-29,month,8307284.71,2024-04-01
2278,Net subscription amount during the period (based on par value),2024-02-29,month,83072847100,2024-04-01
2279,Fund scale at the end of the period (based on par value),2024-02-29,month,298566898700,2024-04-01
2280,Total value of outstanding Fund Certificate at the end of the period (based on par value),2024-02-29,month,298566898700,2024-04-01
2281,Total number of outstanding Fund Certificate at the end of the period,2024-02-29,month,29856689.87,2024-04-01
2282,Fund Management Company and related parties' ownership ratio at the end of the period,2024-02-29,month,0.336550374597839,2024-04-01
2283,Top 10 investors' ownership ratio at the end of the period,2024-02-29,month,0.5574,2024-04-01
2284,Foreign investors' ownership ratio at the end of the period (***),2024-02-29,month,0.1061,2024-04-01
2285,Net asset value per Fund Certificate at the end of period,2024-02-29,month,25655.25,2024-04-01
2286,Fee paid to Real Estate management organisation/ Average NAV (%) (not applicable),2024-02-29,month,,2024-04-01
2287,Fee paid to Real Estate valuation service provider/ Average NAV (%) (not applicable),2024-02-29,month,,2024-04-01
2287,"Income (including interest income, dividend, coupon income and unrealised gain)/ Average NAV (%) (not applicable)",2024-02-29,month,,2024-04-01
2288,Market price per fund certificates at the end of period (not applicable),2024-02-29,month,,2024-04-01
22661,"Fund admin fee, and other fees paid to relating services providers by the fund management company/Average NAV (%)",2024-02-29,month,0.0005203684753268,2024-04-01
22761,Change of Number of Fund Certificates during the period,2024-02-29,month,8243949.96,2024-04-01
22762,Change in capital amount during the period (based on par value),2024-02-29,month,82439499600,2024-04-01
22781,Number of Fund Certificates redeemed during the period,2024-02-29,month,-63334.75,2024-04-01
22782,Net redemption amount during the period (based on par value),2024-02-29,month,-633347500,2024-04-01
22841,Number of investors of the Fund at the end of the period,2024-02-29,month,10130,2024-04-01
2264,INVESTMENT PERFORMANCE INDICATORS,2024-03-31,month,,2024-05-03
2265,Management fee paid to the fund management company/Average NAV (%),2024-03-31,month,0.0121996109422292,2024-05-03
2266,Custody and supervising fees paid to the Supervisory Bank/Average NAV (%),2024-03-31,month,0.000870166464026145,2024-05-03
2267,Auditing fee paid to auditing organizations (if any)/Average NAV (%),2024-03-31,month,0.000146914453782037,2024-05-03
2268,"Legal consultancy, price quotation and other appropriate service fees; remunerations paid to the Board of Representatives/Average NAV (%)",2024-03-31,month,0.00021098629843034,2024-05-03
2269,Expense/Average NAV (%),2024-03-31,month,0.0137496942360262,2024-05-03
2270,Portfolio turnover rate (%),2024-03-31,month,1.50381694237127,2024-05-03
2272,OTHER INDICATORS,2024-03-31,month,,2024-05-03
2273,Fund scale at the beginning of the period (based on par value of fund certificate),2024-03-31,month,298566898700,2024-05-03
2274,Total value of outstanding Fund Certificate at the beginning of period,2024-03-31,month,298566898700,2024-05-03
2275,Total number of outstanding Fund Certificate at the beginning of period,2024-03-31,month,29856689.87,2024-05-03
2276,Change of Fund scale during the period (based on par value of fund certificate),2024-03-31,month,135020117200,2024-05-03
2277,Number of Fund Certificates subscribed during the period,2024-03-31,month,16567783.32,2024-05-03
2278,Net subscription amount during the period (based on par value),2024-03-31,month,165677833200,2024-05-03
2279,Fund scale at the end of the period (based on par value),2024-03-31,month,433587015900,2024-05-03
2280,Total value of outstanding Fund Certificate at the end of the period (based on par value),2024-03-31,month,433587015900,2024-05-03
2281,Total number of outstanding Fund Certificate at the end of the period,2024-03-31,month,43358701.59,2024-05-03
2282,Fund Management Company and related parties' ownership ratio at the end of the period,2024-03-31,month,0.186679203554997,2024-05-03
2283,Top 10 investors' ownership ratio at the end of the period,2024-03-31,month,0.4304,2024-05-03
2284,Foreign investors' ownership ratio at the end of the period (***),2024-03-31,month,0.057,2024-05-03
2285,Net asset value per Fund Certificate at the end of period,2024-03-31,month,25806.88,2024-05-03
2286,Fee paid to Real Estate management organisation/ Average NAV (%) (not applicable),2024-03-31,month,,2024-05-03
2287,Fee paid to Real Estate valuation service provider/ Average NAV (%) (not applicable),2024-03-31,month,,2024-05-03
2287,"Income (including interest income, dividend, coupon income and unrealised gain)/ Average NAV (%) (not applicable)",2024-03-31,month,,2024-05-03
2288,Market price per fund certificates at the end of period (not applicable),2024-03-31,month,,2024-05-03
22661,"Fund admin fee, and other fees paid to relating services providers by the fund management company/Average NAV (%)",2024-03-31,month,0.00046992132533969,2024-05-03
22761,Change of Number of Fund Certificates during the period,2024-03-31,month,13502011.72,2024-05-03
22762,Change in capital amount during the period (based on par value),2024-03-31,month,135020117200,2024-05-03
22781,Number of Fund Certificates redeemed during the period,2024-03-31,month,-3065771.6,2024-05-03
22782,Net redemption amount during the period (based on par value),2024-03-31,month,-30657716000,2024-05-03
22841,Number of investors of the Fund at the end of the period,2024-03-31,month,10752,2024-05-03
2264,INVESTMENT PERFORMANCE INDICATORS,2024-04-30,month,,2024-06-03
2265,Management fee paid to the fund management company/Average NAV (%),2024-04-30,month,0.0118059347831835,2024-06-03
2266,Custody and supervising fees paid to the Supervisory Bank/Average NAV (%),2024-04-30,month,0.000831919857236746,2024-06-03
2267,Auditing fee paid to auditing organizations (if any)/Average NAV (%),2024-04-30,month,0.000138964186647834,2024-06-03
2268,"Legal consultancy, price quotation and other appropriate service fees; remunerations paid to the Board of Representatives/Average NAV (%)",2024-04-30,month,0.000196459705400203,2024-06-03
2269,Expense/Average NAV (%),2024-04-30,month,0.0138937224353451,2024-06-03
2270,Portfolio turnover rate (%),2024-04-30,month,1.38077678460752,2024-06-03
2272,OTHER INDICATORS,2024-04-30,month,,2024-06-03
2273,Fund scale at the beginning of the period (based on par value of fund certificate),2024-04-30,month,433587015900,2024-06-03
2274,Total value of outstanding Fund Certificate at the beginning of period,2024-04-30,month,433587015900,2024-06-03
2275,Total number of outstanding Fund Certificate at the beginning of period,2024-04-30,month,43358701.59,2024-06-03
2276,Change of Fund scale during the period (based on par value of fund certificate),2024-04-30,month,-8722411400,2024-06-03
2277,Number of Fund Certificates subscribed during the period,2024-04-30,month,5410091.98,2024-06-03
2278,Net subscription amount during the period (based on par value),2024-04-30,month,54100919800,2024-06-03
2279,Fund scale at the end of the period (based on par value),2024-04-30,month,424864604500,2024-06-03
2280,Total value of outstanding Fund Certificate at the end of the period (based on par value),2024-04-30,month,424864604500,2024-06-03
2281,Total number of outstanding Fund Certificate at the end of the period,2024-04-30,month,42486460.45,2024-06-03
2282,Fund Management Company and related parties' ownership ratio at the end of the period,2024-04-30,month,0.0573218063873805,2024-06-03
2283,Top 10 investors' ownership ratio at the end of the period,2024-04-30,month,0.3463,2024-06-03
2284,Foreign investors' ownership ratio at the end of the period (***),2024-04-30,month,0.0582,2024-06-03
2285,Net asset value per Fund Certificate at the end of period,2024-04-30,month,25949.26,2024-06-03
2286,Fee paid to Real Estate management organisation/ Average NAV (%) (not applicable),2024-04-30,month,,2024-06-03
2287,Fee paid to Real Estate valuation service provider/ Average NAV (%) (not applicable),2024-04-30,month,,2024-06-03
2287,"Income (including interest income, dividend, coupon income and unrealised gain)/ Average NAV (%) (not applicable)",2024-04-30,month,,2024-06-03
2288,Market price per fund certificates at the end of period (not applicable),2024-04-30,month,,2024-06-03
22661,"Fund admin fee, and other fees paid to relating services providers by the fund management company/Average NAV (%)",2024-04-30,month,0.000453341093155499,2024-06-03
22761,Change of Number of Fund Certificates during the period,2024-04-30,month,-872241.14,2024-06-03
22762,Change in capital amount during the period (based on par value),2024-04-30,month,-8722411400,2024-06-03
22781,Number of Fund Certificates redeemed during the period,2024-04-30,month,-6282333.12,2024-06-03
22782,Net redemption amount during the period (based on par value),2024-04-30,month,-62823331200,2024-06-03
22841,Number of investors of the Fund at the end of the period,2024-04-30,month,11044,2024-06-03
2264,INVESTMENT PERFORMANCE INDICATORS,2024-05-31,month,,2024-07-01
2265,Management fee paid to the fund management company/Average NAV (%),2024-05-31,month,0.0121995665485734,2024-07-01
2266,Custody and supervising fees paid to the Supervisory Bank/Average NAV (%),2024-05-31,month,0.000859194538265965,2024-07-01
2267,Auditing fee paid to auditing organizations (if any)/Average NAV (%),2024-05-31,month,0.000136303311106464,2024-07-01
2268,"Legal consultancy, price quotation and other appropriate service fees; remunerations paid to the Board of Representatives/Average NAV (%)",2024-05-31,month,0.000185324206960414,2024-07-01
2269,Expense/Average NAV (%),2024-05-31,month,0.0138289261189794,2024-07-01
2270,Portfolio turnover rate (%),2024-05-31,month,1.16095587830106,2024-07-01
2272,OTHER INDICATORS,2024-05-31,month,,2024-07-01
2273,Fund scale at the beginning of the period (based on par value of fund certificate),2024-05-31,month,424864604500,2024-07-01
2274,Total value of outstanding Fund Certificate at the beginning of period,2024-05-31,month,424864604500,2024-07-01
2275,Total number of outstanding Fund Certificate at the beginning of period,2024-05-31,month,42486460.45,2024-07-01
2276,Change of Fund scale during the period (based on par value of fund certificate),2024-05-31,month,49764170500,2024-07-01
2277,Number of Fund Certificates subscribed during the period,2024-05-31,month,7531884.55,2024-07-01
2278,Net subscription amount during the period (based on par value),2024-05-31,month,75318845500,2024-07-01
2279,Fund scale at the end of the period (based on par value),2024-05-31,month,474628775000,2024-07-01
2280,Total value of outstanding Fund Certificate at the end of the period (based on par value),2024-05-31,month,474628775000,2024-07-01
2281,Total number of outstanding Fund Certificate at the end of the period,2024-05-31,month,47462877.5,2024-07-01
2282,Fund Management Company and related parties' ownership ratio at the end of the period,2024-05-31,month,0.00704110638888255,2024-07-01
2283,Top 10 investors' ownership ratio at the end of the period,2024-05-31,month,0.3009,2024-07-01
2284,Foreign investors' ownership ratio at the end of the period (***),2024-05-31,month,0.0083,2024-07-01
2285,Net asset value per Fund Certificate at the end of period,2024-05-31,month,26094.3,2024-07-01
2286,Fee paid to Real Estate management organisation/ Average NAV (%) (not applicable),2024-05-31,month,,2024-07-01
2287,Fee paid to Real Estate valuation service provider/ Average NAV (%) (not applicable),2024-05-31,month,,2024-07-01
2287,"Income (including interest income, dividend, coupon income and unrealised gain)/ Average NAV (%) (not applicable)",2024-05-31,month,,2024-07-01
2288,Market price per fund certificates at the end of period (not applicable),2024-05-31,month,,2024-07-01
22661,"Fund admin fee, and other fees paid to relating services providers by the fund management company/Average NAV (%)",2024-05-31,month,0.000458202459456376,2024-07-01
22761,Change of Number of Fund Certificates during the period,2024-05-31,month,4976417.05,2024-07-01
22762,Change in capital amount during the period (based on par value),2024-05-31,month,49764170500,2024-07-01
22781,Number of Fund Certificates redeemed during the period,2024-05-31,month,-2555467.5,2024-07-01
22782,Net redemption amount during the period (based on par value),2024-05-31,month,-25554675000,2024-07-01
22841,Number of investors of the Fund at the end of the period,2024-05-31,month,11247,2024-07-01
2264,INVESTMENT PERFORMANCE INDICATORS,2024-06-30,month,,2024-08-02
2265,Management fee paid to the fund management company/Average NAV (%),2024-06-30,month,0.0118059933500746,2024-08-02
2266,Custody and supervising fees paid to the Supervisory Bank/Average NAV (%),2024-06-30,month,0.000836661300764576,2024-08-02
2267,Auditing fee paid to auditing organizations (if any)/Average NAV (%),2024-06-30,month,0.000113832901437846,2024-08-02
2268,"Legal consultancy, price quotation and other appropriate service fees; remunerations paid to the Board of Representatives/Average NAV (%)",2024-06-30,month,0.000165770758803838,2024-08-02
2269,Expense/Average NAV (%),2024-06-30,month,0.0138058401607694,2024-08-02
2270,Portfolio turnover rate (%),2024-06-30,month,1.33001402919962,2024-08-02
2272,OTHER INDICATORS,2024-06-30,month,,2024-08-02
2273,Fund scale at the beginning of the period (based on par value of fund certificate),2024-06-30,month,474628775000,2024-08-02
2274,Total value of outstanding Fund Certificate at the beginning of period,2024-06-30,month,474628775000,2024-08-02
2275,Total number of outstanding Fund Certificate at the beginning of period,2024-06-30,month,47462877.5,2024-08-02
2276,Change of Fund scale during the period (based on par value of fund certificate),2024-06-30,month,37512345400,2024-08-02
2277,Number of Fund Certificates subscribed during the period,2024-06-30,month,4934010.22,2024-08-02
2278,Net subscription amount during the period (based on par value),2024-06-30,month,49340102200,2024-08-02
2279,Fund scale at the end of the period (based on par value),2024-06-30,month,512141120400,2024-08-02
2280,Total value of outstanding Fund Certificate at the end of the period (based on par value),2024-06-30,month,512141120400,2024-08-02
2281,Total number of outstanding Fund Certificate at the end of the period,2024-06-30,month,51214112.04,2024-08-02
2282,Fund Management Company and related parties' ownership ratio at the end of the period,2024-06-30,month,0.00652537272810637,2024-08-02
2283,Top 10 investors' ownership ratio at the end of the period,2024-06-30,month,0.2937,2024-08-02
2284,Foreign investors' ownership ratio at the end of the period (***),2024-06-30,month,0.0077,2024-08-02
2285,Net asset value per Fund Certificate at the end of period,2024-06-30,month,26257.57,2024-08-02
2286,Fee paid to Real Estate management organisation/ Average NAV (%) (not applicable),2024-06-30,month,,2024-08-02
2287,Fee paid to Real Estate valuation service provider/ Average NAV (%) (not applicable),2024-06-30,month,,2024-08-02
2287,"Income (including interest income, dividend, coupon income and unrealised gain)/ Average NAV (%) (not applicable)",2024-06-30,month,,2024-08-02
2288,Market price per fund certificates at the end of period (not applicable),2024-06-30,month,,2024-08-02
22661,"Fund admin fee, and other fees paid to relating services providers by the fund management company/Average NAV (%)",2024-06-30,month,0.000434243070577488,2024-08-02
22761,Change of Number of Fund Certificates during the period,2024-06-30,month,3751234.54,2024-08-02
22762,Change in capital amount during the period (based on par value),2024-06-30,month,37512345400,2024-08-02
22781,Number of Fund Certificates redeemed during the period,2024-06-30,month,-1182775.68,2024-08-02
22782,Net redemption amount during the period (based on par value),2024-06-30,month,-11827756800,2024-08-02
22841,Number of investors of the Fund at the end of the period,2024-06-30,month,11375,2024-08-02
2264,INVESTMENT PERFORMANCE INDICATORS,2024-07-31,month,,2024-09-04
2265,Management fee paid to the fund management company/Average NAV (%),2024-07-31,month,0.0121995421114442,2024-09-04
2266,Custody and supervising fees paid to the Supervisory Bank/Average NAV (%),2024-07-31,month,0.000872143450465751,2024-09-04
2267,Auditing fee paid to auditing organizations (if any)/Average NAV (%),2024-07-31,month,0.000102244116425842,2024-09-04
2268,"Legal consultancy, price quotation and other appropriate service fees; remunerations paid to the Board of Representatives/Average NAV (%)",2024-07-31,month,0.000156749010985165,2024-09-04
2269,Expense/Average NAV (%),2024-07-31,month,0.0137607281126782,2024-09-04
2270,Portfolio turnover rate (%),2024-07-31,month,1.31593633572063,2024-09-04
2272,OTHER INDICATORS,2024-07-31,month,,2024-09-04
2273,Fund scale at the beginning of the period (based on par value of fund certificate),2024-07-31,month,512141120400,2024-09-04
2274,Total value of outstanding Fund Certificate at the beginning of period,2024-07-31,month,512141120400,2024-09-04
2275,Total number of outstanding Fund Certificate at the beginning of period,2024-07-31,month,51214112.04,2024-09-04
2276,Change of Fund scale during the period (based on par value of fund certificate),2024-07-31,month,27191313800,2024-09-04
2277,Number of Fund Certificates subscribed during the period,2024-07-31,month,3503483.87,2024-09-04
2278,Net subscription amount during the period (based on par value),2024-07-31,month,35034838700,2024-09-04
2279,Fund scale at the end of the period (based on par value),2024-07-31,month,539332434200,2024-09-04
2280,Total value of outstanding Fund Certificate at the end of the period (based on par value),2024-07-31,month,539332434200,2024-09-04
2281,Total number of outstanding Fund Certificate at the end of the period,2024-07-31,month,53933243.42,2024-09-04
2282,Fund Management Company and related parties' ownership ratio at the end of the period,2024-07-31,month,0.0061963855464341,2024-09-04
2283,Top 10 investors' ownership ratio at the end of the period,2024-07-31,month,0.2817,2024-09-04
2284,Foreign investors' ownership ratio at the end of the period (***),2024-07-31,month,0.0073,2024-09-04
2285,Net asset value per Fund Certificate at the end of period,2024-07-31,month,26403.92,2024-09-04
2286,Fee paid to Real Estate management organisation/ Average NAV (%) (not applicable),2024-07-31,month,,2024-09-04
2287,Fee paid to Real Estate valuation service provider/ Average NAV (%) (not applicable),2024-07-31,month,,2024-09-04
2287,"Income (including interest income, dividend, coupon income and unrealised gain)/ Average NAV (%) (not applicable)",2024-07-31,month,,2024-09-04
2288,Market price per fund certificates at the end of period (not applicable),2024-07-31,month,,2024-09-04
22661,"Fund admin fee, and other fees paid to relating services providers by the fund management company/Average NAV (%)",2024-07-31,month,0.000438128421114662,2024-09-04
22761,Change of Number of Fund Certificates during the period,2024-07-31,month,2719131.38,2024-09-04
22762,Change in capital amount during the period (based on par value),2024-07-31,month,27191313800,2024-09-04
22781,Number of Fund Certificates redeemed during the period,2024-07-31,month,-784352.49,2024-09-04
22782,Net redemption amount during the period (based on par value),2024-07-31,month,-7843524900,2024-09-04
22841,Number of investors of the Fund at the end of the period,2024-07-31,month,11463,2024-09-04
2264,INVESTMENT PERFORMANCE INDICATORS,2024-08-31,month,,2024-10-01
2265,Management fee paid to the fund management company/Average NAV (%),2024-08-31,month,0.0121984351822536,2024-10-01
2266,Custody and supervising fees paid to the Supervisory Bank/Average NAV (%),2024-08-31,month,0.000889565854397413,2024-10-01
2267,Auditing fee paid to auditing organizations (if any)/Average NAV (%),2024-08-31,month,9.80102393431682e-05,2024-10-01
2268,"Legal consultancy, price quotation and other appropriate service fees; remunerations paid to the Board of Representatives/Average NAV (%)",2024-08-31,month,0.000150258117694986,2024-10-01
2269,Expense/Average NAV (%),2024-08-31,month,0.0137144424606083,2024-10-01
2270,Portfolio turnover rate (%),2024-08-31,month,1.48353823135103,2024-10-01
2272,OTHER INDICATORS,2024-08-31,month,,2024-10-01
2273,Fund scale at the beginning of the period (based on par value of fund certificate),2024-08-31,month,539332434200,2024-10-01
2274,Total value of outstanding Fund Certificate at the beginning of period,2024-08-31,month,539332434200,2024-10-01
2275,Total number of outstanding Fund Certificate at the beginning of period,2024-08-31,month,53933243.42,2024-10-01
2276,Change of Fund scale during the period (based on par value of fund certificate),2024-08-31,month,17054189600,2024-10-01
2277,Number of Fund Certificates subscribed during the period,2024-08-31,month,6417940.29,2024-10-01
2278,Net subscription amount during the period (based on par value),2024-08-31,month,64179402900,2024-10-01
2279,Fund scale at the end of the period (based on par value),2024-08-31,month,556386623800,2024-10-01
2280,Total value of outstanding Fund Certificate at the end of the period (based on par value),2024-08-31,month,556386623800,2024-10-01
2281,Total number of outstanding Fund Certificate at the end of the period,2024-08-31,month,55638662.38,2024-10-01
2282,Fund Management Company and related parties' ownership ratio at the end of the period,2024-08-31,month,7.53283745639897e-05,2024-10-01
2283,Top 10 investors' ownership ratio at the end of the period,2024-08-31,month,0.2892,2024-10-01
2284,Foreign investors' ownership ratio at the end of the period (***),2024-08-31,month,0.0076,2024-10-01
2285,Net asset value per Fund Certificate at the end of period,2024-08-31,month,26521.76,2024-10-01
2286,Fee paid to Real Estate management organisation/ Average NAV (%) (not applicable),2024-08-31,month,,2024-10-01
2287,Fee paid to Real Estate valuation service provider/ Average NAV (%) (not applicable),2024-08-31,month,,2024-10-01
2287,"Income (including interest income, dividend, coupon income and unrealised gain)/ Average NAV (%) (not applicable)",2024-08-31,month,,2024-10-01
2288,Market price per fund certificates at the end of period (not applicable),2024-08-31,month,,2024-10-01
22661,"Fund admin fee, and other fees paid to relating services providers by the fund management company/Average NAV (%)",2024-08-31,month,0.000433969841876035,2024-10-01
22761,Change of Number of Fund Certificates during the period,2024-08-31,month,1705418.96,2024-10-01
22762,Change in capital amount during the period (based on par value),2024-08-31,month,17054189600,2024-10-01
22781,Number of Fund Certificates redeemed during the period,2024-08-31,month,-4712521.33,2024-10-01
22782,Net redemption amount during the period (based on par value),2024-08-31,month,-47125213300,2024-10-01
22841,Number of investors of the Fund at the end of the period,2024-08-31,month,11628,2024-10-01
2264,INVESTMENT PERFORMANCE INDICATORS,2024-09-30,month,,2024-11-01
2265,Management fee paid to the fund management company/Average NAV (%),2024-09-30,month,0.0118049205643236,2024-11-01
2266,Custody and supervising fees paid to the Supervisory Bank/Average NAV (%),2024-09-30,month,0.000843616575379201,2024-11-01
2267,Auditing fee paid to auditing organizations (if any)/Average NAV (%),2024-09-30,month,9.40280793266882e-05,2024-11-01
2268,"Legal consultancy, price quotation and other appropriate service fees; remunerations paid to the Board of Representatives/Average NAV (%)",2024-09-30,month,0.000145745020285701,2024-11-01
2269,Expense/Average NAV (%),2024-09-30,month,0.0136955953611617,2024-11-01
2270,Portfolio turnover rate (%),2024-09-30,month,1.72171152517143,2024-11-01
2272,OTHER INDICATORS,2024-09-30,month,,2024-11-01
2273,Fund scale at the beginning of the period (based on par value of fund certificate),2024-09-30,month,556386623800,2024-11-01
2274,Total value of outstanding Fund Certificate at the beginning of period,2024-09-30,month,556386623800,2024-11-01
2275,Total number of outstanding Fund Certificate at the beginning of period,2024-09-30,month,55638662.38,2024-11-01
2276,Change of Fund scale during the period (based on par value of fund certificate),2024-09-30,month,1012592500,2024-11-01
2277,Number of Fund Certificates subscribed during the period,2024-09-30,month,6174683.93,2024-11-01
2278,Net subscription amount during the period (based on par value),2024-09-30,month,61746839300,2024-11-01
2279,Fund scale at the end of the period (based on par value),2024-09-30,month,557399216300,2024-11-01
2280,Total value of outstanding Fund Certificate at the end of the period (based on par value),2024-09-30,month,557399216300,2024-11-01
2281,Total number of outstanding Fund Certificate at the end of the period,2024-09-30,month,55739921.63,2024-11-01
2282,Fund Management Company and related parties' ownership ratio at the end of the period,2024-09-30,month,7.5191530189455e-05,2024-11-01
2283,Top 10 investors' ownership ratio at the end of the period,2024-09-30,month,0.284,2024-11-01
2284,Foreign investors' ownership ratio at the end of the period (***),2024-09-30,month,0.0078,2024-11-01
2285,Net asset value per Fund Certificate at the end of period,2024-09-30,month,26651.9,2024-11-01
2286,Fee paid to Real Estate management organisation/ Average NAV (%) (not applicable),2024-09-30,month,,2024-11-01
2287,Fee paid to Real Estate valuation service provider/ Average NAV (%) (not applicable),2024-09-30,month,,2024-11-01
2287,"Income (including interest income, dividend, coupon income and unrealised gain)/ Average NAV (%) (not applicable)",2024-09-30,month,,2024-11-01
2288,Market price per fund certificates at the end of period (not applicable),2024-09-30,month,,2024-11-01
22661,"Fund admin fee, and other fees paid to relating services providers by the fund management company/Average NAV (%)",2024-09-30,month,0.000423195169965855,2024-11-01
22761,Change of Number of Fund Certificates during the period,2024-09-30,month,101259.25,2024-11-01
22762,Change in capital amount during the period (based on par value),2024-09-30,month,1012592500,2024-11-01
22781,Number of Fund Certificates redeemed during the period,2024-09-30,month,-6073424.68,2024-11-01
22782,Net redemption amount during the period (based on par value),2024-09-30,month,-60734246800,2024-11-01
22841,Number of investors of the Fund at the end of the period,2024-09-30,month,11566,2024-11-01
2264,INVESTMENT PERFORMANCE INDICATORS,2024-10-31,month,,2024-12-02
2265,Management fee paid to the fund management company/Average NAV (%),2024-10-31,month,0.0121984313093075,2024-12-02
2266,Custody and supervising fees paid to the Supervisory Bank/Average NAV (%),2024-10-31,month,0.000820231011730073,2024-12-02
2267,Auditing fee paid to auditing organizations (if any)/Average NAV (%),2024-10-31,month,9.20581876215479e-05,2024-12-02
2268,"Legal consultancy, price quotation and other appropriate service fees; remunerations paid to the Board of Representatives/Average NAV (%)",2024-10-31,month,0.000263551389159488,2024-12-02
2269,Expense/Average NAV (%),2024-10-31,month,0.0137574546772327,2024-12-02
2270,Portfolio turnover rate (%),2024-10-31,month,1.83302314089437,2024-12-02
2272,OTHER INDICATORS,2024-10-31,month,,2024-12-02
2273,Fund scale at the beginning of the period (based on par value of fund certificate),2024-10-31,month,557399216300,2024-12-02
2274,Total value of outstanding Fund Certificate at the beginning of period,2024-10-31,month,557399216300,2024-12-02
2275,Total number of outstanding Fund Certificate at the beginning of period,2024-10-31,month,55739921.63,2024-12-02
2276,Change of Fund scale during the period (based on par value of fund certificate),2024-10-31,month,34646563000,2024-12-02
2277,Number of Fund Certificates subscribed during the period,2024-10-31,month,7992830.81,2024-12-02
2278,Net subscription amount during the period (based on par value),2024-10-31,month,79928308100,2024-12-02
2279,Fund scale at the end of the period (based on par value),2024-10-31,month,592045779300,2024-12-02
2280,Total value of outstanding Fund Certificate at the end of the period (based on par value),2024-10-31,month,592045779300,2024-12-02
2281,Total number of outstanding Fund Certificate at the end of the period,2024-10-31,month,59204577.93,2024-12-02
2282,Fund Management Company and related parties' ownership ratio at the end of the period,2024-10-31,month,7.07913162552293e-05,2024-12-02
2283,Top 10 investors' ownership ratio at the end of the period,2024-10-31,month,0.2791,2024-12-02
2284,Foreign investors' ownership ratio at the end of the period (***),2024-10-31,month,0.0077,2024-12-02
2285,Net asset value per Fund Certificate at the end of period,2024-10-31,month,26804.11,2024-12-02
2286,Fee paid to Real Estate management organisation/ Average NAV (%) (not applicable),2024-10-31,month,,2024-12-02
2287,Fee paid to Real Estate valuation service provider/ Average NAV (%) (not applicable),2024-10-31,month,,2024-12-02
2287,"Income (including interest income, dividend, coupon income and unrealised gain)/ Average NAV (%) (not applicable)",2024-10-31,month,,2024-12-02
2288,Market price per fund certificates at the end of period (not applicable),2024-10-31,month,,2024-12-02
22661,"Fund admin fee, and other fees paid to relating services providers by the fund management company/Average NAV (%)",2024-10-31,month,0.000431331217787864,2024-12-02
22761,Change of Number of Fund Certificates during the period,2024-10-31,month,3464656.3,2024-12-02
22762,Change in capital amount during the period (based on par value),2024-10-31,month,34646563000,2024-12-02
22781,Number of Fund Certificates redeemed during the period,2024-10-31,month,-4528174.51,2024-12-02
22782,Net redemption amount during the period (based on par value),2024-10-31,month,-45281745100,2024-12-02
22841,Number of investors of the Fund at the end of the period,2024-10-31,month,11714,2024-12-02
2264,INVESTMENT PERFORMANCE INDICATORS,2024-11-30,month,,2025-01-03
2265,Management fee paid to the fund management company/Average NAV (%),2024-11-30,month,0.0118049703885595,2025-01-03
2266,Custody and supervising fees paid to the Supervisory Bank/Average NAV (%),2024-11-30,month,0.000798749256862953,2025-01-03
2267,Auditing fee paid to auditing organizations (if any)/Average NAV (%),2024-11-30,month,8.5105901744659e-05,2025-01-03
2268,"Legal consultancy, price quotation and other appropriate service fees; remunerations paid to the Board of Representatives/Average NAV (%)",2024-11-30,month,0.000160438817133166,2025-01-03
2269,Expense/Average NAV (%),2024-11-30,month,0.0136051041031914,2025-01-03
2270,Portfolio turnover rate (%),2024-11-30,month,1.79421271862431,2025-01-03
2272,OTHER INDICATORS,2024-11-30,month,,2025-01-03
2273,Fund scale at the beginning of the period (based on par value of fund certificate),2024-11-30,month,592045779300,2025-01-03
2274,Total value of outstanding Fund Certificate at the beginning of period,2024-11-30,month,592045779300,2025-01-03
2275,Total number of outstanding Fund Certificate at the beginning of period,2024-11-30,month,59204577.93,2025-01-03
2276,Change of Fund scale during the period (based on par value of fund certificate),2024-11-30,month,13702058500,2025-01-03
2277,Number of Fund Certificates subscribed during the period,2024-11-30,month,5785561.98,2025-01-03
2278,Net subscription amount during the period (based on par value),2024-11-30,month,57855619800,2025-01-03
2279,Fund scale at the end of the period (based on par value),2024-11-30,month,605747837800,2025-01-03
2280,Total value of outstanding Fund Certificate at the end of the period (based on par value),2024-11-30,month,605747837800,2025-01-03
2281,Total number of outstanding Fund Certificate at the end of the period,2024-11-30,month,60574783.78,2025-01-03
2282,Fund Management Company and related parties' ownership ratio at the end of the period,2024-11-30,month,6.91900117253708e-05,2025-01-03
2283,Top 10 investors' ownership ratio at the end of the period,2024-11-30,month,0.2846,2025-01-03
2284,Foreign investors' ownership ratio at the end of the period (***),2024-11-30,month,0.0081,2025-01-03
2285,Net asset value per Fund Certificate at the end of period,2024-11-30,month,26968.17,2025-01-03
2286,Fee paid to Real Estate management organisation/ Average NAV (%) (not applicable),2024-11-30,month,,2025-01-03
2287,Fee paid to Real Estate valuation service provider/ Average NAV (%) (not applicable),2024-11-30,month,,2024-12-02
2287,"Income (including interest income, dividend, coupon income and unrealised gain)/ Average NAV (%) (not applicable)",2024-11-30,month,,2025-01-03
2288,Market price per fund certificates at the end of period (not applicable),2024-11-30,month,,2025-01-03
22661,"Fund admin fee, and other fees paid to relating services providers by the fund management company/Average NAV (%)",2024-11-30,month,0.000416544339115401,2025-01-03
22761,Change of Number of Fund Certificates during the period,2024-11-30,month,1370205.85,2025-01-03
22762,Change in capital amount during the period (based on par value),2024-11-30,month,13702058500,2025-01-03
22781,Number of Fund Certificates redeemed during the period,2024-11-30,month,-4415356.13,2025-01-03
22782,Net redemption amount during the period (based on par value),2024-11-30,month,-44153561300,2025-01-03
22841,Number of investors of the Fund at the end of the period,2024-11-30,month,11815,2025-01-03
2264,INVESTMENT PERFORMANCE INDICATORS,2024-12-31,month,,2025-02-03
2265,Management fee paid to the fund management company/Average NAV (%),2024-12-31,month,0.0121984850028086,2025-02-03
2266,Custody and supervising fees paid to the Supervisory Bank/Average NAV (%),2024-12-31,month,0.000812677474924978,2025-02-03
2267,Auditing fee paid to auditing organizations (if any)/Average NAV (%),2024-12-31,month,8.73325137938036e-05,2025-02-03
2268,"Legal consultancy, price quotation and other appropriate service fees; remunerations paid to the Board of Representatives/Average NAV (%)",2024-12-31,month,0.000163157820584972,2025-02-03
2269,Expense/Average NAV (%),2024-12-31,month,0.0135959059302058,2025-02-03
2270,Portfolio turnover rate (%),2024-12-31,month,1.78539308532777,2025-02-03
2272,OTHER INDICATORS,2024-12-31,month,,2025-02-03
2273,Fund scale at the beginning of the period (based on par value of fund certificate),2024-12-31,month,605747837800,2025-02-03
2274,Total value of outstanding Fund Certificate at the beginning of period,2024-12-31,month,605747837800,2025-02-03
2275,Total number of outstanding Fund Certificate at the beginning of period,2024-12-31,month,60574783.78,2025-02-03
2276,Change of Fund scale during the period (based on par value of fund certificate),2024-12-31,month,2130678300,2025-02-03
2277,Number of Fund Certificates subscribed during the period,2024-12-31,month,5296415.87,2025-02-03
2278,Net subscription amount during the period (based on par value),2024-12-31,month,52964158700,2025-02-03
2279,Fund scale at the end of the period (based on par value),2024-12-31,month,607878516100,2025-02-03
2280,Total value of outstanding Fund Certificate at the end of the period (based on par value),2024-12-31,month,607878516100,2025-02-03
2281,Total number of outstanding Fund Certificate at the end of the period,2024-12-31,month,60787851.61,2025-02-03
2282,Fund Management Company and related parties' ownership ratio at the end of the period,2024-12-31,month,6.89474934381548e-05,2025-02-03
2283,Top 10 investors' ownership ratio at the end of the period,2024-12-31,month,0.2831,2025-02-03
2284,Foreign investors' ownership ratio at the end of the period (***),2024-12-31,month,0.0081,2025-02-03
2285,Net asset value per Fund Certificate at the end of period,2024-12-31,month,27120.12,2025-02-03
2286,Fee paid to Real Estate management organisation/ Average NAV (%) (not applicable),2024-12-31,month,,2025-02-03
2287,"Income (including interest income, dividend, coupon income and unrealised gain)/ Average NAV (%) (not applicable)",2024-12-31,month,,2025-02-03
2288,Market price per fund certificates at the end of period (not applicable),2024-12-31,month,,2025-02-03
22661,"Fund admin fee, and other fees paid to relating services providers by the fund management company/Average NAV (%)",2024-12-31,month,0.000427502271589712,2025-02-03
22761,Change of Number of Fund Certificates during the period,2024-12-31,month,213067.83,2025-02-03
22762,Change in capital amount during the period (based on par value),2024-12-31,month,2130678300,2025-02-03
22781,Number of Fund Certificates redeemed during the period,2024-12-31,month,-5083348.04,2025-02-03
22782,Net redemption amount during the period (based on par value),2024-12-31,month,-50833480400,2025-02-03
22841,Number of investors of the Fund at the end of the period,2024-12-31,month,11859,2025-02-03
2264,INVESTMENT PERFORMANCE INDICATORS,2025-01-31,month,,2025-03-03
2265,Management fee paid to the fund management company/Average NAV (%),2025-01-31,month,0.0122323385167661,2025-03-03
2266,Custody and supervising fees paid to the Supervisory Bank/Average NAV (%),2025-01-31,month,0.000825338511103372,2025-03-03
2267,Auditing fee paid to auditing organizations (if any)/Average NAV (%),2025-01-31,month,8.89437796964733e-05,2025-03-03
2268,"Legal consultancy, price quotation and other appropriate service fees; remunerations paid to the Board of Representatives/Average NAV (%)",2025-01-31,month,0.000133508994279136,2025-03-03
2269,Expense/Average NAV (%),2025-01-31,month,0.0134852846268123,2025-03-03
2270,Portfolio turnover rate (%),2025-01-31,month,0.804551571320487,2025-03-03
2272,OTHER INDICATORS,2025-01-31,month,,2025-03-03
2273,Fund scale at the beginning of the period (based on par value of fund certificate),2025-01-31,month,607878516100,2025-03-03
2274,Total value of outstanding Fund Certificate at the beginning of period,2025-01-31,month,607878516100,2025-03-03
2275,Total number of outstanding Fund Certificate at the beginning of period,2025-01-31,month,60787851.61,2025-03-03
2276,Change of Fund scale during the period (based on par value of fund certificate),2025-01-31,month,10985301200,2025-03-03
2277,Number of Fund Certificates subscribed during the period,2025-01-31,month,3778254.65,2025-03-03
2278,Net subscription amount during the period (based on par value),2025-01-31,month,37782546500,2025-03-03
2279,Fund scale at the end of the period (based on par value),2025-01-31,month,618863817300,2025-03-03
2280,Total value of outstanding Fund Certificate at the end of the period (based on par value),2025-01-31,month,618863817300,2025-03-03
2281,Total number of outstanding Fund Certificate at the end of the period,2025-01-31,month,61886381.73,2025-03-03
2282,Fund Management Company and related parties' ownership ratio at the end of the period,2025-01-31,month,6.77236232404954e-05,2025-03-03
2283,Top 10 investors' ownership ratio at the end of the period,2025-01-31,month,0.2709,2025-03-03
2284,Foreign investors' ownership ratio at the end of the period (***),2025-01-31,month,0.0083,2025-03-03
2285,Net asset value per Fund Certificate at the end of period,2025-01-31,month,27249.11,2025-03-03
2286,Fee paid to Real Estate management organisation/ Average NAV (%) (not applicable),2025-01-31,month,,2025-03-03
2287,"Income (including interest income, dividend, coupon income and unrealised gain)/ Average NAV (%) (not applicable)",2025-01-31,month,,2025-03-03
2288,Market price per fund certificates at the end of period (not applicable),2025-01-31,month,,2025-03-03
22661,"Fund admin fee, and other fees paid to relating services providers by the fund management company/Average NAV (%)",2025-01-31,month,0.000424115016155984,2025-03-03
22761,Change of Number of Fund Certificates during the period,2025-01-31,month,1098530.12,2025-03-03
22762,Change in capital amount during the period (based on par value),2025-01-31,month,10985301200,2025-03-03
22781,Number of Fund Certificates redeemed during the period,2025-01-31,month,-2679724.53,2025-03-03
22782,Net redemption amount during the period (based on par value),2025-01-31,month,-26797245300,2025-03-03
22841,Number of investors of the Fund at the end of the period,2025-01-31,month,11919,2025-03-03
2264,INVESTMENT PERFORMANCE INDICATORS,2025-02-28,month,,2025-04-01
2265,Management fee paid to the fund management company/Average NAV (%),2025-02-28,month,0.0110479918645699,2025-04-01
2266,Custody and supervising fees paid to the Supervisory Bank/Average NAV (%),2025-02-28,month,0.000731676544466761,2025-04-01
2267,Auditing fee paid to auditing organizations (if any)/Average NAV (%),2025-02-28,month,8.13743314573297e-05,2025-04-01
2268,"Legal consultancy, price quotation and other appropriate service fees; remunerations paid to the Board of Representatives/Average NAV (%)",2025-02-28,month,0.000126356929773677,2025-04-01
2269,Expense/Average NAV (%),2025-02-28,month,0.0135051227667999,2025-04-01
2270,Portfolio turnover rate (%),2025-02-28,month,0.909266721382438,2025-04-01
2272,OTHER INDICATORS,2025-02-28,month,,2025-04-01
2273,Fund scale at the beginning of the period (based on par value of fund certificate),2025-02-28,month,618863817300,2025-04-01
2274,Total value of outstanding Fund Certificate at the beginning of period,2025-02-28,month,618863817300,2025-04-01
2275,Total number of outstanding Fund Certificate at the beginning of period,2025-02-28,month,61886381.73,2025-04-01
2276,Change of Fund scale during the period (based on par value of fund certificate),2025-02-28,month,-12681553900,2025-04-01
2277,Number of Fund Certificates subscribed during the period,2025-02-28,month,3912642.99,2025-04-01
2278,Net subscription amount during the period (based on par value),2025-02-28,month,39126429900,2025-04-01
2279,Fund scale at the end of the period (based on par value),2025-02-28,month,606182263400,2025-04-01
2280,Total value of outstanding Fund Certificate at the end of the period (based on par value),2025-02-28,month,606182263400,2025-04-01
2281,Total number of outstanding Fund Certificate at the end of the period,2025-02-28,month,60618226.34,2025-04-01
2282,Fund Management Company and related parties' ownership ratio at the end of the period,2025-02-28,month,6.91404261235269e-05,2025-04-01
2283,Top 10 investors' ownership ratio at the end of the period,2025-02-28,month,0.2674,2025-04-01
2284,Foreign investors' ownership ratio at the end of the period (***),2025-02-28,month,0.0087,2025-04-01
2285,Net asset value per Fund Certificate at the end of period,2025-02-28,month,27402.48,2025-04-01
2286,Fee paid to Real Estate management organisation/ Average NAV (%) (not applicable),2025-02-28,month,,2025-04-01
2287,"Income (including interest income, dividend, coupon income and unrealised gain)/ Average NAV (%) (not applicable)",2025-02-28,month,,2025-04-01
2288,Market price per fund certificates at the end of period (not applicable),2025-02-28,month,,2025-04-01
22661,"Fund admin fee, and other fees paid to relating services providers by the fund management company/Average NAV (%)",2025-02-28,month,0.000394067589332193,2025-04-01
22761,Change of Number of Fund Certificates during the period,2025-02-28,month,-1268155.39,2025-04-01
22762,Change in capital amount during the period (based on par value),2025-02-28,month,-12681553900,2025-04-01
22781,Number of Fund Certificates redeemed during the period,2025-02-28,month,-5180798.38,2025-04-01
22782,Net redemption amount during the period (based on par value),2025-02-28,month,-51807983800,2025-04-01
22841,Number of investors of the Fund at the end of the period,2025-02-28,month,12193,2025-04-01
2264,INVESTMENT PERFORMANCE INDICATORS,2025-03-31,month,,2025-05-05
2265,Management fee paid to the fund management company/Average NAV (%),2025-03-31,month,0.0122318814477664,2025-05-05
2266,Custody and supervising fees paid to the Supervisory Bank/Average NAV (%),2025-03-31,month,0.000813428855816168,2025-05-05
2267,Auditing fee paid to auditing organizations (if any)/Average NAV (%),2025-03-31,month,9.29642928853813e-05,2025-05-05
2268,"Legal consultancy, price quotation and other appropriate service fees; remunerations paid to the Board of Representatives/Average NAV (%)",2025-03-31,month,0.000138414828497829,2025-05-05
2269,Expense/Average NAV (%),2025-03-31,month,0.0135231380135367,2025-05-05
2270,Portfolio turnover rate (%),2025-03-31,month,1.1838092498229,2025-05-05
2272,OTHER INDICATORS,2025-03-31,month,,2025-05-05
2273,Fund scale at the beginning of the period (based on par value of fund certificate),2025-03-31,month,606182263400,2025-05-05
2274,Total value of outstanding Fund Certificate at the beginning of period,2025-03-31,month,606182263400,2025-05-05
2275,Total number of outstanding Fund Certificate at the beginning of period,2025-03-31,month,60618226.34,2025-05-05
2276,Change of Fund scale during the period (based on par value of fund certificate),2025-03-31,month,-32383414300,2025-05-05
2277,Number of Fund Certificates subscribed during the period,2025-03-31,month,5077794.59,2025-05-05
2278,Net subscription amount during the period (based on par value),2025-03-31,month,50777945900,2025-05-05
2279,Fund scale at the end of the period (based on par value),2025-03-31,month,573798849100,2025-05-05
2280,Total value of outstanding Fund Certificate at the end of the period (based on par value),2025-03-31,month,573798849100,2025-05-05
2281,Total number of outstanding Fund Certificate at the end of the period,2025-03-31,month,57379884.91,2025-05-05
2282,Fund Management Company and related parties' ownership ratio at the end of the period,2025-03-31,month,7.30424957556786e-05,2025-05-05
2283,Top 10 investors' ownership ratio at the end of the period,2025-03-31,month,0.2449,2025-05-05
2284,Foreign investors' ownership ratio at the end of the period,2025-03-31,month,0.0102,2025-05-05
2284,Foreign investors' ownership ratio at the end of the period (***),2025-03-31,month,0.0102,2025-04-01
2285,Net asset value per Fund Certificate at the end of period,2025-03-31,month,27555.14,2025-05-05
2286,Fee paid to Real Estate management organisation/ Average NAV (%) (not applicable),2025-03-31,month,,2025-05-05
2287,"Income (including interest income, dividend, coupon income and unrealised gain)/ Average NAV (%) (not applicable)",2025-03-31,month,,2025-05-05
2288,Market price per fund certificates at the end of period (not applicable),2025-03-31,month,,2025-05-05
22661,"Fund admin fee, and other fees paid to relating services providers by the fund management company/Average NAV (%)",2025-03-31,month,0.000428636261019999,2025-05-05
22761,Change of Number of Fund Certificates during the period,2025-03-31,month,-3238341.43,2025-05-05
22762,Change in capital amount during the period (based on par value),2025-03-31,month,-32383414300,2025-05-05
22781,Number of Fund Certificates redeemed during the period,2025-03-31,month,-8316136.02,2025-05-05
22782,Net redemption amount during the period (based on par value),2025-03-31,month,-83161360200,2025-05-05
22841,Number of investors of the Fund at the end of the period,2025-03-31,month,12484,2025-05-05
2264,INVESTMENT PERFORMANCE INDICATORS,2025-04-30,month,,2025-06-02
2265,Management fee paid to the fund management company/Average NAV (%),2025-04-30,month,0.0118374294602757,2025-06-02
2266,Custody and supervising fees paid to the Supervisory Bank/Average NAV (%),2025-04-30,month,0.00079663944783381,2025-06-02
2267,Auditing fee paid to auditing organizations (if any)/Average NAV (%),2025-04-30,month,9.37066485971858e-05,2025-06-02
2268,"Legal consultancy, price quotation and other appropriate service fees; remunerations paid to the Board of Representatives/Average NAV (%)",2025-04-30,month,0.000163386211562355,2025-06-02
2269,Expense/Average NAV (%),2025-04-30,month,0.0135652857801759,2025-06-02
2270,Portfolio turnover rate (%),2025-04-30,month,1.1383644438244,2025-06-02
2272,OTHER INDICATORS,2025-04-30,month,,2025-06-02
2273,Fund scale at the beginning of the period (based on par value of fund certificate),2025-04-30,month,573798849100,2025-06-02
2274,Total value of outstanding Fund Certificate at the beginning of period,2025-04-30,month,573798849100,2025-06-02
2275,Total number of outstanding Fund Certificate at the beginning of period,2025-04-30,month,57379884.91,2025-06-02
2276,Change of Fund scale during the period (based on par value of fund certificate),2025-04-30,month,-18756913200,2025-06-02
2277,Number of Fund Certificates subscribed during the period,2025-04-30,month,5184144.67,2025-06-02
2278,Net subscription amount during the period (based on par value),2025-04-30,month,51841446700,2025-06-02
2279,Fund scale at the end of the period (based on par value),2025-04-30,month,555041935900,2025-06-02
2280,Total value of outstanding Fund Certificate at the end of the period (based on par value),2025-04-30,month,555041935900,2025-06-02
2281,Total number of outstanding Fund Certificate at the end of the period,2025-04-30,month,55504193.59,2025-06-02
2282,Fund Management Company and related parties' ownership ratio at the end of the period,2025-04-30,month,7.55108709615612e-05,2025-06-02
2283,Top 10 investors' ownership ratio at the end of the period,2025-04-30,month,0.2445,2025-06-02
2284,Foreign investors' ownership ratio at the end of the period,2025-04-30,month,0.0113,2025-06-02
2285,Net asset value per Fund Certificate at the end of period,2025-04-30,month,27707.56,2025-06-02
2286,Fee paid to Real Estate management organisation/ Average NAV (%) (not applicable),2025-04-30,month,,2025-06-02
2287,"Income (including interest income, dividend, coupon income and unrealised gain)/ Average NAV (%) (not applicable)",2025-04-30,month,,2025-06-02
2288,Market price per fund certificates at the end of period (not applicable),2025-04-30,month,,2025-06-02
22661,"Fund admin fee, and other fees paid to relating services providers by the fund management company/Average NAV (%)",2025-04-30,month,0.000422620904443918,2025-06-02
22761,Change of Number of Fund Certificates during the period,2025-04-30,month,-1875691.32,2025-06-02
22762,Change in capital amount during the period (based on par value),2025-04-30,month,-18756913200,2025-06-02
22781,Number of Fund Certificates redeemed during the period,2025-04-30,month,-7059835.99,2025-06-02
22782,Net redemption amount during the period (based on par value),2025-04-30,month,-70598359900,2025-06-02
22841,Number of investors of the Fund at the end of the period,2025-04-30,month,12806,2025-06-02
2264,INVESTMENT PERFORMANCE INDICATORS,2025-05-31,month,,2025-07-01
2265,Management fee paid to the fund management company/Average NAV (%),2025-05-31,month,0.0122317680893826,2025-07-01
2266,Custody and supervising fees paid to the Supervisory Bank/Average NAV (%),2025-05-31,month,0.000833357163706721,2025-07-01
2267,Auditing fee paid to auditing organizations (if any)/Average NAV (%),2025-05-31,month,9.82891450819745e-05,2025-07-01
2268,"Legal consultancy, price quotation and other appropriate service fees; remunerations paid to the Board of Representatives/Average NAV (%)",2025-05-31,month,0.000193106891218987,2025-07-01
2269,Expense/Average NAV (%),2025-05-31,month,0.0136156990316501,2025-07-01
2270,Portfolio turnover rate (%),2025-05-31,month,1.00227963007931,2025-07-01
2272,OTHER INDICATORS,2025-05-31,month,,2025-07-01
2273,Fund scale at the beginning of the period (based on par value of fund certificate),2025-05-31,month,555041935900,2025-07-01
2274,Total value of outstanding Fund Certificate at the beginning of period,2025-05-31,month,555041935900,2025-07-01
2275,Total number of outstanding Fund Certificate at the beginning of period,2025-05-31,month,55504193.59,2025-07-01
2276,Change of Fund scale during the period (based on par value of fund certificate),2025-05-31,month,696568399.999999,2025-07-01
2277,Number of Fund Certificates subscribed during the period,2025-05-31,month,7296144.82,2025-07-01
2278,Net subscription amount during the period (based on par value),2025-05-31,month,72961448200,2025-07-01
2279,Fund scale at the end of the period (based on par value),2025-05-31,month,555738504300,2025-07-01
2280,Total value of outstanding Fund Certificate at the end of the period (based on par value),2025-05-31,month,555738504300,2025-07-01
2281,Total number of outstanding Fund Certificate at the end of the period,2025-05-31,month,55573850.43,2025-07-01
2282,Fund Management Company and related parties' ownership ratio at the end of the period,2025-05-31,month,7.54162248534342e-05,2025-07-01
2283,Top 10 investors' ownership ratio at the end of the period,2025-05-31,month,0.2385,2025-07-01
2284,Foreign investors' ownership ratio at the end of the period,2025-05-31,month,0.0126,2025-07-01
2285,Net asset value per Fund Certificate at the end of period,2025-05-31,month,27857.32,2025-07-01
2286,Fee paid to Real Estate management organisation/ Average NAV (%) (not applicable),2025-05-31,month,,2025-07-01
2287,"Income (including interest income, dividend, coupon income and unrealised gain)/ Average NAV (%) (not applicable)",2025-05-31,month,,2025-07-01
2288,Market price per fund certificates at the end of period (not applicable),2025-05-31,month,,2025-07-01
22661,"Fund admin fee, and other fees paid to relating services providers by the fund management company/Average NAV (%)",2025-05-31,month,0.000436353342844621,2025-07-01
22761,Change of Number of Fund Certificates during the period,2025-05-31,month,69656.8399999999,2025-07-01
22762,Change in capital amount during the period (based on par value),2025-05-31,month,696568399.999999,2025-07-01
22781,Number of Fund Certificates redeemed during the period,2025-05-31,month,-7226487.98,2025-07-01
22782,Net redemption amount during the period (based on par value),2025-05-31,month,-72264879800,2025-07-01
22841,Number of investors of the Fund at the end of the period,2025-05-31,month,13143,2025-07-01
2264,INVESTMENT PERFORMANCE INDICATORS,2025-06-30,month,,2025-08-01
2265,Management fee paid to the fund management company/Average NAV (%),2025-06-30,month,0.0117943566332622,2025-08-01
2266,Custody and supervising fees paid to the Supervisory Bank/Average NAV (%),2025-06-30,month,0.000781556121465817,2025-08-01
2267,Auditing fee paid to auditing organizations (if any)/Average NAV (%),2025-06-30,month,0.000100370085767063,2025-08-01
2268,"Legal consultancy, price quotation and other appropriate service fees; remunerations paid to the Board of Representatives/Average NAV (%)",2025-06-30,month,0.000313391056975104,2025-08-01
2269,Expense/Average NAV (%),2025-06-30,month,0.0136685182126538,2025-08-01
2270,Portfolio turnover rate (%),2025-06-30,month,0.906808029294967,2025-08-01
2272,OTHER INDICATORS,2025-06-30,month,,2025-08-01
2273,Fund scale at the beginning of the period (based on par value of fund certificate),2025-06-30,month,555738504300,2025-08-01
2274,Total value of outstanding Fund Certificate at the beginning of period,2025-06-30,month,555738504300,2025-08-01
2275,Total number of outstanding Fund Certificate at the beginning of period,2025-06-30,month,55573850.43,2025-08-01
2276,Change of Fund scale during the period (based on par value of fund certificate),2025-06-30,month,20523708200,2025-08-01
2277,Number of Fund Certificates subscribed during the period,2025-06-30,month,4828195.05,2025-08-01
2278,Net subscription amount during the period (based on par value),2025-06-30,month,48281950500,2025-08-01
2279,Fund scale at the end of the period (based on par value),2025-06-30,month,576262212500,2025-08-01
2280,Total value of outstanding Fund Certificate at the end of the period (based on par value),2025-06-30,month,576262212500,2025-08-01
2281,Total number of outstanding Fund Certificate at the end of the period,2025-06-30,month,57626221.25,2025-08-01
2282,Fund Management Company and related parties' ownership ratio at the end of the period,2025-06-30,month,7.27302590571996e-05,2025-08-01
2283,Top 10 investors' ownership ratio at the end of the period,2025-06-30,month,0.2356,2025-08-01
2284,Foreign investors' ownership ratio at the end of the period,2025-06-30,month,0.0123,2025-08-01
2285,Net asset value per Fund Certificate at the end of period,2025-06-30,month,28018.8,2025-08-01
2286,Fee paid to Real Estate management organisation/ Average NAV (%) (not applicable),2025-06-30,month,,2025-08-01
2287,"Income (including interest income, dividend, coupon income and unrealised gain)/ Average NAV (%) (not applicable)",2025-06-30,month,,2025-08-01
2288,Market price per fund certificates at the end of period (not applicable),2025-06-30,month,,2025-08-01
22661,"Fund admin fee, and other fees paid to relating services providers by the fund management company/Average NAV (%)",2025-06-30,month,0.000419687681697688,2025-08-01
22761,Change of Number of Fund Certificates during the period,2025-06-30,month,2052370.82,2025-08-01
22762,Change in capital amount during the period (based on par value),2025-06-30,month,20523708200,2025-08-01
22781,Number of Fund Certificates redeemed during the period,2025-06-30,month,-2775824.23,2025-08-01
22782,Net redemption amount during the period (based on par value),2025-06-30,month,-27758242300,2025-08-01
22841,Number of investors of the Fund at the end of the period,2025-06-30,month,13387,2025-08-01
2264,INVESTMENT PERFORMANCE INDICATORS,2025-07-31,month,,2025-09-03
2265,Management fee paid to the fund management company/Average NAV (%),2025-07-31,month,0.0122318614881204,2025-09-03
2266,Custody and supervising fees paid to the Supervisory Bank/Average NAV (%),2025-07-31,month,0.000842994782939808,2025-09-03
2267,Auditing fee paid to auditing organizations (if any)/Average NAV (%),2025-07-31,month,0.00011161357511593,2025-09-03
2268,"Legal consultancy, price quotation and other appropriate service fees; remunerations paid to the Board of Representatives/Average NAV (%)",2025-07-31,month,0.000170204699188913,2025-09-03
2269,Expense/Average NAV (%),2025-07-31,month,0.013597548623767,2025-09-03
2270,Portfolio turnover rate (%),2025-07-31,month,0.874212215980539,2025-09-03
2272,OTHER INDICATORS,2025-07-31,month,,2025-09-03
2273,Fund scale at the beginning of the period (based on par value of fund certificate),2025-07-31,month,576262212500,2025-09-03
2274,Total value of outstanding Fund Certificate at the beginning of period,2025-07-31,month,576262212500,2025-09-03
2275,Total number of outstanding Fund Certificate at the beginning of period,2025-07-31,month,57626221.25,2025-09-03
2276,Change of Fund scale during the period (based on par value of fund certificate),2025-07-31,month,46892023900,2025-09-03
2277,Number of Fund Certificates subscribed during the period,2025-07-31,month,10244079.96,2025-09-03
2278,Net subscription amount during the period (based on par value),2025-07-31,month,102440799600,2025-09-03
2279,Fund scale at the end of the period (based on par value),2025-07-31,month,623154236400,2025-09-03
2280,Total value of outstanding Fund Certificate at the end of the period (based on par value),2025-07-31,month,623154236400,2025-09-03
2281,Total number of outstanding Fund Certificate at the end of the period,2025-07-31,month,62315423.64,2025-09-03
2282,Fund Management Company and related parties' ownership ratio at the end of the period,2025-07-31,month,6.72573458573056e-05,2025-09-03
2283,Top 10 investors' ownership ratio at the end of the period,2025-07-31,month,0.2395,2025-09-03
2284,Foreign investors' ownership ratio at the end of the period,2025-07-31,month,0.0115,2025-09-03
2285,Net asset value per Fund Certificate at the end of period,2025-07-31,month,28190.83,2025-09-03
2286,Fee paid to Real Estate management organisation/ Average NAV (%) (not applicable),2025-07-31,month,,2025-09-03
2287,"Income (including interest income, dividend, coupon income and unrealised gain)/ Average NAV (%) (not applicable)",2025-07-31,month,,2025-09-03
2288,Market price per fund certificates at the end of period (not applicable),2025-07-31,month,,2025-09-03
22661,"Fund admin fee, and other fees paid to relating services providers by the fund management company/Average NAV (%)",2025-07-31,month,0.000424017595008597,2025-09-03
22761,Change of Number of Fund Certificates during the period,2025-07-31,month,4689202.39,2025-09-03
22762,Change in capital amount during the period (based on par value),2025-07-31,month,46892023900,2025-09-03
22781,Number of Fund Certificates redeemed during the period,2025-07-31,month,-5554877.57,2025-09-03
22782,Net redemption amount during the period (based on par value),2025-07-31,month,-55548775700,2025-09-03
22841,Number of investors of the Fund at the end of the period,2025-07-31,month,13509,2025-09-03
2264,INVESTMENT PERFORMANCE INDICATORS,2025-08-31,month,,2025-10-01
2265,Management fee paid to the fund management company/Average NAV (%),2025-08-31,month,0.0122319055161994,2025-10-01
2266,Custody and supervising fees paid to the Supervisory Bank/Average NAV (%),2025-08-31,month,0.000810563361069653,2025-10-01
2267,Auditing fee paid to auditing organizations (if any)/Average NAV (%),2025-08-31,month,0.000104113298970528,2025-10-01
2268,"Legal consultancy, price quotation and other appropriate service fees; remunerations paid to the Board of Representatives/Average NAV (%)",2025-08-31,month,0.000158767187989748,2025-10-01
2269,Expense/Average NAV (%),2025-08-31,month,0.0135692444248987,2025-10-01
2270,Portfolio turnover rate (%),2025-08-31,month,0.863831103458243,2025-10-01
2272,OTHER INDICATORS,2025-08-31,month,,2025-10-01
2273,Fund scale at the beginning of the period (based on par value of fund certificate),2025-08-31,month,623154236400,2025-10-01
2274,Total value of outstanding Fund Certificate at the beginning of period,2025-08-31,month,623154236400,2025-10-01
2275,Total number of outstanding Fund Certificate at the beginning of period,2025-08-31,month,62315423.64,2025-10-01
2276,Change of Fund scale during the period (based on par value of fund certificate),2025-08-31,month,45242719500,2025-10-01
2277,Number of Fund Certificates subscribed during the period,2025-08-31,month,6965189.27,2025-10-01
2278,Net subscription amount during the period (based on par value),2025-08-31,month,69651892700,2025-10-01
2279,Fund scale at the end of the period (based on par value),2025-08-31,month,668396955900,2025-10-01
2280,Total value of outstanding Fund Certificate at the end of the period (based on par value),2025-08-31,month,668396955900,2025-10-01
2281,Total number of outstanding Fund Certificate at the end of the period,2025-08-31,month,66839695.59,2025-10-01
2282,Fund Management Company and related parties' ownership ratio at the end of the period,2025-08-31,month,6.27048038295831e-05,2025-10-01
2283,Top 10 investors' ownership ratio at the end of the period,2025-08-31,month,0.2213,2025-10-01
2284,Foreign investors' ownership ratio at the end of the period,2025-08-31,month,0.0128,2025-10-01
2285,Net asset value per Fund Certificate at the end of period,2025-08-31,month,28327.12,2025-10-01
2286,Fee paid to Real Estate management organisation/ Average NAV (%) (not applicable),2025-08-31,month,,2025-10-01
2287,"Income (including interest income, dividend, coupon income and unrealised gain)/ Average NAV (%) (not applicable)",2025-08-31,month,,2025-10-01
2288,Market price per fund certificates at the end of period (not applicable),2025-08-31,month,,2025-10-01
22661,"Fund admin fee, and other fees paid to relating services providers by the fund management company/Average NAV (%)",2025-08-31,month,0.000418627405452009,2025-10-01
22761,Change of Number of Fund Certificates during the period,2025-08-31,month,4524271.95,2025-10-01
22762,Change in capital amount during the period (based on par value),2025-08-31,month,45242719500,2025-10-01
22781,Number of Fund Certificates redeemed during the period,2025-08-31,month,-2440917.32,2025-10-01
22782,Net redemption amount during the period (based on par value),2025-08-31,month,-24409173200,2025-10-01
22841,Number of investors of the Fund at the end of the period,2025-08-31,month,13747,2025-10-01
2264,INVESTMENT PERFORMANCE INDICATORS,2025-09-30,month,,2025-11-03
2265,Management fee paid to the fund management company/Average NAV (%),2025-09-30,month,0.0118373174747888,2025-11-03
2266,Custody and supervising fees paid to the Supervisory Bank/Average NAV (%),2025-09-30,month,0.000797034904822405,2025-11-03
2267,Auditing fee paid to auditing organizations (if any)/Average NAV (%),2025-09-30,month,9.76554022377756e-05,2025-11-03
2268,"Legal consultancy, price quotation and other appropriate service fees; remunerations paid to the Board of Representatives/Average NAV (%)",2025-09-30,month,0.000150145832192152,2025-11-03
2269,Expense/Average NAV (%),2025-09-30,month,0.0135691527286426,2025-11-03
2270,Portfolio turnover rate (%),2025-09-30,month,0.803181598209727,2025-11-03
2272,OTHER INDICATORS,2025-09-30,month,,2025-11-03
2273,Fund scale at the beginning of the period (based on par value of fund certificate),2025-09-30,month,668396955900,2025-11-03
2274,Total value of outstanding Fund Certificate at the beginning of period,2025-09-30,month,668396955900,2025-11-03
2275,Total number of outstanding Fund Certificate at the beginning of period,2025-09-30,month,66839695.59,2025-11-03
2276,Change of Fund scale during the period (based on par value of fund certificate),2025-09-30,month,20543393400,2025-11-03
2277,Number of Fund Certificates subscribed during the period,2025-09-30,month,8272335.84,2025-11-03
2278,Net subscription amount during the period (based on par value),2025-09-30,month,82723358400,2025-11-03
2279,Fund scale at the end of the period (based on par value),2025-09-30,month,688940349300,2025-11-03
2280,Total value of outstanding Fund Certificate at the end of the period (based on par value),2025-09-30,month,688940349300,2025-11-03
2281,Total number of outstanding Fund Certificate at the end of the period,2025-09-30,month,68894034.93,2025-11-03
2282,Fund Management Company and related parties' ownership ratio at the end of the period,2025-09-30,month,6.08350201038225e-05,2025-11-03
2283,Top 10 investors' ownership ratio at the end of the period,2025-09-30,month,0.2132,2025-11-03
2284,Foreign investors' ownership ratio at the end of the period,2025-09-30,month,0.0133,2025-11-03
2285,Net asset value per Fund Certificate at the end of period,2025-09-30,month,28482.37,2025-11-03
2286,Fee paid to Real Estate management organisation/ Average NAV (%) (not applicable),2025-09-30,month,,2025-11-03
2287,"Income (including interest income, dividend, coupon income and unrealised gain)/ Average NAV (%) (not applicable)",2025-09-30,month,,2025-11-03
2288,Market price per fund certificates at the end of period (not applicable),2025-09-30,month,,2025-11-03
22661,"Fund admin fee, and other fees paid to relating services providers by the fund management company/Average NAV (%)",2025-09-30,month,0.000406125081600392,2025-11-03
22761,Change of Number of Fund Certificates during the period,2025-09-30,month,2054339.34,2025-11-03
22762,Change in capital amount during the period (based on par value),2025-09-30,month,20543393400,2025-11-03
22781,Number of Fund Certificates redeemed during the period,2025-09-30,month,-6217996.5,2025-11-03
22782,Net redemption amount during the period (based on par value),2025-09-30,month,-62179965000,2025-11-03
22841,Number of investors of the Fund at the end of the period,2025-09-30,month,14050,2025-11-03
2264,INVESTMENT PERFORMANCE INDICATORS,2025-10-31,month,,2025-12-01
2265,Management fee paid to the fund management company/Average NAV (%),2025-10-31,month,0.0122318532159286,2025-12-01
2266,Custody and supervising fees paid to the Supervisory Bank/Average NAV (%),2025-10-31,month,0.000808323875775846,2025-12-01
2267,Auditing fee paid to auditing organizations (if any)/Average NAV (%),2025-10-31,month,9.74548575715003e-05,2025-12-01
2268,"Legal consultancy, price quotation and other appropriate service fees; remunerations paid to the Board of Representatives/Average NAV (%)",2025-10-31,month,0.000148613407092313,2025-12-01
2269,Expense/Average NAV (%),2025-10-31,month,0.0135354687925978,2025-12-01
2270,Portfolio turnover rate (%),2025-10-31,month,0.746632400149084,2025-12-01
2272,OTHER INDICATORS,2025-10-31,month,,2025-12-01
2273,Fund scale at the beginning of the period (based on par value of fund certificate),2025-10-31,month,688940349300,2025-12-01
2274,Total value of outstanding Fund Certificate at the beginning of period,2025-10-31,month,688940349300,2025-12-01
2275,Total number of outstanding Fund Certificate at the beginning of period,2025-10-31,month,68894034.93,2025-12-01
2276,Change of Fund scale during the period (based on par value of fund certificate),2025-10-31,month,-6078759800,2025-12-01
2277,Number of Fund Certificates subscribed during the period,2025-10-31,month,6260489.03,2025-12-01
2278,Net subscription amount during the period (based on par value),2025-10-31,month,62604890300,2025-12-01
2279,Fund scale at the end of the period (based on par value),2025-10-31,month,682861589500,2025-12-01
2280,Total value of outstanding Fund Certificate at the end of the period (based on par value),2025-10-31,month,682861589500,2025-12-01
2281,Total number of outstanding Fund Certificate at the end of the period,2025-10-31,month,68286158.95,2025-12-01
2282,Fund Management Company and related parties' ownership ratio at the end of the period,2025-10-31,month,6.14319221421078e-05,2025-12-01
2283,Top 10 investors' ownership ratio at the end of the period,2025-10-31,month,0.2267,2025-12-01
2284,Foreign investors' ownership ratio at the end of the period,2025-10-31,month,0.0169,2025-12-01
2285,Net asset value per Fund Certificate at the end of period,2025-10-31,month,28636.43,2025-12-01
2286,Fee paid to Real Estate management organisation/ Average NAV (%) (not applicable),2025-10-31,month,,2025-12-01
2287,"Income (including interest income, dividend, coupon income and unrealised gain)/ Average NAV (%) (not applicable)",2025-10-31,month,,2025-12-01
2288,Market price per fund certificates at the end of period (not applicable),2025-10-31,month,,2025-12-01
22661,"Fund admin fee, and other fees paid to relating services providers by the fund management company/Average NAV (%)",2025-10-31,month,0.000414473056507429,2025-12-01
22761,Change of Number of Fund Certificates during the period,2025-10-31,month,-607875.98,2025-12-01
22762,Change in capital amount during the period (based on par value),2025-10-31,month,-6078759800,2025-12-01
22781,Number of Fund Certificates redeemed during the period,2025-10-31,month,-6868365.01,2025-12-01
22782,Net redemption amount during the period (based on par value),2025-10-31,month,-68683650100,2025-12-01
22841,Number of investors of the Fund at the end of the period,2025-10-31,month,14297,2025-12-01
2264,INVESTMENT PERFORMANCE INDICATORS,2025-11-30,month,,2026-01-05
2265,Management fee paid to the fund management company/Average NAV (%),2025-11-30,month,0.011837262791575,2026-01-05
2266,Custody and supervising fees paid to the Supervisory Bank/Average NAV (%),2025-11-30,month,0.000783002283427958,2026-01-05
2267,Auditing fee paid to auditing organizations (if any)/Average NAV (%),2025-11-30,month,9.5429935116914e-05,2026-01-05
2268,"Legal consultancy, price quotation and other appropriate service fees; remunerations paid to the Board of Representatives/Average NAV (%)",2025-11-30,month,0.000146724167845488,2026-01-05
2269,Expense/Average NAV (%),2025-11-30,month,0.0135408228445331,2026-01-05
2270,Portfolio turnover rate (%),2025-11-30,month,0.765325324825612,2026-01-05
2272,OTHER INDICATORS,2025-11-30,month,,2026-01-05
2273,Fund scale at the beginning of the period (based on par value of fund certificate),2025-11-30,month,682861589500,2026-01-05
2274,Total value of outstanding Fund Certificate at the beginning of period,2025-11-30,month,682861589500,2026-01-05
2275,Total number of outstanding Fund Certificate at the beginning of period,2025-11-30,month,68286158.95,2026-01-05
2276,Change of Fund scale during the period (based on par value of fund certificate),2025-11-30,month,-14188551700,2026-01-05
2277,Number of Fund Certificates subscribed during the period,2025-11-30,month,3218176.63,2026-01-05
2278,Net subscription amount during the period (based on par value),2025-11-30,month,32181766300,2026-01-05
2279,Fund scale at the end of the period (based on par value),2025-11-30,month,668673037800,2026-01-05
2280,Total value of outstanding Fund Certificate at the end of the period (based on par value),2025-11-30,month,668673037800,2026-01-05
2281,Total number of outstanding Fund Certificate at the end of the period,2025-11-30,month,66867303.78,2026-01-05
2282,Fund Management Company and related parties' ownership ratio at the end of the period,2025-11-30,month,6.27354441238097e-05,2026-01-05
2283,Top 10 investors' ownership ratio at the end of the period,2025-11-30,month,0.2027,2026-01-05
2284,Foreign investors' ownership ratio at the end of the period,2025-11-30,month,0.0177,2026-01-05
2285,Net asset value per Fund Certificate at the end of period,2025-11-30,month,28797.33,2026-01-05
2286,Fee paid to Real Estate management organisation/ Average NAV (%) (not applicable),2025-11-30,month,,2026-01-05
2287,"Income (including interest income, dividend, coupon income and unrealised gain)/ Average NAV (%) (not applicable)",2025-11-30,month,,2026-01-05
2288,Market price per fund certificates at the end of period (not applicable),2025-11-30,month,,2026-01-05
22661,"Fund admin fee, and other fees paid to relating services providers by the fund management company/Average NAV (%)",2025-11-30,month,0.000403011850886274,2026-01-05
22761,Change of Number of Fund Certificates during the period,2025-11-30,month,-1418855.17,2026-01-05
22762,Change in capital amount during the period (based on par value),2025-11-30,month,-14188551700,2026-01-05
22781,Number of Fund Certificates redeemed during the period,2025-11-30,month,-4637031.8,2026-01-05
22782,Net redemption amount during the period (based on par value),2025-11-30,month,-46370318000,2026-01-05
22841,Number of investors of the Fund at the end of the period,2025-11-30,month,14572,2026-01-05
2264,INVESTMENT PERFORMANCE INDICATORS,2025-12-31,month,,2026-02-02
2265,Management fee paid to the fund management company/Average NAV (%),2025-12-31,month,0.0122318511268628,2026-02-02
2266,Custody and supervising fees paid to the Supervisory Bank/Average NAV (%),2025-12-31,month,0.00081430170224871,2026-02-02
2267,Auditing fee paid to auditing organizations (if any)/Average NAV (%),2025-12-31,month,0.000102795660177948,2026-02-02
2268,"Legal consultancy, price quotation and other appropriate service fees; remunerations paid to the Board of Representatives/Average NAV (%)",2025-12-31,month,0.000156757853158458,2026-02-02
2269,Expense/Average NAV (%),2025-12-31,month,0.0135645348826433,2026-02-02
2270,Portfolio turnover rate (%),2025-12-31,month,0.800168264869264,2026-02-02
2272,OTHER INDICATORS,2025-12-31,month,,2026-02-02
2273,Fund scale at the beginning of the period (based on par value of fund certificate),2025-12-31,month,668673037800,2026-02-02
2274,Total value of outstanding Fund Certificate at the beginning of period,2025-12-31,month,668673037800,2026-02-02
2275,Total number of outstanding Fund Certificate at the beginning of period,2025-12-31,month,66867303.78,2026-02-02
2276,Change of Fund scale during the period (based on par value of fund certificate),2025-12-31,month,-55102795900,2026-02-02
2277,Number of Fund Certificates subscribed during the period,2025-12-31,month,2242528.68,2026-02-02
2278,Net subscription amount during the period (based on par value),2025-12-31,month,22425286800,2026-02-02
2279,Fund scale at the end of the period (based on par value),2025-12-31,month,613570241900,2026-02-02
2280,Total value of outstanding Fund Certificate at the end of the period (based on par value),2025-12-31,month,613570241900,2026-02-02
2281,Total number of outstanding Fund Certificate at the end of the period,2025-12-31,month,61357024.19,2026-02-02
2282,Fund Management Company and related parties' ownership ratio at the end of the period,2025-12-31,month,6.8369515232841e-05,2026-02-02
2283,Top 10 investors' ownership ratio at the end of the period,2025-12-31,month,0.1982,2026-02-02
2284,Foreign investors' ownership ratio at the end of the period,2025-12-31,month,0.0245,2026-02-02
2285,Net asset value per Fund Certificate at the end of period,2025-12-31,month,28997.32,2026-02-02
2286,Fee paid to Real Estate management organisation/ Average NAV (%) (not applicable),2025-12-31,month,,2026-02-02
2287,"Income (including interest income, dividend, coupon income and unrealised gain)/ Average NAV (%) (not applicable)",2025-12-31,month,,2026-02-02
2288,Market price per fund certificates at the end of period (not applicable),2025-12-31,month,,2026-02-02
22661,"Fund admin fee, and other fees paid to relating services providers by the fund management company/Average NAV (%)",2025-12-31,month,0.00041769753040864,2026-02-02
22761,Change of Number of Fund Certificates during the period,2025-12-31,month,-5510279.59,2026-02-02
22762,Change in capital amount during the period (based on par value),2025-12-31,month,-55102795900,2026-02-02
22781,Number of Fund Certificates redeemed during the period,2025-12-31,month,-7752808.27,2026-02-02
22782,Net redemption amount during the period (based on par value),2025-12-31,month,-77528082700,2026-02-02
22841,Number of investors of the Fund at the end of the period,2025-12-31,month,14746,2026-02-02
2264,INVESTMENT PERFORMANCE INDICATORS,2026-01-31,month,,2026-03-02
2265,Management fee paid to the fund management company/Average NAV (%),2026-01-31,month,0.0120016033163286,2026-03-02
2266,Custody and supervising fees paid to the Supervisory Bank/Average NAV (%),2026-01-31,month,0.000796802144195405,2026-03-02
2267,Auditing fee paid to auditing organizations (if any)/Average NAV (%),2026-01-31,month,9.57206713822705e-05,2026-03-02
2268,"Legal consultancy, price quotation and other appropriate service fees; remunerations paid to the Board of Representatives/Average NAV (%)",2026-01-31,month,-1.40543979437706e-05,2026-03-02
2269,Expense/Average NAV (%),2026-01-31,month,0.0133567643368569,2026-03-02
2270,Portfolio turnover rate (%),2026-01-31,month,1.47702949443012,2026-03-02
2272,OTHER INDICATORS,2026-01-31,month,,2026-03-02
2273,Fund scale at the beginning of the period (based on par value of fund certificate),2026-01-31,month,613570241900,2026-03-02
2274,Total value of outstanding Fund Certificate at the beginning of period,2026-01-31,month,613570241900,2026-03-02
2275,Total number of outstanding Fund Certificate at the beginning of period,2026-01-31,month,61357024.19,2026-03-02
2276,Change of Fund scale during the period (based on par value of fund certificate),2026-01-31,month,-31875643200,2026-03-02
2277,Number of Fund Certificates subscribed during the period,2026-01-31,month,5157887.9,2026-03-02
2278,Net subscription amount during the period (based on par value),2026-01-31,month,51578879000,2026-03-02
2279,Fund scale at the end of the period (based on par value),2026-01-31,month,581694598700,2026-03-02
2280,Total value of outstanding Fund Certificate at the end of the period (based on par value),2026-01-31,month,581694598700,2026-03-02
2281,Total number of outstanding Fund Certificate at the end of the period,2026-01-31,month,58169459.87,2026-03-02
2282,Fund Management Company and related parties' ownership ratio at the end of the period,2026-01-31,month,7.2116021179758e-05,2026-03-02
2283,Top 10 investors' ownership ratio at the end of the period,2026-01-31,month,0.2209,2026-03-02
2284,Foreign investors' ownership ratio at the end of the period,2026-01-31,month,0.0333,2026-03-02
2285,Net asset value per Fund Certificate at the end of period,2026-01-31,month,29135.55,2026-03-02
2286,Fee paid to Real Estate management organisation/ Average NAV (%) (not applicable),2026-01-31,month,,2026-03-02
2287,"Income (including interest income, dividend, coupon income and unrealised gain)/ Average NAV (%) (not applicable)",2026-01-31,month,,2026-03-02
2288,Market price per fund certificates at the end of period (not applicable),2026-01-31,month,,2026-03-02
22661,"Fund admin fee, and other fees paid to relating services providers by the fund management company/Average NAV (%)",2026-01-31,month,0.000413810538863548,2026-03-02
22761,Change of Number of Fund Certificates during the period,2026-01-31,month,-3187564.32,2026-03-02
22762,Change in capital amount during the period (based on par value),2026-01-31,month,-31875643200,2026-03-02
22781,Number of Fund Certificates redeemed during the period,2026-01-31,month,-8345452.22,2026-03-02
22782,Net redemption amount during the period (based on par value),2026-01-31,month,-83454522200,2026-03-02
22841,Number of investors of the Fund at the end of the period,2026-01-31,month,14831,2026-03-02
2264,INVESTMENT PERFORMANCE INDICATORS,2026-02-28,month,,2026-04-01
2265,Management fee paid to the fund management company/Average NAV (%),2026-02-28,month,0.0120023771560272,2026-04-01
2266,Custody and supervising fees paid to the Supervisory Bank/Average NAV (%),2026-02-28,month,0.000797869971940748,2026-04-01
2267,Auditing fee paid to auditing organizations (if any)/Average NAV (%),2026-02-28,month,9.9586397683576e-05,2026-04-01
2268,"Legal consultancy, price quotation and other appropriate service fees; remunerations paid to the Board of Representatives/Average NAV (%)",2026-02-28,month,0.000134422470786625,2026-04-01
2269,Expense/Average NAV (%),2026-02-28,month,0.013529341260863,2026-04-01
2270,Portfolio turnover rate (%),2026-02-28,month,1.23098660370894,2026-04-01
2272,OTHER INDICATORS,2026-02-28,month,,2026-04-01
2273,Fund scale at the beginning of the period (based on par value of fund certificate),2026-02-28,month,581694598700,2026-04-01
2274,Total value of outstanding Fund Certificate at the beginning of period,2026-02-28,month,581694598700,2026-04-01
2275,Total number of outstanding Fund Certificate at the beginning of period,2026-02-28,month,58169459.87,2026-04-01
2276,Change of Fund scale during the period (based on par value of fund certificate),2026-02-28,month,-12926366100,2026-04-01
2277,Number of Fund Certificates subscribed during the period,2026-02-28,month,1241695.93,2026-04-01
2278,Net subscription amount during the period (based on par value),2026-02-28,month,12416959300,2026-04-01
2279,Fund scale at the end of the period (based on par value),2026-02-28,month,568768232600,2026-04-01
2280,Total value of outstanding Fund Certificate at the end of the period (based on par value),2026-02-28,month,568768232600,2026-04-01
2281,Total number of outstanding Fund Certificate at the end of the period,2026-02-28,month,56876823.26,2026-04-01
2282,Fund Management Company and related parties' ownership ratio at the end of the period,2026-02-28,month,7.37549982498794e-05,2026-04-01
2283,Top 10 investors' ownership ratio at the end of the period,2026-02-28,month,0.226,2026-04-01
2284,Foreign investors' ownership ratio at the end of the period,2026-02-28,month,0.0432,2026-04-01
2285,Net asset value per Fund Certificate at the end of period,2026-02-28,month,29303.26,2026-04-01
2286,Fee paid to Real Estate management organisation/ Average NAV (%) (not applicable),2026-02-28,month,,2026-04-01
2287,"Income (including interest income, dividend, coupon income and unrealised gain)/ Average NAV (%) (not applicable)",2026-02-28,month,,2026-04-01
2288,Market price per fund certificates at the end of period (not applicable),2026-02-28,month,,2026-04-01
22661,"Fund admin fee, and other fees paid to relating services providers by the fund management company/Average NAV (%)",2026-02-28,month,0.000428095614365383,2026-04-01
22761,Change of Number of Fund Certificates during the period,2026-02-28,month,-1292636.61,2026-04-01
22762,Change in capital amount during the period (based on par value),2026-02-28,month,-12926366100,2026-04-01
22781,Number of Fund Certificates redeemed during the period,2026-02-28,month,-2534332.54,2026-04-01
22782,Net redemption amount during the period (based on par value),2026-02-28,month,-25343325400,2026-04-01
22841,Number of investors of the Fund at the end of the period,2026-02-28,month,15039,2026-04-01
2264,INVESTMENT PERFORMANCE INDICATORS,2026-03-31,month,,2026-05-04
2265,Management fee paid to the fund management company/Average NAV (%),2026-03-31,month,0.0120017324874341,2026-05-04
2266,Custody and supervising fees paid to the Supervisory Bank/Average NAV (%),2026-03-31,month,0.000815185336397495,2026-05-04
2267,Auditing fee paid to auditing organizations (if any)/Average NAV (%),2026-03-31,month,8.70003607299892e-05,2026-05-04
2268,"Legal consultancy, price quotation and other appropriate service fees; remunerations paid to the Board of Representatives/Average NAV (%)",2026-03-31,month,0.00014444276699883,2026-05-04
2269,Expense/Average NAV (%),2026-03-31,month,0.0135494457887192,2026-05-04
2270,Portfolio turnover rate (%),2026-03-31,month,1.47091549243173,2026-05-04
2272,OTHER INDICATORS,2026-03-31,month,,2026-05-04
2273,Fund scale at the beginning of the period (based on par value of fund certificate),2026-03-31,month,568768232600,2026-05-04
2274,Total value of outstanding Fund Certificate at the beginning of period,2026-03-31,month,568768232600,2026-05-04
2275,Total number of outstanding Fund Certificate at the beginning of period,2026-03-31,month,56876823.26,2026-05-04
2276,Change of Fund scale during the period (based on par value of fund certificate),2026-03-31,month,-86731629400,2026-05-04
2277,Number of Fund Certificates subscribed during the period,2026-03-31,month,2271935.18,2026-05-04
2278,Net subscription amount during the period (based on par value),2026-03-31,month,22719351800,2026-05-04
2279,Fund scale at the end of the period (based on par value),2026-03-31,month,482036603200,2026-05-04
2280,Total value of outstanding Fund Certificate at the end of the period (based on par value),2026-03-31,month,482036603200,2026-05-04
2281,Total number of outstanding Fund Certificate at the end of the period,2026-03-31,month,48203660.32,2026-05-04
2282,Fund Management Company and related parties' ownership ratio at the end of the period,2026-03-31,month,8.70255489344963e-05,2026-05-04
2283,Top 10 investors' ownership ratio at the end of the period,2026-03-31,month,0.2263,2026-05-04
2284,Foreign investors' ownership ratio at the end of the period,2026-03-31,month,0.0719,2026-05-04
2285,Net asset value per Fund Certificate at the end of period,2026-03-31,month,29467.8,2026-05-04
2286,Fee paid to Real Estate management organisation/ Average NAV (%) (not applicable),2026-03-31,month,,2026-05-04
2287,"Income (including interest income, dividend, coupon income and unrealised gain)/ Average NAV (%) (not applicable)",2026-03-31,month,,2026-05-04
2288,Market price per fund certificates at the end of period (not applicable),2026-03-31,month,,2026-05-04
22661,"Fund admin fee, and other fees paid to relating services providers by the fund management company/Average NAV (%)",2026-03-31,month,0.000428457228957859,2026-05-04
22761,Change of Number of Fund Certificates during the period,2026-03-31,month,-8673162.94,2026-05-04
22762,Change in capital amount during the period (based on par value),2026-03-31,month,-86731629400,2026-05-04
22781,Number of Fund Certificates redeemed during the period,2026-03-31,month,-10945098.12,2026-05-04
22782,Net redemption amount during the period (based on par value),2026-03-31,month,-109450981200,2026-05-04
22841,Number of investors of the Fund at the end of the period,2026-03-31,month,15454,2026-05-04
2264,INVESTMENT PERFORMANCE INDICATORS,2026-04-30,month,,2026-06-02
2265,Management fee paid to the fund management company/Average NAV (%),2026-04-30,month,0.012001733734807,2026-06-02
2266,Custody and supervising fees paid to the Supervisory Bank/Average NAV (%),2026-04-30,month,0.00085601149825601,2026-06-02
2267,Auditing fee paid to auditing organizations (if any)/Average NAV (%),2026-04-30,month,0.000153477800701752,2026-06-02
2268,"Legal consultancy, price quotation and other appropriate service fees; remunerations paid to the Board of Representatives/Average NAV (%)",2026-04-30,month,0.000169314514178906,2026-06-02
2269,Expense/Average NAV (%),2026-04-30,month,0.0137190473945232,2026-06-02
2270,Portfolio turnover rate (%),2026-04-30,month,1.60894947206129,2026-06-02
2272,OTHER INDICATORS,2026-04-30,month,,2026-06-02
2273,Fund scale at the beginning of the period (based on par value of fund certificate),2026-04-30,month,482036603200,2026-06-02
2274,Total value of outstanding Fund Certificate at the beginning of period,2026-04-30,month,482036603200,2026-06-02
2275,Total number of outstanding Fund Certificate at the beginning of period,2026-04-30,month,48203660.32,2026-06-02
2276,Change of Fund scale during the period (based on par value of fund certificate),2026-04-30,month,-70803257200,2026-06-02
2277,Number of Fund Certificates subscribed during the period,2026-04-30,month,997682.3,2026-06-02
2278,Net subscription amount during the period (based on par value),2026-04-30,month,9976823000,2026-06-02
2279,Fund scale at the end of the period (based on par value),2026-04-30,month,411233346000,2026-06-02
2280,Total value of outstanding Fund Certificate at the end of the period (based on par value),2026-04-30,month,411233346000,2026-06-02
2281,Total number of outstanding Fund Certificate at the end of the period,2026-04-30,month,41123334.6,2026-06-02
2282,Fund Management Company and related parties' ownership ratio at the end of the period,2026-04-30,month,0.000102008994183074,2026-06-02
2283,Top 10 investors' ownership ratio at the end of the period,2026-04-30,month,0.2286,2026-06-02
2284,Foreign investors' ownership ratio at the end of the period,2026-04-30,month,0.0872,2026-06-02
2285,Net asset value per Fund Certificate at the end of period,2026-04-30,month,29617.63,2026-06-02
2286,Fee paid to Real Estate management organisation/ Average NAV (%) (not applicable),2026-04-30,month,0,2026-06-02
2287,Fee paid to Real Estate valuation service provider/ Average NAV (%) (not applicable),2026-04-30,month,0,2026-06-02
2287,"Income (including interest income, dividend, coupon income and unrealised gain)/ Average NAV (%) (not applicable)",2026-04-30,month,0,2026-06-02
2288,Market price per fund certificates at the end of period (not applicable),2026-04-30,month,0,2026-06-02
22661,"Fund admin fee, and other fees paid to relating services providers by the fund management company/Average NAV (%)",2026-04-30,month,0.00044649650574894,2026-06-02
22761,Change of Number of Fund Certificates during the period,2026-04-30,month,-7080325.72,2026-06-02
22762,Change in capital amount during the period (based on par value),2026-04-30,month,-70803257200,2026-06-02
22781,Number of Fund Certificates redeemed during the period,2026-04-30,month,-8078008.02,2026-06-02
22782,Net redemption amount during the period (based on par value),2026-04-30,month,-80780080200,2026-06-02
22841,Number of investors of the Fund at the end of the period,2026-04-30,month,15659,2026-06-02
2264,INVESTMENT PERFORMANCE INDICATORS,2026-05-31,month,,2026-07-02
2265,Management fee paid to the fund management company/Average NAV (%),2026-05-31,month,0.0120009123411692,2026-07-02
2266,Custody and supervising fees paid to the Supervisory Bank/Average NAV (%),2026-05-31,month,0.000845387024415354,2026-07-02
2267,Auditing fee paid to auditing organizations (if any)/Average NAV (%),2026-05-31,month,0.000152177886530764,2026-07-02
2268,"Legal consultancy, price quotation and other appropriate service fees; remunerations paid to the Board of Representatives/Average NAV (%)",2026-05-31,month,-0.000178135658548622,2026-07-02
2269,Expense/Average NAV (%),2026-05-31,month,0.0133740827255929,2026-07-02
2270,Portfolio turnover rate (%),2026-05-31,month,1.59631097930174,2026-07-02
2272,OTHER INDICATORS,2026-05-31,month,,2026-07-02
2273,Fund scale at the beginning of the period (based on par value of fund certificate),2026-05-31,month,411233346000,2026-07-02
2274,Total value of outstanding Fund Certificate at the beginning of period,2026-05-31,month,411233346000,2026-07-02
2275,Total number of outstanding Fund Certificate at the beginning of period,2026-05-31,month,41123334.6,2026-07-02
2276,Change of Fund scale during the period (based on par value of fund certificate),2026-05-31,month,-66143090200,2026-07-02
2277,Number of Fund Certificates subscribed during the period,2026-05-31,month,1372747.62,2026-07-02
2278,Net subscription amount during the period (based on par value),2026-05-31,month,13727476200,2026-07-02
2279,Fund scale at the end of the period (based on par value),2026-05-31,month,345090255800,2026-07-02
2280,Total value of outstanding Fund Certificate at the end of the period (based on par value),2026-05-31,month,345090255800,2026-07-02
2281,Total number of outstanding Fund Certificate at the end of the period,2026-05-31,month,34509025.58,2026-07-02
2282,Fund Management Company and related parties' ownership ratio at the end of the period,2026-05-31,month,0.000121561,2026-07-02
2283,Top 10 investors' ownership ratio at the end of the period,2026-05-31,month,0.1696,2026-07-02
2284,Foreign investors' ownership ratio at the end of the period,2026-05-31,month,0.1142,2026-07-02
2285,Net asset value per Fund Certificate at the end of period,2026-05-31,month,29798.93,2026-07-02
2286,Fee paid to Real Estate management organisation/ Average NAV (%) (not applicable),2026-05-31,month,0,2026-07-02
2287,Fee paid to Real Estate valuation service provider/ Average NAV (%) (not applicable),2026-05-31,month,0,2026-07-02
2287,"Income (including interest income, dividend, coupon income and unrealised gain)/ Average NAV (%) (not applicable)",2026-05-31,month,0,2026-07-02
2288,Market price per fund certificates at the end of period (not applicable),2026-05-31,month,0,2026-07-02
22661,"Fund admin fee, and other fees paid to relating services providers by the fund management company/Average NAV (%)",2026-05-31,month,0.000463841842842036,2026-07-02
22761,Change of Number of Fund Certificates during the period,2026-05-31,month,-6614309.02,2026-07-02
22762,Change in capital amount during the period (based on par value),2026-05-31,month,-66143090200,2026-07-02
22781,Number of Fund Certificates redeemed during the period,2026-05-31,month,-7987056.64,2026-07-02
22782,Net redemption amount during the period (based on par value),2026-05-31,month,-79870566400,2026-07-02
22841,Number of investors of the Fund at the end of the period,2026-05-31,month,15767,2026-07-02
2264,INVESTMENT PERFORMANCE INDICATORS,2026-06-30,month,,2026-08-04
2265,Management fee paid to the fund management company/Average NAV (%),2026-06-30,month,0.0120007779681051,2026-08-04
2266,Custody and supervising fees paid to the Supervisory Bank/Average NAV (%),2026-06-30,month,0.000854892404169862,2026-08-04
2267,Auditing fee paid to auditing organizations (if any)/Average NAV (%),2026-06-30,month,0.000179758571637056,2026-08-04
2268,"Legal consultancy, price quotation and other appropriate service fees; remunerations paid to the Board of Representatives/Average NAV (%)",2026-06-30,month,-2.64112102230372e-05,2026-08-04
2269,Expense/Average NAV (%),2026-06-30,month,0.013660764146773,2026-08-04
2270,Portfolio turnover rate (%),2026-06-30,month,1.68065670335386,2026-08-04
2272,OTHER INDICATORS,2026-06-30,month,,2026-08-04
2273,Fund scale at the beginning of the period (based on par value of fund certificate),2026-06-30,month,345090255800,2026-08-04
2274,Total value of outstanding Fund Certificate at the beginning of period,2026-06-30,month,345090255800,2026-08-04
2275,Total number of outstanding Fund Certificate at the beginning of period,2026-06-30,month,34509025.58,2026-08-04
2276,Change of Fund scale during the period (based on par value of fund certificate),2026-06-30,month,-22283250200,2026-08-04
2277,Number of Fund Certificates subscribed during the period,2026-06-30,month,1330537.27,2026-08-04
2278,Net subscription amount during the period (based on par value),2026-06-30,month,13305372700,2026-08-04
2279,Fund scale at the end of the period (based on par value),2026-06-30,month,322807005600,2026-08-04
2280,Total value of outstanding Fund Certificate at the end of the period (based on par value),2026-06-30,month,322807005600,2026-08-04
2281,Total number of outstanding Fund Certificate at the end of the period,2026-06-30,month,32280700.56,2026-08-04
2282,Fund Management Company and related parties' ownership ratio at the end of the period,2026-06-30,month,0.0002201968,2026-08-04
2283,Top 10 investors' ownership ratio at the end of the period,2026-06-30,month,0.1773,2026-08-04
2284,Foreign investors' ownership ratio at the end of the period,2026-06-30,month,0.1306,2026-08-04
2285,Net asset value per Fund Certificate at the end of period,2026-06-30,month,29981.2,2026-08-04
2286,Fee paid to Real Estate management organisation/ Average NAV (%) (not applicable),2026-06-30,month,0,2026-08-04
2287,Fee paid to Real Estate valuation service provider/ Average NAV (%) (not applicable),2026-06-30,month,0,2026-08-04
2287,"Income (including interest income, dividend, coupon income and unrealised gain)/ Average NAV (%) (not applicable)",2026-06-30,month,0,2026-08-04
2288,Market price per fund certificates at the end of period (not applicable),2026-06-30,month,0,2026-08-04
22661,"Fund admin fee, and other fees paid to relating services providers by the fund management company/Average NAV (%)",2026-06-30,month,0.00053543197846704,2026-08-04
22761,Change of Number of Fund Certificates during the period,2026-06-30,month,-2228325.02,2026-08-04
22762,Change in capital amount during the period (based on par value),2026-06-30,month,-22283250200,2026-08-04
22781,Number of Fund Certificates redeemed during the period,2026-06-30,month,-3558862.29,2026-08-04
22782,Net redemption amount during the period (based on par value),2026-06-30,month,-35588622900,2026-08-04
22841,Number of investors of the Fund at the end of the period,2026-06-30,month,16063,2026-08-04
2264,INVESTMENT PERFORMANCE INDICATORS,2026-07-31,month,,2026-08-04
2265,Management fee paid to the fund management company/Average NAV (%),2026-07-31,month,0.0120007654269867,2026-08-04
2266,Custody and supervising fees paid to the Supervisory Bank/Average NAV (%),2026-07-31,month,0.000848916099372345,2026-08-04
2267,Auditing fee paid to auditing organizations (if any)/Average NAV (%),2026-07-31,month,0.000193546948824016,2026-08-04
2268,"Legal consultancy, price quotation and other appropriate service fees; remunerations paid to the Board of Representatives/Average NAV (%)",2026-07-31,month,9.84141669474476e-05,2026-08-04
2269,Expense/Average NAV (%),2026-07-31,month,0.013801208967,2026-08-04
2270,Portfolio turnover rate (%),2026-07-31,month,1.89083820842996,2026-08-04
2272,OTHER INDICATORS,2026-07-31,month,,2026-08-04
2273,Fund scale at the beginning of the period (based on par value of fund certificate),2026-07-31,month,322807005600,2026-08-04
2274,Total value of outstanding Fund Certificate at the beginning of period,2026-07-31,month,322807005600,2026-08-04
2275,Total number of outstanding Fund Certificate at the beginning of period,2026-07-31,month,32280700.56,2026-08-04
2276,Change of Fund scale during the period (based on par value of fund certificate),2026-07-31,month,1739814600,2026-08-04
2277,Number of Fund Certificates subscribed during the period,2026-07-31,month,4993544.52,2026-08-04
2278,Net subscription amount during the period (based on par value),2026-07-31,month,49935445200,2026-08-04
2279,Fund scale at the end of the period (based on par value),2026-07-31,month,324546820200,2026-08-04
2280,Total value of outstanding Fund Certificate at the end of the period (based on par value),2026-07-31,month,324546820200,2026-08-04
2281,Total number of outstanding Fund Certificate at the end of the period,2026-07-31,month,32454682.02,2026-08-04
2282,Fund Management Company and related parties' ownership ratio at the end of the period,2026-07-31,month,0.0002263149,2026-08-04
2283,Top 10 investors' ownership ratio at the end of the period,2026-07-31,month,0.2069,2026-08-04
2284,Foreign investors' ownership ratio at the end of the period,2026-07-31,month,0.1652,2026-08-04
2285,Net asset value per Fund Certificate at the end of period,2026-07-31,month,30171.42,2026-08-04
2286,Fee paid to Real Estate management organisation/ Average NAV (%) (not applicable),2026-07-31,month,0,2026-08-04
2287,Fee paid to Real Estate valuation service provider/ Average NAV (%) (not applicable),2026-07-31,month,0,2026-08-04
2287,"Income (including interest income, dividend, coupon income and unrealised gain)/ Average NAV (%) (not applicable)",2026-07-31,month,0,2026-08-04
2288,Market price per fund certificates at the end of period (not applicable),2026-07-31,month,0,2026-08-04
22661,"Fund admin fee, and other fees paid to relating services providers by the fund management company/Average NAV (%)",2026-07-31,month,0.000510642024836991,2026-08-04
22761,Change of Number of Fund Certificates during the period,2026-07-31,month,173981.46,2026-08-04
22762,Change in capital amount during the period (based on par value),2026-07-31,month,1739814600,2026-08-04
22781,Number of Fund Certificates redeemed during the period,2026-07-31,month,-4819563.06,2026-08-04
22782,Net redemption amount during the period (based on par value),2026-07-31,month,-48195630600,2026-08-04
22841,Number of investors of the Fund at the end of the period,2026-07-31,month,16439,2026-08-04
