period_end,section,code,ticker,quantity,market_price,value,weight,asOf
2021-06-30,REAL ESTATE INVESTMENT (NOT APPLICABLE),,,,,,,2021-07-02
2021-06-30,"SHARES LISTED, SHARES REGISTERED FOR TRADING, LISTED FUND CERTIFICATES",,,,,,,2021-07-02
2021-06-30,"SHARES UNLISTED, UNREGISTERED FOR TRADING, UNLISTED FUND CERTIFICATES",,,,,0,0,2021-07-02
2021-06-30,"SHARES UNLISTED, UNREGISTERED FOR TRADING, UNLISTED FUND CERTIFICATES",,,,,,,2021-07-02
2021-06-30,BONDS,,,,,,,2021-07-02
2021-06-30,BONDS,,Listed bonds,,,231531300000,0.278861037117407,2021-07-02
2021-06-30,BONDS,,KBC12006,1300000,100966,131255800000,0.158087172298843,2021-07-02
2021-06-30,BONDS,,VHM11801,500000,100112,50056000000,0.060288471035877,2021-07-02
2021-06-30,BONDS,,VJC11912,500000,100439,50219500000,0.0604853937826879,2021-07-02
2021-06-30,BONDS,,Unlisted Bonds,,,78914252800,0.0950459414306112,2021-07-02
2021-06-30,BONDS,,DAT XANH GROUP JSC 12% 18 Mar 2023,350,100000000,35000000000,0.0421547164426981,2021-07-02
2021-06-30,BONDS,,PHAT DAT REAL ESTATE 13% 02/02/2023,440,99805120,43914252800,0.0528912249879131,2021-07-02
2021-06-30,BONDS,,,,,310445552800,0.373906978548019,2021-07-02
2021-06-30,OTHER SECURITIES,,,,,,,2021-07-02
2021-06-30,OTHER SECURITIES,,Investment - Rights,,,0,0,2021-07-02
2021-06-30,OTHER SECURITIES,,Index future contracts,,,0,0,2021-07-02
2021-06-30,OTHER SECURITIES,,,,,0,0,2021-07-02
2021-06-30,OTHER SECURITIES,,,,,310445552800,0.373906978548019,2021-07-02
2021-06-30,OTHER ASSETS,,,,,,,2021-07-02
2021-06-30,OTHER ASSETS,,Dividend receivables,,,0,0,2021-07-02
2021-06-30,OTHER ASSETS,,Coupon receivables,,,11869931508,0.0142963884832568,2021-07-02
2021-06-30,OTHER ASSETS,,Interest receivables from bank deposits and certificates of deposit,,,12068718630,0.0145358117621245,2021-07-02
2021-06-30,OTHER ASSETS,,Outstanding Settlement of sales transactions,,,0,0,2021-07-02
2021-06-30,OTHER ASSETS,,Receivable from AP/Investors on securities on hold of buying,,,0,0,2021-07-02
2021-06-30,OTHER ASSETS,,Other receivables,,,0,0,2021-07-02
2021-06-30,OTHER ASSETS,,Other assets,,,0,0,2021-07-02
2021-06-30,OTHER ASSETS,,,,,23938650138,0.0288322002453813,2021-07-02
2021-06-30,CASH,,,,,,,2021-07-02
2021-06-30,CASH,,"Cash, Cash Equivalents",,,80323281736,0.09674300472365799,2021-07-02
2021-06-30,CASH,,Cash at Bank,,,16123281736,0.0194192105630518,2021-07-02
2021-06-30,CASH,,Cash Equivalents,,,64200000000,0.0773237941606062,2021-07-02
2021-06-30,CASH,,Deposits with term over three (03) months,,,10000000000,0.0120442046979137,2021-07-02
2021-06-30,CASH,,Certificates of deposit,,,405567344658,0.488473611785028,2021-07-02
2021-06-30,CASH,,"Công cụ chuyển nhượng…
Transferable instruments…",,,0,0,2021-07-02
2021-06-30,CASH,,,,,495890626394,0.5972608212066,2021-07-02
2021-06-30,Total value of portfolio,,,,,830274829332,1,2021-07-02
2021-07-31,REAL ESTATE INVESTMENT (NOT APPLICABLE),,,,,,,2021-08-03
2021-07-31,"SHARES LISTED, SHARES REGISTERED FOR TRADING, LISTED FUND CERTIFICATES",,,,,,,2021-08-03
2021-07-31,"SHARES UNLISTED, UNREGISTERED FOR TRADING, UNLISTED FUND CERTIFICATES",,,,,0,0,2021-08-03
2021-07-31,"SHARES UNLISTED, UNREGISTERED FOR TRADING, UNLISTED FUND CERTIFICATES",,,,,,,2021-08-03
2021-07-31,BONDS,,,,,,,2021-08-03
2021-07-31,BONDS,,Listed bonds,,,231540300000,0.26756242459612,2021-08-03
2021-07-31,BONDS,,KBC12006,1300000,100966,131255800000,0.151676058510348,2021-08-03
2021-07-31,BONDS,,VHM11801,500000,100000,50000000000,0.0577788023502,2021-08-03
2021-07-31,BONDS,,VJC11912,500000,100569,50284500000,0.0581075637355726,2021-08-03
2021-07-31,BONDS,,Unlisted Bonds,,,78914252800,0.0911914203028983,2021-08-03
2021-07-31,BONDS,,DAT XANH GROUP JSC 12% 18 Mar 2023,350,100000000,35000000000,0.04044516164514,2021-08-03
2021-07-31,BONDS,,PHAT DAT REAL ESTATE 13% 02/02/2023,440,99805120,43914252800,0.0507462586577584,2021-08-03
2021-07-31,BONDS,,,,,310454552800,0.358753844899019,2021-08-03
2021-07-31,OTHER SECURITIES,,,,,,,2021-08-03
2021-07-31,OTHER SECURITIES,,Investment - Rights,,,0,0,2021-08-03
2021-07-31,OTHER SECURITIES,,Index future contracts,,,0,0,2021-08-03
2021-07-31,OTHER SECURITIES,,,,,0,0,2021-08-03
2021-07-31,OTHER SECURITIES,,,,,310454552800,0.358753844899019,2021-08-03
2021-07-31,OTHER ASSETS,,,,,,,2021-08-03
2021-07-31,OTHER ASSETS,,Dividend receivables,,,0,0,2021-08-03
2021-07-31,OTHER ASSETS,,Coupon receivables,,,5640849315,0.00651843035317292,2021-08-03
2021-07-31,OTHER ASSETS,,Interest receivables from bank deposits and certificates of deposit,,,12413426304,0.0143446580981518,2021-08-03
2021-07-31,OTHER ASSETS,,Outstanding Settlement of sales transactions,,,0,0,2021-08-03
2021-07-31,OTHER ASSETS,,Receivable from AP/Investors on securities on hold of buying,,,0,0,2021-08-03
2021-07-31,OTHER ASSETS,,Other receivables,,,0,0,2021-08-03
2021-07-31,OTHER ASSETS,,Other assets,,,0,0,2021-08-03
2021-07-31,OTHER ASSETS,,,,,18054275619,0.0208630884513247,2021-08-03
2021-07-31,CASH,,,,,,,2021-08-03
2021-07-31,CASH,,"Cash, Cash Equivalents",,,156293096728,0.18060855889095628,2021-08-03
2021-07-31,CASH,,Cash at Bank,,,54093096728,0.0625086868871473,2021-08-03
2021-07-31,CASH,,Cash Equivalents,,,102200000000,0.118099872003809,2021-08-03
2021-07-31,CASH,,Deposits with term over three (03) months,,,10000000000,0.01155576047004,2021-08-03
2021-07-31,CASH,,Certificates of deposit,,,370567344658,0.428218747288661,2021-08-03
2021-07-31,CASH,,"Công cụ chuyển nhượng…
Transferable instruments…",,,0,0,2021-08-03
2021-07-31,CASH,,,,,536860441386,0.620383066649657,2021-08-03
2021-07-31,Total value of portfolio,,,,,865369269805,1,2021-08-03
2021-08-31,REAL ESTATE INVESTMENT (NOT APPLICABLE),,,,,,,2021-09-06
2021-08-31,"SHARES LISTED, SHARES REGISTERED FOR TRADING, LISTED FUND CERTIFICATES",,,,,,,2021-09-06
2021-08-31,"SHARES UNLISTED, UNREGISTERED FOR TRADING, UNLISTED FUND CERTIFICATES",,,,,0,0,2021-09-06
2021-08-31,"SHARES UNLISTED, UNREGISTERED FOR TRADING, UNLISTED FUND CERTIFICATES",,,,,,,2021-09-06
2021-08-31,BONDS,,,,,,,2021-09-06
2021-08-31,BONDS,,Listed bonds,,,281702800000,0.314281567202656,2021-09-06
2021-08-31,BONDS,,KBC12006,1300000,100966,131255800000,0.146435457966475,2021-09-06
2021-08-31,BONDS,,VJC11912,1500000,100298,150447000000,0.167846109236181,2021-09-06
2021-08-31,BONDS,,Unlisted Bonds,,,78914252800,0.0880406408619672,2021-09-06
2021-08-31,BONDS,,DAT XANH GROUP JSC 12% 18 Mar 2023,350,100000000,35000000000,0.0390477299199474,2021-09-06
2021-08-31,BONDS,,PHAT DAT REAL ESTATE 13% 02/02/2023,440,99805120,43914252800,0.0489929109420198,2021-09-06
2021-08-31,BONDS,,,,,360617052800,0.402322208064623,2021-09-06
2021-08-31,OTHER SECURITIES,,,,,,,2021-09-06
2021-08-31,OTHER SECURITIES,,Investment - Rights,,,0,0,2021-09-06
2021-08-31,OTHER SECURITIES,,Index future contracts,,,0,0,2021-09-06
2021-08-31,OTHER SECURITIES,,,,,0,0,2021-09-06
2021-08-31,OTHER SECURITIES,,,,,360617052800,0.402322208064623,2021-09-06
2021-08-31,OTHER ASSETS,,,,,,,2021-09-06
2021-08-31,OTHER ASSETS,,Dividend receivables,,,0,0,2021-09-06
2021-08-31,OTHER ASSETS,,Coupon receivables,,,4953602740,0.0055264840549209,2021-09-06
2021-08-31,OTHER ASSETS,,Interest receivables from bank deposits and certificates of deposit,,,14931941098,0.0166588115192933,2021-09-06
2021-08-31,OTHER ASSETS,,Outstanding Settlement of sales transactions,,,0,0,2021-09-06
2021-08-31,OTHER ASSETS,,Receivable from AP/Investors on securities on hold of buying,,,0,0,2021-09-06
2021-08-31,OTHER ASSETS,,Other receivables,,,12100,1.3499358058039e-08,2021-09-06
2021-08-31,OTHER ASSETS,,Other assets,,,0,0,2021-09-06
2021-08-31,OTHER ASSETS,,,,,19885555938,0.0221853090735723,2021-09-06
2021-08-31,CASH,,,,,,,2021-09-06
2021-08-31,CASH,,"Cash, Cash Equivalents",,,135268964942,0.15091274313160102,2021-09-06
2021-08-31,CASH,,Cash at Bank,,,5768964942,0.00643614242779603,2021-09-06
2021-08-31,CASH,,Cash Equivalents,,,129500000000,0.144476600703805,2021-09-06
2021-08-31,CASH,,Deposits with term over three (03) months,,,10000000000,0.0111564942628421,2021-09-06
2021-08-31,CASH,,Certificates of deposit,,,370567344658,0.413423245467361,2021-09-06
2021-08-31,CASH,,"Công cụ chuyển nhượng…
Transferable instruments…",,,0,0,2021-09-06
2021-08-31,CASH,,,,,515836309600,0.575492482861805,2021-09-06
2021-08-31,Total value of portfolio,,,,,896338918338,1,2021-09-06
2021-09-30,REAL ESTATE INVESTMENT (NOT APPLICABLE),,,,,,,2021-10-04
2021-09-30,"SHARES LISTED, SHARES REGISTERED FOR TRADING, LISTED FUND CERTIFICATES",,,,,,,2021-10-04
2021-09-30,"SHARES UNLISTED, UNREGISTERED FOR TRADING, UNLISTED FUND CERTIFICATES",,,,,0,0,2021-10-04
2021-09-30,"SHARES UNLISTED, UNREGISTERED FOR TRADING, UNLISTED FUND CERTIFICATES",,,,,,,2021-10-04
2021-09-30,BONDS,,,,,,,2021-10-04
2021-09-30,BONDS,,Listed bonds,,,271606200000,0.282208705823449,2021-10-04
2021-09-30,BONDS,,KBC12006,1200000,100966,121159200000,0.125888808983758,2021-10-04
2021-09-30,BONDS,,VJC11912,1500000,100298,150447000000,0.156319896839691,2021-10-04
2021-09-30,BONDS,,Unlisted Bonds,,,78914252800,0.0819947746174885,2021-10-04
2021-09-30,BONDS,,DAT XANH GROUP JSC 12% 18 Mar 2023,350,100000000,35000000000,0.0363662711080259,2021-10-04
2021-09-30,BONDS,,PHAT DAT REAL ESTATE 13% 02/02/2023,440,99805120,43914252800,0.0456285035094625,2021-10-04
2021-09-30,BONDS,,,,,350520452800,0.364203480440938,2021-10-04
2021-09-30,OTHER SECURITIES,,,,,,,2021-10-04
2021-09-30,OTHER SECURITIES,,Investment - Rights,,,0,0,2021-10-04
2021-09-30,OTHER SECURITIES,,Index future contracts,,,0,0,2021-10-04
2021-09-30,OTHER SECURITIES,,,,,0,0,2021-10-04
2021-09-30,OTHER SECURITIES,,,,,350520452800,0.364203480440938,2021-10-04
2021-09-30,OTHER ASSETS,,,,,,,2021-10-04
2021-09-30,OTHER ASSETS,,Dividend receivables,,,0,0,2021-10-04
2021-09-30,OTHER ASSETS,,Coupon receivables,,,5596479453,0.00581494540109414,2021-10-04
2021-09-30,OTHER ASSETS,,Interest receivables from bank deposits and certificates of deposit,,,15798404799,0.0164151163427078,2021-10-04
2021-09-30,OTHER ASSETS,,Outstanding Settlement of sales transactions,,,0,0,2021-10-04
2021-09-30,OTHER ASSETS,,Receivable from AP/Investors on securities on hold of buying,,,0,0,2021-10-04
2021-09-30,OTHER ASSETS,,Other receivables,,,0,0,2021-10-04
2021-09-30,OTHER ASSETS,,Other assets,,,40000000000,0.0415614526948868,2021-10-04
2021-09-30,OTHER ASSETS,,,,,61394884252,0.0637915144386887,2021-10-04
2021-09-30,CASH,,,,,,,2021-10-04
2021-09-30,CASH,,"Cash, Cash Equivalents",,,188073426966,0.1954151209503162,2021-10-04
2021-09-30,CASH,,Cash at Bank,,,10073426966,0.0104666564580702,2021-10-04
2021-09-30,CASH,,Cash Equivalents,,,178000000000,0.184948464492246,2021-10-04
2021-09-30,CASH,,Deposits with term over three (03) months,,,10000000000,0.0103903631737217,2021-10-04
2021-09-30,CASH,,Certificates of deposit,,,352441502644,0.366199520996336,2021-10-04
2021-09-30,CASH,,"Công cụ chuyển nhượng…
Transferable instruments…",,,0,0,2021-10-04
2021-09-30,CASH,,,,,550514929610,0.572005005120374,2021-10-04
2021-09-30,Total value of portfolio,,,,,962430266662,1,2021-10-04
2021-10-31,REAL ESTATE INVESTMENT (NOT APPLICABLE),,,,,,,2021-11-02
2021-10-31,"SHARES LISTED, SHARES REGISTERED FOR TRADING, LISTED FUND CERTIFICATES",,,,,,,2021-11-02
2021-10-31,"SHARES UNLISTED, UNREGISTERED FOR TRADING, UNLISTED FUND CERTIFICATES",,,,,0,0,2021-11-02
2021-10-31,"SHARES UNLISTED, UNREGISTERED FOR TRADING, UNLISTED FUND CERTIFICATES",,,,,,,2021-11-02
2021-10-31,BONDS,,,,,,,2021-11-02
2021-10-31,BONDS,,Listed bonds,,,271606200000,0.282721683639353,2021-11-02
2021-10-31,BONDS,,KBC12006,1200000,100966,121159200000,0.126117640217333,2021-11-02
2021-10-31,BONDS,,VJC11912,1500000,100298,150447000000,0.15660404342202,2021-11-02
2021-10-31,BONDS,,Unlisted Bonds,,,80043735200,0.0833195250348723,2021-11-02
2021-10-31,BONDS,,VDS_BOND2.500.02.2020,80000,1000546.69,80043735200,0.0833195250348723,2021-11-02
2021-10-31,BONDS,,,,,351649935200,0.366041208674225,2021-11-02
2021-10-31,OTHER SECURITIES,,,,,,,2021-11-02
2021-10-31,OTHER SECURITIES,,Investment - Rights,,,0,0,2021-11-02
2021-10-31,OTHER SECURITIES,,Index future contracts,,,0,0,2021-11-02
2021-10-31,OTHER SECURITIES,,,,,0,0,2021-11-02
2021-10-31,OTHER SECURITIES,,,,,351649935200,0.366041208674225,2021-11-02
2021-10-31,OTHER ASSETS,,,,,,,2021-11-02
2021-10-31,OTHER ASSETS,,Dividend receivables,,,0,0,2021-11-02
2021-10-31,OTHER ASSETS,,Coupon receivables,,,6770986302,0.00704808891402493,2021-11-02
2021-10-31,OTHER ASSETS,,Interest receivables from bank deposits and certificates of deposit,,,15696004111,0.0163383630737153,2021-11-02
2021-10-31,OTHER ASSETS,,Outstanding Settlement of sales transactions,,,0,0,2021-11-02
2021-10-31,OTHER ASSETS,,Receivable from AP/Investors on securities on hold of buying,,,0,0,2021-11-02
2021-10-31,OTHER ASSETS,,Other receivables,,,24200,2.51903849914779e-08,2021-11-02
2021-10-31,OTHER ASSETS,,Other assets,,,40000000000,0.0416369999859139,2021-11-02
2021-10-31,OTHER ASSETS,,,,,62467014613,0.0650234771640391,2021-11-02
2021-10-31,CASH,,,,,,,2021-11-02
2021-10-31,CASH,,"Cash, Cash Equivalents",,,214099809676,0.2228618443115944,2021-11-02
2021-10-31,CASH,,Cash at Bank,,,18099809676,0.0188405443806164,2021-11-02
2021-10-31,CASH,,Cash Equivalents,,,196000000000,0.204021299930978,2021-11-02
2021-10-31,CASH,,Deposits with term over three (03) months,,,10000000000,0.0104092499964785,2021-11-02
2021-10-31,CASH,,Certificates of deposit,,,322467247849,0.335664219853663,2021-11-02
2021-10-31,CASH,,"Công cụ chuyển nhượng…
Transferable instruments…",,,0,0,2021-11-02
2021-10-31,CASH,,,,,546567057525,0.568935314161735,2021-11-02
2021-10-31,Total value of portfolio,,,,,960684007338,1,2021-11-02
2021-11-30,REAL ESTATE INVESTMENT (NOT APPLICABLE),,,,,,,2021-12-03
2021-11-30,"SHARES LISTED, SHARES REGISTERED FOR TRADING, LISTED FUND CERTIFICATES",,,,,,,2021-12-03
2021-11-30,"SHARES UNLISTED, UNREGISTERED FOR TRADING, UNLISTED FUND CERTIFICATES",,,,,0,0,2021-12-03
2021-11-30,"SHARES UNLISTED, UNREGISTERED FOR TRADING, UNLISTED FUND CERTIFICATES",,,,,,,2021-12-03
2021-11-30,BONDS,,,,,,,2021-12-03
2021-11-30,BONDS,,Listed bonds,,,343328198120,0.381790206467667,2021-12-03
2021-11-30,BONDS,,KBC12006,1200000,100623,120747600000,0.134274584455665,2021-12-03
2021-11-30,BONDS,,KBC121020,250000,101112,25278000000,0.0281098170553311,2021-12-03
2021-11-30,BONDS,,MML121021,470230,99644,46855598120,0.0521046875216124,2021-12-03
2021-11-30,BONDS,,VJC11912,1500000,100298,150447000000,0.167301117435058,2021-12-03
2021-11-30,BONDS,,Unlisted Bonds,,,35000002450,0.0389209457158653,2021-12-03
2021-11-30,BONDS,,DAT XANH GROUP JSC 12% 18 Mar 2023,350,100000007,35000002450,0.0389209457158653,2021-12-03
2021-11-30,BONDS,,,,,378328200570,0.420711152183532,2021-12-03
2021-11-30,OTHER SECURITIES,,,,,,,2021-12-03
2021-11-30,OTHER SECURITIES,,Investment - Rights,,,0,0,2021-12-03
2021-11-30,OTHER SECURITIES,,Index future contracts,,,0,0,2021-12-03
2021-11-30,OTHER SECURITIES,,,,,0,0,2021-12-03
2021-11-30,OTHER SECURITIES,,,,,378328200570,0.420711152183532,2021-12-03
2021-11-30,OTHER ASSETS,,,,,,,2021-12-03
2021-11-30,OTHER ASSETS,,Dividend receivables,,,0,0,2021-12-03
2021-11-30,OTHER ASSETS,,Coupon receivables,,,11897745055,0.0132306130574816,2021-12-03
2021-11-30,OTHER ASSETS,,Interest receivables from bank deposits and certificates of deposit,,,16458738355,0.0183025604921517,2021-12-03
2021-11-30,OTHER ASSETS,,Outstanding Settlement of sales transactions,,,0,0,2021-12-03
2021-11-30,OTHER ASSETS,,Receivable from AP/Investors on securities on hold of buying,,,0,0,2021-12-03
2021-11-30,OTHER ASSETS,,Other receivables,,,24200,2.69110520111961e-08,2021-12-03
2021-11-30,OTHER ASSETS,,Other assets,,,0,0,2021-12-03
2021-11-30,OTHER ASSETS,,,,,28356507610,0.0315332004606854,2021-12-03
2021-11-30,CASH,,,,,,,2021-12-03
2021-11-30,CASH,,"Cash, Cash Equivalents",,,115106831399,0.1280018977943167,2021-12-03
2021-11-30,CASH,,Cash at Bank,,,77606831399,0.0863008874463889,2021-12-03
2021-11-30,CASH,,Cash Equivalents,,,37500000000,0.0417010103479278,2021-12-03
2021-11-30,CASH,,Deposits with term over three (03) months,,,10000000000,0.0111202694261141,2021-12-03
2021-11-30,CASH,,Certificates of deposit,,,367467247849,0.408633480135352,2021-12-03
2021-11-30,CASH,,"Công cụ chuyển nhượng…
Transferable instruments…",,,0,0,2021-12-03
2021-11-30,CASH,,,,,492574079248,0.547755647355782,2021-12-03
2021-11-30,Total value of portfolio,,,,,899258787428,1,2021-12-03
2021-12-31,REAL ESTATE INVESTMENT (NOT APPLICABLE),,,,,,,2022-01-05
2021-12-31,"SHARES LISTED, SHARES REGISTERED FOR TRADING, LISTED FUND CERTIFICATES",,,,,,,2022-01-05
2021-12-31,"SHARES UNLISTED, UNREGISTERED FOR TRADING, UNLISTED FUND CERTIFICATES",,,,,0,0,2022-01-05
2021-12-31,"SHARES UNLISTED, UNREGISTERED FOR TRADING, UNLISTED FUND CERTIFICATES",,,,,,,2022-01-05
2021-12-31,BONDS,,,,,,,2022-01-05
2021-12-31,BONDS,,Listed bonds,,,424043519466,0.500597172280488,2022-01-05
2021-12-31,BONDS,,KBC12006,1200000,100966,121159200000,0.143032377884575,2022-01-05
2021-12-31,BONDS,,KBC121020,360000,101112,36400320000,0.0429717621555726,2022-01-05
2021-12-31,BONDS,,MML121021,470230,99577,46824092710,0.0552773650090055,2022-01-05
2021-12-31,BONDS,,MSN120011,487804,100639,49092106756,0.0579548293870716,2022-01-05
2021-12-31,BONDS,,VJC11912,1700000,100334,170567800000,0.201360837844263,2022-01-05
2021-12-31,BONDS,,Unlisted Bonds,,,84979978700,0.100321629938474,2022-01-05
2021-12-31,BONDS,,DAT XANH GROUP JSC 12% 18 Mar 2023,350,100000007,35000002450,0.0413186417241898,2022-01-05
2021-12-31,BONDS,,PDR BOND 12 PCT 02 DEC 2023,250,100000000,25000000000,0.0295133134513465,2022-01-05
2021-12-31,BONDS,,PHAT DAT REAL ESTATE 13% 24/09/2023,250,99919905,24979976250,0.0294896747629376,2022-01-05
2021-12-31,BONDS,,,,,509023498166,0.600918802218962,2022-01-05
2021-12-31,OTHER SECURITIES,,,,,,,2022-01-05
2021-12-31,OTHER SECURITIES,,Investment - Rights,,,0,0,2022-01-05
2021-12-31,OTHER SECURITIES,,Index future contracts,,,0,0,2022-01-05
2021-12-31,OTHER SECURITIES,,,,,0,0,2022-01-05
2021-12-31,OTHER SECURITIES,,,,,509023498166,0.600918802218962,2022-01-05
2021-12-31,OTHER ASSETS,,,,,,,2022-01-05
2021-12-31,OTHER ASSETS,,Dividend receivables,,,0,0,2022-01-05
2021-12-31,OTHER ASSETS,,Coupon receivables,,,14880845557,0.0175673223737927,2022-01-05
2021-12-31,OTHER ASSETS,,Interest receivables from bank deposits and certificates of deposit,,,15636630138,0.0184595506634226,2022-01-05
2021-12-31,OTHER ASSETS,,Outstanding Settlement of sales transactions,,,0,0,2022-01-05
2021-12-31,OTHER ASSETS,,Receivable from AP/Investors on securities on hold of buying,,,0,0,2022-01-05
2021-12-31,OTHER ASSETS,,Other receivables,,,0,0,2022-01-05
2021-12-31,OTHER ASSETS,,Other assets,,,0,0,2022-01-05
2021-12-31,OTHER ASSETS,,,,,30517475695,0.0360268730372153,2022-01-05
2021-12-31,CASH,,,,,,,2022-01-05
2021-12-31,CASH,,"Cash, Cash Equivalents",,,25067117398,0.02959254772355493,2022-01-05
2021-12-31,CASH,,Cash at Bank,,,5567117398,0.00657216323150473,2022-01-05
2021-12-31,CASH,,Cash Equivalents,,,19500000000,0.0230203844920502,2022-01-05
2021-12-31,CASH,,Deposits with term over three (03) months,,,10000000000,0.0118053253805386,2022-01-05
2021-12-31,CASH,,Certificates of deposit,,,272467247849,0.32165645163973,2022-01-05
2021-12-31,CASH,,"Công cụ chuyển nhượng…
Transferable instruments…",,,0,0,2022-01-05
2021-12-31,CASH,,,,,307534365247,0.363054324743823,2022-01-05
2021-12-31,Total value of portfolio,,,,,847075339108,1,2022-01-05
2022-01-31,REAL ESTATE INVESTMENT (NOT APPLICABLE),,,,,,,2022-02-08
2022-01-31,"SHARES LISTED, SHARES REGISTERED FOR TRADING, LISTED FUND CERTIFICATES",,,,,,,2022-02-08
2022-01-31,"SHARES UNLISTED, UNREGISTERED FOR TRADING, UNLISTED FUND CERTIFICATES",,,,,0,0,2022-02-08
2022-01-31,"SHARES UNLISTED, UNREGISTERED FOR TRADING, UNLISTED FUND CERTIFICATES",,,,,,,2022-02-08
2022-01-31,BONDS,,,,,,,2022-02-08
2022-01-31,BONDS,,Listed bonds,,,443642299748,0.480285506054283,2022-02-08
2022-01-31,BONDS,,CII121029,800000,100590,80472000000,0.0871186883332681,2022-02-08
2022-01-31,BONDS,,KBC121020,960000,101340,97286400000,0.105321895325898,2022-02-08
2022-01-31,BONDS,,MML121021,470230,100000,47023000000,0.0509069251602454,2022-02-08
2022-01-31,BONDS,,MSN120011,487804,100287,48920399748,0.0529610430806355,2022-02-08
2022-01-31,BONDS,,VJC11912,1700000,99965,169940500000,0.183976954154237,2022-02-08
2022-01-31,BONDS,,Unlisted Bonds,,,84979978700,0.0919990093316067,2022-02-08
2022-01-31,BONDS,,DAT XANH GROUP JSC 12% 18 Mar 2023,350,100000007,35000002450,0.0378908726650906,2022-02-08
2022-01-31,BONDS,,PDR BOND 12 PCT 02 DEC 2023,250,100000000,25000000000,0.0270649071519498,2022-02-08
2022-01-31,BONDS,,PHAT DAT REAL ESTATE 13% 24/09/2023,250,99919905,24979976250,0.0270432295145664,2022-02-08
2022-01-31,BONDS,,,,,528622278448,0.57228451538589,2022-02-08
2022-01-31,OTHER SECURITIES,,,,,,,2022-02-08
2022-01-31,OTHER SECURITIES,,Investment - Rights,,,0,0,2022-02-08
2022-01-31,OTHER SECURITIES,,Index future contracts,,,0,0,2022-02-08
2022-01-31,OTHER SECURITIES,,,,,0,0,2022-02-08
2022-01-31,OTHER SECURITIES,,,,,528622278448,0.57228451538589,2022-02-08
2022-01-31,OTHER ASSETS,,,,,,,2022-02-08
2022-01-31,OTHER ASSETS,,Dividend receivables,,,0,0,2022-02-08
2022-01-31,OTHER ASSETS,,Coupon receivables,,,6531015062,0.00707045265044062,2022-02-08
2022-01-31,OTHER ASSETS,,Interest receivables from bank deposits and certificates of deposit,,,9007457534,0.00975144007331362,2022-02-08
2022-01-31,OTHER ASSETS,,Outstanding Settlement of sales transactions,,,0,0,2022-02-08
2022-01-31,OTHER ASSETS,,Receivable from AP/Investors on securities on hold of buying,,,0,0,2022-02-08
2022-01-31,OTHER ASSETS,,Other receivables,,,0,0,2022-02-08
2022-01-31,OTHER ASSETS,,Other assets,,,80000000000,0.0866077028862392,2022-02-08
2022-01-31,OTHER ASSETS,,,,,95538472596,0.103429595609993,2022-02-08
2022-01-31,CASH,,,,,,,2022-02-08
2022-01-31,CASH,,"Cash, Cash Equivalents",,,87077368343,0.094269635569577,2022-02-08
2022-01-31,CASH,,Cash at Bank,,,6677368343,0.00722889416890655,2022-02-08
2022-01-31,CASH,,Cash Equivalents,,,80400000000,0.0870407414006704,2022-02-08
2022-01-31,CASH,,Deposits with term over three (03) months,,,0,0,2022-02-08
2022-01-31,CASH,,Certificates of deposit,,,212467247849,0.230016253434539,2022-02-08
2022-01-31,CASH,,"Công cụ chuyển nhượng…
Transferable instruments…",,,0,0,2022-02-08
2022-01-31,CASH,,,,,299544616192,0.324285889004116,2022-02-08
2022-01-31,Total value of portfolio,,,,,923705367236,1,2022-02-08
2022-02-28,REAL ESTATE INVESTMENT (NOT APPLICABLE),,,,,,,2022-03-02
2022-02-28,"SHARES LISTED, SHARES REGISTERED FOR TRADING, LISTED FUND CERTIFICATES",,,,,,,2022-03-02
2022-02-28,"SHARES UNLISTED, UNREGISTERED FOR TRADING, UNLISTED FUND CERTIFICATES",,,,,0,0,2022-03-02
2022-02-28,"SHARES UNLISTED, UNREGISTERED FOR TRADING, UNLISTED FUND CERTIFICATES",,,,,,,2022-03-02
2022-02-28,BONDS,,,,,,,2022-03-02
2022-02-28,BONDS,,Listed bonds,,,493896999748,0.505095625005326,2022-03-02
2022-02-28,BONDS,,VN0VJC119128,1700000,100368,170625600000,0.174494366472931,2022-03-02
2022-02-28,BONDS,,VNCII1210299,1300000,100032,130041600000,0.132990164471957,2022-03-02
2022-02-28,BONDS,,VNKBC1210209,960000,101340,97286400000,0.0994922727564455,2022-03-02
2022-02-28,BONDS,,VNMML1210211,470230,100000,47023000000,0.0480891999480538,2022-03-02
2022-02-28,BONDS,,VNMSN1200116,487804,100287,48920399748,0.0500296213559384,2022-03-02
2022-02-28,BONDS,,Unlisted Bonds,,,84979978700,0.0869068155431523,2022-03-02
2022-02-28,BONDS,,DAT XANH GROUP JSC 12% 18 Mar 2023,350,100000007,35000002450,0.0357935928375565,2022-03-02
2022-02-28,BONDS,,PDR BOND 12 PCT 02 DEC 2023,250,100000000,25000000000,0.0255668502371466,2022-03-02
2022-02-28,BONDS,,PHAT DAT REAL ESTATE 13% 24/09/2023,250,99919905,24979976250,0.0255463724684491,2022-03-02
2022-02-28,BONDS,,,,,578876978448,0.592002440548478,2022-03-02
2022-02-28,OTHER SECURITIES,,,,,,,2022-03-02
2022-02-28,OTHER SECURITIES,,Investment - Rights,0,,0,0,2022-03-02
2022-02-28,OTHER SECURITIES,,Index future contracts,0,,0,0,2022-03-02
2022-02-28,OTHER SECURITIES,,,,,0,0,2022-03-02
2022-02-28,OTHER SECURITIES,,,,,578876978448,0.592002440548478,2022-03-02
2022-02-28,OTHER ASSETS,,,,,,,2022-03-02
2022-02-28,OTHER ASSETS,,Dividend receivables,,,0,0,2022-03-02
2022-02-28,OTHER ASSETS,,Coupon receivables,,,8676583870,0.00887331681497327,2022-03-02
2022-02-28,OTHER ASSETS,,Interest receivables from bank deposits and certificates of deposit,,,10186331508,0.0104172964852385,2022-03-02
2022-02-28,OTHER ASSETS,,Outstanding Settlement of sales transactions,,,0,0,2022-03-02
2022-02-28,OTHER ASSETS,,Receivable from AP/Investors on securities on hold of buying,,,0,0,2022-03-02
2022-02-28,OTHER ASSETS,,Other receivables,,,0,0,2022-03-02
2022-02-28,OTHER ASSETS,,Other assets,,,0,0,2022-03-02
2022-02-28,OTHER ASSETS,,,,,18862915378,0.0192906133002118,2022-03-02
2022-02-28,CASH,,,,,,,2022-03-02
2022-02-28,CASH,,"Cash, Cash Equivalents",,,167621561044,0.171422213909147,2022-03-02
2022-02-28,CASH,,Cash at Bank,,,100621561044,0.102903055273594,2022-03-02
2022-02-28,CASH,,Cash Equivalents,,,67000000000,0.0685191586355528,2022-03-02
2022-02-28,CASH,,Deposits with term over three (03) months,,,0,0,2022-03-02
2022-02-28,CASH,,Certificates of deposit,,,212467247849,0.217284732242163,2022-03-02
2022-02-28,CASH,,"Công cụ chuyển nhượng…
Transferable instruments…",,,0,0,2022-03-02
2022-02-28,CASH,,,,,380088808893,0.38870694615131,2022-03-02
2022-02-28,Total value of portfolio,,,,,977828702719,1,2022-03-02
2022-03-31,REAL ESTATE INVESTMENT (NOT APPLICABLE),,,,,,,2022-04-04
2022-03-31,"SHARES LISTED, SHARES REGISTERED FOR TRADING, LISTED FUND CERTIFICATES",,,,,,,2022-04-04
2022-03-31,"SHARES UNLISTED, UNREGISTERED FOR TRADING, UNLISTED FUND CERTIFICATES",,,,,0,0,2022-04-04
2022-03-31,"SHARES UNLISTED, UNREGISTERED FOR TRADING, UNLISTED FUND CERTIFICATES",,,,,,,2022-04-04
2022-03-31,BONDS,,,,,,,2022-04-04
2022-03-31,BONDS,,Listed bonds,,,572719907857,0.662029600407592,2022-04-04
2022-03-31,BONDS,,CII121029,1500000,100000,150000000000,0.173390934554232,2022-04-04
2022-03-31,BONDS,,KBC121020,1509617,101377,153040442609,0.176905502457119,2022-04-04
2022-03-31,BONDS,,MML121021,470230,99950,46999488500,0.0543285682305725,2022-04-04
2022-03-31,BONDS,,MSN120011,487804,100287,48920399748,0.0565490255404822,2022-04-04
2022-03-31,BONDS,,MSN121014,180000,99836,17970480000,0.0207727888105875,2022-04-04
2022-03-31,BONDS,,MSN121015,200000,100301,20060200000,0.023188378835632,2022-04-04
2022-03-31,BONDS,,TNG119007,25,1014459880,25361497000,0.029316357776829,2022-04-04
2022-03-31,BONDS,,VJC11912,1100000,100334,110367400000,0.127578044202138,2022-04-04
2022-03-31,BONDS,,Unlisted Bonds,,,84979978700,0.0982317195012781,2022-04-04
2022-03-31,BONDS,,DAT XANH GROUP JSC 12% 18 Mar 2023,350,100000007,35000002450,0.0404578875613727,2022-04-04
2022-03-31,BONDS,,PDR BOND 12 PCT 02 DEC 2023,250,100000000,25000000000,0.028898489092372,2022-04-04
2022-03-31,BONDS,,PHAT DAT REAL ESTATE 13% 24/09/2023,250,99919905,24979976250,0.0288753428475334,2022-04-04
2022-03-31,BONDS,,,,,657699886557,0.76026131990887,2022-04-04
2022-03-31,OTHER SECURITIES,,,,,,,2022-04-04
2022-03-31,OTHER SECURITIES,,Investment - Rights,0,,0,0,2022-04-04
2022-03-31,OTHER SECURITIES,,Index future contracts,0,,0,0,2022-04-04
2022-03-31,OTHER SECURITIES,,,,,0,0,2022-04-04
2022-03-31,OTHER SECURITIES,,,,,657699886557,0.76026131990887,2022-04-04
2022-03-31,OTHER ASSETS,,,,,,,2022-04-04
2022-03-31,OTHER ASSETS,,Dividend receivables,,,0,0,2022-04-04
2022-03-31,OTHER ASSETS,,Coupon receivables,,,12199009901,0.0141013181824714,2022-04-04
2022-03-31,OTHER ASSETS,,Interest receivables from bank deposits and certificates of deposit,,,7689745205,0.00888888071719249,2022-04-04
2022-03-31,OTHER ASSETS,,Outstanding Settlement of sales transactions,,,0,0,2022-04-04
2022-03-31,OTHER ASSETS,,Receivable from AP/Investors on securities on hold of buying,,,0,0,2022-04-04
2022-03-31,OTHER ASSETS,,Other receivables,,,0,0,2022-04-04
2022-03-31,OTHER ASSETS,,Other assets,,,0,0,2022-04-04
2022-03-31,OTHER ASSETS,,,,,19888755106,0.0229901988996639,2022-04-04
2022-03-31,CASH,,,,,,,2022-04-04
2022-03-31,CASH,,"Cash, Cash Equivalents",,,25041241348,0.0289461615981853,2022-04-04
2022-03-31,CASH,,Cash at Bank,,,15041241348,0.0173867659612365,2022-04-04
2022-03-31,CASH,,Cash Equivalents,,,10000000000,0.0115593956369488,2022-04-04
2022-03-31,CASH,,Deposits with term over three (03) months,,,0,0,2022-04-04
2022-03-31,CASH,,Certificates of deposit,,,162467247849,0.187802319593281,2022-04-04
2022-03-31,CASH,,"Công cụ chuyển nhượng…
Transferable instruments…",,,0,0,2022-04-04
2022-03-31,CASH,,,,,187508489197,0.216748481191466,2022-04-04
2022-03-31,Total value of portfolio,,,,,865097130860,1,2022-04-04
2022-04-30,REAL ESTATE INVESTMENT (NOT APPLICABLE),,,,,,,2022-05-05
2022-04-30,"SHARES LISTED, SHARES REGISTERED FOR TRADING, LISTED FUND CERTIFICATES",,,,,,,2022-05-05
2022-04-30,"SHARES UNLISTED, UNREGISTERED FOR TRADING, UNLISTED FUND CERTIFICATES",,,,,0,0,2022-05-05
2022-04-30,"SHARES UNLISTED, UNREGISTERED FOR TRADING, UNLISTED FUND CERTIFICATES",,,,,,,2022-05-05
2022-04-30,BONDS,,,,,,,2022-05-05
2022-04-30,BONDS,,Listed bonds,,,539970808561,0.639499347071614,2022-05-05
2022-04-30,BONDS,,CII121029,1500000,100325,150487500000,0.178225667881762,2022-05-05
2022-04-30,BONDS,,KBC121020,1509617,101377,153040442609,0.181249174163366,2022-05-05
2022-04-30,BONDS,,MML121021,970230,99794,96823132620,0.114669773088157,2022-05-05
2022-04-30,BONDS,,MSN120011,487804,100658,49101375032,0.0581518422393295,2022-05-05
2022-04-30,BONDS,,MSN121015,200000,100301,20060200000,0.0237577376382871,2022-05-05
2022-04-30,BONDS,,TNG119007,30,1010818610,30324558300,0.0359140437327814,2022-05-05
2022-04-30,BONDS,,VJC11912,400000,100334,40133600000,0.0475311083279309,2022-05-05
2022-04-30,BONDS,,Unlisted Bonds,,,82022922940,0.0971415580868566,2022-05-05
2022-04-30,BONDS,,BOND KDH 12% 26/06/2022,47,1000487670,47022920490,0.0556902826486004,2022-05-05
2022-04-30,BONDS,,DAT XANH GROUP JSC 12% 18 Mar 2023,350,100000007,35000002450,0.0414512754382561,2022-05-05
2022-04-30,BONDS,,,,,621993731501,0.73664090515847,2022-05-05
2022-04-30,OTHER SECURITIES,,,,,,,2022-05-05
2022-04-30,OTHER SECURITIES,,Investment - Rights,0,,0,0,2022-05-05
2022-04-30,OTHER SECURITIES,,Index future contracts,0,,0,0,2022-05-05
2022-04-30,OTHER SECURITIES,,,,,0,0,2022-05-05
2022-04-30,OTHER SECURITIES,,,,,621993731501,0.73664090515847,2022-05-05
2022-04-30,OTHER ASSETS,,,,,,,2022-05-05
2022-04-30,OTHER ASSETS,,Dividend receivables,,,0,0,2022-05-05
2022-04-30,OTHER ASSETS,,Coupon receivables,,,13356401791,0.015818281449942,2022-05-05
2022-04-30,OTHER ASSETS,,Interest receivables from bank deposits and certificates of deposit,,,4557816437,0.00539792260863394,2022-05-05
2022-04-30,OTHER ASSETS,,Outstanding Settlement of sales transactions,,,0,0,2022-05-05
2022-04-30,OTHER ASSETS,,Receivable from AP/Investors on securities on hold of buying,,,0,0,2022-05-05
2022-04-30,OTHER ASSETS,,Other receivables,,,0,0,2022-05-05
2022-04-30,OTHER ASSETS,,Other assets,,,0,0,2022-05-05
2022-04-30,OTHER ASSETS,,,,,17914218228,0.0212162040585759,2022-05-05
2022-04-30,CASH,,,,,,,2022-05-05
2022-04-30,CASH,,"Cash, Cash Equivalents",,,81951427374,0.0970568843099586,2022-05-05
2022-04-30,CASH,,Cash at Bank,,,15951427374,0.0188916275265293,2022-05-05
2022-04-30,CASH,,Cash Equivalents,,,66000000000,0.0781652567834293,2022-05-05
2022-04-30,CASH,,Deposits with term over three (03) months,,,0,0,2022-05-05
2022-04-30,CASH,,Certificates of deposit,,,122505532781,0.145086006472995,2022-05-05
2022-04-30,CASH,,"Công cụ chuyển nhượng…
Transferable instruments…",,,0,0,2022-05-05
2022-04-30,CASH,,,,,204456960155,0.242142890782954,2022-05-05
2022-04-30,Total value of portfolio,,,,,844364909884,1,2022-05-05
2022-05-31,REAL ESTATE INVESTMENT (NOT APPLICABLE),,,,,,,2022-06-01
2022-05-31,"SHARES LISTED, SHARES REGISTERED FOR TRADING, LISTED FUND CERTIFICATES",,,,,,,2022-06-01
2022-05-31,"SHARES UNLISTED, UNREGISTERED FOR TRADING, UNLISTED FUND CERTIFICATES",,,,,0,0,2022-06-01
2022-05-31,"SHARES UNLISTED, UNREGISTERED FOR TRADING, UNLISTED FUND CERTIFICATES",,,,,,,2022-06-01
2022-05-31,BONDS,,,,,,,2022-06-01
2022-05-31,BONDS,,Listed bonds,,,559346603577,0.676178035456221,2022-06-01
2022-05-31,BONDS,,CII121029,1500000,100033,150049500000,0.181390528667474,2022-06-01
2022-05-31,BONDS,,KBC121020,1509617,101377,153040442609,0.18500619323857,2022-06-01
2022-05-31,BONDS,,MML121021,970230,99794,96823132620,0.117046702676002,2022-06-01
2022-05-31,BONDS,,MSN120011,487804,100287,48920399748,0.0591384654591578,2022-06-01
2022-05-31,BONDS,,MSN121014,200000,99500,19900000000,0.0240565381456302,2022-06-01
2022-05-31,BONDS,,MSN121015,200000,100301,20060200000,0.0242501993220588,2022-06-01
2022-05-31,BONDS,,TNG119007,30,1013977620,30419328600,0.0367730522025306,2022-06-01
2022-05-31,BONDS,,VJC11912,400000,100334,40133600000,0.0485163557447972,2022-06-01
2022-05-31,BONDS,,Unlisted Bonds,,,82022922940,0.0991551544986028,2022-06-01
2022-05-31,BONDS,,BOND KDH 12% 26/06/2022,47,1000487670,47022920490,0.0568446573108855,2022-06-01
2022-05-31,BONDS,,DAT XANH GROUP JSC 12% 18 Mar 2023,350,100000007,35000002450,0.0423104971877174,2022-06-01
2022-05-31,BONDS,,,,,641369526517,0.775333189954823,2022-06-01
2022-05-31,OTHER SECURITIES,,,,,,,2022-06-01
2022-05-31,OTHER SECURITIES,,Investment - Rights,0,,0,0,2022-06-01
2022-05-31,OTHER SECURITIES,,Index future contracts,0,,0,0,2022-06-01
2022-05-31,OTHER SECURITIES,,,,,0,0,2022-06-01
2022-05-31,OTHER SECURITIES,,,,,641369526517,0.775333189954823,2022-06-01
2022-05-31,OTHER ASSETS,,,,,,,2022-06-01
2022-05-31,OTHER ASSETS,,Dividend receivables,,,0,0,2022-06-01
2022-05-31,OTHER ASSETS,,Coupon receivables,,,19407713135,0.0234614267010842,2022-06-01
2022-05-31,OTHER ASSETS,,Interest receivables from bank deposits and certificates of deposit,,,1607169863,0.00194286146310386,2022-06-01
2022-05-31,OTHER ASSETS,,Outstanding Settlement of sales transactions,,,0,0,2022-06-01
2022-05-31,OTHER ASSETS,,Receivable from AP/Investors on securities on hold of buying,,,0,0,2022-06-01
2022-05-31,OTHER ASSETS,,Other receivables,,,0,0,2022-06-01
2022-05-31,OTHER ASSETS,,Other assets,,,0,0,2022-06-01
2022-05-31,OTHER ASSETS,,,,,21014882998,0.0254042881641881,2022-06-01
2022-05-31,CASH,,,,,,,2022-06-01
2022-05-31,CASH,,"Cash, Cash Equivalents",,,52353745887,0.0632889389445852,2022-06-01
2022-05-31,CASH,,Cash at Bank,,,3353745887,0.00405424702820934,2022-06-01
2022-05-31,CASH,,Cash Equivalents,,,49000000000,0.0592346919163759,2022-06-01
2022-05-31,CASH,,Deposits with term over three (03) months,,,0,0,2022-06-01
2022-05-31,CASH,,Certificates of deposit,,,112479787576,0.135973582936403,2022-06-01
2022-05-31,CASH,,"Công cụ chuyển nhượng…
Transferable instruments…",,,0,0,2022-06-01
2022-05-31,CASH,,,,,164833533463,0.199262521880988,2022-06-01
2022-05-31,Total value of portfolio,,,,,827217942978,1,2022-06-01
2022-06-30,REAL ESTATE INVESTMENT (NOT APPLICABLE),,,,,,,2022-07-01
2022-06-30,"SHARES LISTED, SHARES REGISTERED FOR TRADING, LISTED FUND CERTIFICATES",,,,,,,2022-07-01
2022-06-30,"SHARES UNLISTED, UNREGISTERED FOR TRADING, UNLISTED FUND CERTIFICATES",,,,,0,0,2022-07-01
2022-06-30,"SHARES UNLISTED, UNREGISTERED FOR TRADING, UNLISTED FUND CERTIFICATES",,,,,,,2022-07-01
2022-06-30,BONDS,,,,,,,2022-07-01
2022-06-30,BONDS,,Listed bonds,,,562089385786,0.683921935949369,2022-07-01
2022-06-30,BONDS,,VND122013,400000,100000,40000000000,0.0486699769285274,2022-07-01
2022-06-30,BONDS,,VJC11912,400000,100334,40133600000,0.0488325346514687,2022-07-01
2022-06-30,BONDS,,CII121029,1500000,100325,150487500000,0.183105578825794,2022-07-01
2022-06-30,BONDS,,KBC121020,1109617,100944,112009178448,0.136287103271187,2022-07-01
2022-06-30,BONDS,,MML121021,970230,99794,96823132620,0.117809490769079,2022-07-01
2022-06-30,BONDS,,MSN120011,487804,100287,48920399748,0.0595238681767375,2022-07-01
2022-06-30,BONDS,,MSN121014,200000,101274,20254800000,0.0246450162172984,2022-07-01
2022-06-30,BONDS,,MSN121015,200000,100079,20015800000,0.0243542131051505,2022-07-01
2022-06-30,BONDS,,TNG119007,33,1013484090,33444974970,0.0406941540041269,2022-07-01
2022-06-30,BONDS,,Unlisted Bonds,,,79051985780,0.096186458101672,2022-07-01
2022-06-30,BONDS,,DAT XANH GROUP JSC 12% 18 Mar 2023,350,100000007,35000002450,0.0425862327934976,2022-07-01
2022-06-30,BONDS,,PHAT DAT REAL ESTATE 12% 02/12/2023,190,100059582,19011320580,0.023132013350236,2022-07-01
2022-06-30,BONDS,,PHAT DAT REAL ESTATE 13% 24/09/2023,250,100162651,25040662750,0.0304682119579384,2022-07-01
2022-06-30,BONDS,,,,,641141371566,0.780108394051041,2022-07-01
2022-06-30,OTHER SECURITIES,,,,,,,2022-07-01
2022-06-30,OTHER SECURITIES,,Investment - Rights,0,,0,0,2022-07-01
2022-06-30,OTHER SECURITIES,,Index future contracts,0,,0,0,2022-07-01
2022-06-30,OTHER SECURITIES,,,,,0,0,2022-07-01
2022-06-30,OTHER SECURITIES,,,,,641141371566,0.780108394051041,2022-07-01
2022-06-30,OTHER ASSETS,,,,,,,2022-07-01
2022-06-30,OTHER ASSETS,,Dividend receivables,,,0,0,2022-07-01
2022-06-30,OTHER ASSETS,,Coupon receivables,,,12669391458,0.0154154747489836,2022-07-01
2022-06-30,OTHER ASSETS,,Interest receivables from bank deposits and certificates of deposit,,,2210649316,0.00268980628016962,2022-07-01
2022-06-30,OTHER ASSETS,,Outstanding Settlement of sales transactions,,,0,0,2022-07-01
2022-06-30,OTHER ASSETS,,Receivable from AP/Investors on securities on hold of buying,,,0,0,2022-07-01
2022-06-30,OTHER ASSETS,,Other receivables,,,0,0,2022-07-01
2022-06-30,OTHER ASSETS,,Other assets,,,0,0,2022-07-01
2022-06-30,OTHER ASSETS,,,,,14880040774,0.0181052810291532,2022-07-01
2022-06-30,CASH,,,,,,,2022-07-01
2022-06-30,CASH,,"Cash, Cash Equivalents",,,53360706013,0.0649266082635661,2022-07-01
2022-06-30,CASH,,Cash at Bank,,,18360706013,0.0223403784511046,2022-07-01
2022-06-30,CASH,,Cash Equivalents,,,35000000000,0.0425862298124615,2022-07-01
2022-06-30,CASH,,Deposits with term over three (03) months,,,0,0,2022-07-01
2022-06-30,CASH,,Certificates of deposit,,,112479787576,0.13685971665624,2022-07-01
2022-06-30,CASH,,"Công cụ chuyển nhượng…
Transferable instruments…",,,0,0,2022-07-01
2022-06-30,CASH,,,,,165840493589,0.201786324919806,2022-07-01
2022-06-30,Total value of portfolio,,,,,821861905929,1,2022-07-01
2022-07-31,REAL ESTATE INVESTMENT (NOT APPLICABLE),,,,,,,2022-08-01
2022-07-31,"SHARES LISTED, SHARES REGISTERED FOR TRADING, LISTED FUND CERTIFICATES",,,,,,,2022-08-01
2022-07-31,"SHARES UNLISTED, UNREGISTERED FOR TRADING, UNLISTED FUND CERTIFICATES",,,0,,0,0,2022-08-01
2022-07-31,"SHARES UNLISTED, UNREGISTERED FOR TRADING, UNLISTED FUND CERTIFICATES",,,,,,,2022-08-01
2022-07-31,BONDS,,,,,,,2022-08-01
2022-07-31,BONDS,,Listed bonds,,,552899562925,0.670075970030995,2022-08-01
2022-07-31,BONDS,,CII121029,1500000,100325,150487500000,0.182380425490982,2022-08-01
2022-07-31,BONDS,,KBC121020,1509617,101331,152971000227,0.185390255730086,2022-08-01
2022-07-31,BONDS,,MML121021,470230,99426,46753087980,0.0566615039708262,2022-08-01
2022-07-31,BONDS,,MSN120011,487804,100287,48920399748,0.0592881357005011,2022-08-01
2022-07-31,BONDS,,MSN121014,200000,101274,20254800000,0.0245474145177157,2022-08-01
2022-07-31,BONDS,,MSN121015,200000,100301,20060200000,0.0243115727979679,2022-08-01
2022-07-31,BONDS,,TNG119007,33,1013484090,33444974970,0.040532992876909,2022-08-01
2022-07-31,BONDS,,VND122013,400000,100019,40007600000,0.0484864398097716,2022-08-01
2022-07-31,BONDS,,VND122014,400000,100000,40000000000,0.0484772291362357,2022-08-01
2022-07-31,BONDS,,Unlisted Bonds,,,79051985780,0.0958055307082877,2022-08-01
2022-07-31,BONDS,,DAT XANH GROUP JSC 12% 18 Mar 2023,350,100000007,35000002450,0.0424175784634365,2022-08-01
2022-07-31,BONDS,,PDR BOND 12 PCT 02 DEC 2023,190,100059582,19011320580,0.0230404035984773,2022-08-01
2022-07-31,BONDS,,PHAT DAT REAL ESTATE 13% 24/09/2023,250,100162651,25040662750,0.0303475486463738,2022-08-01
2022-07-31,BONDS,,,,,631951548705,0.765881500739283,2022-08-01
2022-07-31,OTHER SECURITIES,,,,,,,2022-08-01
2022-07-31,OTHER SECURITIES,,Investment - Rights,0,,0,0,2022-08-01
2022-07-31,OTHER SECURITIES,,Index future contracts,0,,0,0,2022-08-01
2022-07-31,OTHER SECURITIES,,,,,0,0,2022-08-01
2022-07-31,OTHER SECURITIES,,,,,631951548705,0.765881500739283,2022-08-01
2022-07-31,OTHER ASSETS,,,,,,,2022-08-01
2022-07-31,OTHER ASSETS,,Dividend receivables,,,0,0,2022-08-01
2022-07-31,OTHER ASSETS,,Coupon receivables,,,9886576906,0.0119818463511295,2022-08-01
2022-07-31,OTHER ASSETS,,Interest receivables from bank deposits and certificates of deposit,,,894150684,0.00108364868976475,2022-08-01
2022-07-31,OTHER ASSETS,,Outstanding Settlement of sales transactions,,,0,0,2022-08-01
2022-07-31,OTHER ASSETS,,Receivable from AP/Investors on securities on hold of buying,,,0,0,2022-08-01
2022-07-31,OTHER ASSETS,,Other receivables,,,0,0,2022-08-01
2022-07-31,OTHER ASSETS,,Other assets,,,0,0,2022-08-01
2022-07-31,OTHER ASSETS,,,,,10780727590,0.0130654950408942,2022-08-01
2022-07-31,CASH,,,,,,,2022-08-01
2022-07-31,CASH,,"Cash, Cash Equivalents",,,96830047403,0.117351309880695,2022-08-01
2022-07-31,CASH,,Cash at Bank,,,34830047403,0.0422116047195296,2022-08-01
2022-07-31,CASH,,Cash Equivalents,,,62000000000,0.0751397051611654,2022-08-01
2022-07-31,CASH,,Deposits with term over three (03) months,,,0,0,2022-08-01
2022-07-31,CASH,,Certificates of deposit,,,85567344658,0.103701694339128,2022-08-01
2022-07-31,CASH,,"Công cụ chuyển nhượng…
Transferable instruments…",,,0,0,2022-08-01
2022-07-31,CASH,,,,,182397392061,0.221053004219823,2022-08-01
2022-07-31,Total value of portfolio,,,,,825129668356,1,2022-08-01
2022-08-31,REAL ESTATE INVESTMENT (NOT APPLICABLE),,,,,,,2022-09-05
2022-08-31,"SHARES LISTED, SHARES REGISTERED FOR TRADING, LISTED FUND CERTIFICATES",,,,,,,2022-09-05
2022-08-31,"SHARES UNLISTED, UNREGISTERED FOR TRADING, UNLISTED FUND CERTIFICATES",,,0,,0,0,2022-09-05
2022-08-31,"SHARES UNLISTED, UNREGISTERED FOR TRADING, UNLISTED FUND CERTIFICATES",,,,,,,2022-09-05
2022-08-31,BONDS,,,,,,,2022-09-05
2022-08-31,BONDS,,Listed bonds,,,590288477463,0.712727859061261,2022-09-05
2022-08-31,BONDS,,VNTNG1220171,60800,100322,6099577600,0.00736477002348148,2022-09-05
2022-08-31,BONDS,,VN0MSN120032,200000,100527,20105400000,0.0242757215237502,2022-09-05
2022-08-31,BONDS,,VNCII1210299,1550000,100281,155435550000,0.187676451435482,2022-09-05
2022-08-31,BONDS,,VNKBC1210209,1569617,101325,159041442525,0.192030288851374,2022-09-05
2022-08-31,BONDS,,VNMML1210211,470230,99794,46926132620,0.0566596898181429,2022-09-05
2022-08-31,BONDS,,VNMSN1200116,487804,100287,48920399748,0.0590676137312855,2022-09-05
2022-08-31,BONDS,,VNMSN1210149,200000,101274,20254800000,0.0244561105135563,2022-09-05
2022-08-31,BONDS,,VNMSN1210156,200000,100301,20060200000,0.0242211460060846,2022-09-05
2022-08-31,BONDS,,VNTNG1190077,33,1013484090,33444974970,0.0403822305818594,2022-09-05
2022-08-31,BONDS,,VNVND1220133,400000,100000,40000000000,0.048296918288122,2022-09-05
2022-08-31,BONDS,,VNVND1220141,400000,100000,40000000000,0.048296918288122,2022-09-05
2022-08-31,BONDS,,Unlisted Bonds,,,81051983330,0.0978640253994809,2022-09-05
2022-08-31,BONDS,,KDH TRADING & INV JSC 12% 23/08/2025,37,1000000000,37000000000,0.0446746494165128,2022-09-05
2022-08-31,BONDS,,PDR BOND 12 PCT 02 DEC 2023,190,100059582,19011320580,0.0229547049150388,2022-09-05
2022-08-31,BONDS,,PHAT DAT REAL ESTATE 13% 24/09/2023,250,100162651,25040662750,0.0302346710679293,2022-09-05
2022-08-31,BONDS,,,,,671340460793,0.810591884460742,2022-09-05
2022-08-31,OTHER SECURITIES,,,,,,,2022-09-05
2022-08-31,OTHER SECURITIES,,Investment - Rights,0,,0,0,2022-09-05
2022-08-31,OTHER SECURITIES,,Index future contracts,0,,0,0,2022-09-05
2022-08-31,OTHER SECURITIES,,,,,0,0,2022-09-05
2022-08-31,OTHER SECURITIES,,,,,671340460793,0.810591884460742,2022-09-05
2022-08-31,OTHER ASSETS,,,,,,,2022-09-05
2022-08-31,OTHER ASSETS,,Dividend receivables,,,0,0,2022-09-05
2022-08-31,OTHER ASSETS,,Coupon receivables,,,12000574726,0.0144897694238031,2022-09-05
2022-08-31,OTHER ASSETS,,Interest receivables from bank deposits and certificates of deposit,,,1407594521,0.00169956193908863,2022-09-05
2022-08-31,OTHER ASSETS,,Outstanding Settlement of sales transactions,,,0,0,2022-09-05
2022-08-31,OTHER ASSETS,,Receivable from AP/Investors on securities on hold of buying,,,0,0,2022-09-05
2022-08-31,OTHER ASSETS,,Other receivables,,,0,0,2022-09-05
2022-08-31,OTHER ASSETS,,Other assets,,,0,0,2022-09-05
2022-08-31,OTHER ASSETS,,,,,13408169247,0.0161893313628917,2022-09-05
2022-08-31,CASH,,,,,,,2022-09-05
2022-08-31,CASH,,"Cash, Cash Equivalents",,,57894217956,0.0699028078493914,2022-09-05
2022-08-31,CASH,,Cash at Bank,,,6194217956,0.00747904096199375,2022-09-05
2022-08-31,CASH,,Cash Equivalents,,,51700000000,0.0624237668873977,2022-09-05
2022-08-31,CASH,,Deposits with term over three (03) months,,,0,0,2022-09-05
2022-08-31,CASH,,Certificates of deposit,,,85567344658,0.103315976326975,2022-09-05
2022-08-31,CASH,,"Công cụ chuyển nhượng…
Transferable instruments…",,,0,0,2022-09-05
2022-08-31,CASH,,,,,143461562614,0.173218784176366,2022-09-05
2022-08-31,Total value of portfolio,,,,,828210192654,1,2022-09-05
2022-09-30,REAL ESTATE INVESTMENT (NOT APPLICABLE),,,,,,,2022-10-03
2022-09-30,"SHARES LISTED, SHARES REGISTERED FOR TRADING, LISTED FUND CERTIFICATES",,,,,,,2022-10-03
2022-09-30,"SHARES UNLISTED, UNREGISTERED FOR TRADING, UNLISTED FUND CERTIFICATES",,,0,,0,0,2022-10-03
2022-09-30,"SHARES UNLISTED, UNREGISTERED FOR TRADING, UNLISTED FUND CERTIFICATES",,,,,,,2022-10-03
2022-09-30,BONDS,,,,,,,2022-10-03
2022-09-30,BONDS,,Listed bonds,,,589813932379,0.715360856805526,2022-10-03
2022-09-30,BONDS,,CII121029,1550000,100281,155435550000,0.188521332104764,2022-10-03
2022-09-30,BONDS,,KBC121020,1569617,101073,158645899041,0.192415031311481,2022-10-03
2022-09-30,BONDS,,MML121021,470230,99794,46926132620,0.0569147600535863,2022-10-03
2022-09-30,BONDS,,MSN120011,487804,100287,48920399748,0.0593335239434641,2022-10-03
2022-09-30,BONDS,,MSN12003,200000,100129,20025800000,0.0242884622756093,2022-10-03
2022-09-30,BONDS,,MSN121014,200000,101274,20254800000,0.0245662068781278,2022-10-03
2022-09-30,BONDS,,MSN121015,200000,100301,20060200000,0.0243301846089134,2022-10-03
2022-09-30,BONDS,,TNG119007,33,1013484090,33444974970,0.0405640230536379,2022-10-03
2022-09-30,BONDS,,TNG122017,60800,100345,6100976000,0.00739962076023917,2022-10-03
2022-09-30,BONDS,,VND122013,400000,99932,39972800000,0.0484813512993476,2022-10-03
2022-09-30,BONDS,,VND122014,400000,100066,40026400000,0.0485463605163563,2022-10-03
2022-09-30,BONDS,,Unlisted Bonds,,,81051983330,0.0983045890538215,2022-10-03
2022-09-30,BONDS,,KDH TRADING & INV JSC 12% 23/08/2025,37,1000000000,37000000000,0.0448757654724178,2022-10-03
2022-09-30,BONDS,,PDR BOND 12 PCT 02 DEC 2023,190,100059582,19011320580,0.0230580422613251,2022-10-03
2022-09-30,BONDS,,PHAT DAT REAL ESTATE 13% 24/09/2023,250,100162651,25040662750,0.0303707813200786,2022-10-03
2022-09-30,BONDS,,,,,670865915709,0.813665445859348,2022-10-03
2022-09-30,OTHER SECURITIES,,,,,,,2022-10-03
2022-09-30,OTHER SECURITIES,,Investment - Rights,0,,0,0,2022-10-03
2022-09-30,OTHER SECURITIES,,Index future contracts,0,,0,0,2022-10-03
2022-09-30,OTHER SECURITIES,,,,,0,0,2022-10-03
2022-09-30,OTHER SECURITIES,,,,,670865915709,0.813665445859348,2022-10-03
2022-09-30,OTHER ASSETS,,,,,,,2022-10-03
2022-09-30,OTHER ASSETS,,Dividend receivables,,,0,0,2022-10-03
2022-09-30,OTHER ASSETS,,Coupon receivables,,,16140010045,0.0195755487973483,2022-10-03
2022-09-30,OTHER ASSETS,,Interest receivables from bank deposits and certificates of deposit,,,2121564386,0.00257315745461541,2022-10-03
2022-09-30,OTHER ASSETS,,Outstanding Settlement of sales transactions,,,0,0,2022-10-03
2022-09-30,OTHER ASSETS,,Receivable from AP/Investors on securities on hold of buying,,,0,0,2022-10-03
2022-09-30,OTHER ASSETS,,Other receivables,,,0,0,2022-10-03
2022-09-30,OTHER ASSETS,,Other assets,,,0,0,2022-10-03
2022-09-30,OTHER ASSETS,,,,,18261574431,0.0221487062519637,2022-10-03
2022-09-30,CASH,,,,,,,2022-10-03
2022-09-30,CASH,,"Cash, Cash Equivalents",,,39810049797,0.048283958327985,2022-10-03
2022-09-30,CASH,,Cash at Bank,,,910049797,0.00110376165563225,2022-10-03
2022-09-30,CASH,,Cash Equivalents,,,38900000000,0.0471801966723527,2022-10-03
2022-09-30,CASH,,Deposits with term over three (03) months,,,0,0,2022-10-03
2022-09-30,CASH,,Certificates of deposit,,,95560930685,0.115901889560704,2022-10-03
2022-09-30,CASH,,"Công cụ chuyển nhượng…
Transferable instruments…",,,0,0,2022-10-03
2022-09-30,CASH,,,,,135370980482,0.164185847888689,2022-10-03
2022-09-30,Total value of portfolio,,,,,824498470622,1,2022-10-03
2022-10-31,REAL ESTATE INVESTMENT (NOT APPLICABLE),,,,,,,2022-11-01
2022-10-31,"SHARES LISTED, SHARES REGISTERED FOR TRADING, LISTED FUND CERTIFICATES",,,,,,,2022-11-01
2022-10-31,"SHARES UNLISTED, UNREGISTERED FOR TRADING, UNLISTED FUND CERTIFICATES",,,0,,0,0,2022-11-01
2022-10-31,"SHARES UNLISTED, UNREGISTERED FOR TRADING, UNLISTED FUND CERTIFICATES",,,,,,,2022-11-01
2022-10-31,BONDS,,,,,,,2022-11-01
2022-10-31,BONDS,,Listed bonds,,,463754733922,0.719142025265496,2022-11-01
2022-10-31,BONDS,,CII121029,1250000,100281,125351250000,0.194381523682135,2022-11-01
2022-10-31,BONDS,,KBC121020,1209617,100962,122125351554,0.189379139939035,2022-11-01
2022-10-31,BONDS,,MML121021,470230,99794,46926132620,0.0727681068931147,2022-11-01
2022-10-31,BONDS,,MSN120011,487804,100287,48920399748,0.0758606064331658,2022-11-01
2022-10-31,BONDS,,MSN121014,200000,101248,20249600000,0.0314009481513249,2022-11-01
2022-10-31,BONDS,,MSN121015,200000,100710,20142000000,0.0312340933975973,2022-11-01
2022-10-31,BONDS,,TNG122017,400000,100000,40000000000,0.0620277894898168,2022-11-01
2022-10-31,BONDS,,VND122013,400000,100100,40040000000,0.0620898172793066,2022-11-01
2022-10-31,BONDS,,Unlisted Bonds,,,81051983330,0.125686883993135,2022-11-01
2022-10-31,BONDS,,KDH TRADING & INV JSC 12% 23/08/2025,37,1000000000,37000000000,0.0573757052780806,2022-11-01
2022-10-31,BONDS,,PDR BOND 12 PCT 02 DEC 2023,190,100059582,19011320580,0.0294807547714916,2022-11-01
2022-10-31,BONDS,,PHAT DAT REAL ESTATE 13% 24/09/2023,250,100162651,25040662750,0.0388304239435624,2022-11-01
2022-10-31,BONDS,,,,,544806717252,0.84482890925863,2022-11-01
2022-10-31,OTHER SECURITIES,,,,,,,2022-11-01
2022-10-31,OTHER SECURITIES,,Investment - Rights,0,,0,0,2022-11-01
2022-10-31,OTHER SECURITIES,,Index future contracts,0,,0,0,2022-11-01
2022-10-31,OTHER SECURITIES,,,,,0,0,2022-11-01
2022-10-31,OTHER SECURITIES,,,,,544806717252,0.84482890925863,2022-11-01
2022-10-31,OTHER ASSETS,,,,,,,2022-11-01
2022-10-31,OTHER ASSETS,,Dividend receivables,,,0,0,2022-11-01
2022-10-31,OTHER ASSETS,,Coupon receivables,,,13334639328,0.0206779550289954,2022-11-01
2022-10-31,OTHER ASSETS,,Interest receivables from bank deposits and certificates of deposit,,,974920547,0.00151180416146533,2022-11-01
2022-10-31,OTHER ASSETS,,Outstanding Settlement of sales transactions,,,2042200000,0.0031668287924026,2022-11-01
2022-10-31,OTHER ASSETS,,Receivable from AP/Investors on securities on hold of buying,,,0,0,2022-11-01
2022-10-31,OTHER ASSETS,,Other receivables,,,0,0,2022-11-01
2022-10-31,OTHER ASSETS,,Other assets,,,0,0,2022-11-01
2022-10-31,OTHER ASSETS,,,,,16351759875,0.0253565879828633,2022-11-01
2022-10-31,CASH,,,,,,,2022-11-01
2022-10-31,CASH,,"Cash, Cash Equivalents",,,43146425461,0.0669069348933245,2022-11-01
2022-10-31,CASH,,Cash at Bank,,,2146425461,0.00332845066626228,2022-11-01
2022-10-31,CASH,,Cash Equivalents,,,41000000000,0.0635784842270622,2022-11-01
2022-10-31,CASH,,Deposits with term over three (03) months,,,0,0,2022-11-01
2022-10-31,CASH,,Certificates of deposit,,,40567344658,0.0629075678651817,2022-11-01
2022-10-31,CASH,,"Công cụ chuyển nhượng…
Transferable instruments…",,,0,0,2022-11-01
2022-10-31,CASH,,,,,83713770119,0.129814502758506,2022-11-01
2022-10-31,Total value of portfolio,,,,,644872247246,1,2022-11-01
2022-11-30,REAL ESTATE INVESTMENT (NOT APPLICABLE),,,,,,,2022-12-01
2022-11-30,"SHARES LISTED, SHARES REGISTERED FOR TRADING, LISTED FUND CERTIFICATES",,,,,,,2022-12-01
2022-11-30,"SHARES UNLISTED, UNREGISTERED FOR TRADING, UNLISTED FUND CERTIFICATES",,,0,,0,0,2022-12-01
2022-11-30,"SHARES UNLISTED, UNREGISTERED FOR TRADING, UNLISTED FUND CERTIFICATES",,,,,,,2022-12-01
2022-11-30,BONDS,,,,,,,2022-12-01
2022-11-30,BONDS,,Listed bonds,,,363273686341,0.609515001166686,2022-12-01
2022-11-30,BONDS,,CII121029,750000,100281,75210750000,0.126191579785842,2022-12-01
2022-11-30,BONDS,,KBC121020,709617,101269,71862203973,0.120573256432695,2022-12-01
2022-11-30,BONDS,,MML121021,470230,99794,46926132620,0.0787345267605728,2022-12-01
2022-11-30,BONDS,,MSN120011,487804,100287,48920399748,0.0820805872558782,2022-12-01
2022-11-30,BONDS,,MSN121014,200000,101274,20254800000,0.0339843069008922,2022-12-01
2022-11-30,BONDS,,MSN121015,200000,100301,20060200000,0.033657799301562,2022-12-01
2022-11-30,BONDS,,TNG122017,400000,99998,39999200000,0.0671122444354014,2022-12-01
2022-11-30,BONDS,,VND122013,400000,100100,40040000000,0.0671807002938427,2022-12-01
2022-11-30,BONDS,,Unlisted Bonds,,,81051983330,0.135992232775081,2022-12-01
2022-11-30,BONDS,,KDH TRADING & INV JSC 12% 23/08/2025,37,1000000000,37000000000,0.0620800677041004,2022-12-01
2022-11-30,BONDS,,PDR BOND 12 PCT 02 DEC 2023,190,100059582,19011320580,0.0318979478040745,2022-12-01
2022-11-30,BONDS,,PHAT DAT REAL ESTATE 13% 24/09/2023,250,100162651,25040662750,0.0420142172669066,2022-12-01
2022-11-30,BONDS,,,,,444325669671,0.745507233941768,2022-12-01
2022-11-30,OTHER SECURITIES,,,,,,,2022-12-01
2022-11-30,OTHER SECURITIES,,Investment - Rights,0,,0,0,2022-12-01
2022-11-30,OTHER SECURITIES,,Index future contracts,0,,0,0,2022-12-01
2022-11-30,OTHER SECURITIES,,,,,0,0,2022-12-01
2022-11-30,OTHER SECURITIES,,,,,444325669671,0.745507233941768,2022-12-01
2022-11-30,OTHER ASSETS,,,,,,,2022-12-01
2022-11-30,OTHER ASSETS,,Dividend receivables,,,0,0,2022-12-01
2022-11-30,OTHER ASSETS,,Coupon receivables,,,13952513006,0.0234100797852654,2022-12-01
2022-11-30,OTHER ASSETS,,Interest receivables from bank deposits and certificates of deposit,,,1281271234,0.00214976770146044,2022-12-01
2022-11-30,OTHER ASSETS,,Outstanding Settlement of sales transactions,,,0,0,2022-12-01
2022-11-30,OTHER ASSETS,,Receivable from AP/Investors on securities on hold of buying,,,0,0,2022-12-01
2022-11-30,OTHER ASSETS,,Other receivables,,,0,0,2022-12-01
2022-11-30,OTHER ASSETS,,Other assets,,,0,0,2022-12-01
2022-11-30,OTHER ASSETS,,,,,15233784240,0.0255598474867259,2022-12-01
2022-11-30,CASH,,,,,,,2022-12-01
2022-11-30,CASH,,"Cash, Cash Equivalents",,,85877706071,0.144089021815149,2022-12-01
2022-11-30,CASH,,Cash at Bank,,,44677706071,0.0749620275067994,2022-12-01
2022-11-30,CASH,,Cash Equivalents,,,41200000000,0.0691269943083496,2022-12-01
2022-11-30,CASH,,Deposits with term over three (03) months,,,10000000000,0.0167783966767839,2022-12-01
2022-11-30,CASH,,Certificates of deposit,,,40567344658,0.0680655000795734,2022-12-01
2022-11-30,CASH,,"Công cụ chuyển nhượng…
Transferable instruments…",,,0,0,2022-12-01
2022-11-30,CASH,,,,,136445050729,0.2289329185715063,2022-12-01
2022-11-30,Total value of portfolio,,,,,596004504640,1,2022-12-01
2022-12-31,REAL ESTATE INVESTMENT (NOT APPLICABLE),,,,,,,2023-01-04
2022-12-31,"SHARES LISTED, SHARES REGISTERED FOR TRADING, LISTED FUND CERTIFICATES",,,,,,,2023-01-04
2022-12-31,"SHARES UNLISTED, UNREGISTERED FOR TRADING, UNLISTED FUND CERTIFICATES",,,,,,,2023-01-04
2022-12-31,"SHARES UNLISTED, UNREGISTERED FOR TRADING, UNLISTED FUND CERTIFICATES",,,,,0,0,2023-01-04
2022-12-31,BONDS,,,,,,,2023-01-04
2022-12-31,BONDS,,Listed bonds,,,239252137663,0.542398391662382,2023-01-04
2022-12-31,BONDS,,CII121029,750000,100281,75210750000,0.170507106996813,2023-01-04
2022-12-31,BONDS,,KBC121020,209617,101269,21227703973,0.0481244289230062,2023-01-04
2022-12-31,BONDS,,MML121021,300230,100103,30053923690,0.068133977952419,2023-01-04
2022-12-31,BONDS,,TNG122017,400000,99998,39999200000,0.0906804928043789,2023-01-04
2022-12-31,BONDS,,VND122013,730000,99672,72760560000,0.164952384985764,2023-01-04
2022-12-31,BONDS,,Unlisted Bonds,,,71546323040,0.162199639783008,2023-01-04
2022-12-31,BONDS,,KDH TRADING & INV JSC 12% 23/08/2025,37,1000000000,37000000000,0.0838811334667198,2023-01-04
2022-12-31,BONDS,,PDR BOND 12 PCT 02 DEC 2023,95,100059582,9505660290,0.0215498799858051,2023-01-04
2022-12-31,BONDS,,PHAT DAT REAL ESTATE 13% 24/09/2023,250,100162651,25040662750,0.0567686263304829,2023-01-04
2022-12-31,BONDS,,,,,310798460703,0.704598031445389,2023-01-04
2022-12-31,OTHER SECURITIES,,,,,,,2023-01-04
2022-12-31,OTHER SECURITIES,,Investment - Rights,,,0,0,2023-01-04
2022-12-31,OTHER SECURITIES,,Index future contracts,,,0,0,2023-01-04
2022-12-31,OTHER SECURITIES,,,,,0,0,2023-01-04
2022-12-31,OTHER SECURITIES,,,,,310798460703,0.704598031445389,2023-01-04
2022-12-31,OTHER ASSETS,,,,,,,2023-01-04
2022-12-31,OTHER ASSETS,,Dividend receivables,,,0,0,2023-01-04
2022-12-31,OTHER ASSETS,,Coupon receivables,,,9637892024,0.0218496569514318,2023-01-04
2022-12-31,OTHER ASSETS,,Interest receivables from bank deposits and certificates of deposit,,,602849315,0.00136669415815772,2023-01-04
2022-12-31,OTHER ASSETS,,Outstanding Settlement of sales transactions,,,0,0,2023-01-04
2022-12-31,OTHER ASSETS,,Receivable from AP/Investors on securities on hold of buying,,,0,0,2023-01-04
2022-12-31,OTHER ASSETS,,Other receivables,,,0,0,2023-01-04
2022-12-31,OTHER ASSETS,,Other assets,,,0,0,2023-01-04
2022-12-31,OTHER ASSETS,,,,,10240741339,0.0232163511095896,2023-01-04
2022-12-31,CASH,,,,,,,2023-01-04
2022-12-31,CASH,,"Cash, Cash Equivalent",,,90661179782,0.205534122203898,2023-01-04
2022-12-31,CASH,,Cash at Bank,,,2261179782,0.00512622494827541,2023-01-04
2022-12-31,CASH,,Cash Equivalents,,,88400000000,0.200407897255622,2023-01-04
2022-12-31,CASH,,Deposits with term over three (03) months,,,29400000000,0.0666514952411233,2023-01-04
2022-12-31,CASH,,Certificates of deposit,,,0,0,2023-01-04
2022-12-31,CASH,,,,,120061179782,0.272185617445021,2023-01-04
2022-12-31,Total value of portfolio,,,,,441100381824,1,2023-01-04
2023-01-31,REAL ESTATE INVESTMENT (NOT APPLICABLE),,,,,,,2023-02-01
2023-01-31,REAL ESTATE INVESTMENT (NOT APPLICABLE),2264,,,,,,2023-02-01
2023-01-31,"SHARES LISTED, SHARES REGISTERED FOR TRADING, LISTED FUND CERTIFICATES",2246,,,,,,2023-02-01
2023-01-31,"SHARES LISTED, SHARES REGISTERED FOR TRADING, LISTED FUND CERTIFICATES",2247,,,,,,2023-02-01
2023-01-31,"SHARES UNLISTED, UNREGISTERED FOR TRADING, UNLISTED FUND CERTIFICATES",2248,,,,,,2023-02-01
2023-01-31,"SHARES UNLISTED, UNREGISTERED FOR TRADING, UNLISTED FUND CERTIFICATES",2249,,,,0,0,2023-02-01
2023-01-31,BONDS,2251,,,,,,2023-02-01
2023-01-31,BONDS,2251.1,Listed bonds,,,274030847607,0.632368404307392,2023-02-01
2023-01-31,BONDS,2251.1.1,BAF122029,250000,84775.283,21193820750,0.0489080069849481,2023-02-01
2023-01-31,BONDS,2251.1.2,CII121029,850000,99330.852,84431224200,0.194838059245232,2023-02-01
2023-01-31,BONDS,2251.1.3,KBC121020,209617,100456.810001,21057455142,0.0485933223328864,2023-02-01
2023-01-31,BONDS,2251.1.4,MML121021,300230,99830.499,29972110715,0.0691652636631296,2023-02-01
2023-01-31,BONDS,2251.1.5,TNG122017,400000,99996.692,39998676800,0.0923031098261544,2023-02-01
2023-01-31,BONDS,2251.1.6,VND122013,780000,99202,77377560000,0.178560642255042,2023-02-01
2023-01-31,BONDS,2251.2,Unlisted Bonds,,,24212151751,0.0558732708428012,2023-02-01
2023-01-31,BONDS,2251.2.1,KDH TRADING & INV JSC 12% 23/08/2025,7,1000000000,7000000000,0.0161535785799565,2023-02-01
2023-01-31,BONDS,2251.2.2,PDR BOND 12 PCT 02 DEC 2023,47,100034633,4701627751,0.0108497304756403,2023-02-01
2023-01-31,BONDS,2251.2.3,PHAT DAT REAL ESTATE 13% 24/09/2023,125,100084192,12510524000,0.0288699617872044,2023-02-01
2023-01-31,BONDS,2252,,,,298242999358,0.688241675150194,2023-02-01
2023-01-31,OTHER SECURITIES,2253,,,,,,2023-02-01
2023-01-31,OTHER SECURITIES,2253.1,Investment - Rights,,,0,0,2023-02-01
2023-01-31,OTHER SECURITIES,2253.2,Index future contracts,,,0,0,2023-02-01
2023-01-31,OTHER SECURITIES,2254,,,,0,0,2023-02-01
2023-01-31,OTHER SECURITIES,2255,,,,298242999358,0.688241675150194,2023-02-01
2023-01-31,OTHER ASSETS,2256,,,,,,2023-02-01
2023-01-31,OTHER ASSETS,2256.1,Dividend receivables,,,0,0,2023-02-01
2023-01-31,OTHER ASSETS,2256.2,Coupon receivables,,,10177529027,0.0234862164124903,2023-02-01
2023-01-31,OTHER ASSETS,2256.3,Interest receivables from bank deposits and certificates of deposit,,,789665753,0.001822275398998,2023-02-01
2023-01-31,OTHER ASSETS,2256.4,Outstanding Settlement of sales transactions,,,0,0,2023-02-01
2023-01-31,OTHER ASSETS,2256.5,Receivable from AP/Investors on securities on hold of buying,,,0,0,2023-02-01
2023-01-31,OTHER ASSETS,2256.6,Other receivables,,,425150,9.81099133324069e-07,2023-02-01
2023-01-31,OTHER ASSETS,2256.7,Other assets,,,0,0,2023-02-01
2023-01-31,OTHER ASSETS,2257,,,,10967619930,0.0253094729106216,2023-02-01
2023-01-31,CASH,2258,,,,,,2023-02-01
2023-01-31,CASH,2259,"Cash, Cash Equivalent",,,94729891940,0.218603821903368,2023-02-01
2023-01-31,CASH,2259.1,Cash at Bank,,,629891940,0.00145357270709589,2023-02-01
2023-01-31,CASH,2259.2,Cash Equivalents,,,94100000000,0.217150249196272,2023-02-01
2023-01-31,CASH,2260,Deposits with term over three (03) months,,,29400000000,0.0678450300358171,2023-02-01
2023-01-31,CASH,2261.1,Certificates of deposit,,,0,0,2023-02-01
2023-01-31,CASH,2262,,,,124129891940,0.286448851939185,2023-02-01
2023-01-31,Total value of portfolio,2263,,,,433340511228,1,2023-02-01
2023-02-28,REAL ESTATE INVESTMENT (NOT APPLICABLE),,,,,,,2023-03-03
2023-02-28,REAL ESTATE INVESTMENT (NOT APPLICABLE),2264,,,,,,2023-03-03
2023-02-28,"SHARES LISTED, SHARES REGISTERED FOR TRADING, LISTED FUND CERTIFICATES",2246,,,,,,2023-03-03
2023-02-28,"SHARES LISTED, SHARES REGISTERED FOR TRADING, LISTED FUND CERTIFICATES",2247,,,,,,2023-03-03
2023-02-28,"SHARES UNLISTED, UNREGISTERED FOR TRADING, UNLISTED FUND CERTIFICATES",2248,,,,,,2023-03-03
2023-02-28,"SHARES UNLISTED, UNREGISTERED FOR TRADING, UNLISTED FUND CERTIFICATES",2249,,,,0,0,2023-03-03
2023-02-28,BONDS,2251,,,,,,2023-03-03
2023-02-28,BONDS,2251.1,Listed bonds,,,261738360692,0.633519294448582,2023-03-03
2023-02-28,BONDS,2251.1.1,BAF122029,100000,85231.699,8523169900,0.0206297333231461,2023-03-03
2023-02-28,BONDS,2251.1.2,CII121029,850000,99360.687,84456583950,0.204421221765438,2023-03-03
2023-02-28,BONDS,2251.1.3,KBC121020,209617,100367.364999,21038705949,0.0509227081337377,2023-03-03
2023-02-28,BONDS,2251.1.4,MML121021,300230,99834.143999,29973205053,0.072548034867094,2023-03-03
2023-02-28,BONDS,2251.1.5,TNG122017,400000,99996.769,39998707600,0.0968140587058458,2023-03-03
2023-02-28,BONDS,2251.1.6,VND122013,780000,99676.908,77747988240,0.188183537653321,2023-03-03
2023-02-28,BONDS,2251.2,Unlisted Bonds,,,40781008261,0.0987075624379433,2023-03-03
2023-02-28,BONDS,2251.2.1,DAT XANH GROUP JSC 12% 18 Mar 2023,60,100022383,6001342980,0.0145258286190136,2023-03-03
2023-02-28,BONDS,2251.2.2,KDH TRADING & INV JSC 12% 23/08/2025,18,976050970,17568917460,0.0425243291203389,2023-03-03
2023-02-28,BONDS,2251.2.3,PDR BOND 12 PCT 02 DEC 2023,47,100031443,4701477821,0.0113795964189235,2023-03-03
2023-02-28,BONDS,2251.2.4,PHAT DAT REAL ESTATE 13% 24/09/2023,125,100074160,12509270000,0.0302778082796674,2023-03-03
2023-02-28,BONDS,2252,,,,302519368953,0.732226856886525,2023-03-03
2023-02-28,OTHER SECURITIES,2253,,,,,,2023-03-03
2023-02-28,OTHER SECURITIES,2253.1,Investment - Rights,,,0,0,2023-03-03
2023-02-28,OTHER SECURITIES,2253.2,Index future contracts,,,0,0,2023-03-03
2023-02-28,OTHER SECURITIES,2254,,,,0,0,2023-03-03
2023-02-28,OTHER SECURITIES,2255,,,,302519368953,0.732226856886525,2023-03-03
2023-02-28,OTHER ASSETS,2256,,,,,,2023-03-03
2023-02-28,OTHER ASSETS,2256.1,Dividend receivables,,,0,0,2023-03-03
2023-02-28,OTHER ASSETS,2256.2,Coupon receivables,,,8551662076,0.0206986966313486,2023-03-03
2023-02-28,OTHER ASSETS,2256.3,Interest receivables from bank deposits and certificates of deposit,,,807035617,0.00195337295352879,2023-03-03
2023-02-28,OTHER ASSETS,2256.4,Outstanding Settlement of sales transactions,,,0,0,2023-03-03
2023-02-28,OTHER ASSETS,2256.5,Receivable from AP/Investors on securities on hold of buying,,,0,0,2023-03-03
2023-02-28,OTHER ASSETS,2256.6,Other receivables,,,0,0,2023-03-03
2023-02-28,OTHER ASSETS,2256.7,Other assets,,,0,0,2023-03-03
2023-02-28,OTHER ASSETS,2257,,,,9358697693,0.0226520695848774,2023-03-03
2023-02-28,CASH,2258,,,,,,2023-03-03
2023-02-28,CASH,2259,"Cash, Cash Equivalent",,,58571718981,0.141768726545776,2023-03-03
2023-02-28,CASH,2259.1,Cash at Bank,,,3171718981,0.00767692273199796,2023-03-03
2023-02-28,CASH,2259.2,Cash Equivalents,,,55400000000,0.134091803813778,2023-03-03
2023-02-28,CASH,2260,Deposits with term over three (03) months,,,42700000000,0.103352346982821,2023-03-03
2023-02-28,CASH,2261.1,Certificates of deposit,,,0,0,2023-03-03
2023-02-28,CASH,2262,,,,101271718981,0.245121073528597,2023-03-03
2023-02-28,Total value of portfolio,2263,,,,413149785627,1,2023-03-03
2023-03-31,REAL ESTATE INVESTMENT (NOT APPLICABLE),,,,,,,2023-04-04
2023-03-31,REAL ESTATE INVESTMENT (NOT APPLICABLE),2264,,,,,,2023-04-04
2023-03-31,"SHARES LISTED, SHARES REGISTERED FOR TRADING, LISTED FUND CERTIFICATES",2246,,,,,,2023-04-04
2023-03-31,"SHARES LISTED, SHARES REGISTERED FOR TRADING, LISTED FUND CERTIFICATES",2247,,,,,,2023-04-04
2023-03-31,"SHARES UNLISTED, UNREGISTERED FOR TRADING, UNLISTED FUND CERTIFICATES",2248,,,,,,2023-04-04
2023-03-31,"SHARES UNLISTED, UNREGISTERED FOR TRADING, UNLISTED FUND CERTIFICATES",2249,,,,0,0,2023-04-04
2023-03-31,BONDS,2251,,,,,,2023-04-04
2023-03-31,BONDS,2251.1,Listed bonds,,,276446610548,0.704381382222269,2023-04-04
2023-03-31,BONDS,2251.1.1,BAF122029,100000,85737.016,8573701600,0.0218456495878096,2023-04-04
2023-03-31,BONDS,2251.1.2,CII121029,770000,99385,76526450000,0.19498812635362,2023-04-04
2023-03-31,BONDS,2251.1.3,CTG121030,140000,89811.876,12573662640,0.0320374840277591,2023-04-04
2023-03-31,BONDS,2251.1.4,KBC121020,209617,100268.335998,21017947787,0.0535533826380989,2023-04-04
2023-03-31,BONDS,2251.1.5,MML121021,300230,99838.179998,29974416781,0.0763743172023489,2023-04-04
2023-03-31,BONDS,2251.1.6,MSN121013,100000,100127,10012700000,0.025512193662987,2023-04-04
2023-03-31,BONDS,2251.1.7,TNG122017,400000,99996.855,39998742000,0.101916131730687,2023-04-04
2023-03-31,BONDS,2251.1.8,VND122013,780000,99703.833,77768989740,0.198154097018959,2023-04-04
2023-03-31,BONDS,2251.2,Unlisted Bonds,,,37669901807,0.0959822855139859,2023-04-04
2023-03-31,BONDS,2251.2.1,KDH TRADING & INV JSC 12% 23/08/2025,21,974319440,20460708240,0.0521335455072811,2023-04-04
2023-03-31,BONDS,2251.2.2,PDR BOND 12 PCT 02 DEC 2023,47,100027911,4701311817,0.0119788645965018,2023-04-04
2023-03-31,BONDS,2251.2.3,PHAT DAT REAL ESTATE 13% 24/09/2023,125,100063054,12507881750,0.0318698754102031,2023-04-04
2023-03-31,BONDS,2252,,,,314116512355,0.800363667736255,2023-04-04
2023-03-31,OTHER SECURITIES,2253,,,,,,2023-04-04
2023-03-31,OTHER SECURITIES,2253.1,Investment - Rights,,,0,0,2023-04-04
2023-03-31,OTHER SECURITIES,2253.2,Index future contracts,,,0,0,2023-04-04
2023-03-31,OTHER SECURITIES,2254,,,,0,0,2023-04-04
2023-03-31,OTHER SECURITIES,2255,,,,314116512355,0.800363667736255,2023-04-04
2023-03-31,OTHER ASSETS,2256,,,,,,2023-04-04
2023-03-31,OTHER ASSETS,2256.1,Dividend receivables,,,0,0,2023-04-04
2023-03-31,OTHER ASSETS,2256.2,Coupon receivables,,,4459109585,0.0113617373232996,2023-04-04
2023-03-31,OTHER ASSETS,2256.3,Interest receivables from bank deposits and certificates of deposit,,,927950684,0.00236440296422636,2023-04-04
2023-03-31,OTHER ASSETS,2256.4,Outstanding Settlement of sales transactions,,,0,0,2023-04-04
2023-03-31,OTHER ASSETS,2256.5,Receivable from AP/Investors on securities on hold of buying,,,0,0,2023-04-04
2023-03-31,OTHER ASSETS,2256.6,Other receivables,,,0,0,2023-04-04
2023-03-31,OTHER ASSETS,2256.7,Other assets,,,0,0,2023-04-04
2023-03-31,OTHER ASSETS,2257,,,,5387060269,0.0137261402875259,2023-04-04
2023-03-31,CASH,2258,,,,,,2023-04-04
2023-03-31,CASH,2259,"Cash, Cash Equivalent",,,30263658233,0.0771112996285463,2023-04-04
2023-03-31,CASH,2259.1,Cash at Bank,,,363658233,0.000926595150901919,2023-04-04
2023-03-31,CASH,2259.2,Cash Equivalents,,,29900000000,0.0761847044776444,2023-04-04
2023-03-31,CASH,2260,Deposits with term over three (03) months,,,42700000000,0.108798892347673,2023-04-04
2023-03-31,CASH,2261.1,Certificates of deposit,,,0,0,2023-04-04
2023-03-31,CASH,2262,,,,72963658233,0.185910191976219,2023-04-04
2023-03-31,Total value of portfolio,2263,,,,392467230857,1,2023-04-04
2023-04-30,REAL ESTATE INVESTMENT (NOT APPLICABLE),,,,,,,2023-05-05
2023-04-30,REAL ESTATE INVESTMENT (NOT APPLICABLE),2264,,,,,,2023-05-05
2023-04-30,"SHARES LISTED, SHARES REGISTERED FOR TRADING, LISTED FUND CERTIFICATES",2246,,,,,,2023-05-05
2023-04-30,"SHARES LISTED, SHARES REGISTERED FOR TRADING, LISTED FUND CERTIFICATES",2247,,,,,,2023-05-05
2023-04-30,"SHARES UNLISTED, UNREGISTERED FOR TRADING, UNLISTED FUND CERTIFICATES",2248,,,,,,2023-05-05
2023-04-30,"SHARES UNLISTED, UNREGISTERED FOR TRADING, UNLISTED FUND CERTIFICATES",2249,,,,0,0,2023-05-05
2023-04-30,BONDS,2251,,,,,,2023-05-05
2023-04-30,BONDS,2251.1,Listed bonds,,,286843625198,0.738088252968425,2023-05-05
2023-04-30,BONDS,2251.1.1,BAF122029,100000,96071.59,9607159000,0.0247205465953975,2023-05-05
2023-04-30,BONDS,2251.1.2,CII121029,770000,99425.684,76557776680,0.196993729952629,2023-05-05
2023-04-30,BONDS,2251.1.3,KBC121020,429617,99963.244001,42945908998,0.110505753518471,2023-05-05
2023-04-30,BONDS,2251.1.4,MML121021,300230,99842.086,29975589480,0.0771313305489007,2023-05-05
2023-04-30,BONDS,2251.1.5,MSN121013,100000,99691.036,9969103600,0.0256518800259415,2023-05-05
2023-04-30,BONDS,2251.1.6,TNG122017,400000,99996.937,39998774800,0.102922370307623,2023-05-05
2023-04-30,BONDS,2251.1.7,VND122013,780000,99729.888,77789312640,0.200162642019463,2023-05-05
2023-04-30,BONDS,2251.2,Unlisted Bonds,,,37686887788,0.0969735658167799,2023-05-05
2023-04-30,BONDS,2251.2.1,KDH TRADING & INV JSC 12% 23/08/2025,21,975199920,20479198320,0.0526958048998612,2023-05-05
2023-04-30,BONDS,2251.2.2,PDR BOND 12 PCT 02 DEC 2023,47,100024494,4701151218,0.0120967111855418,2023-05-05
2023-04-30,BONDS,2251.2.3,PHAT DAT REAL ESTATE 13% 24/09/2023,125,100052306,12506538250,0.0321810497313769,2023-05-05
2023-04-30,BONDS,2252,,,,324530512986,0.835061818785205,2023-05-05
2023-04-30,OTHER SECURITIES,2253,,,,,,2023-05-05
2023-04-30,OTHER SECURITIES,2253.1,Investment - Rights,,,0,0,2023-05-05
2023-04-30,OTHER SECURITIES,2253.2,Index future contracts,,,0,0,2023-05-05
2023-04-30,OTHER SECURITIES,2254,,,,0,0,2023-05-05
2023-04-30,OTHER SECURITIES,2255,,,,324530512986,0.835061818785205,2023-05-05
2023-04-30,OTHER ASSETS,2256,,,,,,2023-05-05
2023-04-30,OTHER ASSETS,2256.1,Dividend receivables,,,0,0,2023-05-05
2023-04-30,OTHER ASSETS,2256.2,Coupon receivables,,,5663448978,0.0145728361892736,2023-05-05
2023-04-30,OTHER ASSETS,2256.3,Interest receivables from bank deposits and certificates of deposit,,,1160932876,0.0029872405833282,2023-05-05
2023-04-30,OTHER ASSETS,2256.4,Outstanding Settlement of sales transactions,,,0,0,2023-05-05
2023-04-30,OTHER ASSETS,2256.5,Receivable from AP/Investors on securities on hold of buying,,,0,0,2023-05-05
2023-04-30,OTHER ASSETS,2256.6,Other receivables,,,0,0,2023-05-05
2023-04-30,OTHER ASSETS,2256.7,Other assets,,,0,0,2023-05-05
2023-04-30,OTHER ASSETS,2257,,,,6824381854,0.0175600767726018,2023-05-05
2023-04-30,CASH,2258,,,,,,2023-05-05
2023-04-30,CASH,2259,"Cash, Cash Equivalent",,,14575630093,0.0375051087289472,2023-05-05
2023-04-30,CASH,2259.1,Cash at Bank,,,4175630093,0.0107444727706859,2023-05-05
2023-04-30,CASH,2259.2,Cash Equivalents,,,10400000000,0.0267606359582613,2023-05-05
2023-04-30,CASH,2260,Deposits with term over three (03) months,,,42700000000,0.109872995713246,2023-05-05
2023-04-30,CASH,2261.1,Certificates of deposit,,,0,0,2023-05-05
2023-04-30,CASH,2262,,,,57275630093,0.147378104442193,2023-05-05
2023-04-30,Total value of portfolio,2263,,,,388630524933,1,2023-05-05
2023-05-31,REAL ESTATE INVESTMENT (NOT APPLICABLE),,,,,,,2023-06-03
2023-05-31,REAL ESTATE INVESTMENT (NOT APPLICABLE),2264,,,,,,2023-06-03
2023-05-31,"SHARES LISTED, SHARES REGISTERED FOR TRADING, LISTED FUND CERTIFICATES",2246,,,,,,2023-06-03
2023-05-31,"SHARES LISTED, SHARES REGISTERED FOR TRADING, LISTED FUND CERTIFICATES",2247,,,,,,2023-06-03
2023-05-31,"SHARES UNLISTED, UNREGISTERED FOR TRADING, UNLISTED FUND CERTIFICATES",2248,,,,,,2023-06-03
2023-05-31,"SHARES UNLISTED, UNREGISTERED FOR TRADING, UNLISTED FUND CERTIFICATES",2249,,,,0,0,2023-06-03
2023-05-31,BONDS,2251,,,,,,2023-06-03
2023-05-31,BONDS,2251.1,Listed bonds,,,251080936532,0.643058568540496,2023-06-03
2023-05-31,BONDS,2251.1.1,BAF122029,140000,96208.063,13469128820,0.0344966002521376,2023-06-03
2023-05-31,BONDS,2251.1.2,CII121029,570000,99458.715,56691467550,0.145195945477592,2023-06-03
2023-05-31,BONDS,2251.1.3,KBC121020,429617,99984.345,42954974346,0.110014582135,2023-06-03
2023-05-31,BONDS,2251.1.4,MML121021,300230,99421,29849166830,0.0764485060433088,2023-06-03
2023-05-31,BONDS,2251.1.5,MSN121013,70000,99728.597,6981001790,0.0178794658011955,2023-06-03
2023-05-31,BONDS,2251.1.6,SBT121002,62000,99108.258,6144711996,0.0157375934422555,2023-06-03
2023-05-31,BONDS,2251.1.7,TNG122017,400000,99997.023,39998809200,0.102443368830585,2023-06-03
2023-05-31,BONDS,2251.1.8,VND122013,150000,100150,15022500000,0.0384750331081723,2023-06-03
2023-05-31,BONDS,2251.1.9,VND122014,399500,100048,39969176000,0.102367473450249,2023-06-03
2023-05-31,BONDS,2251.2,Unlisted Bonds,,,31501885354,0.0806813833892493,2023-06-03
2023-05-31,BONDS,2251.2.1,KDH TRADING & INV JSC 12% 23/08/2025,21,976109740,20498304540,0.0524994472183656,2023-06-03
2023-05-31,BONDS,2251.2.2,PDR BOND 12 PCT 02 DEC 2023,47,100020962,4700985214,0.0120399774837529,2023-06-03
2023-05-31,BONDS,2251.2.3,PHAT DAT REAL ESTATE 13% 24/09/2023,63,100041200,6302595600,0.0161419586871307,2023-06-03
2023-05-31,BONDS,2252,,,,282582821886,0.723739951929745,2023-06-03
2023-05-31,OTHER SECURITIES,2253,,,,,,2023-06-03
2023-05-31,OTHER SECURITIES,2253.1,Investment - Rights,,,0,0,2023-06-03
2023-05-31,OTHER SECURITIES,2253.2,Index future contracts,,,0,0,2023-06-03
2023-05-31,OTHER SECURITIES,2254,,,,0,0,2023-06-03
2023-05-31,OTHER SECURITIES,2255,,,,282582821886,0.723739951929745,2023-06-03
2023-05-31,OTHER ASSETS,2256,,,,,,2023-06-03
2023-05-31,OTHER ASSETS,2256.1,Dividend receivables,,,0,0,2023-06-03
2023-05-31,OTHER ASSETS,2256.2,Coupon receivables,,,6742173749,0.0172677888642919,2023-06-03
2023-05-31,OTHER ASSETS,2256.3,Interest receivables from bank deposits and certificates of deposit,,,1015668493,0.00260128999135313,2023-06-03
2023-05-31,OTHER ASSETS,2256.4,Outstanding Settlement of sales transactions,,,0,0,2023-06-03
2023-05-31,OTHER ASSETS,2256.5,Receivable from AP/Investors on securities on hold of buying,,,0,0,2023-06-03
2023-05-31,OTHER ASSETS,2256.6,Other receivables,,,0,0,2023-06-03
2023-05-31,OTHER ASSETS,2256.7,Other assets,,,13935699,3.56915613520069e-05,2023-06-03
2023-05-31,OTHER ASSETS,2257,,,,7771777941,0.019904770416997,2023-06-03
2023-05-31,CASH,2258,,,,,,2023-06-03
2023-05-31,CASH,2259,"Cash, Cash Equivalent",,,67393407268,0.172605330398325,2023-06-03
2023-05-31,CASH,2259.1,Cash at Bank,,,593407268,0.00151981123534232,2023-06-03
2023-05-31,CASH,2259.2,Cash Equivalents,,,66800000000,0.171085519162983,2023-06-03
2023-05-31,CASH,2260,Deposits with term over three (03) months,,,32700000000,0.0837499472549331,2023-06-03
2023-05-31,CASH,2261.1,Certificates of deposit,,,0,0,2023-06-03
2023-05-31,CASH,2262,,,,100093407268,0.256355277653258,2023-06-03
2023-05-31,Total value of portfolio,2263,,,,390448007095,1,2023-06-03
2023-06-30,REAL ESTATE INVESTMENT (NOT APPLICABLE),,,,,,,2023-07-04
2023-06-30,REAL ESTATE INVESTMENT (NOT APPLICABLE),2264,,,,,,2023-07-04
2023-06-30,"SHARES LISTED, SHARES REGISTERED FOR TRADING, LISTED FUND CERTIFICATES",2246,,,,,,2023-07-04
2023-06-30,"SHARES LISTED, SHARES REGISTERED FOR TRADING, LISTED FUND CERTIFICATES",2247,,,,,,2023-07-04
2023-06-30,"SHARES UNLISTED, UNREGISTERED FOR TRADING, UNLISTED FUND CERTIFICATES",2248,,,,,,2023-07-04
2023-06-30,"SHARES UNLISTED, UNREGISTERED FOR TRADING, UNLISTED FUND CERTIFICATES",2249,,,,0,0,2023-07-04
2023-06-30,BONDS,2251,,,,,,2023-07-04
2023-06-30,BONDS,2251.1,Listed bonds,,,277846839633,0.696849044959856,2023-07-04
2023-06-30,BONDS,2251.1.1,BAF122029,140000,96883.044,13563626160,0.0340180221170524,2023-07-04
2023-06-30,BONDS,2251.1.2,BID121028,220000,87040,19148800000,0.0480258224630259,2023-07-04
2023-06-30,BONDS,2251.1.3,CII121029,770000,99551.918,76654976860,0.192253212190097,2023-07-04
2023-06-30,BONDS,2251.1.4,CTG121030,170000,89649.836,15240472120,0.0382236071340145,2023-07-04
2023-06-30,BONDS,2251.1.5,MML121021,300230,100202,30083646460,0.0754507783217955,2023-07-04
2023-06-30,BONDS,2251.1.6,MSN121013,20000,99764.945,1995298900,0.00500427550196727,2023-07-04
2023-06-30,BONDS,2251.1.7,SBT121002,62000,99220.192,6151651904,0.0154285460287767,2023-07-04
2023-06-30,BONDS,2251.1.8,TNG122017,400000,99997.106,39998842400,0.100318417019811,2023-07-04
2023-06-30,BONDS,2251.1.9,VND122013,350000,100119,35041650000,0.0878856148537502,2023-07-04
2023-06-30,BONDS,2251.1.10,VND122014,399500,100044.743001,39967874829,0.100240749329566,2023-07-04
2023-06-30,BONDS,2251.2,Unlisted Bonds,,,37401577514,0.09380439095528,2023-07-04
2023-06-30,BONDS,2251.2.1,KDH TRADING & INV JSC 12% 23/08/2025,27,977734610,26398834470,0.06620914822271,2023-07-04
2023-06-30,BONDS,2251.2.2,PDR BOND 12 PCT 02 DEC 2023,47,100017544,4700824568,0.0117898231812228,2023-07-04
2023-06-30,BONDS,2251.2.3,PHAT DAT REAL ESTATE 13% 24/09/2023,63,100030452,6301918476,0.0158054195513473,2023-07-04
2023-06-30,BONDS,2252,,,,315248417147,0.790653435915136,2023-07-04
2023-06-30,OTHER SECURITIES,2253,,,,,,2023-07-04
2023-06-30,OTHER SECURITIES,2253.1,Investment - Rights,,,0,0,2023-07-04
2023-06-30,OTHER SECURITIES,2253.2,Index future contracts,,,0,0,2023-07-04
2023-06-30,OTHER SECURITIES,2254,,,,0,0,2023-07-04
2023-06-30,OTHER SECURITIES,2255,,,,315248417147,0.790653435915136,2023-07-04
2023-06-30,OTHER ASSETS,2256,,,,,,2023-07-04
2023-06-30,OTHER ASSETS,2256.1,Dividend receivables,,,0,0,2023-07-04
2023-06-30,OTHER ASSETS,2256.2,Coupon receivables,,,9395857740,0.0235651213501153,2023-07-04
2023-06-30,OTHER ASSETS,2256.3,Interest receivables from bank deposits and certificates of deposit,,,3886881233,0.00974842643042516,2023-07-04
2023-06-30,OTHER ASSETS,2256.4,Outstanding Settlement of sales transactions,,,0,0,2023-07-04
2023-06-30,OTHER ASSETS,2256.5,Receivable from AP/Investors on securities on hold of buying,,,0,0,2023-07-04
2023-06-30,OTHER ASSETS,2256.6,Other receivables,,,0,0,2023-07-04
2023-06-30,OTHER ASSETS,2256.7,Other assets,,,16250326,4.07563539982816e-05,2023-07-04
2023-06-30,OTHER ASSETS,2257,,,,13298989299,0.0333543041345387,2023-07-04
2023-06-30,CASH,2258,,,,,,2023-07-04
2023-06-30,CASH,2259,"Cash, Cash Equivalent",,,16263880770,0.040790349808857,2023-07-04
2023-06-30,CASH,2259.1,Cash at Bank,,,7263880770,0.0182180527371223,2023-07-04
2023-06-30,CASH,2259.2,Cash Equivalents,,,9000000000,0.0225722970717347,2023-07-04
2023-06-30,CASH,2260,Deposits with term over three (03) months,,,13300000000,0.0333568390060079,2023-07-04
2023-06-30,CASH,2261.1,Certificates of deposit,,,40607548151,0.10184507113546,2023-07-04
2023-06-30,CASH,2262,,,,70171428921,0.175992259950325,2023-07-04
2023-06-30,Total value of portfolio,2263,,,,398718835367,1,2023-07-04
2023-07-31,REAL ESTATE INVESTMENT (NOT APPLICABLE),,,,,,,2023-08-02
2023-07-31,REAL ESTATE INVESTMENT (NOT APPLICABLE),2264,,,,,,2023-08-02
2023-07-31,"SHARES LISTED, SHARES REGISTERED FOR TRADING, LISTED FUND CERTIFICATES",2246,,,,,,2023-08-02
2023-07-31,"SHARES LISTED, SHARES REGISTERED FOR TRADING, LISTED FUND CERTIFICATES",2247,,,,,,2023-08-02
2023-07-31,"SHARES UNLISTED, UNREGISTERED FOR TRADING, UNLISTED FUND CERTIFICATES",2248,,,,,,2023-08-02
2023-07-31,"SHARES UNLISTED, UNREGISTERED FOR TRADING, UNLISTED FUND CERTIFICATES",2249,,,,0,0,2023-08-02
2023-07-31,BONDS,2251,,,,,,2023-08-02
2023-07-31,BONDS,2251.1,Listed bonds,,,266162046745,0.677597001393358,2023-08-02
2023-07-31,BONDS,2251.1.1,BAF122029,140000,97003.12,13580436800,0.0345731608462876,2023-08-02
2023-07-31,BONDS,2251.1.2,CII121029,770000,99286,76450220000,0.194627447682248,2023-08-02
2023-07-31,BONDS,2251.1.3,MML121021,300230,99908.005998,29995380641,0.076362427425524,2023-08-02
2023-07-31,BONDS,2251.1.4,MSN121013,20000,99802.506,1996050120,0.00508155686538829,2023-08-02
2023-07-31,BONDS,2251.1.5,SBT121002,62000,99335.857,6158823134,0.0156791704104554,2023-08-02
2023-07-31,BONDS,2251.1.6,TD2338134,210000,109365,22966650000,0.0584686410491886,2023-08-02
2023-07-31,BONDS,2251.1.7,TNG122017,400000,100071,40028400000,0.101904550788789,2023-08-02
2023-07-31,BONDS,2251.1.8,VND122013,350000,100103.103,35036086050,0.0891950867464752,2023-08-02
2023-07-31,BONDS,2251.1.9,VND122014,399500,100000,39950000000,0.101704959579002,2023-08-02
2023-07-31,BONDS,2251.2,Unlisted Bonds,,,37424482409,0.0952754811182082,2023-08-02
2023-07-31,BONDS,2251.2.1,KDH TRADING & INV JSC 12% 23/08/2025,27,978615000,26422605000,0.0672668328785215,2023-08-02
2023-07-31,BONDS,2251.2.2,PDR BOND 12 PCT 02 DEC 2023,47,100014013,4700658611,0.0119669660582339,2023-08-02
2023-07-31,BONDS,2251.2.3,PHAT DAT REAL ESTATE 13% 24/09/2023,63,100019346,6301218798,0.0160416821814528,2023-08-02
2023-07-31,BONDS,2252,,,,303586529154,0.772872482511567,2023-08-02
2023-07-31,OTHER SECURITIES,2253,,,,,,2023-08-02
2023-07-31,OTHER SECURITIES,2253.1,Investment - Rights,,,0,0,2023-08-02
2023-07-31,OTHER SECURITIES,2253.2,Index future contracts,,,0,0,2023-08-02
2023-07-31,OTHER SECURITIES,2254,,,,0,0,2023-08-02
2023-07-31,OTHER SECURITIES,2255,,,,303586529154,0.772872482511567,2023-08-02
2023-07-31,OTHER ASSETS,2256,,,,,,2023-08-02
2023-07-31,OTHER ASSETS,2256.1,Dividend receivables,,,0,0,2023-08-02
2023-07-31,OTHER ASSETS,2256.2,Coupon receivables,,,8018461669,0.0204134498105487,2023-08-02
2023-07-31,OTHER ASSETS,2256.3,Interest receivables from bank deposits and certificates of deposit,,,19652603,5.00317194927953e-05,2023-08-02
2023-07-31,OTHER ASSETS,2256.4,Outstanding Settlement of sales transactions,,,0,0,2023-08-02
2023-07-31,OTHER ASSETS,2256.5,Receivable from AP/Investors on securities on hold of buying,,,0,0,2023-08-02
2023-07-31,OTHER ASSETS,2256.6,Other receivables,,,0,0,2023-08-02
2023-07-31,OTHER ASSETS,2256.7,Other assets,,,13512500,3.44002069164271e-05,2023-08-02
2023-07-31,OTHER ASSETS,2257,,,,8051626772,0.020497881736958,2023-08-02
2023-07-31,CASH,2258,,,,,,2023-08-02
2023-07-31,CASH,2259,"Cash, Cash Equivalent",,,32864713918,0.0836671940076509,2023-08-02
2023-07-31,CASH,2259.1,Cash at Bank,,,464713918,0.0011830715956443,2023-08-02
2023-07-31,CASH,2259.2,Cash Equivalents,,,32400000000,0.0824841224120066,2023-08-02
2023-07-31,CASH,2260,Deposits with term over three (03) months,,,13300000000,0.0338592230888793,2023-08-02
2023-07-31,CASH,2261.1,Certificates of deposit,,,35000000000,0.0891032186549454,2023-08-02
2023-07-31,CASH,2262,,,,81164713918,0.206629635751476,2023-08-02
2023-07-31,Total value of portfolio,2263,,,,392802869844,1,2023-08-02
2023-08-31,REAL ESTATE INVESTMENT (NOT APPLICABLE),,,,,,,2023-09-05
2023-08-31,REAL ESTATE INVESTMENT (NOT APPLICABLE),2264,,,,,,2023-09-05
2023-08-31,"SHARES LISTED, SHARES REGISTERED FOR TRADING, LISTED FUND CERTIFICATES",2246,,,,,,2023-09-05
2023-08-31,"SHARES LISTED, SHARES REGISTERED FOR TRADING, LISTED FUND CERTIFICATES",2247,,,,,,2023-09-05
2023-08-31,"SHARES UNLISTED, UNREGISTERED FOR TRADING, UNLISTED FUND CERTIFICATES",2248,,,,,,2023-09-05
2023-08-31,"SHARES UNLISTED, UNREGISTERED FOR TRADING, UNLISTED FUND CERTIFICATES",2249,,,,0,0,2023-09-05
2023-08-31,BONDS,2251,,,,,,2023-09-05
2023-08-31,BONDS,2251.1,Listed bonds,,,285287022801,0.719381870029719,2023-09-05
2023-08-31,BONDS,2251.1.1,BAF122029,390000,98408.902,38379471780,0.0967779603459497,2023-09-05
2023-08-31,BONDS,2251.1.2,CII121029,770000,99610.037,76699728490,0.193406603532737,2023-09-05
2023-08-31,BONDS,2251.1.3,MML121021,300230,99910.550001,29996144427,0.0756384999910383,2023-09-05
2023-08-31,BONDS,2251.1.4,SBT121002,62000,99451.522,6165994364,0.0155482170644023,2023-09-05
2023-08-31,BONDS,2251.1.5,TNG122017,400000,99995,39998000000,0.100859253095153,2023-09-05
2023-08-31,BONDS,2251.1.6,VND122013,740000,99947.951,73961483740,0.186501825286907,2023-09-05
2023-08-31,BONDS,2251.1.7,VRE12007,200000,100431,20086200000,0.0506495107135321,2023-09-05
2023-08-31,BONDS,2251.2,Unlisted Bonds,,,37447387527,0.0944276097889385,2023-09-05
2023-08-31,BONDS,2251.2.1,KDH TRADING & INV JSC 12% 23/08/2025,27,979495400,26446375800,0.0666873771253994,2023-09-05
2023-08-31,BONDS,2251.2.2,PDR BOND 12 PCT 02 DEC 2023,47,100010481,4700492607,0.0118527969778816,2023-09-05
2023-08-31,BONDS,2251.2.3,PHAT DAT REAL ESTATE 13% 24/09/2023,63,100008240,6300519120,0.0158874356856575,2023-09-05
2023-08-31,BONDS,2252,,,,322734410328,0.813809479818657,2023-09-05
2023-08-31,OTHER SECURITIES,2253,,,,,,2023-09-05
2023-08-31,OTHER SECURITIES,2253.1,Investment - Rights,,,0,0,2023-09-05
2023-08-31,OTHER SECURITIES,2253.2,Index future contracts,,,0,0,2023-09-05
2023-08-31,OTHER SECURITIES,2254,,,,0,0,2023-09-05
2023-08-31,OTHER SECURITIES,2255,,,,322734410328,0.813809479818657,2023-09-05
2023-08-31,OTHER ASSETS,2256,,,,,,2023-09-05
2023-08-31,OTHER ASSETS,2256.1,Dividend receivables,,,0,0,2023-09-05
2023-08-31,OTHER ASSETS,2256.2,Coupon receivables,,,5256303359,0.0132543334874314,2023-09-05
2023-08-31,OTHER ASSETS,2256.3,Interest receivables from bank deposits and certificates of deposit,,,431513971,0.00108810882582088,2023-09-05
2023-08-31,OTHER ASSETS,2256.4,Outstanding Settlement of sales transactions,,,0,0,2023-09-05
2023-08-31,OTHER ASSETS,2256.5,Receivable from AP/Investors on securities on hold of buying,,,0,0,2023-09-05
2023-08-31,OTHER ASSETS,2256.6,Other receivables,,,0,0,2023-09-05
2023-08-31,OTHER ASSETS,2256.7,Other assets,,,10774674,2.71694977744828e-05,2023-09-05
2023-08-31,OTHER ASSETS,2257,,,,5698592004,0.0143696118110268,2023-09-05
2023-08-31,CASH,2258,,,,,,2023-09-05
2023-08-31,CASH,2259,"Cash, Cash Equivalent",,,33139436711,0.0835646490990936,2023-09-05
2023-08-31,CASH,2259.1,Cash at Bank,,,539436711,0.00136024760646947,2023-09-05
2023-08-31,CASH,2259.2,Cash Equivalents,,,32600000000,0.0822044014926242,2023-09-05
2023-08-31,CASH,2260,Deposits with term over three (03) months,,,0,0,2023-09-05
2023-08-31,CASH,2261.1,Certificates of deposit,,,35000000000,0.0882562592712223,2023-09-05
2023-08-31,CASH,2262,,,,68139436711,0.171820908370316,2023-09-05
2023-08-31,Total value of portfolio,2263,,,,396572439043,1,2023-09-05
2023-09-30,REAL ESTATE INVESTMENT (NOT APPLICABLE),,,,,,,2023-10-02
2023-09-30,REAL ESTATE INVESTMENT (NOT APPLICABLE),2264,,,,,,2023-10-02
2023-09-30,"SHARES LISTED, SHARES REGISTERED FOR TRADING, LISTED FUND CERTIFICATES",2246,,,,,,2023-10-02
2023-09-30,"SHARES LISTED, SHARES REGISTERED FOR TRADING, LISTED FUND CERTIFICATES",2247,,,,,,2023-10-02
2023-09-30,"SHARES UNLISTED, UNREGISTERED FOR TRADING, UNLISTED FUND CERTIFICATES",2248,,,,,,2023-10-02
2023-09-30,"SHARES UNLISTED, UNREGISTERED FOR TRADING, UNLISTED FUND CERTIFICATES",2249,,,,0,0,2023-10-02
2023-09-30,BONDS,2251,,,,,,2023-10-02
2023-09-30,BONDS,2251.1,Listed bonds,,,309926118069,0.770112423833186,2023-10-02
2023-09-30,BONDS,2251.1.1,BAF122029,390000,98475.014,38405255460,0.0954303708074342,2023-10-02
2023-09-30,BONDS,2251.1.2,CII121029,770000,99329,76483330000,0.190047754013491,2023-10-02
2023-09-30,BONDS,2251.1.3,MML121021,550230,99603.891999,54805049495,0.136181002646236,2023-10-02
2023-09-30,BONDS,2251.1.4,SBT121002,62000,99563.457,6172934334,0.0153386666852694,2023-10-02
2023-09-30,BONDS,2251.1.5,TNG122017,400000,99997.359,39998943600,0.0993904082640269,2023-10-02
2023-09-30,BONDS,2251.1.6,VND122013,740000,99956.257,73967630180,0.183796678118088,2023-10-02
2023-09-30,BONDS,2251.1.7,VRE12007,200000,100464.875,20092975000,0.0499275432986407,2023-10-02
2023-09-30,BONDS,2251.2,Unlisted Bonds,,,37175156674,0.0923737895694832,2023-10-02
2023-09-30,BONDS,2251.2.1,KDH TRADING & INV JSC 12% 23/08/2025,27,980347390,26469379530,0.0657717979827391,2023-10-02
2023-09-30,BONDS,2251.2.2,PDR BOND 12 PCT 02 DEC 2023,107,100053992,10705777144,0.026601991586744,2023-10-02
2023-09-30,BONDS,2252,,,,347101274743,0.86248621340267,2023-10-02
2023-09-30,OTHER SECURITIES,2253,,,,,,2023-10-02
2023-09-30,OTHER SECURITIES,2253.1,Investment - Rights,,,0,0,2023-10-02
2023-09-30,OTHER SECURITIES,2253.2,Index future contracts,,,0,0,2023-10-02
2023-09-30,OTHER SECURITIES,2254,,,,0,0,2023-10-02
2023-09-30,OTHER SECURITIES,2255,,,,347101274743,0.86248621340267,2023-10-02
2023-09-30,OTHER ASSETS,2256,,,,,,2023-10-02
2023-09-30,OTHER ASSETS,2256.1,Dividend receivables,,,0,0,2023-10-02
2023-09-30,OTHER ASSETS,2256.2,Coupon receivables,,,7937357824,0.0197229517497814,2023-10-02
2023-09-30,OTHER ASSETS,2256.3,Interest receivables from bank deposits and certificates of deposit,,,670233974,0.00166541469130903,2023-10-02
2023-09-30,OTHER ASSETS,2256.4,Outstanding Settlement of sales transactions,,,0,0,2023-10-02
2023-09-30,OTHER ASSETS,2256.5,Receivable from AP/Investors on securities on hold of buying,,,0,0,2023-10-02
2023-09-30,OTHER ASSETS,2256.6,Other receivables,,,0,0,2023-10-02
2023-09-30,OTHER ASSETS,2256.7,Other assets,,,8125165,2.01896198719254e-05,2023-10-02
2023-09-30,OTHER ASSETS,2257,,,,8615716963,0.0214085560609624,2023-10-02
2023-09-30,CASH,2258,,,,,,2023-10-02
2023-09-30,CASH,2259,"Cash, Cash Equivalent",,,11725701695,0.0291363264565878,2023-10-02
2023-09-30,CASH,2259.1,Cash at Bank,,,925701695,0.00230020748339843,2023-10-02
2023-09-30,CASH,2259.2,Cash Equivalents,,,10800000000,0.0268361189731893,2023-10-02
2023-09-30,CASH,2260,Deposits with term over three (03) months,,,0,0,2023-10-02
2023-09-30,CASH,2261.1,Certificates of deposit,,,35000000000,0.0869689040797803,2023-10-02
2023-09-30,CASH,2262,,,,46725701695,0.116105230536368,2023-10-02
2023-09-30,Total value of portfolio,2263,,,,402442693401,1,2023-10-02
2023-10-31,REAL ESTATE INVESTMENT (NOT APPLICABLE),,,,,,,2023-11-02
2023-10-31,REAL ESTATE INVESTMENT (NOT APPLICABLE),2264,,,,,,2023-11-02
2023-10-31,"SHARES LISTED, SHARES REGISTERED FOR TRADING, LISTED FUND CERTIFICATES",2246,,,,,,2023-11-02
2023-10-31,"SHARES LISTED, SHARES REGISTERED FOR TRADING, LISTED FUND CERTIFICATES",2247,,,,,,2023-11-02
2023-10-31,"SHARES UNLISTED, UNREGISTERED FOR TRADING, UNLISTED FUND CERTIFICATES",2248,,,,,,2023-11-02
2023-10-31,"SHARES UNLISTED, UNREGISTERED FOR TRADING, UNLISTED FUND CERTIFICATES",2249,,,,0,0,2023-11-02
2023-10-31,BONDS,2251,,,,,,2023-11-02
2023-10-31,BONDS,2251.1,Listed bonds,,,310145644483,0.766905493601897,2023-11-02
2023-10-31,BONDS,2251.1.1,BAF122029,390000,98543.33,38431898700,0.0950315916630489,2023-11-02
2023-10-31,BONDS,2251.1.2,CII121029,770000,99559,76660430000,0.189560311275325,2023-11-02
2023-10-31,BONDS,2251.1.3,MML121021,550230,99615.475999,54811423359,0.13553368371891,2023-11-02
2023-10-31,BONDS,2251.1.4,SBT121002,62000,99679.122,6180105564,0.0152817135832163,2023-11-02
2023-10-31,BONDS,2251.1.5,TNG122017,400000,99997.445,39998978000,0.0989065508812677,2023-11-02
2023-10-31,BONDS,2251.1.6,VND122013,740000,99964.839,73973980860,0.182917456086491,2023-11-02
2023-10-31,BONDS,2251.1.7,VRE12007,200000,100444.14,20088828000,0.0496741863936382,2023-11-02
2023-10-31,BONDS,2251.2,Unlisted Bonds,,,37196038632,0.0919756471662228,2023-11-02
2023-10-31,BONDS,2251.2.1,KDH TRADING & INV JSC 12% 23/08/2025,27,981227780,26493150060,0.0655103261491944,2023-11-02
2023-10-31,BONDS,2251.2.2,PDR BOND 12 PCT 02 DEC 2023,107,100026996,10702888572,0.0264653210170284,2023-11-02
2023-10-31,BONDS,2252,,,,347341683115,0.85888114076812,2023-11-02
2023-10-31,OTHER SECURITIES,2253,,,,,,2023-11-02
2023-10-31,OTHER SECURITIES,2253.1,Investment - Rights,,,0,0,2023-11-02
2023-10-31,OTHER SECURITIES,2253.2,Index future contracts,,,0,0,2023-11-02
2023-10-31,OTHER SECURITIES,2254,,,,0,0,2023-11-02
2023-10-31,OTHER SECURITIES,2255,,,,347341683115,0.85888114076812,2023-11-02
2023-10-31,OTHER ASSETS,2256,,,,,,2023-11-02
2023-10-31,OTHER ASSETS,2256.1,Dividend receivables,,,0,0,2023-11-02
2023-10-31,OTHER ASSETS,2256.2,Coupon receivables,,,8957331184,0.0221490342205909,2023-11-02
2023-10-31,OTHER ASSETS,2256.3,Interest receivables from bank deposits and Money market instruments,,,989032877,0.00244560824959695,2023-11-02
2023-10-31,OTHER ASSETS,2256.4,Outstanding Settlement of sales transactions,,,0,0,2023-11-02
2023-10-31,OTHER ASSETS,2256.5,Receivable from AP/Investors on securities on hold of buying,,,0,0,2023-11-02
2023-10-31,OTHER ASSETS,2256.6,Other receivables,,,0,0,2023-11-02
2023-10-31,OTHER ASSETS,2256.7,Other assets,,,5387338,1.3321415862465e-05,2023-11-02
2023-10-31,OTHER ASSETS,2257,,,,9951751399,0.0246079638860503,2023-11-02
2023-10-31,CASH,2258,,,,,,2023-11-02
2023-10-31,CASH,2259,"Cash, Cash Equivalent",,,12118382940,0.0299654520886458,2023-11-02
2023-10-31,CASH,2259.1,Cash at Bank,,,718382940,0.0017763648563057,2023-11-02
2023-10-31,CASH,2259.2,Cash Equivalents,,,11400000000,0.0281890872323401,2023-11-02
2023-10-31,CASH,2260,Deposits with term over three (03) months,,,0,0,2023-11-02
2023-10-31,CASH,2261.1,Money market instruments,,,35000000000,0.0865454432571845,2023-11-02
2023-10-31,CASH,2262,,,,47118382940,0.11651089534583,2023-11-02
2023-10-31,Total value of portfolio,2263,,,,404411817454,1,2023-11-02
2023-11-30,REAL ESTATE INVESTMENT (NOT APPLICABLE),,,,,,,2023-12-04
2023-11-30,REAL ESTATE INVESTMENT (NOT APPLICABLE),2264,,,,,,2023-12-04
2023-11-30,"SHARES LISTED, SHARES REGISTERED FOR TRADING, LISTED FUND CERTIFICATES",2246,,,,,,2023-12-04
2023-11-30,"SHARES LISTED, SHARES REGISTERED FOR TRADING, LISTED FUND CERTIFICATES",2247,,,,,,2023-12-04
2023-11-30,"SHARES UNLISTED, UNREGISTERED FOR TRADING, UNLISTED FUND CERTIFICATES",2248,,,,,,2023-12-04
2023-11-30,"SHARES UNLISTED, UNREGISTERED FOR TRADING, UNLISTED FUND CERTIFICATES",2249,,,,0,0,2023-12-04
2023-11-30,BONDS,2251,,,,,,2023-12-04
2023-11-30,BONDS,2251.1,Listed bonds,,,323199645240,0.764643098586083,2023-12-04
2023-11-30,BONDS,2251.1.1,BAF122029,390000,98609.442,38457682380,0.0909852527766426,2023-12-04
2023-11-30,BONDS,2251.1.2,CII121029,800000,99580,79664000000,0.188473374593367,2023-12-04
2023-11-30,BONDS,2251.1.3,MML121021,550230,99626.686999,54817591988,0.129690406570856,2023-12-04
2023-11-30,BONDS,2251.1.4,SBT121002,62000,99791.056,6187045472,0.0146376448442264,2023-12-04
2023-11-30,BONDS,2251.1.5,TD2338137,100000,101227,10122700000,0.0239488279398006,2023-12-04
2023-11-30,BONDS,2251.1.6,TNG122017,400000,99997.527,39999010800,0.0946318104272007,2023-12-04
2023-11-30,BONDS,2251.1.7,VND122013,740000,99820,73866800000,0.174758047128104,2023-12-04
2023-11-30,BONDS,2251.1.8,VRE12007,200000,100424.073,20084814600,0.0475177343058862,2023-12-04
2023-11-30,BONDS,2251.2,Unlisted Bonds,,,37216246987,0.0880481981740824,2023-12-04
2023-11-30,BONDS,2251.2.1,KDH TRADING & INV JSC 12% 23/08/2025,27,982079770,26516153790,0.0627333423634011,2023-12-04
2023-11-30,BONDS,2251.2.2,PDR BOND 12 PCT 02 DEC 2023,107,100000871,10700093197,0.0253148558106813,2023-12-04
2023-11-30,BONDS,2252,,,,360415892227,0.852691296760165,2023-12-04
2023-11-30,OTHER SECURITIES,2253,,,,,,2023-12-04
2023-11-30,OTHER SECURITIES,2253.1,Investment - Rights,,,0,0,2023-12-04
2023-11-30,OTHER SECURITIES,2253.2,Index future contracts,,,0,0,2023-12-04
2023-11-30,OTHER SECURITIES,2254,,,,0,0,2023-12-04
2023-11-30,OTHER SECURITIES,2255,,,,360415892227,0.852691296760165,2023-12-04
2023-11-30,OTHER ASSETS,2256,,,,,,2023-12-04
2023-11-30,OTHER ASSETS,2256.1,Dividend receivables,,,0,0,2023-12-04
2023-11-30,OTHER ASSETS,2256.2,Coupon receivables,,,10409326618,0.0246269446040748,2023-12-04
2023-11-30,OTHER ASSETS,2256.3,Interest receivables from bank deposits and Money market instruments,,,1302796301,0.00308222553797481,2023-12-04
2023-11-30,OTHER ASSETS,2256.4,Outstanding Settlement of sales transactions,,,0,0,2023-12-04
2023-11-30,OTHER ASSETS,2256.5,Receivable from AP/Investors on securities on hold of buying,,,0,0,2023-12-04
2023-11-30,OTHER ASSETS,2256.6,Other receivables,,,0,0,2023-12-04
2023-11-30,OTHER ASSETS,2256.7,Other assets,,,2737829,6.4773030564569e-06,2023-12-04
2023-11-30,OTHER ASSETS,2257,,,,11714860748,0.0277156474451061,2023-12-04
2023-11-30,CASH,2258,,,,,,2023-12-04
2023-11-30,CASH,2259,"Cash, Cash Equivalent",,,15549639796,0.0367881739061989,2023-12-04
2023-11-30,CASH,2259.1,Cash at Bank,,,8599639796,0.0203454902169051,2023-12-04
2023-11-30,CASH,2259.2,Cash Equivalents,,,6950000000,0.0164426836892938,2023-12-04
2023-11-30,CASH,2260,Deposits with term over three (03) months,,,0,0,2023-12-04
2023-11-30,CASH,2261.1,Money market instruments,,,35000000000,0.0828048818885297,2023-12-04
2023-11-30,CASH,2262,,,,50549639796,0.119593055794729,2023-12-04
2023-11-30,Total value of portfolio,2263,,,,422680392771,1,2023-12-04
2023-12-31,REAL ESTATE INVESTMENT (NOT APPLICABLE),,,,,,,2024-01-02
2023-12-31,REAL ESTATE INVESTMENT (NOT APPLICABLE),2264,,,,,,2024-01-02
2023-12-31,"SHARES LISTED, SHARES REGISTERED FOR TRADING, LISTED FUND CERTIFICATES",2246,,,,,,2024-01-02
2023-12-31,"SHARES LISTED, SHARES REGISTERED FOR TRADING, LISTED FUND CERTIFICATES",2247,,,,,,2024-01-02
2023-12-31,"SHARES UNLISTED, UNREGISTERED FOR TRADING, UNLISTED FUND CERTIFICATES",2248,,,,,,2024-01-02
2023-12-31,"SHARES UNLISTED, UNREGISTERED FOR TRADING, UNLISTED FUND CERTIFICATES",2249,,,,0,0,2024-01-02
2023-12-31,BONDS,2251,,,,,,2024-01-02
2023-12-31,BONDS,2251.1,Listed bonds,,,337039878972,0.678058013644194,2024-01-02
2023-12-31,BONDS,2251.1.1,BAF122029,390000,98677.758,38484325620,0.077422901604179,2024-01-02
2023-12-31,BONDS,2251.1.2,CII121029,650000,100148,65096200000,0.130960764056802,2024-01-02
2023-12-31,BONDS,2251.1.3,MML121021,550230,99638.270999,54823965852,0.110295047277751,2024-01-02
2023-12-31,BONDS,2251.1.4,MSN121013,100000,100059.835,10005983500,0.0201300727891913,2024-01-02
2023-12-31,BONDS,2251.1.5,SBT121002,62000,100128,6207936000,0.0124891474736732,2024-01-02
2023-12-31,BONDS,2251.1.6,TD2333119,400000,108592,43436800000,0.0873863069761752,2024-01-02
2023-12-31,BONDS,2251.1.7,TNG122017,400000,99740.826,39896330400,0.0802635777855945,2024-01-02
2023-12-31,BONDS,2251.1.8,VND122013,590000,100013,59007670000,0.118711837993794,2024-01-02
2023-12-31,BONDS,2251.1.9,VRE12007,200000,100403.338,20080667600,0.0403983576870335,2024-01-02
2023-12-31,BONDS,2251.2,Unlisted Bonds,,,40554796170,0.0815882815370339,2024-01-02
2023-12-31,BONDS,2251.2.1,KDH12202,41,989141370,40554796170,0.0815882815370339,2024-01-02
2023-12-31,BONDS,2252,,,,377594675142,0.759646295181228,2024-01-02
2023-12-31,OTHER SECURITIES,2253,,,,,,2024-01-02
2023-12-31,OTHER SECURITIES,2253.1,Investment - Rights,,,0,0,2024-01-02
2023-12-31,OTHER SECURITIES,2253.2,Index future contracts,,,0,0,2024-01-02
2023-12-31,OTHER SECURITIES,2254,,,,0,0,2024-01-02
2023-12-31,OTHER SECURITIES,2255,,,,377594675142,0.759646295181228,2024-01-02
2023-12-31,OTHER ASSETS,2256,,,,,,2024-01-02
2023-12-31,OTHER ASSETS,2256.1,Dividend receivables,,,0,0,2024-01-02
2023-12-31,OTHER ASSETS,2256.2,Coupon receivables,,,13489141533,0.0271375023677576,2024-01-02
2023-12-31,OTHER ASSETS,2256.3,Interest receivables from bank deposits and Money market instruments,,,1642602713,0.00330459391387294,2024-01-02
2023-12-31,OTHER ASSETS,2256.4,Outstanding Settlement of sales transactions,,,0,0,2024-01-02
2023-12-31,OTHER ASSETS,2256.5,Receivable from AP/Investors on securities on hold of buying,,,0,0,2024-01-02
2023-12-31,OTHER ASSETS,2256.6,Other receivables,,,0,0,2024-01-02
2023-12-31,OTHER ASSETS,2256.7,Other assets,,,0,0,2024-01-02
2023-12-31,OTHER ASSETS,2257,,,,15131744246,0.0304420962816305,2024-01-02
2023-12-31,CASH,2258,,,,,,2024-01-02
2023-12-31,CASH,2259,"Cash, Cash Equivalent",,,69340014737,0.139498485467161,2024-01-02
2023-12-31,CASH,2259.1,Cash at Bank,,,44570014737,0.0896661123687779,2024-01-02
2023-12-31,CASH,2259.2,Cash Equivalents,,,24770000000,0.0498323730983834,2024-01-02
2023-12-31,CASH,2260,Deposits with term over three (03) months,,,0,0,2024-01-02
2023-12-31,CASH,2261.1,Money market instruments,,,35000000000,0.0704131230699805,2024-01-02
2023-12-31,CASH,2262,,,,104340014737,0.209911608537142,2024-01-02
2023-12-31,Total value of portfolio,2263,,,,497066434125,1,2024-01-02
2024-01-31,REAL ESTATE INVESTMENT (NOT APPLICABLE),,,,,,,2024-02-02
2024-01-31,REAL ESTATE INVESTMENT (NOT APPLICABLE),2264,,,,,,2024-02-02
2024-01-31,"SHARES LISTED, SHARES REGISTERED FOR TRADING, LISTED FUND CERTIFICATES",2246,,,,,,2024-02-02
2024-01-31,"SHARES LISTED, SHARES REGISTERED FOR TRADING, LISTED FUND CERTIFICATES",2247,,,,,,2024-02-02
2024-01-31,"SHARES UNLISTED, UNREGISTERED FOR TRADING, UNLISTED FUND CERTIFICATES",2248,,,,,,2024-02-02
2024-01-31,"SHARES UNLISTED, UNREGISTERED FOR TRADING, UNLISTED FUND CERTIFICATES",2249,,,,0,0,2024-02-02
2024-01-31,BONDS,2251,,,,,,2024-02-02
2024-01-31,BONDS,2251.1,Listed bonds,,,382318284710,0.657335950854041,2024-02-02
2024-01-31,BONDS,2251.1.1,BAF122029,390000,98746.074,38510968860,0.066213532928723,2024-02-02
2024-01-31,BONDS,2251.1.2,CII121029,850000,100030,85025500000,0.146187928028958,2024-02-02
2024-01-31,BONDS,2251.1.3,MML121021,550230,99495,54745133850,0.0941256174582859,2024-02-02
2024-01-31,BONDS,2251.1.4,MSN123008,450000,100104,45046800000,0.0774508630509068,2024-02-02
2024-01-31,BONDS,2251.1.5,MSN123009,250000,100000,25000000000,0.0429835543539756,2024-02-02
2024-01-31,BONDS,2251.1.6,TNG122017,400000,99750.104,39900041600,0.0686018242735796,2024-02-02
2024-01-31,BONDS,2251.1.7,VND122013,740000,100018,74013320000,0.127254222525528,2024-02-02
2024-01-31,BONDS,2251.1.8,VRE12007,200000,100382.602,20076520400,0.034518408234084,2024-02-02
2024-01-31,BONDS,2251.2,Unlisted Bonds,,,43602922530,0.0749683436224178,2024-02-02
2024-01-31,BONDS,2251.2.1,KDH12101,3,1008374710,3025124130,0.00520122349877513,2024-02-02
2024-01-31,BONDS,2251.2.2,KDH12202,41,989702400,40577798400,0.0697671201236427,2024-02-02
2024-01-31,BONDS,2252,,,,425921207240,0.732304294476459,2024-02-02
2024-01-31,OTHER SECURITIES,2253,,,,,,2024-02-02
2024-01-31,OTHER SECURITIES,2253.1,Investment - Rights,,,0,0,2024-02-02
2024-01-31,OTHER SECURITIES,2253.2,Index future contracts,,,0,0,2024-02-02
2024-01-31,OTHER SECURITIES,2254,,,,0,0,2024-02-02
2024-01-31,OTHER SECURITIES,2255,,,,425921207240,0.732304294476459,2024-02-02
2024-01-31,OTHER ASSETS,2256,,,,,,2024-02-02
2024-01-31,OTHER ASSETS,2256.1,Dividend receivables,,,0,0,2024-02-02
2024-01-31,OTHER ASSETS,2256.2,Coupon receivables,,,17644227434,0.0303364643577299,2024-02-02
2024-01-31,OTHER ASSETS,2256.3,Interest receivables from bank deposits and Money market instruments,,,113012191,0.000194306626180415,2024-02-02
2024-01-31,OTHER ASSETS,2256.4,Outstanding Settlement of sales transactions,,,0,0,2024-02-02
2024-01-31,OTHER ASSETS,2256.5,Receivable from AP/Investors on securities on hold of buying,,,0,0,2024-02-02
2024-01-31,OTHER ASSETS,2256.6,Other receivables,,,0,0,2024-02-02
2024-01-31,OTHER ASSETS,2256.7,Other assets,,,0,0,2024-02-02
2024-01-31,OTHER ASSETS,2257,,,,17757239625,0.0305307709839103,2024-02-02
2024-01-31,CASH,2258,,,,,,2024-02-02
2024-01-31,CASH,2259,"Cash, Cash Equivalent",,,102939345701,0.176987958444065,2024-02-02
2024-01-31,CASH,2259.1,Cash at Bank,,,31619345701,0.0543644745830432,2024-02-02
2024-01-31,CASH,2259.2,Cash Equivalents,,,71320000000,0.122623483861022,2024-02-02
2024-01-31,CASH,2260,Deposits with term over three (03) months,,,0,0,2024-02-02
2024-01-31,CASH,2261.1,Money market instruments,,,35000000000,0.0601769760955659,2024-02-02
2024-01-31,CASH,2262,,,,137939345701,0.237164934539631,2024-02-02
2024-01-31,Total value of portfolio,2263,,,,581617792566,1,2024-02-02
2024-02-29,REAL ESTATE INVESTMENT (NOT APPLICABLE),,,,,,,2024-03-01
2024-02-29,REAL ESTATE INVESTMENT (NOT APPLICABLE),2264,,,,,,2024-03-01
2024-02-29,"SHARES LISTED, SHARES REGISTERED FOR TRADING, LISTED FUND CERTIFICATES",2246,,,,,,2024-03-01
2024-02-29,"SHARES LISTED, SHARES REGISTERED FOR TRADING, LISTED FUND CERTIFICATES",2247,,,,,,2024-03-01
2024-02-29,"SHARES UNLISTED, UNREGISTERED FOR TRADING, UNLISTED FUND CERTIFICATES",2248,,,,,,2024-03-01
2024-02-29,"SHARES UNLISTED, UNREGISTERED FOR TRADING, UNLISTED FUND CERTIFICATES",2249,,,,0,0,2024-03-01
2024-02-29,BONDS,2251,,,,,,2024-03-01
2024-02-29,BONDS,2251.1,Listed bonds,,,382896074710,0.42169575314499,2024-03-01
2024-02-29,BONDS,2251.1.1,BAF122029,390000,98809.982,38535892980,0.04244081746104,2024-03-01
2024-02-29,BONDS,2251.1.2,CII121029,1000000,100713,100713000000,0.110918463759802,2024-03-01
2024-02-29,BONDS,2251.1.3,MML121021,300230,99509,29875587070,0.0329029442249421,2024-03-01
2024-02-29,BONDS,2251.1.4,MSN123008,450000,99999.734,44999880300,0.0495598144455131,2024-03-01
2024-02-29,BONDS,2251.1.5,MSN123009,250000,99999.626,24999906500,0.0275332005115395,2024-03-01
2024-02-29,BONDS,2251.1.6,TD2434019,100000,97982,9798200000,0.0107910725686981,2024-03-01
2024-02-29,BONDS,2251.1.7,TNG122017,400000,99758.783,39903513200,0.0439470215638792,2024-03-01
2024-02-29,BONDS,2251.1.8,VND122013,740000,99996.559,73997453660,0.0814957739527599,2024-03-01
2024-02-29,BONDS,2251.1.9,VRE12007,200000,100363.205,20072641000,0.022106644656817,2024-03-01
2024-02-29,BONDS,2251.2,Unlisted Bonds,,,43622980430,0.0480433903658861,2024-03-01
2024-02-29,BONDS,2251.2.1,KDH12101,3,1007888000,3023664000,0.00333005834207914,2024-03-01
2024-02-29,BONDS,2251.2.2,KDH12202,41,990227230,40599316430,0.044713332023807,2024-03-01
2024-02-29,BONDS,2252,,,,426519055140,0.469739143510876,2024-03-01
2024-02-29,OTHER SECURITIES,2253,,,,,,2024-03-01
2024-02-29,OTHER SECURITIES,2253.1,Investment - Rights,,,0,0,2024-03-01
2024-02-29,OTHER SECURITIES,2253.2,Index future contracts,,,0,0,2024-03-01
2024-02-29,OTHER SECURITIES,2254,,,,0,0,2024-03-01
2024-02-29,OTHER SECURITIES,2255,,,,426519055140,0.469739143510876,2024-03-01
2024-02-29,OTHER ASSETS,2256,,,,,,2024-03-01
2024-02-29,OTHER ASSETS,2256.1,Dividend receivables,,,0,0,2024-03-01
2024-02-29,OTHER ASSETS,2256.2,Coupon receivables,,,8978080254,0.00988784833423579,2024-03-01
2024-02-29,OTHER ASSETS,2256.3,Interest receivables from bank deposits and Money market instruments,,,1088378164,0.00119866585188201,2024-03-01
2024-02-29,OTHER ASSETS,2256.4,Outstanding Settlement of sales transactions,,,0,0,2024-03-01
2024-02-29,OTHER ASSETS,2256.5,Receivable from AP/Investors on securities on hold of buying,,,0,0,2024-03-01
2024-02-29,OTHER ASSETS,2256.6,Other receivables,,,0,0,2024-03-01
2024-02-29,OTHER ASSETS,2256.7,Other assets,,,0,0,2024-03-01
2024-02-29,OTHER ASSETS,2257,,,,10066458418,0.0110865141861178,2024-03-01
2024-02-29,CASH,2258,,,,,,2024-03-01
2024-02-29,CASH,2259,"Cash, Cash Equivalent",,,370353854125,0.407882602514736,2024-03-01
2024-02-29,CASH,2259.1,Cash at Bank,,,164983854125,0.181702021037167,2024-03-01
2024-02-29,CASH,2259.2,Cash Equivalents,,,205370000000,0.226180581477569,2024-03-01
2024-02-29,CASH,2260,Deposits with term over three (03) months,,,5550000000,0.00611239337391299,2024-03-01
2024-02-29,CASH,2261.1,Money market instruments,,,95501931386,0.105179346414357,2024-03-01
2024-02-29,CASH,2262,,,,471405785511,0.519174342303006,2024-03-01
2024-02-29,Total value of portfolio,2263,,,,907991299069,1,2024-03-01
2024-03-31,REAL ESTATE INVESTMENT (NOT APPLICABLE),,,,,,,2024-04-01
2024-03-31,REAL ESTATE INVESTMENT (NOT APPLICABLE),2264,,,,,,2024-04-01
2024-03-31,"SHARES LISTED, SHARES REGISTERED FOR TRADING, LISTED FUND CERTIFICATES",2246,,,,,,2024-04-01
2024-03-31,"SHARES LISTED, SHARES REGISTERED FOR TRADING, LISTED FUND CERTIFICATES",2247,,,,,,2024-04-01
2024-03-31,"SHARES UNLISTED, UNREGISTERED FOR TRADING, UNLISTED FUND CERTIFICATES",2248,,,,,,2024-04-01
2024-03-31,"SHARES UNLISTED, UNREGISTERED FOR TRADING, UNLISTED FUND CERTIFICATES",2249,,,,0,0,2024-04-01
2024-03-31,BONDS,2251,,,,,,2024-04-01
2024-03-31,BONDS,2251.1,Listed bonds,,,438234334260,0.368842939102395,2024-04-01
2024-03-31,BONDS,2251.1.1,BAF122029,390000,98878.298,38562536220,0.03245642362241,2024-04-01
2024-03-31,BONDS,2251.1.2,BAF1230201,200000,100703,20140600000,0.0169514744019995,2024-04-01
2024-03-31,BONDS,2251.1.3,CII121029,1450000,100738,146070100000,0.122940903500765,2024-04-01
2024-03-31,BONDS,2251.1.4,MML121021,300230,99685,29928427550,0.0251894667242248,2024-04-01
2024-03-31,BONDS,2251.1.5,MSN123008,450000,99999.739,44999882550,0.0378744604003511,2024-04-01
2024-03-31,BONDS,2251.1.6,MSN123009,250000,99999.634,24999908500,0.021041344795591,2024-04-01
2024-03-31,BONDS,2251.1.7,TNG122017,400000,99768.061,39907224400,0.0335881896701911,2024-04-01
2024-03-31,BONDS,2251.1.8,VIC123028,380000,100237,38090060000,0.0320587607648544,2024-04-01
2024-03-31,BONDS,2251.1.9,VND122014,354430,100068,35467101240,0.0298511294987729,2024-04-01
2024-03-31,BONDS,2251.1.10,VRE12007,200000,100342.469,20068493800,0.016890785723235,2024-04-01
2024-03-31,BONDS,2251.2,Unlisted Bonds,,,70918973360,0.059689441304039,2024-04-01
2024-03-31,BONDS,2251.2.1,KDH12101,30,1009888490,30296654700,0.0254993876355853,2024-04-01
2024-03-31,BONDS,2251.2.2,KDH12202,41,990788260,40622318660,0.0341900536684537,2024-04-01
2024-03-31,BONDS,2252,,,,509153307620,0.428532380406434,2024-04-01
2024-03-31,OTHER SECURITIES,2253,,,,,,2024-04-01
2024-03-31,OTHER SECURITIES,2253.1,Investment - Rights,,,0,0,2024-04-01
2024-03-31,OTHER SECURITIES,2253.2,Index future contracts,,,0,0,2024-04-01
2024-03-31,OTHER SECURITIES,2254,,,,0,0,2024-04-01
2024-03-31,OTHER SECURITIES,2255,,,,509153307620,0.428532380406434,2024-04-01
2024-03-31,OTHER ASSETS,2256,,,,,,2024-04-01
2024-03-31,OTHER ASSETS,2256.1,Dividend receivables,,,0,0,2024-04-01
2024-03-31,OTHER ASSETS,2256.2,Coupon receivables,,,7472568535,0.00628933866112428,2024-04-01
2024-03-31,OTHER ASSETS,2256.3,Interest receivables from bank deposits and Money market instruments,,,6475875729,0.00545046531139458,2024-04-01
2024-03-31,OTHER ASSETS,2256.4,Outstanding Settlement of sales transactions,,,0,0,2024-04-01
2024-03-31,OTHER ASSETS,2256.5,Receivable from AP/Investors on securities on hold of buying,,,0,0,2024-04-01
2024-03-31,OTHER ASSETS,2256.6,Other receivables,,,0,0,2024-04-01
2024-03-31,OTHER ASSETS,2256.7,Other assets,,,25650000,2.15884987741819e-05,2024-04-01
2024-03-31,OTHER ASSETS,2257,,,,13974094264,0.011761392471293,2024-04-01
2024-03-31,CASH,2258,,,,,,2024-04-01
2024-03-31,CASH,2259,"Cash, Cash Equivalent",,,408689177378,0.343976054769839,2024-04-01
2024-03-31,CASH,2259.1,Cash at Bank,,,18819177378,0.0158392899709967,2024-04-01
2024-03-31,CASH,2259.2,Cash Equivalents,,,389870000000,0.328136764798842,2024-04-01
2024-03-31,CASH,2260,Deposits with term over three (03) months,,,110550000000,0.0930451672314156,2024-04-01
2024-03-31,CASH,2261.1,Money market instruments,,,145766058783,0.122685005121018,2024-04-01
2024-03-31,CASH,2262,,,,665005236161,0.559706227122273,2024-04-01
2024-03-31,Total value of portfolio,2263,,,,1188132638045,1,2024-04-01
2024-04-30,REAL ESTATE INVESTMENT (NOT APPLICABLE),,,,,,,2024-05-03
2024-04-30,REAL ESTATE INVESTMENT (NOT APPLICABLE),2264,,,,,,2024-05-03
2024-04-30,"SHARES LISTED, SHARES REGISTERED FOR TRADING, LISTED FUND CERTIFICATES",2246,,,,,,2024-05-03
2024-04-30,"SHARES LISTED, SHARES REGISTERED FOR TRADING, LISTED FUND CERTIFICATES",2247,,,,,,2024-05-03
2024-04-30,"SHARES UNLISTED, UNREGISTERED FOR TRADING, UNLISTED FUND CERTIFICATES",2248,,,,,,2024-05-03
2024-04-30,"SHARES UNLISTED, UNREGISTERED FOR TRADING, UNLISTED FUND CERTIFICATES",2249,,,,0,0,2024-05-03
2024-04-30,BONDS,2251,,,,,,2024-05-03
2024-04-30,BONDS,2251.1,Listed bonds,,,437392374230,0.386797624630046,2024-05-03
2024-04-30,BONDS,2251.1.1,BAF122029,390000,98944.41,38588319900,0.0341246701021259,2024-05-03
2024-04-30,BONDS,2251.1.2,BAF1230201,200000,100302.691,20060538200,0.0177400635715704,2024-05-03
2024-04-30,BONDS,2251.1.3,CII121029,1450000,100216.544,145313988800,0.128504996897365,2024-05-03
2024-04-30,BONDS,2251.1.4,MML121021,300230,99888,29989374240,0.0265203954243468,2024-05-03
2024-04-30,BONDS,2251.1.5,MSN123008,450000,99999.745,44999885250,0.0397945866202319,2024-05-03
2024-04-30,BONDS,2251.1.6,MSN123009,250000,99999.642,24999910500,0.0221080809065018,2024-05-03
2024-04-30,BONDS,2251.1.7,TNG122017,400000,99777.039,39910815600,0.0352941879663639,2024-05-03
2024-04-30,BONDS,2251.1.8,VIC123028,380000,100002.093,38000795340,0.0336051066218071,2024-05-03
2024-04-30,BONDS,2251.1.9,VND122014,354430,100060,35464265800,0.0313619865797553,2024-05-03
2024-04-30,BONDS,2251.1.10,VRE12007,200000,100322.403,20064480600,0.0177435499399782,2024-05-03
2024-04-30,BONDS,2251.2,Unlisted Bonds,,,111078961890,0.0982300587225842,2024-05-03
2024-04-30,BONDS,2251.2.1,HDBC7Y202301,100000,100288.299,10028829900,0.00886875906322721,2024-05-03
2024-04-30,BONDS,2251.2.2,KDH12101,60,1006759220,60405553200,0.0534182255311513,2024-05-03
2024-04-30,BONDS,2251.2.3,KDH12202,41,991331190,40644578790,0.0359430741282056,2024-05-03
2024-04-30,BONDS,2252,,,,548471336120,0.48502768335263,2024-05-03
2024-04-30,OTHER SECURITIES,2253,,,,,,2024-05-03
2024-04-30,OTHER SECURITIES,2253.1,Investment - Rights,,,0,0,2024-05-03
2024-04-30,OTHER SECURITIES,2253.2,Index future contracts,,,0,0,2024-05-03
2024-04-30,OTHER SECURITIES,2254,,,,0,0,2024-05-03
2024-04-30,OTHER SECURITIES,2255,,,,548471336120,0.48502768335263,2024-05-03
2024-04-30,OTHER ASSETS,2256,,,,,,2024-05-03
2024-04-30,OTHER ASSETS,2256.1,Dividend receivables,,,0,0,2024-05-03
2024-04-30,OTHER ASSETS,2256.2,Coupon receivables,,,9703161890,0.00858076224364902,2024-05-03
2024-04-30,OTHER ASSETS,2256.3,Interest receivables from bank deposits and Money market instruments,,,7955929700,0.00703563868734812,2024-05-03
2024-04-30,OTHER ASSETS,2256.4,Outstanding Settlement of sales transactions,,,0,0,2024-05-03
2024-04-30,OTHER ASSETS,2256.5,Receivable from AP/Investors on securities on hold of buying,,,0,0,2024-05-03
2024-04-30,OTHER ASSETS,2256.6,Other receivables,,,0,0,2024-05-03
2024-04-30,OTHER ASSETS,2256.7,Other assets,,,25650000,2.26829722151114e-05,2024-05-03
2024-04-30,OTHER ASSETS,2257,,,,17684741590,0.0156390839032123,2024-05-03
2024-04-30,CASH,2258,,,,,,2024-05-03
2024-04-30,CASH,2259,"Cash, Cash Equivalent",,,208332052515,0.184233534452821,2024-05-03
2024-04-30,CASH,2259.1,Cash at Bank,,,22262052515,0.0196869208050329,2024-05-03
2024-04-30,CASH,2259.2,Cash Equivalents,,,186070000000,0.164546613647788,2024-05-03
2024-04-30,CASH,2260,Deposits with term over three (03) months,,,110550000000,0.0977622837575268,2024-05-03
2024-04-30,CASH,2261.1,Money market instruments,,,245766058783,0.21733741453381,2024-05-03
2024-04-30,CASH,2262,,,,564648111298,0.499333232744158,2024-05-03
2024-04-30,Total value of portfolio,2263,,,,1130804189008,1,2024-05-03
2024-05-31,REAL ESTATE INVESTMENT (NOT APPLICABLE),,,,,,,2024-06-03
2024-05-31,REAL ESTATE INVESTMENT (NOT APPLICABLE),2264,,,,,,2024-06-03
2024-05-31,"SHARES LISTED, SHARES REGISTERED FOR TRADING, LISTED FUND CERTIFICATES",2246,,,,,,2024-06-03
2024-05-31,"SHARES LISTED, SHARES REGISTERED FOR TRADING, LISTED FUND CERTIFICATES",2247,,,,,,2024-06-03
2024-05-31,"SHARES UNLISTED, UNREGISTERED FOR TRADING, UNLISTED FUND CERTIFICATES",2248,,,,,,2024-06-03
2024-05-31,"SHARES UNLISTED, UNREGISTERED FOR TRADING, UNLISTED FUND CERTIFICATES",2249,,,,0,0,2024-06-03
2024-05-31,BONDS,2251,,,,,,2024-06-03
2024-05-31,BONDS,2251.1,Listed bonds,,,422767803531,0.338170072095334,2024-06-03
2024-05-31,BONDS,2251.1.1,BAF122029,390000,99938.025,38975829750,0.031176591609977,2024-06-03
2024-05-31,BONDS,2251.1.2,BAF1230201,252357,100923.164001,25468666898,0.0203722725551336,2024-06-03
2024-05-31,BONDS,2251.1.3,CII121029,1250000,99929.021,124911276250,0.0999159702848216,2024-06-03
2024-05-31,BONDS,2251.1.4,MML121021,300230,100122.933001,30059908175,0.024044785884395,2024-06-03
2024-05-31,BONDS,2251.1.5,MSN123008,450000,100421.295,45189582750,0.0361469447978079,2024-06-03
2024-05-31,BONDS,2251.1.6,MSN123009,250000,100354.795,25088698750,0.0200683377357602,2024-06-03
2024-05-31,BONDS,2251.1.7,TNG122017,400000,100855.377,40342150800,0.0322695056969174,2024-06-03
2024-05-31,BONDS,2251.1.8,VIC123028,380000,99625.799,37857803620,0.0302822875172131,2024-06-03
2024-05-31,BONDS,2251.1.9,VND122014,354430,98010.302,34737791338,0.0277866036701226,2024-06-03
2024-05-31,BONDS,2251.1.10,VRE12007,200000,100680.476,20136095200,0.0161067723431858,2024-06-03
2024-05-31,BONDS,2251.2,Unlisted Bonds,,,111207016090,0.0889539939762814,2024-06-03
2024-05-31,BONDS,2251.2.1,HDBC7Y202301,100000,100486.28,10048628000,0.00803785252055038,2024-06-03
2024-05-31,BONDS,2251.2.2,KDH12101,60,1005957460,60357447600,0.0482796519411055,2024-06-03
2024-05-31,BONDS,2251.2.3,KDH12202,41,995144890,40800940490,0.0326364895146255,2024-06-03
2024-05-31,BONDS,2252,,,,533974819621,0.427124066071616,2024-06-03
2024-05-31,OTHER SECURITIES,2253,,,,,,2024-06-03
2024-05-31,OTHER SECURITIES,2253.1,Investment - Rights,,,0,0,2024-06-03
2024-05-31,OTHER SECURITIES,2253.2,Index future contracts,,,0,0,2024-06-03
2024-05-31,OTHER SECURITIES,2254,,,,0,0,2024-06-03
2024-05-31,OTHER SECURITIES,2255,,,,533974819621,0.427124066071616,2024-06-03
2024-05-31,OTHER ASSETS,2256,,,,,,2024-06-03
2024-05-31,OTHER ASSETS,2256.1,Dividend receivables,,,0,0,2024-06-03
2024-05-31,OTHER ASSETS,2256.2,Coupon receivables,,,12991061628,0.0103914919978374,2024-06-03
2024-05-31,OTHER ASSETS,2256.3,Interest receivables from bank deposits and Money market instruments,,,9840979179,0.00787175515887432,2024-06-03
2024-05-31,OTHER ASSETS,2256.4,Outstanding Settlement of sales transactions,,,0,0,2024-06-03
2024-05-31,OTHER ASSETS,2256.5,Receivable from AP/Investors on securities on hold of buying,,,0,0,2024-06-03
2024-05-31,OTHER ASSETS,2256.6,Other receivables,,,0,0,2024-06-03
2024-05-31,OTHER ASSETS,2256.7,Other assets,,,51082410,4.08605909159228e-05,2024-06-03
2024-05-31,OTHER ASSETS,2257,,,,22883123217,0.0183041077476277,2024-06-03
2024-05-31,CASH,2258,,,,,,2024-06-03
2024-05-31,CASH,2259,"Cash, Cash Equivalent",,,336989269515,0.269556207013492,2024-06-03
2024-05-31,CASH,2259.1,Cash at Bank,,,5289269515,0.00423086298975472,2024-06-03
2024-05-31,CASH,2259.2,Cash Equivalents,,,331700000000,0.265325344023737,2024-06-03
2024-05-31,CASH,2260,Deposits with term over three (03) months,,,110550000000,0.0884284497492438,2024-06-03
2024-05-31,CASH,2261.1,Money market instruments,,,245766058783,0.196587169418021,2024-06-03
2024-05-31,CASH,2262,,,,693305328298,0.554571826180757,2024-06-03
2024-05-31,Total value of portfolio,2263,,,,1250163271136,1,2024-06-03
2024-06-30,REAL ESTATE INVESTMENT (NOT APPLICABLE),,,,,,,2024-07-01
2024-06-30,REAL ESTATE INVESTMENT (NOT APPLICABLE),2264,,,,,,2024-07-01
2024-06-30,"SHARES LISTED, SHARES REGISTERED FOR TRADING, LISTED FUND CERTIFICATES",2246,,,,,,2024-07-01
2024-06-30,"SHARES LISTED, SHARES REGISTERED FOR TRADING, LISTED FUND CERTIFICATES",2247,,,,,,2024-07-01
2024-06-30,"SHARES UNLISTED, UNREGISTERED FOR TRADING, UNLISTED FUND CERTIFICATES",2248,,,,,,2024-07-01
2024-06-30,"SHARES UNLISTED, UNREGISTERED FOR TRADING, UNLISTED FUND CERTIFICATES",2249,,,,0,0,2024-07-01
2024-06-30,BONDS,2251,,,,,,2024-07-01
2024-06-30,BONDS,2251.1,Listed bonds,,,470804797760,0.347441245408805,2024-07-01
2024-06-30,BONDS,2251.1.1,BAF122029,390000,99971.199,38988767610,0.0287726591568813,2024-07-01
2024-06-30,BONDS,2251.1.2,BAF1230201,452357,101841.403,46068671537,0.033997437344094,2024-07-01
2024-06-30,BONDS,2251.1.3,CII121029,1207000,100689.002,121531625414,0.0896870624328715,2024-07-01
2024-06-30,BONDS,2251.1.4,MML121021,300230,100142.966998,30065922982,0.0221878404275659,2024-07-01
2024-06-30,BONDS,2251.1.5,MSN123008,450000,100421.224,45189550800,0.0333486699458406,2024-07-01
2024-06-30,BONDS,2251.1.6,MSN123009,250000,99903.367,24975841750,0.0184314977333277,2024-07-01
2024-06-30,BONDS,2251.1.7,TNG122017,400000,100845.237,40338094800,0.0297684262382451,2024-07-01
2024-06-30,BONDS,2251.1.8,VIC123028,380000,99942.661,37978211180,0.0280268957613815,2024-07-01
2024-06-30,BONDS,2251.1.9,VND122014,654430,100161.137,65548452887,0.0483729907045025,2024-07-01
2024-06-30,BONDS,2251.1.10,VRE12007,200000,100598.294,20119658800,0.0148477656640952,2024-07-01
2024-06-30,BONDS,2251.2,Unlisted Bonds,,,116224906100,0.0857708466758031,2024-07-01
2024-06-30,BONDS,2251.2.1,HDBC7Y202301,100000,100463.613,10046361300,0.00741394373741741,2024-07-01
2024-06-30,BONDS,2251.2.2,KDH12101,60,1003731910,60223914600,0.044443625025852,2024-07-01
2024-06-30,BONDS,2251.2.3,KDH12202,46,999013700,45954630200,0.0339132779125337,2024-07-01
2024-06-30,BONDS,2252,,,,587029703860,0.433212092084608,2024-07-01
2024-06-30,OTHER SECURITIES,2253,,,,,,2024-07-01
2024-06-30,OTHER SECURITIES,2253.1,Investment - Rights,,,0,0,2024-07-01
2024-06-30,OTHER SECURITIES,2253.2,Index future contracts,,,0,0,2024-07-01
2024-06-30,OTHER SECURITIES,2254,,,,0,0,2024-07-01
2024-06-30,OTHER SECURITIES,2255,,,,587029703860,0.433212092084608,2024-07-01
2024-06-30,OTHER ASSETS,2256,,,,,,2024-07-01
2024-06-30,OTHER ASSETS,2256.1,Dividend receivables,,,0,0,2024-07-01
2024-06-30,OTHER ASSETS,2256.2,Coupon receivables,,,15732302807,0.0116100152471236,2024-07-01
2024-06-30,OTHER ASSETS,2256.3,Interest receivables from bank deposits and Money market instruments,,,7557652878,0.00557734403046233,2024-07-01
2024-06-30,OTHER ASSETS,2256.4,Outstanding Settlement of sales transactions,,,0,0,2024-07-01
2024-06-30,OTHER ASSETS,2256.5,Receivable from AP/Investors on securities on hold of buying,,,0,0,2024-07-01
2024-06-30,OTHER ASSETS,2256.6,Other receivables,,,0,0,2024-07-01
2024-06-30,OTHER ASSETS,2256.7,Other assets,,,47517119,3.50663525141354e-05,2024-07-01
2024-06-30,OTHER ASSETS,2257,,,,23337472804,0.0172224256301,2024-07-01
2024-06-30,CASH,2258,,,,,,2024-07-01
2024-06-30,CASH,2259,"Cash, Cash Equivalent",,,363662893501,0.268373409166843,2024-07-01
2024-06-30,CASH,2259.1,Cash at Bank,,,3562893501,0.00262931932965861,2024-07-01
2024-06-30,CASH,2259.2,Cash Equivalents,,,360100000000,0.265744089837184,2024-07-01
2024-06-30,CASH,2260,Deposits with term over three (03) months,,,80550000000,0.059443727954416,2024-07-01
2024-06-30,CASH,2261.1,Money market instruments,,,300482991522,0.221748345164033,2024-07-01
2024-06-30,CASH,2262,,,,744695885023,0.549565482285292,2024-07-01
2024-06-30,Total value of portfolio,2263,,,,1355063061687,1,2024-07-01
2024-07-31,REAL ESTATE INVESTMENT (NOT APPLICABLE),,,,,,,2024-08-02
2024-07-31,REAL ESTATE INVESTMENT (NOT APPLICABLE),2264,,,,,,2024-08-02
2024-07-31,"SHARES LISTED, SHARES REGISTERED FOR TRADING, LISTED FUND CERTIFICATES",2246,,,,,,2024-08-02
2024-07-31,"SHARES LISTED, SHARES REGISTERED FOR TRADING, LISTED FUND CERTIFICATES",2247,,,,,,2024-08-02
2024-07-31,"SHARES UNLISTED, UNREGISTERED FOR TRADING, UNLISTED FUND CERTIFICATES",2248,,,,,,2024-08-02
2024-07-31,"SHARES UNLISTED, UNREGISTERED FOR TRADING, UNLISTED FUND CERTIFICATES",2249,,,,0,0,2024-08-02
2024-07-31,BONDS,2251,,,,,,2024-08-02
2024-07-31,BONDS,2251.1,Listed bonds,,,607509615541,0.41971851715977,2024-08-02
2024-07-31,BONDS,2251.1.1,BAF122029,390000,100876.602,39341874780,0.0271806617089381,2024-08-02
2024-07-31,BONDS,2251.1.2,BAF123020,452357,101728.417999,46017561981,0.0317927854701908,2024-08-02
2024-07-31,BONDS,2251.1.3,CII121029,1407000,100619.753,141571992471,0.0978097880777856,2024-08-02
2024-07-31,BONDS,2251.1.4,HDB124006,100000,99199.508,9919950800,0.00685353274016266,2024-08-02
2024-07-31,BONDS,2251.1.5,MML121021,300230,100049.561999,30037879999,0.0207526829687727,2024-08-02
2024-07-31,BONDS,2251.1.6,MSN123008,550000,100215.408,55118474400,0.0380804579079381,2024-08-02
2024-07-31,BONDS,2251.1.7,MSN123009,250000,100170.411,25042602750,0.0173015271251156,2024-08-02
2024-07-31,BONDS,2251.1.8,TCX124013,763794,100188.848999,76523641733,0.052868940036839,2024-08-02
2024-07-31,BONDS,2251.1.9,TNG122017,400000,100810.853,40324341200,0.0278594317866667,2024-08-02
2024-07-31,BONDS,2251.1.10,VBA122001,198881,99313.215998,19751511711,0.01364599834296,2024-08-02
2024-07-31,BONDS,2251.1.11,VIC123028,380000,99965.347,37986831860,0.0262444845842949,2024-08-02
2024-07-31,BONDS,2251.1.12,VND122014,654430,100149.753,65541002856,0.0452812133802811,2024-08-02
2024-07-31,BONDS,2251.1.13,VRE12007,200000,101659.745,20331949000,0.0140470130298244,2024-08-02
2024-07-31,BONDS,2251.2,Unlisted Bonds,,,121605874830,0.0840155219866138,2024-08-02
2024-07-31,BONDS,2251.2.1,KDH12101,60,1007178830,60430729800,0.041750608803042,2024-08-02
2024-07-31,BONDS,2251.2.2,KDH12202,61,1002871230,61175145030,0.0422649131835718,2024-08-02
2024-07-31,BONDS,2252,,,,729115490371,0.503734039146384,2024-08-02
2024-07-31,OTHER SECURITIES,2253,,,,,,2024-08-02
2024-07-31,OTHER SECURITIES,2253.1,Investment - Rights,,,0,0,2024-08-02
2024-07-31,OTHER SECURITIES,2253.2,Index future contracts,,,0,0,2024-08-02
2024-07-31,OTHER SECURITIES,2254,,,,0,0,2024-08-02
2024-07-31,OTHER SECURITIES,2255,,,,729115490371,0.503734039146384,2024-08-02
2024-07-31,OTHER ASSETS,2256,,,,,,2024-08-02
2024-07-31,OTHER ASSETS,2256.1,Dividend receivables,,,0,0,2024-08-02
2024-07-31,OTHER ASSETS,2256.2,Coupon receivables,,,18621833636,0.0128655221259956,2024-08-02
2024-07-31,OTHER ASSETS,2256.3,Interest receivables from bank deposits and Money market instruments,,,6273767946,0.00433444428193072,2024-08-02
2024-07-31,OTHER ASSETS,2256.4,Outstanding Settlement of sales transactions,,,0,0,2024-08-02
2024-07-31,OTHER ASSETS,2256.5,Receivable from AP/Investors on securities on hold of buying,,,0,0,2024-08-02
2024-07-31,OTHER ASSETS,2256.6,Other receivables,,,0,0,2024-08-02
2024-07-31,OTHER ASSETS,2256.7,Other assets,,,60840052,4.20334028567156e-05,2024-08-02
2024-07-31,OTHER ASSETS,2257,,,,24956441634,0.0172419998107831,2024-08-02
2024-07-31,CASH,2258,,,,,,2024-08-02
2024-07-31,CASH,2259,"Cash, Cash Equivalent",,,277918531341,0.192009395212269,2024-08-02
2024-07-31,CASH,2259.1,Cash at Bank,,,17118531341,0.0118269150094015,2024-08-02
2024-07-31,CASH,2259.2,Cash Equivalents,,,260800000000,0.180182480202868,2024-08-02
2024-07-31,CASH,2260,Deposits with term over three (03) months,,,135450000000,0.0935802030041351,2024-08-02
2024-07-31,CASH,2261.1,Money market instruments,,,279981060136,0.193434362826429,2024-08-02
2024-07-31,CASH,2262,,,,693349591477,0.479023961042833,2024-08-02
2024-07-31,Total value of portfolio,2263,,,,1447421523482,1,2024-08-02
2024-08-31,REAL ESTATE INVESTMENT (NOT APPLICABLE),,,,,,,2024-09-04
2024-08-31,REAL ESTATE INVESTMENT (NOT APPLICABLE),2264,,,,,,2024-09-04
2024-08-31,"SHARES LISTED, SHARES REGISTERED FOR TRADING, LISTED FUND CERTIFICATES",2246,,,,,,2024-09-04
2024-08-31,"SHARES LISTED, SHARES REGISTERED FOR TRADING, LISTED FUND CERTIFICATES",2247,,,,,,2024-09-04
2024-08-31,"SHARES UNLISTED, UNREGISTERED FOR TRADING, UNLISTED FUND CERTIFICATES",2248,,,,,,2024-09-04
2024-08-31,"SHARES UNLISTED, UNREGISTERED FOR TRADING, UNLISTED FUND CERTIFICATES",2249,,,,0,0,2024-09-04
2024-08-31,BONDS,2251,,,,,,2024-09-04
2024-08-31,BONDS,2251.1,Listed bonds,,,737753204397,0.481432511374534,2024-09-04
2024-08-31,BONDS,2251.1.1,BAF122029,390000,100819.242,39319504380,0.0256585639030026,2024-09-04
2024-08-31,BONDS,2251.1.2,BAF123020,452357,101608.341999,45963244762,0.0299940416724837,2024-09-04
2024-08-31,BONDS,2251.1.3,CII121029,1407000,100415.959,141285254313,0.0921979252664753,2024-09-04
2024-08-31,BONDS,2251.1.4,HDB124006,100000,99932.446,9993244600,0.00652124967520854,2024-09-04
2024-08-31,BONDS,2251.1.5,MML121021,600230,99928.53,59980101562,0.0391409630692086,2024-09-04
2024-08-31,BONDS,2251.1.6,MSN123008,550000,100117.642,55064703100,0.0359333421305759,2024-09-04
2024-08-31,BONDS,2251.1.7,MSN123009,250000,99181.507,24795376750,0.0161806149103576,2024-09-04
2024-08-31,BONDS,2251.1.8,TCX124013,763794,99155.691,75734521852,0.0494217589780029,2024-09-04
2024-08-31,BONDS,2251.1.9,TD2434022,500000,99485,49742500000,0.0324602543971615,2024-09-04
2024-08-31,BONDS,2251.1.10,TD2434024,500000,99947.189,49973594500,0.0326110587648508,2024-09-04
2024-08-31,BONDS,2251.1.11,TNG122017,400000,100777.552,40311020800,0.0263055936106402,2024-09-04
2024-08-31,BONDS,2251.1.12,VBA122001,220480,99324.160998,21898991017,0.0142905326321149,2024-09-04
2024-08-31,BONDS,2251.1.13,VIC123028,380000,99904.52,37963717600,0.0247738238158114,2024-09-04
2024-08-31,BONDS,2251.1.14,VND122014,654430,100349.63,65671808361,0.0428551762802372,2024-09-04
2024-08-31,BONDS,2251.1.15,VRE12007,200000,100278.104,20055620800,0.0130876122684024,2024-09-04
2024-08-31,BONDS,2251.2,Unlisted Bonds,,,142423219350,0.0929405223332913,2024-09-04
2024-08-31,BONDS,2251.2.1,KBCH2426001,75,999985560,74998917000,0.0489417284079329,2024-09-04
2024-08-31,BONDS,2251.2.2,KDH12101,60,1006416220,60384973200,0.0394051684542953,2024-09-04
2024-08-31,BONDS,2251.2.3,KDH12202,7,1005618450,7039329150,0.00459362547106307,2024-09-04
2024-08-31,BONDS,2252,,,,880176423747,0.574373033707825,2024-09-04
2024-08-31,OTHER SECURITIES,2253,,,,,,2024-09-04
2024-08-31,OTHER SECURITIES,2253.1,Investment - Rights,,,0,0,2024-09-04
2024-08-31,OTHER SECURITIES,2253.2,Index future contracts,,,0,0,2024-09-04
2024-08-31,OTHER SECURITIES,2254,,,,0,0,2024-09-04
2024-08-31,OTHER SECURITIES,2255,,,,880176423747,0.574373033707825,2024-09-04
2024-08-31,OTHER ASSETS,2256,,,,,,2024-09-04
2024-08-31,OTHER ASSETS,2256.1,Dividend receivables,,,0,0,2024-09-04
2024-08-31,OTHER ASSETS,2256.2,Coupon receivables,,,8817897862,0.00575425858870597,2024-09-04
2024-08-31,OTHER ASSETS,2256.3,Interest receivables from bank deposits and Money market instruments,,,6446300821,0.00420663546404566,2024-09-04
2024-08-31,OTHER ASSETS,2256.4,Outstanding Settlement of sales transactions,,,100866000000,0.0658217021666401,2024-09-04
2024-08-31,OTHER ASSETS,2256.5,Receivable from AP/Investors on securities on hold of buying,,,0,0,2024-09-04
2024-08-31,OTHER ASSETS,2256.6,Other receivables,,,0,0,2024-09-04
2024-08-31,OTHER ASSETS,2256.7,Other assets,,,48512981,3.16579123450704e-05,2024-09-04
2024-08-31,OTHER ASSETS,2257,,,,116178711664,0.0758142541317368,2024-09-04
2024-08-31,CASH,2258,,,,,,2024-09-04
2024-08-31,CASH,2259,"Cash, Cash Equivalent",,,57857377177,0.0377557457288626,2024-09-04
2024-08-31,CASH,2259.1,Cash at Bank,,,3857377177,0.00251719243044127,2024-09-04
2024-08-31,CASH,2259.2,Cash Equivalents,,,54000000000,0.0352385532984213,2024-09-04
2024-08-31,CASH,2260,Deposits with term over three (03) months,,,173200000000,0.113024396875677,2024-09-04
2024-08-31,CASH,2261.1,Money market instruments,,,305000000000,0.199032569555898,2024-09-04
2024-08-31,CASH,2262,,,,536057377177,0.349812712160438,2024-09-04
2024-08-31,Total value of portfolio,2263,,,,1532412512588,1,2024-09-04
2024-09-30,REAL ESTATE INVESTMENT (NOT APPLICABLE),,,,,,,2024-10-01
2024-09-30,REAL ESTATE INVESTMENT (NOT APPLICABLE),2264,,,,,,2024-10-01
2024-09-30,"SHARES LISTED, SHARES REGISTERED FOR TRADING, LISTED FUND CERTIFICATES",2246,,,,,,2024-10-01
2024-09-30,"SHARES LISTED, SHARES REGISTERED FOR TRADING, LISTED FUND CERTIFICATES",2247,,,,,,2024-10-01
2024-09-30,"SHARES UNLISTED, UNREGISTERED FOR TRADING, UNLISTED FUND CERTIFICATES",2248,,,,,,2024-10-01
2024-09-30,"SHARES UNLISTED, UNREGISTERED FOR TRADING, UNLISTED FUND CERTIFICATES",2249,,,,0,0,2024-10-01
2024-09-30,BONDS,2251,,,,,,2024-10-01
2024-09-30,BONDS,2251.1,Listed bonds,,,796657988636,0.517779047517934,2024-10-01
2024-09-30,BONDS,2251.1.1,BAF122029,390000,100735.179,39286719810,0.0255339689722488,2024-10-01
2024-09-30,BONDS,2251.1.2,BAF123020,452357,100918.571,45651222022,0.029670506784287,2024-10-01
2024-09-30,BONDS,2251.1.3,CII121029,1387000,100180.151,138949869437,0.0903089306529299,2024-10-01
2024-09-30,BONDS,2251.1.4,HDB124006,100000,99893.172,9989317200,0.00649244621776305,2024-10-01
2024-09-30,BONDS,2251.1.5,MML121021,300230,99866.596998,29982948417,0.0194870856686117,2024-10-01
2024-09-30,BONDS,2251.1.6,MSN123008,1050000,99624.298,104605512900,0.0679871960202414,2024-10-01
2024-09-30,BONDS,2251.1.7,MSN123009,750000,100000.137,75000102750,0.048745487172144,2024-10-01
2024-09-30,BONDS,2251.1.8,TD2434023,500000,100234.734,50117367000,0.032573228310679,2024-10-01
2024-09-30,BONDS,2251.1.9,VPI124001,883233,100932.192,89146642737,0.0579398743553873,2024-10-01
2024-09-30,BONDS,2251.1.10,TD2434024,500000,100207.5,50103750000,0.0325643780921528,2024-10-01
2024-09-30,BONDS,2251.1.11,TNG122017,400000,100882.582,40353032800,0.0262270073051268,2024-10-01
2024-09-30,BONDS,2251.1.12,VIC123028,380000,99555.991,37831276580,0.0245880197442293,2024-10-01
2024-09-30,BONDS,2251.1.13,VND122014,654430,100024.081999,65458759983,0.0425441969818606,2024-10-01
2024-09-30,BONDS,2251.1.14,VRE12007,200000,100907.335,20181467000,0.0131167212402725,2024-10-01
2024-09-30,BONDS,2251.2,Unlisted Bonds,,,142348265260,0.0925176804268883,2024-10-01
2024-09-30,BONDS,2251.2.1,KBCH2426001,75,999802130,74985159750,0.0487357751345853,2024-10-01
2024-09-30,BONDS,2251.2.2,KDH12101,60,1005713270,60342796200,0.0392191329110999,2024-10-01
2024-09-30,BONDS,2251.2.3,KDH12202,7,1002901330,7020309310,0.00456277238120302,2024-10-01
2024-09-30,BONDS,2252,,,,939006253896,0.610296727944823,2024-10-01
2024-09-30,OTHER SECURITIES,2253,,,,,,2024-10-01
2024-09-30,OTHER SECURITIES,2253.1,Investment - Rights,,,0,0,2024-10-01
2024-09-30,OTHER SECURITIES,2253.2,Index future contracts,,,0,0,2024-10-01
2024-09-30,OTHER SECURITIES,2254,,,,0,0,2024-10-01
2024-09-30,OTHER SECURITIES,2255,,,,939006253896,0.610296727944823,2024-10-01
2024-09-30,OTHER ASSETS,2256,,,,,,2024-10-01
2024-09-30,OTHER ASSETS,2256.1,Dividend receivables,,,0,0,2024-10-01
2024-09-30,OTHER ASSETS,2256.2,Coupon receivables,,,15619405291,0.0101516596955457,2024-10-01
2024-09-30,OTHER ASSETS,2256.3,Interest receivables from bank deposits and Money market instruments,,,6671668631,0.00433617722835995,2024-10-01
2024-09-30,OTHER ASSETS,2256.4,Outstanding Settlement of sales transactions,,,0,0,2024-10-01
2024-09-30,OTHER ASSETS,2256.5,Receivable from AP/Investors on securities on hold of buying,,,0,0,2024-10-01
2024-09-30,OTHER ASSETS,2256.6,Other receivables,,,0,0,2024-10-01
2024-09-30,OTHER ASSETS,2256.7,Other assets,,,36583558,2.37770788547405e-05,2024-10-01
2024-09-30,OTHER ASSETS,2257,,,,22327657480,0.0145116140027604,2024-10-01
2024-09-30,CASH,2258,,,,,,2024-10-01
2024-09-30,CASH,2259,"Cash, Cash Equivalent",,,156172164816,0.101502371030876,2024-10-01
2024-09-30,CASH,2259.1,Cash at Bank,,,10372164816,0.0067412737909308,2024-10-01
2024-09-30,CASH,2259.2,Cash Equivalents,,,145800000000,0.0947610972399448,2024-10-01
2024-09-30,CASH,2260,Deposits with term over three (03) months,,,156100000000,0.101455468306964,2024-10-01
2024-09-30,CASH,2261.1,Money market instruments,,,265000000000,0.172233818714577,2024-10-01
2024-09-30,CASH,2262,,,,577272164816,0.375191658052417,2024-10-01
2024-09-30,Total value of portfolio,2263,,,,1538606076192,1,2024-10-01
2024-10-31,REAL ESTATE INVESTMENT (NOT APPLICABLE),,,,,,,2024-11-01
2024-10-31,REAL ESTATE INVESTMENT (NOT APPLICABLE),2264,,,,,,2024-11-01
2024-10-31,"SHARES LISTED, SHARES REGISTERED FOR TRADING, LISTED FUND CERTIFICATES",2246,,,,,,2024-11-01
2024-10-31,"SHARES LISTED, SHARES REGISTERED FOR TRADING, LISTED FUND CERTIFICATES",2247,,,,,,2024-11-01
2024-10-31,"SHARES UNLISTED, UNREGISTERED FOR TRADING, UNLISTED FUND CERTIFICATES",2248,,,,,,2024-11-01
2024-10-31,"SHARES UNLISTED, UNREGISTERED FOR TRADING, UNLISTED FUND CERTIFICATES",2249,,,,0,0,2024-11-01
2024-10-31,BONDS,2251,,,,,,2024-11-01
2024-10-31,BONDS,2251.1,Listed bonds,,,656247434231,0.397650024264849,2024-11-01
2024-10-31,BONDS,2251.1.1,BAF122029,390000,100676.827,39263962530,0.0237918121098401,2024-11-01
2024-10-31,BONDS,2251.1.2,BAF123020,452357,102451.258998,46344544167,0.0280822570135397,2024-11-01
2024-10-31,BONDS,2251.1.3,HDB124006,100000,99933.327,9993332700,0.00605541261322921,2024-11-01
2024-10-31,BONDS,2251.1.4,HDB124018,1000000,99789.767,99789767000,0.060467136630306,2024-11-01
2024-10-31,BONDS,2251.1.5,MML121021,400230,99979.264,40014700831,0.0242467184272401,2024-11-01
2024-10-31,BONDS,2251.1.6,MSN123009,250000,99625.782,24906445500,0.0150919426740797,2024-11-01
2024-10-31,BONDS,2251.1.7,TNG122017,1100000,100802.351,110882586100,0.0671887778195771,2024-11-01
2024-10-31,BONDS,2251.1.8,VBA122001,220480,99356.068001,21906025873,0.0132738526134619,2024-11-01
2024-10-31,BONDS,2251.1.9,VIC123028,380000,99586.078,37842709640,0.0229306106533236,2024-11-01
2024-10-31,BONDS,2251.1.10,VND122014,654430,100072.932,65490728889,0.0396837969543459,2024-11-01
2024-10-31,BONDS,2251.1.11,VPI124001,1383233,101044.670999,139768323401,0.0846919535113962,2024-11-01
2024-10-31,BONDS,2251.1.12,VRE12007,200000,100221.538,20044307600,0.0121457532445093,2024-11-01
2024-10-31,BONDS,2251.2,Unlisted Bonds,,,148162087990,0.089778115404586,2024-11-01
2024-10-31,BONDS,2251.2.1,KBC12401,75,999694950,74977121250,0.0454320314704289,2024-11-01
2024-10-31,BONDS,2251.2.2,KDH12101,30,1005671230,30170136900,0.0182814515448997,2024-11-01
2024-10-31,BONDS,2251.2.3,KDH12202,7,1002357280,7016500960,0.00425161552100821,2024-11-01
2024-10-31,BONDS,2251.2.4,CIIH2427003,360,99995358,35998328880,0.0218130168682491,2024-11-01
2024-10-31,BONDS,2252,,,,804409522221,0.487428139669435,2024-11-01
2024-10-31,OTHER SECURITIES,2253,,,,,,2024-11-01
2024-10-31,OTHER SECURITIES,2253.1,Investment - Rights,,,0,0,2024-11-01
2024-10-31,OTHER SECURITIES,2253.2,Index future contracts,,,0,0,2024-11-01
2024-10-31,OTHER SECURITIES,2254,,,,0,0,2024-11-01
2024-10-31,OTHER SECURITIES,2255,,,,804409522221,0.487428139669435,2024-11-01
2024-10-31,OTHER ASSETS,2256,,,,,,2024-11-01
2024-10-31,OTHER ASSETS,2256.1,Dividend receivables,,,0,0,2024-11-01
2024-10-31,OTHER ASSETS,2256.2,Coupon receivables,,,20195728659,0.0122375061179604,2024-11-01
2024-10-31,OTHER ASSETS,2256.3,Interest receivables from bank deposits and Money market instruments,,,10044821371,0.00608661192953055,2024-11-01
2024-10-31,OTHER ASSETS,2256.4,Outstanding Settlement of sales transactions,,,0,0,2024-11-01
2024-10-31,OTHER ASSETS,2256.5,Receivable from AP/Investors on securities on hold of buying,,,0,0,2024-11-01
2024-10-31,OTHER ASSETS,2256.6,Other receivables,,,0,0,2024-11-01
2024-10-31,OTHER ASSETS,2256.7,Other assets,,,24256486,1.46981027937775e-05,2024-11-01
2024-10-31,OTHER ASSETS,2257,,,,30264806516,0.0183388161502847,2024-11-01
2024-10-31,CASH,2258,,,,,,2024-11-01
2024-10-31,CASH,2259,"Cash, Cash Equivalent",,,339416846350,0.205668030298868,2024-11-01
2024-10-31,CASH,2259.1,Cash at Bank,,,31416846350,0.0190368892307242,2024-11-01
2024-10-31,CASH,2259.2,Cash Equivalents,,,308000000000,0.186631141068144,2024-11-01
2024-10-31,CASH,2260,Deposits with term over three (03) months,,,161100000000,0.0976177819028507,2024-11-01
2024-10-31,CASH,2261.1,Money market instruments,,,315122905603,0.190947231978562,2024-11-01
2024-10-31,CASH,2262,,,,815639751953,0.494233044180281,2024-11-01
2024-10-31,Total value of portfolio,2263,,,,1650314080690,1,2024-11-01
2024-11-30,REAL ESTATE INVESTMENT (NOT APPLICABLE),,,,,,,2024-12-02
2024-11-30,REAL ESTATE INVESTMENT (NOT APPLICABLE),2264,,,,,,2024-12-02
2024-11-30,"SHARES LISTED, SHARES REGISTERED FOR TRADING, LISTED FUND CERTIFICATES",2246,,,,,,2024-12-02
2024-11-30,"SHARES LISTED, SHARES REGISTERED FOR TRADING, LISTED FUND CERTIFICATES",2247,,,,,,2024-12-02
2024-11-30,"SHARES UNLISTED, UNREGISTERED FOR TRADING, UNLISTED FUND CERTIFICATES",2248,,,,,,2024-12-02
2024-11-30,"SHARES UNLISTED, UNREGISTERED FOR TRADING, UNLISTED FUND CERTIFICATES",2249,,,,0,0,2024-12-02
2024-11-30,BONDS,2251,,,,,,2024-12-02
2024-11-30,BONDS,2251.1,Listed bonds,,,760970869554,0.43270676997056,2024-12-02
2024-11-30,BONDS,2251.1.1,BAF122029,390000,100608.305,39237238950,0.0223112600073225,2024-12-02
2024-11-30,BONDS,2251.1.2,BAF123020,452357,102350.008999,46298743021,0.026326605061841,2024-12-02
2024-11-30,BONDS,2251.1.3,HDB124006,100000,99939.243,9993924300,0.00568279138690002,2024-12-02
2024-11-30,BONDS,2251.1.4,MML121021,400230,100197.670999,40102113864,0.0228030491748695,2024-12-02
2024-11-30,BONDS,2251.1.5,MSN123008,1050000,99632.583,104614212150,0.0594862164158429,2024-12-02
2024-11-30,BONDS,2251.1.6,MSN123009,250000,99631.981,24907995250,0.01416329928291,2024-12-02
2024-11-30,BONDS,2251.1.7,TNG122017,1100000,100744.456,110818901600,0.0630143555838422,2024-12-02
2024-11-30,BONDS,2251.1.8,VBA122001,220480,99375.318999,21910270333,0.0124587190972643,2024-12-02
2024-11-30,BONDS,2251.1.9,VBA124019,1000000,99687.448,99687448000,0.0566847370333237,2024-12-02
2024-11-30,BONDS,2251.1.10,VIC123028,380000,100091.096,38034616480,0.0216274192647817,2024-12-02
2024-11-30,BONDS,2251.1.11,VND122014,654430,100105.588999,65512100609,0.0372517931798376,2024-12-02
2024-11-30,BONDS,2251.1.12,VPI124001,1383233,101076.769999,139812723797,0.0795009566534963,2024-12-02
2024-11-30,BONDS,2251.1.13,VRE12007,200000,100202.906,20040581200,0.0113955678283285,2024-12-02
2024-11-30,BONDS,2251.2,Unlisted Bonds,,,148128762540,0.0842296610065848,2024-12-02
2024-11-30,BONDS,2251.2.1,CIIH2427003,360,99977304,35991829440,0.0204658402646102,2024-12-02
2024-11-30,BONDS,2251.2.2,KBC12401,75,999664300,74974822500,0.0426325297998663,2024-12-02
2024-11-30,BONDS,2251.2.3,KDH12101,30,1004665000,30139950000,0.0171383175537559,2024-12-02
2024-11-30,BONDS,2251.2.4,KDH12202,7,1003165800,7022160600,0.00399297338835243,2024-12-02
2024-11-30,BONDS,2252,,,,909099632094,0.516936430977145,2024-12-02
2024-11-30,OTHER SECURITIES,2253,,,,,,2024-12-02
2024-11-30,OTHER SECURITIES,2253.1,Investment - Rights,,,0,0,2024-12-02
2024-11-30,OTHER SECURITIES,2253.2,Index future contracts,,,0,0,2024-12-02
2024-11-30,OTHER SECURITIES,2254,,,,0,0,2024-12-02
2024-11-30,OTHER SECURITIES,2255,,,,909099632094,0.516936430977145,2024-12-02
2024-11-30,OTHER ASSETS,2256,,,,,,2024-12-02
2024-11-30,OTHER ASSETS,2256.1,Dividend receivables,,,0,0,2024-12-02
2024-11-30,OTHER ASSETS,2256.2,Coupon receivables,,,25458069893,0.0144760852666294,2024-12-02
2024-11-30,OTHER ASSETS,2256.3,Interest receivables from bank deposits and Money market instruments,,,12436029590,0.00707143257441782,2024-12-02
2024-11-30,OTHER ASSETS,2256.4,Outstanding Settlement of sales transactions,,,0,0,2024-12-02
2024-11-30,OTHER ASSETS,2256.5,Receivable from AP/Investors on securities on hold of buying,,,0,0,2024-12-02
2024-11-30,OTHER ASSETS,2256.6,Other receivables,,,0,0,2024-12-02
2024-11-30,OTHER ASSETS,2256.7,Other assets,,,12327062,7.00947092018523e-06,2024-12-02
2024-11-30,OTHER ASSETS,2257,,,,37906426545,0.0215545273119674,2024-12-02
2024-11-30,CASH,2258,,,,,,2024-12-02
2024-11-30,CASH,2259,"Cash, Cash Equivalent",,,335400487305,0.190716973953757,2024-12-02
2024-11-30,CASH,2259.1,Cash at Bank,,,150400487305,0.0855214196331685,2024-12-02
2024-11-30,CASH,2259.2,Cash Equivalents,,,185000000000,0.105195554320589,2024-12-02
2024-11-30,CASH,2260,Deposits with term over three (03) months,,,161100000000,0.0916054259516048,2024-12-02
2024-11-30,CASH,2261.1,Money market instruments,,,315122905603,0.179186641805525,2024-12-02
2024-11-30,CASH,2262,,,,811623392908,0.461509041710888,2024-12-02
2024-11-30,Total value of portfolio,2263,,,,1758629451547,1,2024-12-02
2024-12-31,REAL ESTATE INVESTMENT (NOT APPLICABLE),,,,,,,2025-01-03
2024-12-31,REAL ESTATE INVESTMENT (NOT APPLICABLE),2264,,,,,,2025-01-03
2024-12-31,"SHARES LISTED, SHARES REGISTERED FOR TRADING, LISTED FUND CERTIFICATES",2246,,,,,,2025-01-03
2024-12-31,"SHARES LISTED, SHARES REGISTERED FOR TRADING, LISTED FUND CERTIFICATES",2247,,,,,,2025-01-03
2024-12-31,"SHARES UNLISTED, UNREGISTERED FOR TRADING, UNLISTED FUND CERTIFICATES",2248,,,,,,2025-01-03
2024-12-31,"SHARES UNLISTED, UNREGISTERED FOR TRADING, UNLISTED FUND CERTIFICATES",2249,,,,0,0,2025-01-03
2024-12-31,BONDS,2251,,,,,,2025-01-03
2024-12-31,BONDS,2251.1,Listed bonds,,,803804814079,0.476249571451002,2025-01-03
2024-12-31,BONDS,2251.1.1,BAF122029,390000,100539.325,39210336750,0.0232318913081325,2025-01-03
2024-12-31,BONDS,2251.1.2,BAF123020,452357,100750.686,45575278067,0.0270030811808944,2025-01-03
2024-12-31,BONDS,2251.1.3,CII124021,993,100055449,99355060857,0.0588672826112036,2025-01-03
2024-12-31,BONDS,2251.1.4,HDB124006,100000,100571.288,10057128800,0.00595878899595243,2025-01-03
2024-12-31,BONDS,2251.1.5,HDB124018,1000000,99787.479,99787479000,0.0591234877889835,2025-01-03
2024-12-31,BONDS,2251.1.6,MML121021,400230,99943.095999,40000225312,0.0236998955829981,2025-01-03
2024-12-31,BONDS,2251.1.7,MSN123008,500000,99645.297,49822648500,0.0295196228998286,2025-01-03
2024-12-31,BONDS,2251.1.8,MSN123009,250000,99644.332,24911083000,0.0147596685107242,2025-01-03
2024-12-31,BONDS,2251.1.9,TNG122017,1100000,101016.372,111118009200,0.0658367595404665,2025-01-03
2024-12-31,BONDS,2251.1.10,VBA122001,220480,98098.339999,21628722003,0.0128148891429123,2025-01-03
2024-12-31,BONDS,2251.1.11,VIC123028,380000,99662.45,37871731000,0.022438775363051,2025-01-03
2024-12-31,BONDS,2251.1.12,VND122014,654430,100317.725999,65650929426,0.03889778520463,2025-01-03
2024-12-31,BONDS,2251.1.13,VPI124001,1383233,100328.767,138778061364,0.0822251759304717,2025-01-03
2024-12-31,BONDS,2251.1.14,VRE12007,200000,100190.604,20038120800,0.0118724673907533,2025-01-03
2024-12-31,BONDS,2251.2,Unlisted Bonds,,,153079537930,0.0906987157331391,2025-01-03
2024-12-31,BONDS,2251.2.1,CII12403,360,99965873,35987714280,0.0213225066622537,2025-01-03
2024-12-31,BONDS,2251.2.2,KBC12401,75,999709240,74978193000,0.0444241333952884,2025-01-03
2024-12-31,BONDS,2251.2.3,KDH12101,35,1003246590,35113630650,0.0208046173103757,2025-01-03
2024-12-31,BONDS,2251.2.4,KDH12202,7,1000000000,7000000000,0.00414745836522119,2025-01-03
2024-12-31,BONDS,2252,,,,956884352009,0.566948287184141,2025-01-03
2024-12-31,OTHER SECURITIES,2253,,,,,,2025-01-03
2024-12-31,OTHER SECURITIES,2253.1,Investment - Rights,,,0,0,2025-01-03
2024-12-31,OTHER SECURITIES,2253.2,Index future contracts,,,0,0,2025-01-03
2024-12-31,OTHER SECURITIES,2254,,,,0,0,2025-01-03
2024-12-31,OTHER SECURITIES,2255,,,,956884352009,0.566948287184141,2025-01-03
2024-12-31,OTHER ASSETS,2256,,,,,,2025-01-03
2024-12-31,OTHER ASSETS,2256.1,Dividend receivables,,,0,0,2025-01-03
2024-12-31,OTHER ASSETS,2256.2,Coupon receivables,,,30288039815,0.0179454834424106,2025-01-03
2024-12-31,OTHER ASSETS,2256.3,Interest receivables from bank deposits and Money market instruments,,,13444436440,0.00796574862553752,2025-01-03
2024-12-31,OTHER ASSETS,2256.4,Outstanding Settlement of sales transactions,,,0,0,2025-01-03
2024-12-31,OTHER ASSETS,2256.5,Receivable from AP/Investors on securities on hold of buying,,,0,0,2025-01-03
2024-12-31,OTHER ASSETS,2256.6,Other receivables,,,0,0,2025-01-03
2024-12-31,OTHER ASSETS,2256.7,Other assets,,,0,0,2025-01-03
2024-12-31,OTHER ASSETS,2257,,,,43732476255,0.0259112320679481,2025-01-03
2024-12-31,CASH,2258,,,,,,2025-01-03
2024-12-31,CASH,2259,"Cash, Cash Equivalent",,,260940922040,0.154605944277618,2025-01-03
2024-12-31,CASH,2259.1,Cash at Bank,,,12140922040,0.00719342409661377,2025-01-03
2024-12-31,CASH,2259.2,Cash Equivalents,,,248800000000,0.147412520181005,2025-01-03
2024-12-31,CASH,2260,Deposits with term over three (03) months,,,161100000000,0.0954507918053049,2025-01-03
2024-12-31,CASH,2261.1,Money market instruments,,,265122905603,0.157083744664987,2025-01-03
2024-12-31,CASH,2262,,,,687163827643,0.407140480747911,2025-01-03
2024-12-31,Total value of portfolio,2263,,,,1687780655907,1,2025-01-03
2025-01-31,REAL ESTATE INVESTMENT (NOT APPLICABLE),,,,,,,2025-02-03
2025-01-31,REAL ESTATE INVESTMENT (NOT APPLICABLE),2264,,,,,,2025-02-03
2025-01-31,"SHARES LISTED, SHARES REGISTERED FOR TRADING, LISTED FUND CERTIFICATES",2246,,,,,,2025-02-03
2025-01-31,"SHARES LISTED, SHARES REGISTERED FOR TRADING, LISTED FUND CERTIFICATES",2247,,,,,,2025-02-03
2025-01-31,"SHARES UNLISTED, UNREGISTERED FOR TRADING, UNLISTED FUND CERTIFICATES",2248,,,,,,2025-02-03
2025-01-31,"SHARES UNLISTED, UNREGISTERED FOR TRADING, UNLISTED FUND CERTIFICATES",2249,,,,0,0,2025-02-03
2025-01-31,BONDS,2251,,,,,,2025-02-03
2025-01-31,BONDS,2251.1,Listed bonds,,,894010461508,0.528186565769154,2025-02-03
2025-01-31,BONDS,2251.1.1,BAF122029,390000,100492.189,39191953710,0.0231548335586041,2025-02-03
2025-01-31,BONDS,2251.1.2,BAF123020,452357,100711.394,45557504056,0.0269156376221417,2025-02-03
2025-01-31,BONDS,2251.1.3,CII124021,993,99996998,99297019014,0.0586652547394712,2025-02-03
2025-01-31,BONDS,2251.1.4,HDB124006,100000,100418.788,10041878800,0.00593280023624714,2025-02-03
2025-01-31,BONDS,2251.1.5,HDB124018,1000000,99807.273,99807273000,0.0589667157537873,2025-02-03
2025-01-31,BONDS,2251.1.6,MML121021,400230,99950.704999,40003270662,0.0236341643193475,2025-02-03
2025-01-31,BONDS,2251.1.7,MSN123008,1050000,99658.655,104641587750,0.0618228569462993,2025-02-03
2025-01-31,BONDS,2251.1.8,MSN123009,250000,100042.11,25010527500,0.0147763647038506,2025-02-03
2025-01-31,BONDS,2251.1.9,TCX124013,363794,99415.537999,36166776231,0.0213675411584906,2025-02-03
2025-01-31,BONDS,2251.1.10,TNG122017,1100000,100972.202,111069422200,0.0656204588197174,2025-02-03
2025-01-31,BONDS,2251.1.11,VBA122001,220480,98103.164999,21629785819,0.012779002910983,2025-02-03
2025-01-31,BONDS,2251.1.12,VIC123028,380000,99213.767,37701231460,0.0222741062073659,2025-02-03
2025-01-31,BONDS,2251.1.13,VND122014,654430,100187.397,65565638219,0.0387365593294531,2025-02-03
2025-01-31,BONDS,2251.1.14,VPI124001,1383233,99999.958999,138323243287,0.0817221743854928,2025-02-03
2025-01-31,BONDS,2251.1.15,VRE12007,200000,100016.749,20003349800,0.0118180950779026,2025-02-03
2025-01-31,BONDS,2251.2,Unlisted Bonds,,,160543585070,0.0948500811851322,2025-02-03
2025-01-31,BONDS,2251.2.1,CII12403,360,99963194,35986749840,0.021261180522565,2025-02-03
2025-01-31,BONDS,2251.2.2,KBC12401,83,993643810,82472436230,0.0487251936509352,2025-02-03
2025-01-31,BONDS,2251.2.3,KDH12101,35,1002411400,35084399000,0.02072806641281,2025-02-03
2025-01-31,BONDS,2251.2.4,KDH12202,7,1000000000,7000000000,0.004135640598822,2025-02-03
2025-01-31,BONDS,2252,,,,1054554046578,0.623036646954286,2025-02-03
2025-01-31,OTHER SECURITIES,2253,,,,,,2025-02-03
2025-01-31,OTHER SECURITIES,2253.1,Investment - Rights,,,0,0,2025-02-03
2025-01-31,OTHER SECURITIES,2253.2,Index future contracts,,,0,0,2025-02-03
2025-01-31,OTHER SECURITIES,2254,,,,0,0,2025-02-03
2025-01-31,OTHER SECURITIES,2255,,,,1054554046578,0.623036646954286,2025-02-03
2025-01-31,OTHER ASSETS,2256,,,,,,2025-02-03
2025-01-31,OTHER ASSETS,2256.1,Dividend receivables,,,0,0,2025-02-03
2025-01-31,OTHER ASSETS,2256.2,Coupon receivables,,,36142849246,0.0213534049569801,2025-02-03
2025-01-31,OTHER ASSETS,2256.3,Interest receivables from bank deposits and Money market instruments,,,12944287808,0.00764756031165735,2025-02-03
2025-01-31,OTHER ASSETS,2256.4,Outstanding Settlement of sales transactions,,,0,0,2025-02-03
2025-01-31,OTHER ASSETS,2256.5,Receivable from AP/Investors on securities on hold of buying,,,0,0,2025-02-03
2025-01-31,OTHER ASSETS,2256.6,Other receivables,,,0,0,2025-02-03
2025-01-31,OTHER ASSETS,2256.7,Other assets,,,0,0,2025-02-03
2025-01-31,OTHER ASSETS,2257,,,,49087137054,0.0290009652686374,2025-02-03
2025-01-31,CASH,2258,,,,,,2025-02-03
2025-01-31,CASH,2259,"Cash, Cash Equivalent",,,162739470657,0.0961474231256987,2025-02-03
2025-01-31,CASH,2259.1,Cash at Bank,,,1739470657,0.00102768935279268,2025-02-03
2025-01-31,CASH,2259.2,Cash Equivalents,,,161000000000,0.095119733772906,2025-02-03
2025-01-31,CASH,2260,Deposits with term over three (03) months,,,161100000000,0.0951788143528892,2025-02-03
2025-01-31,CASH,2261.1,Money market instruments,,,265122905603,0.156636150298489,2025-02-03
2025-01-31,CASH,2262,,,,588962376260,0.347962387777076,2025-02-03
2025-01-31,Total value of portfolio,2263,,,,1692603559892,1,2025-02-03
2025-02-28,REAL ESTATE INVESTMENT (NOT APPLICABLE),,,,,,,2025-03-03
2025-02-28,REAL ESTATE INVESTMENT (NOT APPLICABLE),2264,,,,,,2025-03-03
2025-02-28,"SHARES LISTED, SHARES REGISTERED FOR TRADING, LISTED FUND CERTIFICATES",2246,,,,,,2025-03-03
2025-02-28,"SHARES LISTED, SHARES REGISTERED FOR TRADING, LISTED FUND CERTIFICATES",2247,,,,,,2025-03-03
2025-02-28,"SHARES UNLISTED, UNREGISTERED FOR TRADING, UNLISTED FUND CERTIFICATES",2248,,,,,,2025-03-03
2025-02-28,"SHARES UNLISTED, UNREGISTERED FOR TRADING, UNLISTED FUND CERTIFICATES",2249,,,,0,0,2025-03-03
2025-02-28,BONDS,2251,,,,,,2025-03-03
2025-02-28,BONDS,2251.1,Listed bonds,,,963703064665,0.56416397722974,2025-03-03
2025-02-28,BONDS,2251.1.1,BAF122029,390000,100441.466,39172171740,0.0229318853657968,2025-03-03
2025-02-28,BONDS,2251.1.2,BAF123020,452357,100652.066,45530666620,0.0266542287848693,2025-03-03
2025-02-28,BONDS,2251.1.3,CII124021,993,99992286,99292339998,0.0581269931534272,2025-03-03
2025-02-28,BONDS,2251.1.4,HDB124006,100000,100336.54,10033654000,0.00587382810570891,2025-03-03
2025-02-28,BONDS,2251.1.5,HDB124018,1000000,100000.274,100000274000,0.0585414266826215,2025-03-03
2025-02-28,BONDS,2251.1.6,MML121021,400230,99964.655,40008853871,0.0234216896800189,2025-03-03
2025-02-28,BONDS,2251.1.7,MSN123008,1050000,99674.667,104658400350,0.061268352832813,2025-03-03
2025-02-28,BONDS,2251.1.8,MSN123009,250000,99675.082,24918770500,0.0145877637919954,2025-03-03
2025-02-28,BONDS,2251.1.9,TCX124013,563794,99570.366,56137174929,0.0328634130570037,2025-03-03
2025-02-28,BONDS,2251.1.10,TNG122017,1100000,100908.059,110998864900,0.0649801410683891,2025-03-03
2025-02-28,BONDS,2251.1.11,VBA122001,220480,98113.391999,21632040668,0.0126636705291548,2025-03-03
2025-02-28,BONDS,2251.1.12,VBA124019,1000000,99980.641,99980641000,0.0585299332758128,2025-03-03
2025-02-28,BONDS,2251.1.13,VIC123028,380000,100089.437,38033986060,0.0222655770561123,2025-03-03
2025-02-28,BONDS,2251.1.14,VPI124001,1533233,99985.762,153301469829,0.0897446216630618,2025-03-03
2025-02-28,BONDS,2251.1.15,VRE12007,200000,100018.781,20003756200,0.0117104521829544,2025-03-03
2025-02-28,BONDS,2251.2,Unlisted Bonds,,,151161459820,0.0884918327052841,2025-03-03
2025-02-28,BONDS,2251.2.1,CII12403,360,100000001,36000000360,0.0210748560713872,2025-03-03
2025-02-28,BONDS,2251.2.2,KBC12401,83,1001502620,83124717460,0.0486622621923838,2025-03-03
2025-02-28,BONDS,2251.2.3,KDH12101,25,1001469680,25036742000,0.0146568258019444,2025-03-03
2025-02-28,BONDS,2251.2.4,KDH12202,7,1000000000,7000000000,0.00409788863956863,2025-03-03
2025-02-28,BONDS,2252,,,,1114864524485,0.652655809935024,2025-03-03
2025-02-28,OTHER SECURITIES,2253,,,,,,2025-03-03
2025-02-28,OTHER SECURITIES,2253.1,Investment - Rights,,,0,0,2025-03-03
2025-02-28,OTHER SECURITIES,2253.2,Index future contracts,,,0,0,2025-03-03
2025-02-28,OTHER SECURITIES,2254,,,,0,0,2025-03-03
2025-02-28,OTHER SECURITIES,2255,,,,1114864524485,0.652655809935024,2025-03-03
2025-02-28,OTHER ASSETS,2256,,,,,,2025-03-03
2025-02-28,OTHER ASSETS,2256.1,Dividend receivables,,,0,0,2025-03-03
2025-02-28,OTHER ASSETS,2256.2,Coupon receivables,,,14788762867,0.00865752904942197,2025-03-03
2025-02-28,OTHER ASSETS,2256.3,Interest receivables from bank deposits and Money market instruments,,,11895529453,0.00696379357244325,2025-03-03
2025-02-28,OTHER ASSETS,2256.4,Outstanding Settlement of sales transactions,,,0,0,2025-03-03
2025-02-28,OTHER ASSETS,2256.5,Receivable from AP/Investors on securities on hold of buying,,,0,0,2025-03-03
2025-02-28,OTHER ASSETS,2256.6,Other receivables,,,0,0,2025-03-03
2025-02-28,OTHER ASSETS,2256.7,Other assets,,,0,0,2025-03-03
2025-02-28,OTHER ASSETS,2257,,,,26684292320,0.0156213226218652,2025-03-03
2025-02-28,CASH,2258,,,,,,2025-03-03
2025-02-28,CASH,2259,"Cash, Cash Equivalent",,,156525013933,0.0916317252006233,2025-03-03
2025-02-28,CASH,2259.1,Cash at Bank,,,32925013933,0.0192747200790971,2025-03-03
2025-02-28,CASH,2259.2,Cash Equivalents,,,123600000000,0.0723570051215262,2025-03-03
2025-02-28,CASH,2260,Deposits with term over three (03) months,,,95000000000,0.0556142029655743,2025-03-03
2025-02-28,CASH,2261.1,Money market instruments,,,315122905603,0.184476939276913,2025-03-03
2025-02-28,CASH,2262,,,,566647919536,0.331722867443111,2025-03-03
2025-02-28,Total value of portfolio,2263,,,,1708196736341,1,2025-03-03
2025-03-31,REAL ESTATE INVESTMENT (NOT APPLICABLE),,,,,,,2025-04-01
2025-03-31,REAL ESTATE INVESTMENT (NOT APPLICABLE),2264,,,,,,2025-04-01
2025-03-31,"SHARES LISTED, SHARES REGISTERED FOR TRADING, LISTED FUND CERTIFICATES",2246,,,,,,2025-04-01
2025-03-31,"SHARES LISTED, SHARES REGISTERED FOR TRADING, LISTED FUND CERTIFICATES",2247,,,,,,2025-04-01
2025-03-31,"SHARES UNLISTED, UNREGISTERED FOR TRADING, UNLISTED FUND CERTIFICATES",2248,,,,,,2025-04-01
2025-03-31,"SHARES UNLISTED, UNREGISTERED FOR TRADING, UNLISTED FUND CERTIFICATES",2249,,,,0,0,2025-04-01
2025-03-31,BONDS,2251,,,,,,2025-04-01
2025-03-31,BONDS,2251.1,Listed bonds,,,823461946321,0.490490458662881,2025-04-01
2025-03-31,BONDS,2251.1.1,BAF122029,390000,100362.055,39141201450,0.0233142356335952,2025-04-01
2025-03-31,BONDS,2251.1.2,BAF123020,452357,100606.916999,45510243153,0.0271079193613065,2025-04-01
2025-03-31,BONDS,2251.1.3,CII124021,993,99995692,99295722156,0.0591449362306936,2025-04-01
2025-03-31,BONDS,2251.1.4,HDB124006,100000,99879.93,9987993000,0.00594929163342531,2025-04-01
2025-03-31,BONDS,2251.1.5,HDB124018,600000,100085.37,60051222000,0.0357691713061438,2025-04-01
2025-03-31,BONDS,2251.1.6,MML121021,400230,99954.156999,40004652256,0.0238285452307295,2025-04-01
2025-03-31,BONDS,2251.1.7,MSN123008,1050000,99671.07,104654623500,0.0623369355573062,2025-04-01
2025-03-31,BONDS,2251.1.8,MSN123009,250000,99671.141,24917785250,0.0148421380863316,2025-04-01
2025-03-31,BONDS,2251.1.9,TCX124013,563794,99535.798999,56117686261,0.033426182953848,2025-04-01
2025-03-31,BONDS,2251.1.10,TNG122017,1100000,100843.846,110928230600,0.0660737742026104,2025-04-01
2025-03-31,BONDS,2251.1.11,VBA122001,220480,98125.629,21634738682,0.0128866099357664,2025-04-01
2025-03-31,BONDS,2251.1.12,VIC123028,380000,99773.05,37913759000,0.0225831164689846,2025-04-01
2025-03-31,BONDS,2251.1.13,VPI124001,1533233,99975.955,153286433413,0.0913041985333356,2025-04-01
2025-03-31,BONDS,2251.1.14,VRE12007,200000,100088.278,20017655600,0.011923403528804,2025-04-01
2025-03-31,BONDS,2251.2,Unlisted Bonds,,,135976128750,0.0809934133031468,2025-04-01
2025-03-31,BONDS,2251.2.1,CII12403,360,99768632,35916707520,0.0213935840312383,2025-04-01
2025-03-31,BONDS,2251.2.2,KBC12401,93,1000475290,93044201970,0.0554212535310002,2025-04-01
2025-03-31,BONDS,2251.2.3,KDH12202,7,1002174180,7015219260,0.00417857574090831,2025-04-01
2025-03-31,BONDS,2252,,,,959438075071,0.571483871966028,2025-04-01
2025-03-31,OTHER SECURITIES,2253,,,,,,2025-04-01
2025-03-31,OTHER SECURITIES,2253.1,Investment - Rights,,,0,0,2025-04-01
2025-03-31,OTHER SECURITIES,2253.2,Index future contracts,,,0,0,2025-04-01
2025-03-31,OTHER SECURITIES,2254,,,,0,0,2025-04-01
2025-03-31,OTHER SECURITIES,2255,,,,959438075071,0.571483871966028,2025-04-01
2025-03-31,OTHER ASSETS,2256,,,,,,2025-04-01
2025-03-31,OTHER ASSETS,2256.1,Dividend receivables,,,0,0,2025-04-01
2025-03-31,OTHER ASSETS,2256.2,Coupon receivables,,,15658891328,0.00932713020187203,2025-04-01
2025-03-31,OTHER ASSETS,2256.3,Interest receivables from bank deposits and Money market instruments,,,7816640408,0.00465593772250427,2025-04-01
2025-03-31,OTHER ASSETS,2256.4,Outstanding Settlement of sales transactions,,,52115000000,0.0310420054835801,2025-04-01
2025-03-31,OTHER ASSETS,2256.5,Receivable from AP/Investors on securities on hold of buying,,,0,0,2025-04-01
2025-03-31,OTHER ASSETS,2256.6,Other receivables,,,0,0,2025-04-01
2025-03-31,OTHER ASSETS,2256.7,Other assets,,,0,0,2025-04-01
2025-03-31,OTHER ASSETS,2257,,,,75590531736,0.0450250734079564,2025-04-01
2025-03-31,CASH,2258,,,,,,2025-04-01
2025-03-31,CASH,2259,"Cash, Cash Equivalent",,,201221387493,0.119856383267223,2025-04-01
2025-03-31,CASH,2259.1,Cash at Bank,,,38221387493,0.0227663536438213,2025-04-01
2025-03-31,CASH,2259.2,Cash Equivalents,,,163000000000,0.0970900296234013,2025-04-01
2025-03-31,CASH,2260,Deposits with term over three (03) months,,,127604164384,0.0760067000006867,2025-04-01
2025-03-31,CASH,2261.1,Money market instruments,,,315000000000,0.187627971358107,2025-04-01
2025-03-31,CASH,2262,,,,643825551877,0.383491054626016,2025-04-01
2025-03-31,Total value of portfolio,2263,,,,1678854158684,1,2025-04-01
2025-04-30,REAL ESTATE INVESTMENT (NOT APPLICABLE),,,,,,,2025-05-05
2025-04-30,REAL ESTATE INVESTMENT (NOT APPLICABLE),2264,,,,,,2025-05-05
2025-04-30,"SHARES LISTED, SHARES REGISTERED FOR TRADING, LISTED FUND CERTIFICATES",2246,,,,,,2025-05-05
2025-04-30,"SHARES LISTED, SHARES REGISTERED FOR TRADING, LISTED FUND CERTIFICATES",2247,,,,,,2025-05-05
2025-04-30,"SHARES UNLISTED, UNREGISTERED FOR TRADING, UNLISTED FUND CERTIFICATES",2248,,,,,,2025-05-05
2025-04-30,"SHARES UNLISTED, UNREGISTERED FOR TRADING, UNLISTED FUND CERTIFICATES",2249,,,,0,0,2025-05-05
2025-04-30,BONDS,2251,,,,,,2025-05-05
2025-04-30,BONDS,2251.1,Listed bonds,,,910546933209,0.580130136741846,2025-05-05
2025-04-30,BONDS,2251.1.1,BAF122029,690000,100232.957,69160740330,0.0440638788419277,2025-05-05
2025-04-30,BONDS,2251.1.2,BAF123020,452357,100736.229999,45568738794,0.0290328787057139,2025-05-05
2025-04-30,BONDS,2251.1.3,CII124021,993,99995772,99295801596,0.0632636109758403,2025-05-05
2025-04-30,BONDS,2251.1.4,HDB124006,100000,99978.062,9997806200,0.00636982945786626,2025-05-05
2025-04-30,BONDS,2251.1.5,HDB124018,1000000,99946.121,99946121000,0.0636779442419344,2025-05-05
2025-04-30,BONDS,2251.1.6,MML121021,400230,99979.857999,40014938567,0.0254944264111446,2025-05-05
2025-04-30,BONDS,2251.1.7,MSN123008,1050000,99672.549,104656176450,0.0666788275710785,2025-05-05
2025-04-30,BONDS,2251.1.8,MSN123009,250000,99672.296,24918074000,0.0158758710284354,2025-05-05
2025-04-30,BONDS,2251.1.9,TCX124013,563794,99651.836,56183107226,0.0357955339685054,2025-05-05
2025-04-30,BONDS,2251.1.10,TNG122017,865000,100972.397,87341123405,0.0556470139167432,2025-05-05
2025-04-30,BONDS,2251.1.11,VBA122001,220480,98139.793999,21637861781,0.0137859733046088,2025-05-05
2025-04-30,BONDS,2251.1.12,VIC123028,280000,98872.07,27684179600,0.0176382197459419,2025-05-05
2025-04-30,BONDS,2251.1.13,VPI124001,1533233,100376.807999,153901034460,0.0980538453425311,2025-05-05
2025-04-30,BONDS,2251.1.14,VRE12007,700000,100344.614,70241229800,0.0447522832295743,2025-05-05
2025-04-30,BONDS,2251.2,Unlisted Bonds,,,128002184700,0.0815530997963631,2025-05-05
2025-04-30,BONDS,2251.2.1,CII12403,360,97823651,35216514360,0.0224372413393749,2025-05-05
2025-04-30,BONDS,2251.2.2,KBC12401,93,997695380,92785670340,0.0591158584569883,2025-05-05
2025-04-30,BONDS,2252,,,,1038549117909,0.661683236538209,2025-05-05
2025-04-30,OTHER SECURITIES,2253,,,,,,2025-05-05
2025-04-30,OTHER SECURITIES,2253.1,Investment - Rights,,,0,0,2025-05-05
2025-04-30,OTHER SECURITIES,2253.2,Index future contracts,,,0,0,2025-05-05
2025-04-30,OTHER SECURITIES,2254,,,,0,0,2025-05-05
2025-04-30,OTHER SECURITIES,2255,,,,1038549117909,0.661683236538209,2025-05-05
2025-04-30,OTHER ASSETS,2256,,,,,,2025-05-05
2025-04-30,OTHER ASSETS,2256.1,Dividend receivables,,,0,0,2025-05-05
2025-04-30,OTHER ASSETS,2256.2,Coupon receivables,,,21388543708,0.0136271270963502,2025-05-05
2025-04-30,OTHER ASSETS,2256.3,Interest receivables from bank deposits and Money market instruments,,,4589647248,0.00292416852824425,2025-05-05
2025-04-30,OTHER ASSETS,2256.4,Outstanding Settlement of sales transactions,,,0,0,2025-05-05
2025-04-30,OTHER ASSETS,2256.5,Receivable from AP/Investors on securities on hold of buying,,,0,0,2025-05-05
2025-04-30,OTHER ASSETS,2256.6,Other receivables,,,0,0,2025-05-05
2025-04-30,OTHER ASSETS,2256.7,Other assets,,,46583848,2.96796278418724e-05,2025-05-05
2025-04-30,OTHER ASSETS,2257,,,,26024774804,0.0165809752524364,2025-05-05
2025-04-30,CASH,2258,,,,,,2025-05-05
2025-04-30,CASH,2259,"Cash, Cash Equivalent",,,188378281284,0.120020082540212,2025-05-05
2025-04-30,CASH,2259.1,Cash at Bank,,,13878281284,0.0088421682896171,2025-05-05
2025-04-30,CASH,2259.2,Cash Equivalents,,,174500000000,0.111177914250595,2025-05-05
2025-04-30,CASH,2260,Deposits with term over three (03) months,,,91604164384,0.0583630941712419,2025-05-05
2025-04-30,CASH,2261.1,Money market instruments,,,225000000000,0.143352611497901,2025-05-05
2025-04-30,CASH,2262,,,,504982445668,0.321735788209355,2025-05-05
2025-04-30,Total value of portfolio,2263,,,,1569556338381,1,2025-05-05
2025-05-31,REAL ESTATE INVESTMENT (NOT APPLICABLE),,,,,,,2025-06-02
2025-05-31,REAL ESTATE INVESTMENT (NOT APPLICABLE),2264,,,,,,2025-06-02
2025-05-31,"SHARES LISTED, SHARES REGISTERED FOR TRADING, LISTED FUND CERTIFICATES",2246,,,,,,2025-06-02
2025-05-31,"SHARES LISTED, SHARES REGISTERED FOR TRADING, LISTED FUND CERTIFICATES",2247,,,,,,2025-06-02
2025-05-31,"SHARES UNLISTED, UNREGISTERED FOR TRADING, UNLISTED FUND CERTIFICATES",2248,,,,,,2025-06-02
2025-05-31,"SHARES UNLISTED, UNREGISTERED FOR TRADING, UNLISTED FUND CERTIFICATES",2249,,,,0,0,2025-06-02
2025-05-31,BONDS,2251,,,,,,2025-06-02
2025-05-31,BONDS,2251.1,Listed bonds,,,904412753981,0.575051870479538,2025-06-02
2025-05-31,BONDS,2251.1.1,BAF122029,690000,100051.818,69035754420,0.0438949357297775,2025-06-02
2025-05-31,BONDS,2251.1.2,BAF123020,452357,100488.299999,45456585923,0.0289026162507922,2025-06-02
2025-05-31,BONDS,2251.1.3,CII124021,993,99992284,99292338012,0.0631329494710848,2025-06-02
2025-05-31,BONDS,2251.1.4,HDB124006,100000,99961.348,9996134800,0.00635583254327522,2025-06-02
2025-05-31,BONDS,2251.1.5,HDB124018,1000000,99958.389,99958389000,0.0635564440146969,2025-06-02
2025-05-31,BONDS,2251.1.6,MML121021,400230,99977.507,40013997627,0.0254420606957225,2025-06-02
2025-05-31,BONDS,2251.1.7,MSN123008,1050000,99679.346,104663313300,0.0665479713978197,2025-06-02
2025-05-31,BONDS,2251.1.8,MSN123009,250000,99678.744,24919686000,0.0158446594024522,2025-06-02
2025-05-31,BONDS,2251.1.9,TCX124013,563794,99999.493999,56379114720,0.0358474769766433,2025-06-02
2025-05-31,BONDS,2251.1.10,TNG122017,815000,100724.604,82090552260,0.0521955549808655,2025-06-02
2025-05-31,BONDS,2251.1.11,VBA122001,220480,98285.375,21669959480,0.0137783889903565,2025-06-02
2025-05-31,BONDS,2251.1.12,VIC123028,280000,99004.55,27721274000,0.0176259903408115,2025-06-02
2025-05-31,BONDS,2251.1.13,VPI124001,1533233,99759.739999,152954925439,0.0972531795749124,2025-06-02
2025-05-31,BONDS,2251.1.14,VRE12007,700000,100372.47,70260729000,0.0446738101103279,2025-06-02
2025-05-31,BONDS,2251.2,Unlisted Bonds,,,136279777910,0.0866506369472626,2025-06-02
2025-05-31,BONDS,2251.2.1,CII12403,360,97916016,35249765760,0.0224128238406946,2025-06-02
2025-05-31,BONDS,2251.2.2,KBC12401,101,1000297150,101030012150,0.064237813106568,2025-06-02
2025-05-31,BONDS,2252,,,,1040692531891,0.661702507426801,2025-06-02
2025-05-31,OTHER SECURITIES,2253,,,,,,2025-06-02
2025-05-31,OTHER SECURITIES,2253.1,Investment - Rights,,,0,0,2025-06-02
2025-05-31,OTHER SECURITIES,2253.2,Index future contracts,,,0,0,2025-06-02
2025-05-31,OTHER SECURITIES,2254,,,,0,0,2025-06-02
2025-05-31,OTHER SECURITIES,2255,,,,1040692531891,0.661702507426801,2025-06-02
2025-05-31,OTHER ASSETS,2256,,,,,,2025-06-02
2025-05-31,OTHER ASSETS,2256.1,Dividend receivables,,,0,0,2025-06-02
2025-05-31,OTHER ASSETS,2256.2,Coupon receivables,,,25023604350,0.0159107337045688,2025-06-02
2025-05-31,OTHER ASSETS,2256.3,Interest receivables from bank deposits and Money market instruments,,,5873278742,0.00373440103710187,2025-06-02
2025-05-31,OTHER ASSETS,2256.4,Outstanding Settlement of sales transactions,,,0,0,2025-06-02
2025-05-31,OTHER ASSETS,2256.5,Receivable from AP/Investors on securities on hold of buying,,,0,0,2025-06-02
2025-05-31,OTHER ASSETS,2256.6,Other receivables,,,0,0,2025-06-02
2025-05-31,OTHER ASSETS,2256.7,Other assets,,,40689565,2.58716060330351e-05,2025-06-02
2025-05-31,OTHER ASSETS,2257,,,,30937572657,0.0196710063477037,2025-06-02
2025-05-31,CASH,2258,,,,,,2025-06-02
2025-05-31,CASH,2259,"Cash, Cash Equivalent",,,184529769434,0.117329381529718,2025-06-02
2025-05-31,CASH,2259.1,Cash at Bank,,,3929769434,0.00249866142823378,2025-06-02
2025-05-31,CASH,2259.2,Cash Equivalents,,,180600000000,0.114830720101484,2025-06-02
2025-05-31,CASH,2260,Deposits with term over three (03) months,,,91604164384,0.0582445856063646,2025-06-02
2025-05-31,CASH,2261.1,Money market instruments,,,224985830662,0.143052519089413,2025-06-02
2025-05-31,CASH,2262,,,,501119764480,0.318626486225496,2025-06-02
2025-05-31,Total value of portfolio,2263,,,,1572749869028,1,2025-06-02
2025-06-30,REAL ESTATE INVESTMENT (NOT APPLICABLE),,,,,,,2025-07-01
2025-06-30,REAL ESTATE INVESTMENT (NOT APPLICABLE),2264,,,,,,2025-07-01
2025-06-30,"SHARES LISTED, SHARES REGISTERED FOR TRADING, LISTED FUND CERTIFICATES",2246,,,,,,2025-07-01
2025-06-30,"SHARES LISTED, SHARES REGISTERED FOR TRADING, LISTED FUND CERTIFICATES",2247,,,,,,2025-07-01
2025-06-30,"SHARES UNLISTED, UNREGISTERED FOR TRADING, UNLISTED FUND CERTIFICATES",2248,,,,,,2025-07-01
2025-06-30,"SHARES UNLISTED, UNREGISTERED FOR TRADING, UNLISTED FUND CERTIFICATES",2249,,,,0,0,2025-07-01
2025-06-30,BONDS,2251,,,,,,2025-07-01
2025-06-30,BONDS,2251.1,Listed bonds,,,1004836532950,0.610130512621492,2025-07-01
2025-06-30,BONDS,2251.1.1,BAF122029,690000,100113.877,69078575130,0.041944082518073,2025-07-01
2025-06-30,BONDS,2251.1.2,BAF123020,452357,100467.744,45447287273,0.027595311049973,2025-07-01
2025-06-30,BONDS,2251.1.3,CII124021,993,99995921,99295949553,0.0602918849140055,2025-07-01
2025-06-30,BONDS,2251.1.4,HDB124006,100000,99948.43,9994843000,0.00606880669959157,2025-07-01
2025-06-30,BONDS,2251.1.5,HDB124018,1000000,100001.96,100001960000,0.0607205700800191,2025-07-01
2025-06-30,BONDS,2251.1.6,MML121021,400230,99980.350001,40015135481,0.0242969421622888,2025-07-01
2025-06-30,BONDS,2251.1.7,MSN123008,1050000,99691.57,104676148500,0.0635587083563236,2025-07-01
2025-06-30,BONDS,2251.1.8,MSN123009,250000,99690.617,24922654250,0.0151328811352019,2025-07-01
2025-06-30,BONDS,2251.1.9,TCX124013,563794,100000.191999,56379508248,0.0342332878440553,2025-07-01
2025-06-30,BONDS,2251.1.10,TNG122017,815000,100659.394,82037406110,0.0498126043418073,2025-07-01
2025-06-30,BONDS,2251.1.11,VBA122001,220480,98178.954,21646495778,0.0131436180238356,2025-07-01
2025-06-30,BONDS,2251.1.12,VBA124019,1000000,100009.848,100009848000,0.0607253596247119,2025-07-01
2025-06-30,BONDS,2251.1.13,VIC123028,280000,99699.16,27915764800,0.016950279303283,2025-07-01
2025-06-30,BONDS,2251.1.14,VPI124001,1533233,99983.788,153298443227,0.0930818642466896,2025-07-01
2025-06-30,BONDS,2251.1.15,VRE12007,700000,100166.448,70116513600,0.0425743123216326,2025-07-01
2025-06-30,BONDS,2251.2,Unlisted Bonds,,,146267481500,0.0888127078794121,2025-07-01
2025-06-30,BONDS,2251.2.1,CII12403,360,97970030,35269210800,0.0214152461216597,2025-07-01
2025-06-30,BONDS,2251.2.2,KBC12401,101,1000000000,101000000000,0.0613265737799732,2025-07-01
2025-06-30,BONDS,2251.2.3,VN00NL050628,100,99982707,9998270700,0.00607088797777915,2025-07-01
2025-06-30,BONDS,2252,,,,1151104014450,0.698943220500904,2025-07-01
2025-06-30,OTHER SECURITIES,2253,,,,,,2025-07-01
2025-06-30,OTHER SECURITIES,2253.1,Investment - Rights,,,0,0,2025-07-01
2025-06-30,OTHER SECURITIES,2253.2,Index future contracts,,,0,0,2025-07-01
2025-06-30,OTHER SECURITIES,2254,,,,0,0,2025-07-01
2025-06-30,OTHER SECURITIES,2255,,,,1151104014450,0.698943220500904,2025-07-01
2025-06-30,OTHER ASSETS,2256,,,,,,2025-07-01
2025-06-30,OTHER ASSETS,2256.1,Dividend receivables,,,0,0,2025-07-01
2025-06-30,OTHER ASSETS,2256.2,Coupon receivables,,,38880777277,0.0236081668940658,2025-07-01
2025-06-30,OTHER ASSETS,2256.3,Interest receivables from bank deposits and Money market instruments,,,5890715030,0.00357680564261477,2025-07-01
2025-06-30,OTHER ASSETS,2256.4,Outstanding Settlement of sales transactions,,,0,0,2025-07-01
2025-06-30,OTHER ASSETS,2256.5,Receivable from AP/Investors on securities on hold of buying,,,0,0,2025-07-01
2025-06-30,OTHER ASSETS,2256.6,Other receivables,,,0,0,2025-07-01
2025-06-30,OTHER ASSETS,2256.7,Other assets,,,34985420,2.12429301074589e-05,2025-07-01
2025-06-30,OTHER ASSETS,2257,,,,44806477727,0.027206215466788,2025-07-01
2025-06-30,CASH,2258,,,,,,2025-07-01
2025-06-30,CASH,2259,"Cash, Cash Equivalent",,,110920150515,0.067350027665781,2025-07-01
2025-06-30,CASH,2259.1,Cash at Bank,,,6120150515,0.00371611744656127,2025-07-01
2025-06-30,CASH,2259.2,Cash Equivalents,,,104800000000,0.0636339102192197,2025-07-01
2025-06-30,CASH,2260,Deposits with term over three (03) months,,,115104164384,0.0698905349453222,2025-07-01
2025-06-30,CASH,2261.1,Money market instruments,,,224985830662,0.136610001421205,2025-07-01
2025-06-30,CASH,2262,,,,451010145561,0.273850564032308,2025-07-01
2025-06-30,Total value of portfolio,2263,,,,1646920637738,1,2025-07-01
2025-07-31,REAL ESTATE INVESTMENT (NOT APPLICABLE),,,,,,,2025-08-01
2025-07-31,REAL ESTATE INVESTMENT (NOT APPLICABLE),2264,,,,,,2025-08-01
2025-07-31,"SHARES LISTED, SHARES REGISTERED FOR TRADING, LISTED FUND CERTIFICATES",2246,,,,,,2025-08-01
2025-07-31,"SHARES LISTED, SHARES REGISTERED FOR TRADING, LISTED FUND CERTIFICATES",2247,,,,,,2025-08-01
2025-07-31,"SHARES UNLISTED, UNREGISTERED FOR TRADING, UNLISTED FUND CERTIFICATES",2248,,,,,,2025-08-01
2025-07-31,"SHARES UNLISTED, UNREGISTERED FOR TRADING, UNLISTED FUND CERTIFICATES",2249,,,,0,0,2025-08-01
2025-07-31,BONDS,2251,,,,,,2025-08-01
2025-07-31,BONDS,2251.1,Listed bonds,,,1026511035011,0.565572514026369,2025-08-01
2025-07-31,BONDS,2251.1.1,BAF122029,905233,100049.767,90568350731,0.0499000673807707,2025-08-01
2025-07-31,BONDS,2251.1.2,BAF123020,452357,100415.946,45423856085,0.0250269929952483,2025-08-01
2025-07-31,BONDS,2251.1.3,CII124021,993,99995333,99295365669,0.0547083544912716,2025-08-01
2025-07-31,BONDS,2251.1.4,HDB124006,100000,99875.268,9987526800,0.0055027860865823,2025-08-01
2025-07-31,BONDS,2251.1.5,HDB124018,1000000,99795.635,99795635000,0.0549839858031366,2025-08-01
2025-07-31,BONDS,2251.1.6,MML121021,400230,99988.426,40018367738,0.0220487535709442,2025-08-01
2025-07-31,BONDS,2251.1.7,MSN123008,1050000,99709.262,104694725100,0.0576832170922274,2025-08-01
2025-07-31,BONDS,2251.1.8,MSN123009,250000,100001.616,25000404000,0.0137743685744239,2025-08-01
2025-07-31,BONDS,2251.1.9,TCX124013,563794,99996.727999,56377555266,0.0310621070587034,2025-08-01
2025-07-31,BONDS,2251.1.10,TNG122017,815000,100600.265,81989215975,0.0451732571988715,2025-08-01
2025-07-31,BONDS,2251.1.11,VBA122001,220480,100077.639999,22065118067,0.0121571262965606,2025-08-01
2025-07-31,BONDS,2251.1.12,VBA124019,1000000,100025.095,100025095000,0.0551104104246382,2025-08-01
2025-07-31,BONDS,2251.1.13,VIC123028,280000,100042.961,28012029080,0.0154336711144908,2025-08-01
2025-07-31,BONDS,2251.1.14,VPI124001,1533233,100000,153323300000,0.0844759006793238,2025-08-01
2025-07-31,BONDS,2251.1.15,VRE12007,700000,99906.415,69934490500,0.0385315152591753,2025-08-01
2025-07-31,BONDS,2251.2,Unlisted Bonds,,,115906002880,0.063860248164684,2025-08-01
2025-07-31,BONDS,2251.2.1,KBC12401,116,999189680,115906002880,0.063860248164684,2025-08-01
2025-07-31,BONDS,2252,,,,1142417037891,0.629432762191052,2025-08-01
2025-07-31,OTHER SECURITIES,2253,,,,,,2025-08-01
2025-07-31,OTHER SECURITIES,2253.1,Investment - Rights,,,0,0,2025-08-01
2025-07-31,OTHER SECURITIES,2253.2,Index future contracts,,,0,0,2025-08-01
2025-07-31,OTHER SECURITIES,2254,,,,0,0,2025-08-01
2025-07-31,OTHER SECURITIES,2255,,,,1142417037891,0.629432762191052,2025-08-01
2025-07-31,OTHER ASSETS,2256,,,,,,2025-08-01
2025-07-31,OTHER ASSETS,2256.1,Dividend receivables,,,0,0,2025-08-01
2025-07-31,OTHER ASSETS,2256.2,Coupon receivables,,,36165673878,0.0199260508645375,2025-08-01
2025-07-31,OTHER ASSETS,2256.3,Interest receivables from bank deposits and Money market instruments,,,6362534334,0.00350553906984634,2025-08-01
2025-07-31,OTHER ASSETS,2256.4,Outstanding Settlement of sales transactions,,,0,0,2025-08-01
2025-07-31,OTHER ASSETS,2256.5,Receivable from AP/Investors on securities on hold of buying,,,0,0,2025-08-01
2025-07-31,OTHER ASSETS,2256.6,Other receivables,,,0,0,2025-08-01
2025-07-31,OTHER ASSETS,2256.7,Other assets,,,29091138,1.60282232663692e-05,2025-08-01
2025-07-31,OTHER ASSETS,2257,,,,42557299350,0.0234476181576502,2025-08-01
2025-07-31,CASH,2258,,,,,,2025-08-01
2025-07-31,CASH,2259,"Cash, Cash Equivalent",,,185930225534,0.102441202775406,2025-08-01
2025-07-31,CASH,2259.1,Cash at Bank,,,82430225534,0.0454162384007156,2025-08-01
2025-07-31,CASH,2259.2,Cash Equivalents,,,103500000000,0.0570249643746907,2025-08-01
2025-07-31,CASH,2260,Deposits with term over three (03) months,,,149104164384,0.0821513010832427,2025-08-01
2025-07-31,CASH,2261.1,Money market instruments,,,294985830662,0.162527115792648,2025-08-01
2025-07-31,CASH,2262,,,,630020220580,0.347119619651297,2025-08-01
2025-07-31,Total value of portfolio,2263,,,,1814994557821,1,2025-08-01
2025-08-31,REAL ESTATE INVESTMENT (NOT APPLICABLE),,,,,,,2025-09-03
2025-08-31,REAL ESTATE INVESTMENT (NOT APPLICABLE),2264,,,,,,2025-09-03
2025-08-31,"SHARES LISTED, SHARES REGISTERED FOR TRADING, LISTED FUND CERTIFICATES",2246,,,,,,2025-09-03
2025-08-31,"SHARES LISTED, SHARES REGISTERED FOR TRADING, LISTED FUND CERTIFICATES",2247,,,,,,2025-09-03
2025-08-31,"SHARES UNLISTED, UNREGISTERED FOR TRADING, UNLISTED FUND CERTIFICATES",2248,,,,,,2025-09-03
2025-08-31,"SHARES UNLISTED, UNREGISTERED FOR TRADING, UNLISTED FUND CERTIFICATES",2249,,,,0,0,2025-09-03
2025-08-31,BONDS,2251,,,,,,2025-09-03
2025-08-31,BONDS,2251.1,Listed bonds,,,943208400327,0.49099408057114,2025-09-03
2025-08-31,BONDS,2251.1.1,BAF123020,452357,100369.291,45402751369,0.0236347366669908,2025-09-03
2025-08-31,BONDS,2251.1.2,CII124021,993,100414482,99711580626,0.0519055977817679,2025-09-03
2025-08-31,BONDS,2251.1.3,HDB124006,100000,99870.955,9987095500,0.00519885612861235,2025-09-03
2025-08-31,BONDS,2251.1.4,HDB124018,1000000,99787.713,99787713000,0.0519452290498534,2025-09-03
2025-08-31,BONDS,2251.1.5,MML121021,400230,99998.555,40022421668,0.0208339664090115,2025-09-03
2025-08-31,BONDS,2251.1.6,MSN123008,1050000,99722.875,104709018750,0.0545070510089168,2025-09-03
2025-08-31,BONDS,2251.1.7,MSN123009,750000,99723.256,74792442000,0.0389337566127793,2025-09-03
2025-08-31,BONDS,2251.1.8,TCX124013,563794,99999.322,56379017748,0.0293485129830124,2025-09-03
2025-08-31,BONDS,2251.1.9,TNG122017,815000,100543.604,81943037260,0.0426560516474746,2025-09-03
2025-08-31,BONDS,2251.1.10,VBA122001,220480,99098.893001,21849323929,0.0113738265158592,2025-09-03
2025-08-31,BONDS,2251.1.11,VBA124019,1009450,100024.499,100969730516,0.0525605369746834,2025-09-03
2025-08-31,BONDS,2251.1.12,VPI124001,2076847,99985.347,207654267961,0.108095958792179,2025-09-03
2025-08-31,BONDS,2251.2,Unlisted Bonds,,,170130711240,0.0885627949382533,2025-09-03
2025-08-31,BONDS,2251.2.1,KBC12401,171,994916440,170130711240,0.0885627949382533,2025-09-03
2025-08-31,BONDS,2252,,,,1113339111567,0.579556875509394,2025-09-03
2025-08-31,OTHER SECURITIES,2253,,,,,,2025-09-03
2025-08-31,OTHER SECURITIES,2253.1,Investment - Rights,,,0,0,2025-09-03
2025-08-31,OTHER SECURITIES,2253.2,Index future contracts,,,0,0,2025-09-03
2025-08-31,OTHER SECURITIES,2254,,,,0,0,2025-09-03
2025-08-31,OTHER SECURITIES,2255,,,,1113339111567,0.579556875509394,2025-09-03
2025-08-31,OTHER ASSETS,2256,,,,,,2025-09-03
2025-08-31,OTHER ASSETS,2256.1,Dividend receivables,,,0,0,2025-09-03
2025-08-31,OTHER ASSETS,2256.2,Coupon receivables,,,7070291475,0.00368049230788665,2025-09-03
2025-08-31,OTHER ASSETS,2256.3,Interest receivables from bank deposits and Money market instruments,,,8828034078,0.00459549816761129,2025-09-03
2025-08-31,OTHER ASSETS,2256.4,Outstanding Settlement of sales transactions,,,0,0,2025-09-03
2025-08-31,OTHER ASSETS,2256.5,Receivable from AP/Investors on securities on hold of buying,,,0,0,2025-09-03
2025-08-31,OTHER ASSETS,2256.6,Other receivables,,,0,0,2025-09-03
2025-08-31,OTHER ASSETS,2256.7,Other assets,,,23196855,1.20752937409362e-05,2025-09-03
2025-08-31,OTHER ASSETS,2257,,,,15921522408,0.00828806576923888,2025-09-03
2025-08-31,CASH,2258,,,,,,2025-09-03
2025-08-31,CASH,2259,"Cash, Cash Equivalent",,,151691534993,0.0789641459177969,2025-09-03
2025-08-31,CASH,2259.1,Cash at Bank,,,34391534993,0.0179027668725851,2025-09-03
2025-08-31,CASH,2259.2,Cash Equivalents,,,117300000000,0.0610613790452118,2025-09-03
2025-08-31,CASH,2260,Deposits with term over three (03) months,,,256004164384,0.133264853526037,2025-09-03
2025-08-31,CASH,2261.1,Money market instruments,,,384061531527,0.199926059277534,2025-09-03
2025-08-31,CASH,2262,,,,791757230904,0.412155058721367,2025-09-03
2025-08-31,Total value of portfolio,2263,,,,1921017864879,1,2025-09-03
2025-09-30,REAL ESTATE INVESTMENT (NOT APPLICABLE),,,,,,,2025-10-01
2025-09-30,REAL ESTATE INVESTMENT (NOT APPLICABLE),2264,,,,,,2025-10-01
2025-09-30,"SHARES LISTED, SHARES REGISTERED FOR TRADING, LISTED FUND CERTIFICATES",2246,,,,,,2025-10-01
2025-09-30,"SHARES LISTED, SHARES REGISTERED FOR TRADING, LISTED FUND CERTIFICATES",2247,,,,,,2025-10-01
2025-09-30,"SHARES UNLISTED, UNREGISTERED FOR TRADING, UNLISTED FUND CERTIFICATES",2248,,,,,,2025-10-01
2025-09-30,"SHARES UNLISTED, UNREGISTERED FOR TRADING, UNLISTED FUND CERTIFICATES",2249,,,,0,0,2025-10-01
2025-09-30,BONDS,2251,,,,,,2025-10-01
2025-09-30,BONDS,2251.1,Listed bonds,,,987903573228,0.491387592965999,2025-10-01
2025-09-30,BONDS,2251.1.1,BAF123020,452357,100324.926,45382682551,0.022573546391991,2025-10-01
2025-09-30,BONDS,2251.1.2,CII124021,1240,99996158,123995235920,0.0616757770385328,2025-10-01
2025-09-30,BONDS,2251.1.3,HDB124006,100000,99768.309,9976830900,0.00496251967726039,2025-10-01
2025-09-30,BONDS,2251.1.4,HDB124018,1000000,99810.604,99810604000,0.0496462344920815,2025-10-01
2025-09-30,BONDS,2251.1.5,MML121021,400230,99986.111001,40017441206,0.0199048516917718,2025-10-01
2025-09-30,BONDS,2251.1.6,MSN123008,1050000,99719.794,104705783700,0.0520811184575876,2025-10-01
2025-09-30,BONDS,2251.1.7,MSN123009,750000,99719.82,74789865000,0.0372008085976628,2025-10-01
2025-09-30,BONDS,2251.1.8,SHB125010,200000,100000.068,20000013600,0.00994809494420472,2025-10-01
2025-09-30,BONDS,2251.1.9,TCX124013,563794,99992.561999,56375206500,0.0280412762699895,2025-10-01
2025-09-30,BONDS,2251.1.10,TNG122017,815000,100474.723,81886899245,0.0407309047217741,2025-10-01
2025-09-30,BONDS,2251.1.11,VBA122001,220480,99117.879,21853509962,0.0108700322066831,2025-10-01
2025-09-30,BONDS,2251.1.12,VBA124019,1015000,99975.965,101475604475,0.0504744130692924,2025-10-01
2025-09-30,BONDS,2251.1.13,VPI124001,2076847,99975.538,207633896169,0.103278015407167,2025-10-01
2025-09-30,BONDS,2251.2,"Unlisted Bonds, Private placement bonds",,,180951113710,0.0900058817683336,2025-10-01
2025-09-30,BONDS,2251.2.1,KBC12401,181,999729910,180951113710,0.0900058817683336,2025-10-01
2025-09-30,BONDS,2252,,,,1168854686938,0.581393474734333,2025-10-01
2025-09-30,OTHER SECURITIES,2253,,,,,,2025-10-01
2025-09-30,OTHER SECURITIES,2253.1,Investment - Rights,,,0,0,2025-10-01
2025-09-30,OTHER SECURITIES,2253.2,Index future contracts,,,0,0,2025-10-01
2025-09-30,OTHER SECURITIES,2254,,,,0,0,2025-10-01
2025-09-30,OTHER SECURITIES,2255,,,,1168854686938,0.581393474734333,2025-10-01
2025-09-30,OTHER ASSETS,2256,,,,,,2025-10-01
2025-09-30,OTHER ASSETS,2256.1,Dividend receivables,,,0,0,2025-10-01
2025-09-30,OTHER ASSETS,2256.2,Coupon receivables,,,16062528297,0.00798957239421732,2025-10-01
2025-09-30,OTHER ASSETS,2256.3,Interest receivables from bank deposits and Money market instruments,,,11621882356,0.00578077552446593,2025-10-01
2025-09-30,OTHER ASSETS,2256.4,Outstanding Settlement of sales transactions,,,0,0,2025-10-01
2025-09-30,OTHER ASSETS,2256.5,Receivable from AP/Investors on securities on hold of buying,,,0,0,2025-10-01
2025-09-30,OTHER ASSETS,2256.6,Other receivables,,,0,0,2025-10-01
2025-09-30,OTHER ASSETS,2256.7,Other assets,,,17492710,8.70095107892523e-06,2025-10-01
2025-09-30,OTHER ASSETS,2257,,,,27701903363,0.0137790488697622,2025-10-01
2025-09-30,CASH,2258,,,,,,2025-10-01
2025-09-30,CASH,2259,"Cash, Cash Equivalent",,,111818420261,0.0556189752424675,2025-10-01
2025-09-30,CASH,2259.1,Cash at Bank,,,29918420261,0.0148815541473955,2025-10-01
2025-09-30,CASH,2259.2,Cash Equivalents,,,81900000000,0.040737421095072,2025-10-01
2025-09-30,CASH,2260,Deposits with term over three (03) months,,,280000000000,0.139273234513067,2025-10-01
2025-09-30,CASH,2261.1,Money market instruments,,,422061531527,0.209935266640371,2025-10-01
2025-09-30,CASH,2262,,,,813879951788,0.404827476395905,2025-10-01
2025-09-30,Total value of portfolio,2263,,,,2010436542089,1,2025-10-01
2025-10-31,REAL ESTATE INVESTMENT (NOT APPLICABLE),,,,,,,2025-11-03
2025-10-31,REAL ESTATE INVESTMENT (NOT APPLICABLE),2264,,,,,,2025-11-03
2025-10-31,"SHARES LISTED, SHARES REGISTERED FOR TRADING, LISTED FUND CERTIFICATES",2246,,,,,,2025-11-03
2025-10-31,"SHARES LISTED, SHARES REGISTERED FOR TRADING, LISTED FUND CERTIFICATES",2247,,,,,,2025-11-03
2025-10-31,"SHARES UNLISTED, UNREGISTERED FOR TRADING, UNLISTED FUND CERTIFICATES",2248,,,,,,2025-11-03
2025-10-31,"SHARES UNLISTED, UNREGISTERED FOR TRADING, UNLISTED FUND CERTIFICATES",2249,,,,0,0,2025-11-03
2025-10-31,BONDS,2251,,,,,,2025-11-03
2025-10-31,BONDS,2251.1,Listed bonds,,,970375387542,0.487268256696728,2025-11-03
2025-10-31,BONDS,2251.1.1,BAF123020,452357,100289.125,45366487718,0.0227805132597168,2025-11-03
2025-10-31,BONDS,2251.1.2,CII124021,1240,99995333,123994212920,0.0622629600314304,2025-11-03
2025-10-31,BONDS,2251.1.3,HDB124006,100000,99834.651,9983465100,0.00501313790263366,2025-11-03
2025-10-31,BONDS,2251.1.4,HDB124018,1000000,99722.957,99722957000,0.0500752925454115,2025-11-03
2025-10-31,BONDS,2251.1.5,MML121021,400230,99979.264,40014700831,0.0200931451544246,2025-11-03
2025-10-31,BONDS,2251.1.6,MSN123008,1050000,99999.603,104999583150,0.0527249191315347,2025-11-03
2025-10-31,BONDS,2251.1.7,MSN123009,750000,98923.329,74192496750,0.0372553230589697,2025-11-03
2025-10-31,BONDS,2251.1.8,SHB125010,200000,99902.733,19980546600,0.0100331131999247,2025-11-03
2025-10-31,BONDS,2251.1.9,TCX124013,563794,99993.440999,56375702075,0.0283087250798087,2025-11-03
2025-10-31,BONDS,2251.1.10,TNG122017,815000,100414.162,81837542030,0.0410942372913156,2025-11-03
2025-10-31,BONDS,2251.1.11,VBA122001,220480,99139.266001,21858225368,0.010975978478317,2025-11-03
2025-10-31,BONDS,2251.1.12,VBA124019,1020000,99963.935,101963213700,0.0512002241860699,2025-11-03
2025-10-31,BONDS,2251.1.13,VPI124001,1900000,100045.397,190086254300,0.0954506873771702,2025-11-03
2025-10-31,BONDS,2251.2,"Unlisted Bonds, Private placement bonds",,,180944785950,0.0908603531583316,2025-11-03
2025-10-31,BONDS,2251.2.1,KBC12401,181,999694950,180944785950,0.0908603531583316,2025-11-03
2025-10-31,BONDS,2252,,,,1151320173492,0.578128609855059,2025-11-03
2025-10-31,OTHER SECURITIES,2253,,,,,,2025-11-03
2025-10-31,OTHER SECURITIES,2253.1,Investment - Rights,,,0,0,2025-11-03
2025-10-31,OTHER SECURITIES,2253.2,Index future contracts,,,0,0,2025-11-03
2025-10-31,OTHER SECURITIES,2254,,,,0,0,2025-11-03
2025-10-31,OTHER SECURITIES,2255,,,,1151320173492,0.578128609855059,2025-11-03
2025-10-31,OTHER ASSETS,2256,,,,,,2025-11-03
2025-10-31,OTHER ASSETS,2256.1,Dividend receivables,,,0,0,2025-11-03
2025-10-31,OTHER ASSETS,2256.2,Coupon receivables,,,21434384976,0.0107631495344063,2025-11-03
2025-10-31,OTHER ASSETS,2256.3,Interest receivables from bank deposits and Money market instruments,,,12986384246,0.0065210359759546,2025-11-03
2025-10-31,OTHER ASSETS,2256.4,Outstanding Settlement of sales transactions,,,0,0,2025-11-03
2025-10-31,OTHER ASSETS,2256.5,Receivable from AP/Investors on securities on hold of buying,,,0,0,2025-11-03
2025-10-31,OTHER ASSETS,2256.6,Other receivables,,,0,0,2025-11-03
2025-10-31,OTHER ASSETS,2256.7,Other assets,,,11598427,5.82408146091777e-06,2025-11-03
2025-10-31,OTHER ASSETS,2257,,,,34432367649,0.0172900095918219,2025-11-03
2025-10-31,CASH,2258,,,,,,2025-11-03
2025-10-31,CASH,2259,"Cash, Cash Equivalent",,,108421925899,0.0544434282843153,2025-11-03
2025-10-31,CASH,2259.1,Cash at Bank,,,1521925899,0.000764226081110526,2025-11-03
2025-10-31,CASH,2259.2,Cash Equivalents,,,106900000000,0.0536792022032048,2025-11-03
2025-10-31,CASH,2260,Deposits with term over three (03) months,,,264300000000,0.132716680470599,2025-11-03
2025-10-31,CASH,2261.1,Money market instruments,,,432985830662,0.217421271798205,2025-11-03
2025-10-31,CASH,2262,,,,805707756561,0.404581380553119,2025-11-03
2025-10-31,Total value of portfolio,2263,,,,1991460297702,1,2025-11-03
2025-11-30,REAL ESTATE INVESTMENT (NOT APPLICABLE),,,,,,,2025-12-01
2025-11-30,REAL ESTATE INVESTMENT (NOT APPLICABLE),2264,,,,,,2025-12-01
2025-11-30,"SHARES LISTED, SHARES REGISTERED FOR TRADING, LISTED FUND CERTIFICATES",2246,,,,,,2025-12-01
2025-11-30,"SHARES LISTED, SHARES REGISTERED FOR TRADING, LISTED FUND CERTIFICATES",2247,,,,,,2025-12-01
2025-11-30,"SHARES UNLISTED, UNREGISTERED FOR TRADING, UNLISTED FUND CERTIFICATES",2248,,,,,,2025-12-01
2025-11-30,"SHARES UNLISTED, UNREGISTERED FOR TRADING, UNLISTED FUND CERTIFICATES",2249,,,,0,0,2025-12-01
2025-11-30,BONDS,2251,,,,,,2025-12-01
2025-11-30,BONDS,2251.1,Listed bonds,,,992186223661,0.486469809657655,2025-12-01
2025-11-30,BONDS,2251.1.1,BAF123020,452357,100262.909001,45354628727,0.0222374157973149,2025-12-01
2025-11-30,BONDS,2251.1.2,CII124021,1240,99992286,123990434640,0.0607926230986446,2025-12-01
2025-11-30,BONDS,2251.1.3,HDB124006,100000,99841.342,9984134200,0.00489523009697619,2025-12-01
2025-11-30,BONDS,2251.1.4,HDB124018,1000000,99861.965,99861965000,0.0489624124454561,2025-12-01
2025-11-30,BONDS,2251.1.5,LPB125006,500000,99999.47,49999735000,0.0245149156361334,2025-12-01
2025-11-30,BONDS,2251.1.6,MML121021,400230,99966.908,40009755589,0.019616819626877,2025-12-01
2025-11-30,BONDS,2251.1.7,MSN123008,1750000,99245.041,173678821750,0.0851548845805742,2025-12-01
2025-11-30,BONDS,2251.1.8,MSN123009,750000,99087.438,74315578500,0.036436995863637,2025-12-01
2025-11-30,BONDS,2251.1.9,TNG122017,815000,100671.233,82047054895,0.0402277457859353,2025-12-01
2025-11-30,BONDS,2251.1.10,VBA124019,1020000,99955.698,101954811960,0.0499885372171921,2025-12-01
2025-11-30,BONDS,2251.1.11,VPI124001,1900000,100520.686,190989303400,0.0936422295089141,2025-12-01
2025-11-30,BONDS,2251.2,"Unlisted Bonds, Private placement bonds",,,181204412350,0.0888446885099566,2025-12-01
2025-11-30,BONDS,2251.2.1,KBC12401,181,1001129350,181204412350,0.0888446885099566,2025-12-01
2025-11-30,BONDS,2252,,,,1173390636011,0.575314498167611,2025-12-01
2025-11-30,OTHER SECURITIES,2253,,,,,,2025-12-01
2025-11-30,OTHER SECURITIES,2253.1,Investment - Rights,,,0,0,2025-12-01
2025-11-30,OTHER SECURITIES,2253.2,Index future contracts,,,0,0,2025-12-01
2025-11-30,OTHER SECURITIES,2254,,,,0,0,2025-12-01
2025-11-30,OTHER SECURITIES,2255,,,,1173390636011,0.575314498167611,2025-12-01
2025-11-30,OTHER ASSETS,2256,,,,,,2025-12-01
2025-11-30,OTHER ASSETS,2256.1,Dividend receivables,,,0,0,2025-12-01
2025-11-30,OTHER ASSETS,2256.2,Coupon receivables,,,29657975296,0.0145413323154606,2025-12-01
2025-11-30,OTHER ASSETS,2256.3,Interest receivables from bank deposits and Money market instruments,,,12123215072,0.00594402339789962,2025-12-01
2025-11-30,OTHER ASSETS,2256.4,Outstanding Settlement of sales transactions,,,0,0,2025-12-01
2025-11-30,OTHER ASSETS,2256.5,Receivable from AP/Investors on securities on hold of buying,,,0,0,2025-12-01
2025-11-30,OTHER ASSETS,2256.6,Other receivables,,,0,0,2025-12-01
2025-11-30,OTHER ASSETS,2256.7,Other assets,,,5894283,2.88997232646323e-06,2025-12-01
2025-11-30,OTHER ASSETS,2257,,,,41787084651,0.0204882456856867,2025-12-01
2025-11-30,CASH,2258,,,,,,2025-12-01
2025-11-30,CASH,2259,"Cash, Cash Equivalent",,,170593184749,0.083641993946989,2025-12-01
2025-11-30,CASH,2259.1,Cash at Bank,,,105593184749,0.0517724347113516,2025-12-01
2025-11-30,CASH,2259.2,Cash Equivalents,,,65000000000,0.0318695592356373,2025-12-01
2025-11-30,CASH,2260,Deposits with term over three (03) months,,,270800000000,0.132773486784778,2025-12-01
2025-11-30,CASH,2261.1,Money market instruments,,,382992915331,0.187781775414935,2025-12-01
2025-11-30,CASH,2262,,,,824386100080,0.404197256146702,2025-12-01
2025-11-30,Total value of portfolio,2263,,,,2039563820742,1,2025-12-01
2025-12-31,REAL ESTATE INVESTMENT (NOT APPLICABLE),,,,,,,2026-01-05
2025-12-31,REAL ESTATE INVESTMENT (NOT APPLICABLE),2264,,,,,,2026-01-05
2025-12-31,"SHARES LISTED, SHARES REGISTERED FOR TRADING, LISTED FUND CERTIFICATES",2246,,,,,,2026-01-05
2025-12-31,"SHARES LISTED, SHARES REGISTERED FOR TRADING, LISTED FUND CERTIFICATES",2247,,,,,,2026-01-05
2025-12-31,"SHARES UNLISTED, UNREGISTERED FOR TRADING, UNLISTED FUND CERTIFICATES",2248,,,,,,2026-01-05
2025-12-31,"SHARES UNLISTED, UNREGISTERED FOR TRADING, UNLISTED FUND CERTIFICATES",2249,,,,0,0,2026-01-05
2025-12-31,BONDS,2251,,,,,,2026-01-05
2025-12-31,BONDS,2251.1,Listed bonds,,,1009747759913,0.555906418324193,2026-01-05
2025-12-31,BONDS,2251.1.1,BAF123020,452357,101395.232999,45866843414,0.0252515268212234,2026-01-05
2025-12-31,BONDS,2251.1.2,CII124021,1240,100408485,124506521400,0.0685458063065591,2026-01-05
2025-12-31,BONDS,2251.1.3,DSE125018,700000,100036.95,70025865000,0.0385520318515562,2026-01-05
2025-12-31,BONDS,2251.1.4,HDB124006,100000,100251.199,10025119900,0.00551922838369036,2026-01-05
2025-12-31,BONDS,2251.1.5,HDB124018,500000,100046.875,50023437500,0.027539897662447,2026-01-05
2025-12-31,BONDS,2251.1.6,HDB125024,300000,99951.658,29985497400,0.0165082123705227,2026-01-05
2025-12-31,BONDS,2251.1.7,LPB125006,500000,99831.526,49915763000,0.0274806185553114,2026-01-05
2025-12-31,BONDS,2251.1.8,MML121021,400230,99987.518999,40018004729,0.022031507828545,2026-01-05
2025-12-31,BONDS,2251.1.9,MSN123008,1550000,99981.843,154971856650,0.0853181885531238,2026-01-05
2025-12-31,BONDS,2251.1.10,MSN123009,750000,99457.986,74593489500,0.041066691330735,2026-01-05
2025-12-31,BONDS,2251.1.11,TNG122017,815000,100526.08,81928755200,0.045105047685291,2026-01-05
2025-12-31,BONDS,2251.1.12,VBA124019,1020000,99949.209,101948193180,0.0561265468221487,2026-01-05
2025-12-31,BONDS,2251.1.13,VPI124001,1755000,100249.808,175938413040,0.0968611141530394,2026-01-05
2025-12-31,BONDS,2251.2,"Unlisted Bonds, Private placement bonds",,,158514290000,0.0872684394117347,2026-01-05
2025-12-31,BONDS,2251.2.1,KBC12401,158,1003255000,158514290000,0.0872684394117347,2026-01-05
2025-12-31,BONDS,2252,,,,1168262049913,0.643174857735928,2026-01-05
2025-12-31,OTHER SECURITIES,2253,,,,,,2026-01-05
2025-12-31,OTHER SECURITIES,2253.1,Investment - Rights,,,0,0,2026-01-05
2025-12-31,OTHER SECURITIES,2253.2,Index future contracts,,,0,0,2026-01-05
2025-12-31,OTHER SECURITIES,2254,,,,0,0,2026-01-05
2025-12-31,OTHER SECURITIES,2255,,,,1168262049913,0.643174857735928,2026-01-05
2025-12-31,OTHER ASSETS,2256,,,,,,2026-01-05
2025-12-31,OTHER ASSETS,2256.1,Dividend receivables,,,0,0,2026-01-05
2025-12-31,OTHER ASSETS,2256.2,Coupon receivables,,,36919160071,0.0203254702386024,2026-01-05
2025-12-31,OTHER ASSETS,2256.3,Interest receivables from bank deposits and Money market instruments,,,12135792602,0.00668123789597149,2026-01-05
2025-12-31,OTHER ASSETS,2256.4,Outstanding Settlement of sales transactions,,,0,0,2026-01-05
2025-12-31,OTHER ASSETS,2256.5,Receivable from AP/Investors on securities on hold of buying,,,0,0,2026-01-05
2025-12-31,OTHER ASSETS,2256.6,Other receivables,,,0,0,2026-01-05
2025-12-31,OTHER ASSETS,2256.7,Other assets,,,0,0,2026-01-05
2025-12-31,OTHER ASSETS,2257,,,,49054952673,0.0270067081345739,2026-01-05
2025-12-31,CASH,2258,,,,,,2026-01-05
2025-12-31,CASH,2259,"Cash, Cash Equivalent",,,39581813166,0.0217913669744455,2026-01-05
2025-12-31,CASH,2259.1,Cash at Bank,,,31581813166,0.0173870478730327,2026-01-05
2025-12-31,CASH,2259.2,Cash Equivalents,,,8000000000,0.00440431910141273,2026-01-05
2025-12-31,CASH,2260,Deposits with term over three (03) months,,,231500000000,0.127449983997131,2026-01-05
2025-12-31,CASH,2261.1,Money market instruments,,,328000000000,0.180577083157922,2026-01-05
2025-12-31,CASH,2262,,,,599081813166,0.329818434129498,2026-01-05
2025-12-31,Total value of portfolio,2263,,,,1816398815752,1,2026-01-05
2026-01-31,REAL ESTATE INVESTMENT (NOT APPLICABLE),,,,,,,2026-02-02
2026-01-31,REAL ESTATE INVESTMENT (NOT APPLICABLE),2264,,,,,,2026-02-02
2026-01-31,"SHARES LISTED, SHARES REGISTERED FOR TRADING, LISTED FUND CERTIFICATES",2246,,,,,,2026-02-02
2026-01-31,"SHARES LISTED, SHARES REGISTERED FOR TRADING, LISTED FUND CERTIFICATES",2247,,,,,,2026-02-02
2026-01-31,"SHARES UNLISTED, UNREGISTERED FOR TRADING, UNLISTED FUND CERTIFICATES",2248,,,,,,2026-02-02
2026-01-31,"SHARES UNLISTED, UNREGISTERED FOR TRADING, UNLISTED FUND CERTIFICATES",2249,,,,0,0,2026-02-02
2026-01-31,BONDS,2251,,,,,,2026-02-02
2026-01-31,BONDS,2251.1,Listed bonds,,,957570035704,0.546027637823342,2026-02-02
2026-01-31,BONDS,2251.1.1,BAF123020,452357,100746.753,45573498947,0.0259870182331678,2026-02-02
2026-01-31,BONDS,2251.1.2,CII124021,1240,100401166,124497445840,0.0709912003638218,2026-02-02
2026-01-31,BONDS,2251.1.3,DSE125018,1000000,100065.403,100065403000,0.057059508537943,2026-02-02
2026-01-31,BONDS,2251.1.4,HDB124006,100000,100319.775,10031977500,0.00572045570849,2026-02-02
2026-01-31,BONDS,2251.1.5,HDB124018,1000000,100037.635,100037635000,0.0570436746094764,2026-02-02
2026-01-31,BONDS,2251.1.6,HDB125024,300000,99948.324,29984497200,0.0170978242498991,2026-02-02
2026-01-31,BONDS,2251.1.7,LPB125006,500000,99748.207,49874103500,0.0284393181775374,2026-02-02
2026-01-31,BONDS,2251.1.8,MML121021,400230,99994.922999,40020968032,0.0228208421557913,2026-02-02
2026-01-31,BONDS,2251.1.9,MSN123008,1650000,100320.027,165528044550,0.094387756288452,2026-02-02
2026-01-31,BONDS,2251.1.10,MSN123009,600000,99509.521,59705712600,0.0340455193875916,2026-02-02
2026-01-31,BONDS,2251.1.11,TNG122017,715000,100350.014,71750260010,0.0409135870230815,2026-02-02
2026-01-31,BONDS,2251.1.12,VPI124001,1605000,100000.305,160500489525,0.0915209330880901,2026-02-02
2026-01-31,BONDS,2251.2,"Unlisted Bonds, Private placement bonds",,,68267380080,0.0389275717656157,2026-02-02
2026-01-31,BONDS,2251.2.1,KBC12401,68,1003932060,68267380080,0.0389275717656157,2026-02-02
2026-01-31,BONDS,2252,,,,1025837415784,0.584955209588958,2026-02-02
2026-01-31,OTHER SECURITIES,2253,,,,,,2026-02-02
2026-01-31,OTHER SECURITIES,2253.1,Investment - Rights,,,0,0,2026-02-02
2026-01-31,OTHER SECURITIES,2253.2,Index future contracts,,,0,0,2026-02-02
2026-01-31,OTHER SECURITIES,2254,,,,0,0,2026-02-02
2026-01-31,OTHER SECURITIES,2255,,,,1025837415784,0.584955209588958,2026-02-02
2026-01-31,OTHER ASSETS,2256,,,,,,2026-02-02
2026-01-31,OTHER ASSETS,2256.1,Dividend receivables,,,0,0,2026-02-02
2026-01-31,OTHER ASSETS,2256.2,Coupon receivables,,,35101778206,0.0200158111914289,2026-02-02
2026-01-31,OTHER ASSETS,2256.3,Interest receivables from bank deposits and Money market instruments,,,11645207536,0.00664035519675577,2026-02-02
2026-01-31,OTHER ASSETS,2256.4,Outstanding Settlement of sales transactions,,,20674100000,0.0117888296064154,2026-02-02
2026-01-31,OTHER ASSETS,2256.5,Receivable from AP/Investors on securities on hold of buying,,,0,0,2026-02-02
2026-01-31,OTHER ASSETS,2256.6,Other receivables,,,0,0,2026-02-02
2026-01-31,OTHER ASSETS,2256.7,Other assets,,,0,0,2026-02-02
2026-01-31,OTHER ASSETS,2257,,,,67421085742,0.0384449959946,2026-02-02
2026-01-31,CASH,2258,,,,,,2026-02-02
2026-01-31,CASH,2259,"Cash, Cash Equivalent",,,234944002474,0.133970272573666,2026-02-02
2026-01-31,CASH,2259.1,Cash at Bank,,,2044002474,0.0011655354710037,2026-02-02
2026-01-31,CASH,2259.2,Cash Equivalents,,,232900000000,0.132804737102662,2026-02-02
2026-01-31,CASH,2260,Deposits with term over three (03) months,,,197500000000,0.112618873240772,2026-02-02
2026-01-31,CASH,2261.1,Money market instruments,,,228000000000,0.130010648602005,2026-02-02
2026-01-31,CASH,2262,,,,660444002474,0.376599794416442,2026-02-02
2026-01-31,Total value of portfolio,2263,,,,1753702504000,1,2026-02-02
2026-02-28,REAL ESTATE INVESTMENT (NOT APPLICABLE),,,,,,,2026-03-02
2026-02-28,REAL ESTATE INVESTMENT (NOT APPLICABLE),2264,,,,,,2026-03-02
2026-02-28,"SHARES LISTED, SHARES REGISTERED FOR TRADING, LISTED FUND CERTIFICATES",2246,,,,,,2026-03-02
2026-02-28,"SHARES LISTED, SHARES REGISTERED FOR TRADING, LISTED FUND CERTIFICATES",2247,,,,,,2026-03-02
2026-02-28,"SHARES UNLISTED, UNREGISTERED FOR TRADING, UNLISTED FUND CERTIFICATES",2248,,,,,,2026-03-02
2026-02-28,"SHARES UNLISTED, UNREGISTERED FOR TRADING, UNLISTED FUND CERTIFICATES",2249,,,,0,0,2026-03-02
2026-02-28,BONDS,2251,,,,,,2026-03-02
2026-02-28,BONDS,2251.1,Listed bonds,,,1053616641939,0.61688614936748,2026-03-02
2026-02-28,BONDS,2251.1.1,BAF123020,452357,100590.274,45502714576,0.0266415632244553,2026-03-02
2026-02-28,BONDS,2251.1.2,CII124021,1240,100355347,124440630280,0.0728592337883135,2026-03-02
2026-02-28,BONDS,2251.1.3,DSE125018,1000000,100169.727,100169727000,0.058648767220022,2026-03-02
2026-02-28,BONDS,2251.1.4,HDB124006,100000,100187.986,10018798600,0.00586594577537066,2026-03-02
2026-02-28,BONDS,2251.1.5,HDB124018,1000000,100058.192,100058192000,0.0585834641544373,2026-03-02
2026-02-28,BONDS,2251.1.6,HDB125024,300000,99947.756,29984326800,0.0175556413640048,2026-03-02
2026-02-28,BONDS,2251.1.7,LPB125006,500000,99936.668,49968334000,0.0292561562949883,2026-03-02
2026-02-28,BONDS,2251.1.8,MML121021,400230,100414.273999,40188804883,0.0235303013497676,2026-03-02
2026-02-28,BONDS,2251.1.9,MSN123008,1750000,100933.707,176633987250,0.103418127528386,2026-03-02
2026-02-28,BONDS,2251.1.10,MSN123009,750000,100188.104,75141078000,0.0439946451314928,2026-03-02
2026-02-28,BONDS,2251.1.11,TNG122017,815000,100083.85,81568337750,0.0477577667075391,2026-03-02
2026-02-28,BONDS,2251.1.12,VND125033,300000,100000.041,30000012300,0.0175648251290582,2026-03-02
2026-02-28,BONDS,2251.1.13,VPI124001,1900000,99969.315,189941698500,0.111209711699645,2026-03-02
2026-02-28,BONDS,2251.2,"Unlisted Bonds, Private placement bonds",,,158526307480,0.0928161909200786,2026-03-02
2026-02-28,BONDS,2251.2.1,KBC12401,158,1003331060,158526307480,0.0928161909200786,2026-03-02
2026-02-28,BONDS,2252,,,,1212142949419,0.709702340287559,2026-03-02
2026-02-28,OTHER SECURITIES,2253,,,,,,2026-03-02
2026-02-28,OTHER SECURITIES,2253.1,Investment - Rights,,,0,0,2026-03-02
2026-02-28,OTHER SECURITIES,2253.2,Index future contracts,,,0,0,2026-03-02
2026-02-28,OTHER SECURITIES,2254,,,,0,0,2026-03-02
2026-02-28,OTHER SECURITIES,2255,,,,1212142949419,0.709702340287559,2026-03-02
2026-02-28,OTHER ASSETS,2256,,,,,,2026-03-02
2026-02-28,OTHER ASSETS,2256.1,Dividend receivables,,,0,0,2026-03-02
2026-02-28,OTHER ASSETS,2256.2,Coupon receivables,,,26065697795,0.0152613078640655,2026-03-02
2026-02-28,OTHER ASSETS,2256.3,Interest receivables from bank deposits and Money market instruments,,,12692730508,0.00743151667918755,2026-03-02
2026-02-28,OTHER ASSETS,2256.4,Outstanding Settlement of sales transactions,,,0,0,2026-03-02
2026-02-28,OTHER ASSETS,2256.5,Receivable from AP/Investors on securities on hold of buying,,,0,0,2026-03-02
2026-02-28,OTHER ASSETS,2256.6,Other receivables,,,0,0,2026-03-02
2026-02-28,OTHER ASSETS,2256.7,Other assets,,,0,0,2026-03-02
2026-02-28,OTHER ASSETS,2257,,,,38758428303,0.0226928245432531,2026-03-02
2026-02-28,CASH,2258,,,,,,2026-03-02
2026-02-28,CASH,2259,"Cash, Cash Equivalent",,,39112681166,0.0229002374445492,2026-03-02
2026-02-28,CASH,2259.1,Cash at Bank,,,4512681166,0.00264214743485236,2026-03-02
2026-02-28,CASH,2259.2,Cash Equivalents,,,34600000000,0.0202580900096969,2026-03-02
2026-02-28,CASH,2260,Deposits with term over three (03) months,,,168600000000,0.0987142767524535,2026-03-02
2026-02-28,CASH,2261.1,Money market instruments,,,249345575186,0.145990320972186,2026-03-02
2026-02-28,CASH,2262,,,,457058256352,0.267604835169188,2026-03-02
2026-02-28,Total value of portfolio,2263,,,,1707959634074,1,2026-03-02
2026-03-31,REAL ESTATE INVESTMENT (NOT APPLICABLE),,,,,,,2026-04-01
2026-03-31,REAL ESTATE INVESTMENT (NOT APPLICABLE),2264,,,,,,2026-04-01
2026-03-31,"SHARES LISTED, SHARES REGISTERED FOR TRADING, LISTED FUND CERTIFICATES",2246,,,,,,2026-04-01
2026-03-31,"SHARES LISTED, SHARES REGISTERED FOR TRADING, LISTED FUND CERTIFICATES",2247,,,,,,2026-04-01
2026-03-31,"SHARES UNLISTED, UNREGISTERED FOR TRADING, UNLISTED FUND CERTIFICATES",2248,,,,,,2026-04-01
2026-03-31,"SHARES UNLISTED, UNREGISTERED FOR TRADING, UNLISTED FUND CERTIFICATES",2249,,,,0,0,2026-04-01
2026-03-31,BONDS,2251,,,,,,2026-04-01
2026-03-31,BONDS,2251.1,Listed bonds,,,942194391546,0.640346328290315,2026-04-01
2026-03-31,BONDS,2251.1.1,BAF123020,452357,100000.027,45235712214,0.0307436793126125,2026-04-01
2026-03-31,BONDS,2251.1.2,BAF126003,500,99997491,49998745500,0.0339807935467676,2026-04-01
2026-03-31,BONDS,2251.1.3,CII124021,1240,100309303,124383535720,0.084535145945178,2026-04-01
2026-03-31,BONDS,2251.1.4,DSE125018,1000000,99541.828,99541828000,0.0676519035169762,2026-04-01
2026-03-31,BONDS,2251.1.5,HDB124018,1000000,100045.577,100045577000,0.067994267922267,2026-04-01
2026-03-31,BONDS,2251.1.6,HDB125024,300000,99934.857,29980457100,0.0203757056895122,2026-04-01
2026-03-31,BONDS,2251.1.7,MML121021,400230,100189.813999,40098969257,0.0272525796824302,2026-04-01
2026-03-31,BONDS,2251.1.8,MSN123008,1250000,100624.55,125780687500,0.0854846962931898,2026-04-01
2026-03-31,BONDS,2251.1.9,MSN123009,750000,100626.89,75470167500,0.0512920105316936,2026-04-01
2026-03-31,BONDS,2251.1.10,TNG122017,315000,100172.917,31554468855,0.0214454558992818,2026-04-01
2026-03-31,BONDS,2251.1.11,VND125033,300000,100066.555,30019966500,0.0204025575785172,2026-04-01
2026-03-31,BONDS,2251.1.12,VPI124001,1900000,100044.356,190084276400,0.129187532371889,2026-04-01
2026-03-31,BONDS,2251.2,"Unlisted Bonds, Private placement bonds",,,143713439870,0.0976723852025101,2026-04-01
2026-03-31,BONDS,2251.2.1,KBC12401,143,1004989090,143713439870,0.0976723852025101,2026-04-01
2026-03-31,BONDS,2252,,,,1085907831416,0.738018713492825,2026-04-01
2026-03-31,OTHER SECURITIES,2253,,,,,,2026-04-01
2026-03-31,OTHER SECURITIES,2253.1,Investment - Rights,,,0,0,2026-04-01
2026-03-31,OTHER SECURITIES,2253.2,Index future contracts,,,0,0,2026-04-01
2026-03-31,OTHER SECURITIES,2254,,,,0,0,2026-04-01
2026-03-31,OTHER SECURITIES,2255,,,,1085907831416,0.738018713492825,2026-04-01
2026-03-31,OTHER ASSETS,2256,,,,,,2026-04-01
2026-03-31,OTHER ASSETS,2256.1,Dividend receivables,,,0,0,2026-04-01
2026-03-31,OTHER ASSETS,2256.2,Coupon receivables,,,22263813101,0.0151312203732972,2026-04-01
2026-03-31,OTHER ASSETS,2256.3,Interest receivables from bank deposits and Money market instruments,,,8758087944,0.00595228490861832,2026-04-01
2026-03-31,OTHER ASSETS,2256.4,Outstanding Settlement of sales transactions,,,0,0,2026-04-01
2026-03-31,OTHER ASSETS,2256.5,Receivable from AP/Investors on securities on hold of buying,,,0,0,2026-04-01
2026-03-31,OTHER ASSETS,2256.6,Other receivables,,,0,0,2026-04-01
2026-03-31,OTHER ASSETS,2256.7,Other assets,,,0,0,2026-04-01
2026-03-31,OTHER ASSETS,2257,,,,31021901045,0.0210835052819155,2026-04-01
2026-03-31,CASH,2258,,,,,,2026-04-01
2026-03-31,CASH,2259,"Cash, Cash Equivalent",,,86152783406,0.0585522680043776,2026-04-01
2026-03-31,CASH,2259.1,Cash at Bank,,,6952783406,0.00472534050868691,2026-04-01
2026-03-31,CASH,2259.2,Cash Equivalents,,,79200000000,0.0538269274956907,2026-04-01
2026-03-31,CASH,2260,Deposits with term over three (03) months,,,68300000000,0.046418928635804,2026-04-01
2026-03-31,CASH,2261.1,Money market instruments,,,200000000000,0.135926584585078,2026-04-01
2026-03-31,CASH,2262,,,,354452783406,0.240897781225259,2026-04-01
2026-03-31,Total value of portfolio,2263,,,,1471382515867,1,2026-04-01
2026-04-30,REAL ESTATE INVESTMENT (NOT APPLICABLE),,,,,,,2026-05-04
2026-04-30,REAL ESTATE INVESTMENT (NOT APPLICABLE),2264,,,,,,2026-05-04
2026-04-30,"SHARES LISTED, SHARES REGISTERED FOR TRADING, LISTED FUND CERTIFICATES",2246,,,,,,2026-05-04
2026-04-30,"SHARES LISTED, SHARES REGISTERED FOR TRADING, LISTED FUND CERTIFICATES",2247,,,,,,2026-05-04
2026-04-30,"SHARES UNLISTED, UNREGISTERED FOR TRADING, UNLISTED FUND CERTIFICATES",2248,,,,,,2026-05-04
2026-04-30,"SHARES UNLISTED, UNREGISTERED FOR TRADING, UNLISTED FUND CERTIFICATES",2249,,,,0,0,2026-05-04
2026-04-30,BONDS,2251,,,,,,2026-05-04
2026-04-30,BONDS,2251.1,Listed bonds,,,764724756316,0.587142019244044,2026-05-04
2026-04-30,BONDS,2251.1.1,BAF126003,300,99978256,29993476800,0.0230284561694305,2026-05-04
2026-04-30,BONDS,2251.1.2,CII124021,1240,100262459,124325449160,0.0954548609291543,2026-05-04
2026-04-30,BONDS,2251.1.3,DSE125018,700000,99569.062,69698343400,0.0535131441003469,2026-05-04
2026-04-30,BONDS,2251.1.4,HDB124018,1000000,99916.337,99916337000,0.0767139802616862,2026-05-04
2026-04-30,BONDS,2251.1.5,HDB125024,300000,99955.076,29986522800,0.0230231170123441,2026-05-04
2026-04-30,BONDS,2251.1.6,MML121021,400230,100134.156999,40076693656,0.0307701701082179,2026-05-04
2026-04-30,BONDS,2251.1.7,MSN123008,950000,100196.295,95186480250,0.0730824806665789,2026-05-04
2026-04-30,BONDS,2251.1.8,MSN123009,550000,99999.959,54999977450,0.0422280010574495,2026-05-04
2026-04-30,BONDS,2251.1.9,VND125033,300000,99984.39,29995317000,0.0230298690421469,2026-05-04
2026-04-30,BONDS,2251.1.10,VPI124001,1900000,100287.452,190546158800,0.146297939896689,2026-05-04
2026-04-30,BONDS,2251.2,"Unlisted Bonds, Private placement bonds",,,143443300000,0.110133205592506,2026-05-04
2026-04-30,BONDS,2251.2.1,KBC12401,143,1003100000,143443300000,0.110133205592506,2026-05-04
2026-04-30,BONDS,2252,,,,908168056316,0.69727522483655,2026-05-04
2026-04-30,OTHER SECURITIES,2253,,,,,,2026-05-04
2026-04-30,OTHER SECURITIES,2253.1,Investment - Rights,,,0,0,2026-05-04
2026-04-30,OTHER SECURITIES,2253.2,Index future contracts,,,0,0,2026-05-04
2026-04-30,OTHER SECURITIES,2254,,,,0,0,2026-05-04
2026-04-30,OTHER SECURITIES,2255,,,,908168056316,0.69727522483655,2026-05-04
2026-04-30,OTHER ASSETS,2256,,,,,,2026-05-04
2026-04-30,OTHER ASSETS,2256.1,Dividend receivables,,,0,0,2026-05-04
2026-04-30,OTHER ASSETS,2256.2,Coupon receivables,,,19641880693,0.0150806854317047,2026-05-04
2026-04-30,OTHER ASSETS,2256.3,Interest receivables from bank deposits and Money market instruments,,,7805566849,0.00599297491445726,2026-05-04
2026-04-30,OTHER ASSETS,2256.4,Outstanding Settlement of sales transactions,,,10163500000,0.00780335390387307,2026-05-04
2026-04-30,OTHER ASSETS,2256.5,Receivable from AP/Investors on securities on hold of buying,,,0,0,2026-05-04
2026-04-30,OTHER ASSETS,2256.6,Other receivables,,,0,0,2026-05-04
2026-04-30,OTHER ASSETS,2256.7,Other assets,,,0,0,2026-05-04
2026-04-30,OTHER ASSETS,2257,,,,37610947542,0.028877014250035,2026-05-04
2026-04-30,CASH,2258,,,,,,2026-05-04
2026-04-30,CASH,2259,"Cash, Cash Equivalent",,,104773778010,0.080443436774523,2026-05-04
2026-04-30,CASH,2259.1,Cash at Bank,,,2673778010,0.00205287903501977,2026-05-04
2026-04-30,CASH,2259.2,Cash Equivalents,,,102100000000,0.0783905577395032,2026-05-04
2026-04-30,CASH,2260,Deposits with term over three (03) months,,,51900000000,0.0398478936991206,2026-05-04
2026-04-30,CASH,2261.1,Money market instruments,,,200000000000,0.153556430439771,2026-05-04
2026-04-30,CASH,2262,,,,356673778010,0.273847760913415,2026-05-04
2026-04-30,Total value of portfolio,2263,,,,1302452781868,1,2026-05-04
2026-05-31,REAL ESTATE INVESTMENT (NOT APPLICABLE),,,,,,,2026-06-02
2026-05-31,REAL ESTATE INVESTMENT (NOT APPLICABLE),2264,,,,,,2026-06-02
2026-05-31,"SHARES LISTED, SHARES REGISTERED FOR TRADING, LISTED FUND CERTIFICATES",2246,,,,,,2026-06-02
2026-05-31,"SHARES LISTED, SHARES REGISTERED FOR TRADING, LISTED FUND CERTIFICATES",2247,,,,,,2026-06-02
2026-05-31,"SHARES UNLISTED, UNREGISTERED FOR TRADING, UNLISTED FUND CERTIFICATES",2248,,,,,,2026-06-02
2026-05-31,"SHARES UNLISTED, UNREGISTERED FOR TRADING, UNLISTED FUND CERTIFICATES",2249,,,,0,0,2026-06-02
2026-05-31,BONDS,2251,,,,,,2026-06-02
2026-05-31,BONDS,2251.1,Listed bonds,,,694224260815,0.661854940152901,2026-06-02
2026-05-31,BONDS,2251.1.1,BAF126003,682,99843663,68093378166,0.0649184150924922,2026-06-02
2026-05-31,BONDS,2251.1.2,CII124021,1240,100301135,124373407400,0.118574297611987,2026-06-02
2026-05-31,BONDS,2251.1.3,DSE125018,700000,100094.969,70066478300,0.0667995162651467,2026-06-02
2026-05-31,BONDS,2251.1.4,HDB125024,300000,98925.37,29677611000,0.028293844742946,2026-06-02
2026-05-31,BONDS,2251.1.5,MML121021,400230,100059.559001,40046837299,0.0381795892190893,2026-06-02
2026-05-31,BONDS,2251.1.6,MSN123008,950000,100563.461,95535287950,0.0910808017778096,2026-06-02
2026-05-31,BONDS,2251.1.7,MSN123009,550000,100565.061,55310783550,0.0527318294715296,2026-06-02
2026-05-31,BONDS,2251.1.8,VND125033,300000,99995.155,29998546500,0.0285998161100314,2026-06-02
2026-05-31,BONDS,2251.1.9,VPI124001,1810000,100067.365,181121930650,0.172676829861869,2026-06-02
2026-05-31,BONDS,2251.2,"Unlisted Bonds, Private placement bonds",,,118220185640,0.112707979694876,2026-06-02
2026-05-31,BONDS,2251.2.1,KBC12401,118,1001865980,118220185640,0.112707979694876,2026-06-02
2026-05-31,BONDS,2252,,,,812444446455,0.774562919847776,2026-06-02
2026-05-31,OTHER SECURITIES,2253,,,,,,2026-06-02
2026-05-31,OTHER SECURITIES,2253.1,Investment - Rights,,,0,0,2026-06-02
2026-05-31,OTHER SECURITIES,2253.2,Index future contracts,,,0,0,2026-06-02
2026-05-31,OTHER SECURITIES,2254,,,,0,0,2026-06-02
2026-05-31,OTHER SECURITIES,2255,,,,812444446455,0.774562919847776,2026-06-02
2026-05-31,OTHER ASSETS,2256,,,,,,2026-06-02
2026-05-31,OTHER ASSETS,2256.1,Dividend receivables,,,0,0,2026-06-02
2026-05-31,OTHER ASSETS,2256.2,Coupon receivables,,,21226921468,0.0202371821770391,2026-06-02
2026-05-31,OTHER ASSETS,2256.3,Interest receivables from bank deposits and Money market instruments,,,3235126988,0.00308428399853973,2026-06-02
2026-05-31,OTHER ASSETS,2256.4,Outstanding Settlement of sales transactions,,,0,0,2026-06-02
2026-05-31,OTHER ASSETS,2256.5,Receivable from AP/Investors on securities on hold of buying,,,0,0,2026-06-02
2026-05-31,OTHER ASSETS,2256.6,Other receivables,,,0,0,2026-06-02
2026-05-31,OTHER ASSETS,2256.7,Other assets,,,0,0,2026-06-02
2026-05-31,OTHER ASSETS,2257,,,,24462048456,0.0233214661755788,2026-06-02
2026-05-31,CASH,2258,,,,,,2026-06-02
2026-05-31,CASH,2259,"Cash, Cash Equivalent",,,75100476539,0.0715987962547162,2026-06-02
2026-05-31,CASH,2259.1,Cash at Bank,,,2000476539,0.00190720110882146,2026-06-02
2026-05-31,CASH,2259.2,Cash Equivalents,,,73100000000,0.0696915951458948,2026-06-02
2026-05-31,CASH,2260,Deposits with term over three (03) months,,,51900000000,0.0494800791801907,2026-06-02
2026-05-31,CASH,2261.1,Money market instruments,,,85000000000,0.0810367385417381,2026-06-02
2026-05-31,CASH,2262,,,,212000476539,0.202115613976645,2026-06-02
2026-05-31,Total value of portfolio,2263,,,,1048906971450,1,2026-06-02
2026-06-30,REAL ESTATE INVESTMENT (NOT APPLICABLE),,,,,,,2026-07-02
2026-06-30,REAL ESTATE INVESTMENT (NOT APPLICABLE),2264,,,,,,2026-07-02
2026-06-30,"SHARES LISTED, SHARES REGISTERED FOR TRADING, LISTED FUND CERTIFICATES",2246,,,,,,2026-07-02
2026-06-30,"SHARES LISTED, SHARES REGISTERED FOR TRADING, LISTED FUND CERTIFICATES",2247,,,,,,2026-07-02
2026-06-30,"SHARES UNLISTED, UNREGISTERED FOR TRADING, UNLISTED FUND CERTIFICATES",2248,,,,,,2026-07-02
2026-06-30,"SHARES UNLISTED, UNREGISTERED FOR TRADING, UNLISTED FUND CERTIFICATES",2249,,,,0,0,2026-07-02
2026-06-30,BONDS,2251,,,,,,2026-07-02
2026-06-30,BONDS,2251.1,Listed bonds,,,645157829789,0.653689305049709,2026-07-02
2026-06-30,BONDS,2251.1.1,BAF126003,592,99995850,59197543200,0.0599803630806341,2026-07-02
2026-06-30,BONDS,2251.1.2,CII124021,1240,100219986,124272782640,0.125916148219271,2026-07-02
2026-06-30,BONDS,2251.1.3,DSE125018,1000000,100101.062,100101062000,0.101424784187954,2026-07-02
2026-06-30,BONDS,2251.1.4,HDB125024,300000,98875.1,29662530000,0.0300547830723185,2026-07-02
2026-06-30,BONDS,2251.1.5,MML121021,400230,99939.561999,39998810899,0.0405277494778811,2026-07-02
2026-06-30,BONDS,2251.1.6,MSN123008,850000,100537.847,85457169950,0.0865872433950004,2026-07-02
2026-06-30,BONDS,2251.1.7,MSN123009,550000,100542.866,55298576300,0.0560298367976215,2026-07-02
2026-06-30,BONDS,2251.1.8,VND125033,300000,100104.716,30031414800,0.0304285459523788,2026-07-02
2026-06-30,BONDS,2251.1.9,VPI124001,1210000,100114,121137940000,0.12273985086665,2026-07-02
2026-06-30,BONDS,2251.2,"Unlisted Bonds, Private placement bonds",,,98081850580,0.0993788710037024,2026-07-02
2026-06-30,BONDS,2251.2.1,KBC12401,98,1000835210,98081850580,0.0993788710037024,2026-07-02
2026-06-30,BONDS,2252,,,,743239680369,0.753068176053411,2026-07-02
2026-06-30,OTHER SECURITIES,2253,,,,,,2026-07-02
2026-06-30,OTHER SECURITIES,2253.1,Investment - Rights,,,0,0,2026-07-02
2026-06-30,OTHER SECURITIES,2253.2,Index future contracts,,,0,0,2026-07-02
2026-06-30,OTHER SECURITIES,2254,,,,0,0,2026-07-02
2026-06-30,OTHER SECURITIES,2255,,,,743239680369,0.753068176053411,2026-07-02
2026-06-30,OTHER ASSETS,2256,,,,,,2026-07-02
2026-06-30,OTHER ASSETS,2256.1,Dividend receivables,,,0,0,2026-07-02
2026-06-30,OTHER ASSETS,2256.2,Coupon receivables,,,22892840068,0.0231955717247659,2026-07-02
2026-06-30,OTHER ASSETS,2256.3,Interest receivables from bank deposits and Money market instruments,,,7086328355,0.00718003695196412,2026-07-02
2026-06-30,OTHER ASSETS,2256.4,Outstanding Settlement of sales transactions,,,0,0,2026-07-02
2026-06-30,OTHER ASSETS,2256.5,Receivable from AP/Investors on securities on hold of buying,,,0,0,2026-07-02
2026-06-30,OTHER ASSETS,2256.6,Other receivables,,,0,0,2026-07-02
2026-06-30,OTHER ASSETS,2256.7,Other assets,,,0,0,2026-07-02
2026-06-30,OTHER ASSETS,2257,,,,29979168423,0.03037560867673,2026-07-02
2026-06-30,CASH,2258,,,,,,2026-07-02
2026-06-30,CASH,2259,"Cash, Cash Equivalent",,,51845190885,0.0525307843057088,2026-07-02
2026-06-30,CASH,2259.1,Cash at Bank,,,1645190885,0.0016669466549627,2026-07-02
2026-06-30,CASH,2259.2,Cash Equivalents,,,50200000000,0.0508638376507461,2026-07-02
2026-06-30,CASH,2260,Deposits with term over three (03) months,,,51900000000,0.0525863182086399,2026-07-02
2026-06-30,CASH,2261.1,Money market instruments,,,109984690867,0.11143911275551,2026-07-02
2026-06-30,CASH,2262,,,,213729881752,0.216556215269858,2026-07-02
2026-06-30,Total value of portfolio,2263,,,,986948730544,1,2026-07-02
2026-07-31,REAL ESTATE INVESTMENT (NOT APPLICABLE),,,,,,,2026-08-04
2026-07-31,REAL ESTATE INVESTMENT (NOT APPLICABLE),2264,,,,,,2026-08-04
2026-07-31,"SHARES LISTED, SHARES REGISTERED FOR TRADING, LISTED FUND CERTIFICATES",2246,,,,,,2026-08-04
2026-07-31,"SHARES LISTED, SHARES REGISTERED FOR TRADING, LISTED FUND CERTIFICATES",2247,,,,,,2026-08-04
2026-07-31,"SHARES UNLISTED, UNREGISTERED FOR TRADING, UNLISTED FUND CERTIFICATES",2248,,,,,,2026-08-04
2026-07-31,"SHARES UNLISTED, UNREGISTERED FOR TRADING, UNLISTED FUND CERTIFICATES",2249,,,,0,0,2026-08-04
2026-07-31,BONDS,2251,,,,,,2026-08-04
2026-07-31,BONDS,2251.1,Listed bonds,,,695744908406,0.6966912921692,2026-08-04
2026-07-31,BONDS,2251.1.1,BAF126003,1092,100055505,109260611460,0.109409232696596,2026-08-04
2026-07-31,BONDS,2251.1.2,CII124021,1240,100143742,124178240080,0.124347152951276,2026-08-04
2026-07-31,BONDS,2251.1.3,DSE125018,1000000,100042.295,100042295000,0.100178377064672,2026-08-04
2026-07-31,BONDS,2251.1.4,MML121021,400230,100046.069,40041438196,0.0400959043753511,2026-08-04
2026-07-31,BONDS,2251.1.5,MSN123008,750000,100523.573,75392679750,0.0754952322906186,2026-08-04
2026-07-31,BONDS,2251.1.6,MSN123009,550000,100524.571,55288514050,0.0553637199930923,2026-08-04
2026-07-31,BONDS,2251.1.7,VND125033,300000,100102.388,30030716400,0.0300715655417685,2026-08-04
2026-07-31,BONDS,2251.1.8,VPI124001,1610000,100317.027,161510413470,0.161730107255824,2026-08-04
2026-07-31,BONDS,2251.2,"Unlisted Bonds, Private placement bonds",,,0,0,2026-08-04
2026-07-31,BONDS,2252,,,,695744908406,0.6966912921692,2026-08-04
2026-07-31,OTHER SECURITIES,2253,,,,,,2026-08-04
2026-07-31,OTHER SECURITIES,2253.1,Investment - Rights,,,0,0,2026-08-04
2026-07-31,OTHER SECURITIES,2253.2,Index future contracts,,,0,0,2026-08-04
2026-07-31,OTHER SECURITIES,2254,,,,0,0,2026-08-04
2026-07-31,OTHER SECURITIES,2255,,,,695744908406,0.6966912921692,2026-08-04
2026-07-31,OTHER ASSETS,2256,,,,,,2026-08-04
2026-07-31,OTHER ASSETS,2256.1,Dividend receivables,,,0,0,2026-08-04
2026-07-31,OTHER ASSETS,2256.2,Coupon receivables,,,10834542489,0.0108492801248338,2026-08-04
2026-07-31,OTHER ASSETS,2256.3,Interest receivables from bank deposits and Money market instruments,,,8881986439,0.00889406811958332,2026-08-04
2026-07-31,OTHER ASSETS,2256.4,Outstanding Settlement of sales transactions,,,0,0,2026-08-04
2026-07-31,OTHER ASSETS,2256.5,Receivable from AP/Investors on securities on hold of buying,,,0,0,2026-08-04
2026-07-31,OTHER ASSETS,2256.6,Other receivables,,,0,0,2026-08-04
2026-07-31,OTHER ASSETS,2256.7,Other assets,,,0,0,2026-08-04
2026-07-31,OTHER ASSETS,2257,,,,19716528928,0.0197433482444171,2026-08-04
2026-07-31,CASH,2258,,,,,,2026-08-04
2026-07-31,CASH,2259,"Cash, Cash Equivalent",,,36038997712,0.0360880195903703,2026-08-04
2026-07-31,CASH,2259.1,Cash at Bank,,,11638997712,0.0116548296042948,2026-08-04
2026-07-31,CASH,2259.2,Cash Equivalents,,,24400000000,0.0244331899860755,2026-08-04
2026-07-31,CASH,2260,Deposits with term over three (03) months,,,56900000000,0.0569773979593317,2026-08-04
2026-07-31,CASH,2261.1,Money market instruments,,,190241167377,0.190499942036681,2026-08-04
2026-07-31,CASH,2262,,,,283180165089,0.283565359586383,2026-08-04
2026-07-31,Total value of portfolio,2263,,,,998641602423,1,2026-08-04
