code,line_item,period_end,value,asOf
,Other Receivables,2021-05-31,24200,2021-07-02
,Other payables,2021-05-31,0,2021-07-02
,Other payables,2021-05-31,17300000,2021-07-02
2201,Cash and Cash Equivalents,2021-05-31,97398487410,2021-07-02
2203,Cash at bank,2021-05-31,14698487410,2021-07-02
2203.1,Cash at bank for Fund's subscription,2021-05-31,153100000,2021-07-02
2203.2,Cash at bank for Fund's redemption,2021-05-31,357051,2021-07-02
2203.3,Cash at bank for Fund's operation,2021-05-31,14545030359,2021-07-02
2203.4,Margin account for trading derivatives,2021-05-31,0,2021-07-02
2203.5,"Cash, cash equivalents",2021-05-31,82700000000,2021-07-02
2205,Investments,2021-05-31,726140897458,2021-07-02
2205.1,Listed shares,2021-05-31,0,2021-07-02
2205.2,Unlisted shares,2021-05-31,0,2021-07-02
2205.3,Bonds,2021-05-31,310573552800,2021-07-02
2205.4,Certificates of Deposit,2021-05-31,405567344658,2021-07-02
2205.5,Deposits with term over three (03) months,2021-05-31,10000000000,2021-07-02
2205.6,Investment - Rights,2021-05-31,0,2021-07-02
2205.7,Index future contracts,2021-05-31,0,2021-07-02
2205.8,Other investments,2021-05-31,0,2021-07-02
2205.9,Reverse repo contracts,2021-05-31,0,2021-07-02
2206,"Dividend, Coupon receivables",2021-05-31,9151849316,2021-07-02
2206.1,Dividend receivables,2021-05-31,0,2021-07-02
2206.2,Coupon receivables,2021-05-31,9151849316,2021-07-02
2207,Interest receivables,2021-05-31,9496137804,2021-07-02
2207.1,Interest receivable from bank deposits,2021-05-31,311993969,2021-07-02
2207.2,Interest receivable from Certificates of Deposit,2021-05-31,9184143835,2021-07-02
2207.3,Interest receivable from reverse repo contracts,2021-05-31,0,2021-07-02
2208,Securities Trading Receivables,2021-05-31,0,2021-07-02
2210.1,Impairment of devaluation of pledged assets,2021-05-31,0,2021-07-02
2210.2,Provision for doubtful debt,2021-05-31,0,2021-07-02
2211,Other Assets,2021-05-31,0,2021-07-02
2212,TOTAL ASSETS,2021-05-31,842187396188,2021-07-02
2214,Securities Trading Payables,2021-05-31,0,2021-07-02
2215,Other Payables,2021-05-31,15106568458,2021-07-02
2215.1,Payables to investors,2021-05-31,13159437362,2021-07-02
2215.1.1,Subscription Pending allotment,2021-05-31,243786800,2021-07-02
2215.1.2,Payables to investors for investment bought on behalf,2021-05-31,0,2021-07-02
2215.1.3,Payables to investors for collected dividend,2021-05-31,0,2021-07-02
2215.1.4,Redemption payable to investors,2021-05-31,12915650562,2021-07-02
2215.2,Tax payables and obligations to the State Budget,2021-05-31,92548746,2021-07-02
2215.3,Subscription and Redemption fee payable to distributors and Fund Management Company,2021-05-31,615940124,2021-07-02
2215.4,Income payable to investors,2021-05-31,0,2021-07-02
2215.5,Remuneration Payable to Fund's Board of Representatives,2021-05-31,12723288,2021-07-02
2215.6,Management fee payable,2021-05-31,872719598,2021-07-02
2215.7,Fund Administration fee payable,2021-05-31,23999790,2021-07-02
2215.8,Supervisory service fee payable,2021-05-31,31999717,2021-07-02
2215.9,Transaction fee,2021-05-31,192537125,2021-07-02
2215.9.1,Brokerage fee payable,2021-05-31,192537125,2021-07-02
2215.9.2,Clearing Settlement fee payable,2021-05-31,0,2021-07-02
2215.10,Accrued expense for Custodian fee,2021-05-31,29490653,2021-07-02
2215.10.1,Custodian service - Safe Custody Fee,2021-05-31,29090653,2021-07-02
2215.10.2,Custodian service - Transaction fee,2021-05-31,400000,2021-07-02
2215.10.3,"Custodian service -  Depository fee, Position and Margin management fee paid to VSD",2021-05-31,0,2021-07-02
2215.11,Audit fee payable,2021-05-31,46872055,2021-07-02
2215.12,General meeting expense payable,2021-05-31,0,2021-07-02
2215.13,Annual report fee payable,2021-05-31,0,2021-07-02
2215.14,Transfer Agency fee payable,2021-05-31,11000000,2021-07-02
2215.15,Service fee payable to HOSE for calculating iNAV,2021-05-31,0,2021-07-02
2215.16,Authorising index service fee payable to HOSE,2021-05-31,0,2021-07-02
2215.17.1,Price feed fee payable,2021-05-31,17300000,2021-07-02
2215.17.2,"Accrued expense for Fund's Board of Representatives travelling, meeting",2021-05-31,0,2021-07-02
2215.17.3,Accrued expense for Annual Management Fee pay to SSC,2021-05-31,0,2021-07-02
2215.18,Short-term loans - Repo contracts,2021-05-31,0,2021-07-02
2215.18.1,Principal of repo contracts,2021-05-31,0,2021-07-02
2215.18.2,Accrued Interest Expense,2021-05-31,0,2021-07-02
2215.18.3,Principal of Short-term loans,2021-05-31,0,2021-07-02
2216,TOTAL LIABILITIES,2021-05-31,15106568458,2021-07-02
2217,Net Asset Value ( = I.10 - II.4),2021-05-31,827080827730,2021-07-02
2218,Total Outstanding Fund Certificates,2021-05-31,38699868.1,2021-07-02
2219,Net Asset Value per Fund Certificate,2021-05-31,21371.67,2021-07-02
,Other Receivables,2021-06-30,0,2021-08-03
,Other payables,2021-06-30,0,2021-08-03
,Other payables,2021-06-30,42700000,2021-08-03
2201,Cash and Cash Equivalents,2021-06-30,80323281736,2021-08-03
2203,Cash at bank,2021-06-30,16123281736,2021-08-03
2203.1,Cash at bank for Fund's subscription,2021-06-30,8613950000,2021-08-03
2203.2,Cash at bank for Fund's redemption,2021-06-30,5357052,2021-08-03
2203.3,Cash at bank for Fund's operation,2021-06-30,7503974684,2021-08-03
2203.4,Margin account for trading derivatives,2021-06-30,0,2021-08-03
2203.5,"Cash, cash equivalents",2021-06-30,64200000000,2021-08-03
2205,Investments,2021-06-30,726012897458,2021-08-03
2205.1,Listed shares,2021-06-30,0,2021-08-03
2205.2,Unlisted shares,2021-06-30,0,2021-08-03
2205.3,Bonds,2021-06-30,310445552800,2021-08-03
2205.4,Certificates of Deposit,2021-06-30,405567344658,2021-08-03
2205.5,Deposits with term over three (03) months,2021-06-30,10000000000,2021-08-03
2205.6,Investment - Rights,2021-06-30,0,2021-08-03
2205.7,Index future contracts,2021-06-30,0,2021-08-03
2205.8,Other investments,2021-06-30,0,2021-08-03
2205.9,Reverse repo contracts,2021-06-30,0,2021-08-03
2206,"Dividend, Coupon receivables",2021-06-30,11869931508,2021-08-03
2206.1,Dividend receivables,2021-06-30,0,2021-08-03
2206.2,Coupon receivables,2021-06-30,11869931508,2021-08-03
2207,Interest receivables,2021-06-30,12068718630,2021-08-03
2207.1,Interest receivable from bank deposits,2021-06-30,246424110,2021-08-03
2207.2,Interest receivable from Certificates of Deposit,2021-06-30,11822294520,2021-08-03
2207.3,Interest receivable from reverse repo contracts,2021-06-30,0,2021-08-03
2208,Securities Trading Receivables,2021-06-30,0,2021-08-03
2210.1,Impairment of devaluation of pledged assets,2021-06-30,0,2021-08-03
2210.2,Provision for doubtful debt,2021-06-30,0,2021-08-03
2211,Other Assets,2021-06-30,0,2021-08-03
2212,TOTAL ASSETS,2021-06-30,830274829332,2021-08-03
2214,Securities Trading Payables,2021-06-30,0,2021-08-03
2215,Other Payables,2021-06-30,14630499769,2021-08-03
2215.1,Payables to investors,2021-06-30,13017926219,2021-08-03
2215.1.1,Subscription Pending allotment,2021-06-30,5767325441,2021-08-03
2215.1.2,Payables to investors for investment bought on behalf,2021-06-30,0,2021-08-03
2215.1.3,Payables to investors for collected dividend,2021-06-30,0,2021-08-03
2215.1.4,Redemption payable to investors,2021-06-30,7250600778,2021-08-03
2215.2,Tax payables and obligations to the State Budget,2021-06-30,54478037,2021-08-03
2215.3,Subscription and Redemption fee payable to distributors and Fund Management Company,2021-06-30,350882700,2021-08-03
2215.4,Income payable to investors,2021-06-30,0,2021-08-03
2215.5,Remuneration Payable to Fund's Board of Representatives,2021-06-30,13463014,2021-08-03
2215.6,Management fee payable,2021-06-30,812144227,2021-08-03
2215.7,Fund Administration fee payable,2021-06-30,22333967,2021-08-03
2215.8,Supervisory service fee payable,2021-06-30,29778622,2021-08-03
2215.9,Transaction fee,2021-06-30,192537125,2021-08-03
2215.9.1,Brokerage fee payable,2021-06-30,192537125,2021-08-03
2215.9.2,Clearing Settlement fee payable,2021-06-30,0,2021-08-03
2215.10,Accrued expense for Custodian fee,2021-06-30,27071474,2021-08-03
2215.10.1,Custodian service - Safe Custody Fee,2021-06-30,27071474,2021-08-03
2215.10.2,Custodian service - Transaction fee,2021-06-30,0,2021-08-03
2215.10.3,"Custodian service -  Depository fee, Position and Margin management fee paid to VSD",2021-06-30,0,2021-08-03
2215.11,Audit fee payable,2021-06-30,56184384,2021-08-03
2215.12,General meeting expense payable,2021-06-30,0,2021-08-03
2215.13,Annual report fee payable,2021-06-30,0,2021-08-03
2215.14,Transfer Agency fee payable,2021-06-30,11000000,2021-08-03
2215.15,Service fee payable to HOSE for calculating iNAV,2021-06-30,0,2021-08-03
2215.16,Authorising index service fee payable to HOSE,2021-06-30,0,2021-08-03
2215.17.1,Price feed fee payable,2021-06-30,42700000,2021-08-03
2215.17.2,"Accrued expense for Fund's Board of Representatives travelling, meeting",2021-06-30,0,2021-08-03
2215.17.3,Accrued expense for Annual Management Fee pay to SSC,2021-06-30,0,2021-08-03
2215.18,Short-term loans - Repo contracts,2021-06-30,0,2021-08-03
2215.18.1,Principal of repo contracts,2021-06-30,0,2021-08-03
2215.18.2,Accrued Interest Expense,2021-06-30,0,2021-08-03
2215.18.3,Principal of Short-term loans,2021-06-30,0,2021-08-03
2216,TOTAL LIABILITIES,2021-06-30,14630499769,2021-08-03
2217,Net Asset Value ( = I.10 - II.4),2021-06-30,815644329563,2021-08-03
2218,Total Outstanding Fund Certificates,2021-06-30,37955210.73,2021-08-03
2219,Net Asset Value per Fund Certificate,2021-06-30,21489.65,2021-08-03
,Other Receivables,2021-07-31,0,2021-09-06
,Other payables,2021-07-31,0,2021-09-06
2201,Cash and Cash Equivalents,2021-07-31,156293096728,2021-09-06
2203,Cash at bank,2021-07-31,54093096728,2021-09-06
2203.1,Cash at bank for Fund's subscription,2021-07-31,293900000,2021-09-06
2203.2,Cash at bank for Fund's redemption,2021-07-31,5357052,2021-09-06
2203.3,Cash at bank for Fund's operation,2021-07-31,53793839676,2021-09-06
2203.4,Margin account for trading derivatives,2021-07-31,0,2021-09-06
2203.5,"Cash, cash equivalents",2021-07-31,102200000000,2021-09-06
2205,Investments,2021-07-31,691021897458,2021-09-06
2205.1,Listed shares,2021-07-31,0,2021-09-06
2205.2,Unlisted shares,2021-07-31,0,2021-09-06
2205.3,Bonds,2021-07-31,310454552800,2021-09-06
2205.4,Certificates of Deposit,2021-07-31,370567344658,2021-09-06
2205.5,Deposits with term over three (03) months,2021-07-31,10000000000,2021-09-06
2205.6,Investment - Rights,2021-07-31,0,2021-09-06
2205.7,Index future contracts,2021-07-31,0,2021-09-06
2205.8,Other investments,2021-07-31,0,2021-09-06
2205.9,Reverse repo contracts,2021-07-31,0,2021-09-06
2206,"Dividend, Coupon receivables",2021-07-31,5640849315,2021-09-06
2206.1,Dividend receivables,2021-07-31,0,2021-09-06
2206.2,Coupon receivables,2021-07-31,5640849315,2021-09-06
2207,Interest receivables,2021-07-31,12413426304,2021-09-06
2207.1,Interest receivable from bank deposits,2021-07-31,432527674,2021-09-06
2207.2,Interest receivable from Certificates of Deposit,2021-07-31,11980898630,2021-09-06
2207.3,Interest receivable from reverse repo contracts,2021-07-31,0,2021-09-06
2208,Securities Trading Receivables,2021-07-31,0,2021-09-06
2210.1,Impairment of devaluation of pledged assets,2021-07-31,0,2021-09-06
2210.2,Provision for doubtful debt,2021-07-31,0,2021-09-06
2211,Other Assets,2021-07-31,0,2021-09-06
2212,TOTAL ASSETS,2021-07-31,865369269805,2021-09-06
2214,Securities Trading Payables,2021-07-31,0,2021-09-06
2215,Other Payables,2021-07-31,11220951112,2021-09-06
2215.1,Payables to investors,2021-07-31,9764288902,2021-09-06
2215.1.1,Subscription Pending allotment,2021-07-31,472009249,2021-09-06
2215.1.2,Payables to investors for investment bought on behalf,2021-07-31,0,2021-09-06
2215.1.3,Payables to investors for collected dividend,2021-07-31,0,2021-09-06
2215.1.4,Redemption payable to investors,2021-07-31,9292279653,2021-09-06
2215.2,Tax payables and obligations to the State Budget,2021-07-31,35087864,2021-09-06
2215.3,Subscription and Redemption fee payable to distributors and Fund Management Company,2021-07-31,198555992,2021-09-06
2215.4,Income payable to investors,2021-07-31,0,2021-09-06
2215.5,Remuneration Payable to Fund's Board of Representatives,2021-07-31,14227397,2021-09-06
2215.6,Management fee payable,2021-07-31,854837735,2021-09-06
2215.7,Fund Administration fee payable,2021-07-31,23508038,2021-09-06
2215.8,Supervisory service fee payable,2021-07-31,31344050,2021-09-06
2215.9,Transaction fee,2021-07-31,192537125,2021-09-06
2215.9.1,Brokerage fee payable,2021-07-31,192537125,2021-09-06
2215.9.2,Clearing Settlement fee payable,2021-07-31,0,2021-09-06
2215.10,Accrued expense for Custodian fee,2021-07-31,28494590,2021-09-06
2215.10.1,Custodian service - Safe Custody Fee,2021-07-31,28494590,2021-09-06
2215.10.2,Custodian service - Transaction fee,2021-07-31,0,2021-09-06
2215.10.3,"Custodian service -  Depository fee, Position and Margin management fee paid to VSD",2021-07-31,0,2021-09-06
2215.11,Audit fee payable,2021-07-31,67069419,2021-09-06
2215.12,General meeting expense payable,2021-07-31,0,2021-09-06
2215.13,Annual report fee payable,2021-07-31,0,2021-09-06
2215.14,Transfer Agency fee payable,2021-07-31,11000000,2021-09-06
2215.15,Service fee payable to HOSE for calculating iNAV,2021-07-31,0,2021-09-06
2215.16,Authorising index service fee payable to HOSE,2021-07-31,0,2021-09-06
2215.17.1,Price feed fee payable,2021-07-31,0,2021-09-06
2215.17.2,"Accrued expense for Fund's Board of Representatives travelling, meeting",2021-07-31,0,2021-09-06
2215.17.3,Accrued expense for Annual Management Fee pay to SSC,2021-07-31,0,2021-09-06
2215.18,Short-term loans - Repo contracts,2021-07-31,0,2021-09-06
2215.18.1,Principal of repo contracts,2021-07-31,0,2021-09-06
2215.18.2,Accrued Interest Expense,2021-07-31,0,2021-09-06
2215.18.3,Principal of Short-term loans,2021-07-31,0,2021-09-06
2216,TOTAL LIABILITIES,2021-07-31,11220951112,2021-09-06
2217,Net Asset Value ( = I.10 - II.4),2021-07-31,854148318693,2021-09-06
2218,Total Outstanding Fund Certificates,2021-07-31,39521995.07,2021-09-06
2219,Net Asset Value per Fund Certificate,2021-07-31,21611.97,2021-09-06
,Other Receivables,2021-08-31,12100,2021-10-04
,Other payables,2021-08-31,0,2021-10-04
2201,Cash and Cash Equivalents,2021-08-31,135268964942,2021-10-04
2203,Cash at bank,2021-08-31,5768964942,2021-10-04
2203.1,Cash at bank for Fund's subscription,2021-08-31,4360131669,2021-10-04
2203.2,Cash at bank for Fund's redemption,2021-08-31,5344952,2021-10-04
2203.3,Cash at bank for Fund's operation,2021-08-31,1403488321,2021-10-04
2203.4,Margin account for trading derivatives,2021-08-31,0,2021-10-04
2203.5,"Cash, cash equivalents",2021-08-31,129500000000,2021-10-04
2205,Investments,2021-08-31,741184397458,2021-10-04
2205.1,Listed shares,2021-08-31,0,2021-10-04
2205.2,Unlisted shares,2021-08-31,0,2021-10-04
2205.3,Bonds,2021-08-31,360617052800,2021-10-04
2205.4,Certificates of Deposit,2021-08-31,370567344658,2021-10-04
2205.5,Deposits with term over three (03) months,2021-08-31,10000000000,2021-10-04
2205.6,Investment - Rights,2021-08-31,0,2021-10-04
2205.7,Index future contracts,2021-08-31,0,2021-10-04
2205.8,Other investments,2021-08-31,0,2021-10-04
2205.9,Reverse repo contracts,2021-08-31,0,2021-10-04
2206,"Dividend, Coupon receivables",2021-08-31,4953602740,2021-10-04
2206.1,Dividend receivables,2021-08-31,0,2021-10-04
2206.2,Coupon receivables,2021-08-31,4953602740,2021-10-04
2207,Interest receivables,2021-08-31,14931941098,2021-10-04
2207.1,Interest receivable from bank deposits,2021-08-31,468621920,2021-10-04
2207.2,Interest receivable from Certificates of Deposit,2021-08-31,14463319178,2021-10-04
2207.3,Interest receivable from reverse repo contracts,2021-08-31,0,2021-10-04
2208,Securities Trading Receivables,2021-08-31,0,2021-10-04
2210.1,Impairment of devaluation of pledged assets,2021-08-31,0,2021-10-04
2210.2,Provision for doubtful debt,2021-08-31,0,2021-10-04
2211,Other Assets,2021-08-31,0,2021-10-04
2212,TOTAL ASSETS,2021-08-31,896338918338,2021-10-04
2214,Securities Trading Payables,2021-08-31,0,2021-10-04
2215,Other Payables,2021-08-31,15653260002,2021-10-04
2215.1,Payables to investors,2021-08-31,14141049679,2021-10-04
2215.1.1,Subscription Pending allotment,2021-08-31,4566962469,2021-10-04
2215.1.2,Payables to investors for investment bought on behalf,2021-08-31,0,2021-10-04
2215.1.3,Payables to investors for collected dividend,2021-08-31,0,2021-10-04
2215.1.4,Redemption payable to investors,2021-08-31,9574087210,2021-10-04
2215.2,Tax payables and obligations to the State Budget,2021-08-31,36870778,2021-10-04
2215.3,Subscription and Redemption fee payable to distributors and Fund Management Company,2021-08-31,210230221,2021-10-04
2215.4,Income payable to investors,2021-08-31,0,2021-10-04
2215.5,Remuneration Payable to Fund's Board of Representatives,2021-08-31,14991781,2021-10-04
2215.6,Management fee payable,2021-08-31,882445455,2021-10-04
2215.7,Fund Administration fee payable,2021-08-31,24267250,2021-10-04
2215.8,Supervisory service fee payable,2021-08-31,32356334,2021-10-04
2215.9,Transaction fee,2021-08-31,192537125,2021-10-04
2215.9.1,Brokerage fee payable,2021-08-31,192537125,2021-10-04
2215.9.2,Clearing Settlement fee payable,2021-08-31,0,2021-10-04
2215.10,Accrued expense for Custodian fee,2021-08-31,29514849,2021-10-04
2215.10.1,Custodian service - Safe Custody Fee,2021-08-31,29414849,2021-10-04
2215.10.2,Custodian service - Transaction fee,2021-08-31,100000,2021-10-04
2215.10.3,"Custodian service -  Depository fee, Position and Margin management fee paid to VSD",2021-08-31,0,2021-10-04
2215.11,Audit fee payable,2021-08-31,77996530,2021-10-04
2215.12,General meeting expense payable,2021-08-31,0,2021-10-04
2215.13,Annual report fee payable,2021-08-31,0,2021-10-04
2215.14,Transfer Agency fee payable,2021-08-31,11000000,2021-10-04
2215.15,Service fee payable to HOSE for calculating iNAV,2021-08-31,0,2021-10-04
2215.16,Authorising index service fee payable to HOSE,2021-08-31,0,2021-10-04
2215.17.1,Price feed fee payable,2021-08-31,0,2021-10-04
2215.17.2,"Accrued expense for Fund's Board of Representatives travelling, meeting",2021-08-31,0,2021-10-04
2215.17.3,Accrued expense for Annual Management Fee pay to SSC,2021-08-31,0,2021-10-04
2215.18,Short-term loans - Repo contracts,2021-08-31,0,2021-10-04
2215.18.1,Principal of repo contracts,2021-08-31,0,2021-10-04
2215.18.2,Accrued Interest Expense,2021-08-31,0,2021-10-04
2215.18.3,Principal of Short-term loans,2021-08-31,0,2021-10-04
2216,TOTAL LIABILITIES,2021-08-31,15653260002,2021-10-04
2217,Net Asset Value ( = I.10 - II.4),2021-08-31,880685658336,2021-10-04
2218,Total Outstanding Fund Certificates,2021-08-31,40534652.66,2021-10-04
2219,Net Asset Value per Fund Certificate,2021-08-31,21726.73,2021-10-04
,Other Receivables,2021-09-30,0,2021-11-02
,Other payables,2021-09-30,0,2021-11-02
,Other payables,2021-09-30,19550000,2021-11-02
2201,Cash and Cash Equivalents,2021-09-30,188073426966,2021-11-02
2203,Cash at bank,2021-09-30,10073426966,2021-11-02
2203.1,Cash at bank for Fund's subscription,2021-09-30,0,2021-11-02
2203.2,Cash at bank for Fund's redemption,2021-09-30,1908737608,2021-11-02
2203.3,Cash at bank for Fund's operation,2021-09-30,8164689358,2021-11-02
2203.4,Margin account for trading derivatives,2021-09-30,0,2021-11-02
2203.5,"Cash, cash equivalents",2021-09-30,178000000000,2021-11-02
2205,Investments,2021-09-30,712961955444,2021-11-02
2205.1,Listed shares,2021-09-30,0,2021-11-02
2205.2,Unlisted shares,2021-09-30,0,2021-11-02
2205.3,Bonds,2021-09-30,350520452800,2021-11-02
2205.4,Certificates of Deposit,2021-09-30,352441502644,2021-11-02
2205.5,Deposits with term over three (03) months,2021-09-30,10000000000,2021-11-02
2205.6,Investment - Rights,2021-09-30,0,2021-11-02
2205.7,Index future contracts,2021-09-30,0,2021-11-02
2205.8,Other investments,2021-09-30,0,2021-11-02
2205.9,Reverse repo contracts,2021-09-30,0,2021-11-02
2206,"Dividend, Coupon receivables",2021-09-30,5596479453,2021-11-02
2206.1,Dividend receivables,2021-09-30,0,2021-11-02
2206.2,Coupon receivables,2021-09-30,5596479453,2021-11-02
2207,Interest receivables,2021-09-30,15798404799,2021-11-02
2207.1,Interest receivable from bank deposits,2021-09-30,708136991,2021-11-02
2207.2,Interest receivable from Certificates of Deposit,2021-09-30,15090267808,2021-11-02
2207.3,Interest receivable from reverse repo contracts,2021-09-30,0,2021-11-02
2208,Securities Trading Receivables,2021-09-30,0,2021-11-02
2210.1,Impairment of devaluation of pledged assets,2021-09-30,0,2021-11-02
2210.2,Provision for doubtful debt,2021-09-30,0,2021-11-02
2211,Other Assets,2021-09-30,40000000000,2021-11-02
2212,TOTAL ASSETS,2021-09-30,962430266662,2021-11-02
2214,Securities Trading Payables,2021-09-30,0,2021-11-02
2215,Other Payables,2021-09-30,7894732031,2021-11-02
2215.1,Payables to investors,2021-09-30,6238563982,2021-11-02
2215.1.1,Subscription Pending allotment,2021-09-30,4335171326,2021-11-02
2215.1.2,Payables to investors for investment bought on behalf,2021-09-30,0,2021-11-02
2215.1.3,Payables to investors for collected dividend,2021-09-30,0,2021-11-02
2215.1.4,Redemption payable to investors,2021-09-30,1903392656,2021-11-02
2215.2,Tax payables and obligations to the State Budget,2021-09-30,41211364,2021-11-02
2215.3,Subscription and Redemption fee payable to distributors and Fund Management Company,2021-09-30,272387039,2021-11-02
2215.4,Income payable to investors,2021-09-30,0,2021-11-02
2215.5,Remuneration Payable to Fund's Board of Representatives,2021-09-30,15731507,2021-11-02
2215.6,Management fee payable,2021-09-30,924901923,2021-11-02
2215.7,Fund Administration fee payable,2021-09-30,25434803,2021-11-02
2215.8,Supervisory service fee payable,2021-09-30,33913070,2021-11-02
2215.9,Transaction fee,2021-09-30,192537125,2021-11-02
2215.9.1,Brokerage fee payable,2021-09-30,192537125,2021-11-02
2215.9.2,Clearing Settlement fee payable,2021-09-30,0,2021-11-02
2215.10,Accrued expense for Custodian fee,2021-09-30,30930064,2021-11-02
2215.10.1,Custodian service - Safe Custody Fee,2021-09-30,30830064,2021-11-02
2215.10.2,Custodian service - Transaction fee,2021-09-30,100000,2021-11-02
2215.10.3,"Custodian service -  Depository fee, Position and Margin management fee paid to VSD",2021-09-30,0,2021-11-02
2215.11,Audit fee payable,2021-09-30,88571154,2021-11-02
2215.12,General meeting expense payable,2021-09-30,0,2021-11-02
2215.13,Annual report fee payable,2021-09-30,0,2021-11-02
2215.14,Transfer Agency fee payable,2021-09-30,11000000,2021-11-02
2215.15,Service fee payable to HOSE for calculating iNAV,2021-09-30,0,2021-11-02
2215.16,Authorising index service fee payable to HOSE,2021-09-30,0,2021-11-02
2215.17.1,Price feed fee payable,2021-09-30,19550000,2021-11-02
2215.17.2,"Accrued expense for Fund's Board of Representatives travelling, meeting",2021-09-30,0,2021-11-02
2215.17.3,Accrued expense for Annual Management Fee pay to SSC,2021-09-30,0,2021-11-02
2215.18,Short-term loans - Repo contracts,2021-09-30,0,2021-11-02
2215.18.1,Principal of repo contracts,2021-09-30,0,2021-11-02
2215.18.2,Accrued Interest Expense,2021-09-30,0,2021-11-02
2215.18.3,Principal of Short-term loans,2021-09-30,0,2021-11-02
2216,TOTAL LIABILITIES,2021-09-30,7894732031,2021-11-02
2217,Net Asset Value ( = I.10 - II.4),2021-09-30,954535534631,2021-11-02
2218,Total Outstanding Fund Certificates,2021-09-30,43706917.51,2021-11-02
2219,Net Asset Value per Fund Certificate,2021-09-30,21839.46,2021-11-02
,Other Receivables,2021-10-31,24200,2021-12-03
,Other payables,2021-10-31,0,2021-12-03
2201,Cash and Cash Equivalents,2021-10-31,214099809676,2021-12-03
2203,Cash at bank,2021-10-31,18099809676,2021-12-03
2203.1,Cash at bank for Fund's subscription,2021-10-31,37500000,2021-12-03
2203.2,Cash at bank for Fund's redemption,2021-10-31,6401419,2021-12-03
2203.3,Cash at bank for Fund's operation,2021-10-31,18055908257,2021-12-03
2203.4,Margin account for trading derivatives,2021-10-31,0,2021-12-03
2203.5,"Cash, cash equivalents",2021-10-31,196000000000,2021-12-03
2205,Investments,2021-10-31,684117183049,2021-12-03
2205.1,Listed shares,2021-10-31,0,2021-12-03
2205.2,Unlisted shares,2021-10-31,0,2021-12-03
2205.3,Bonds,2021-10-31,351649935200,2021-12-03
2205.4,Certificates of Deposit,2021-10-31,322467247849,2021-12-03
2205.5,Deposits with term over three (03) months,2021-10-31,10000000000,2021-12-03
2205.6,Investment - Rights,2021-10-31,0,2021-12-03
2205.7,Index future contracts,2021-10-31,0,2021-12-03
2205.8,Other investments,2021-10-31,0,2021-12-03
2205.9,Reverse repo contracts,2021-10-31,0,2021-12-03
2206,"Dividend, Coupon receivables",2021-10-31,6770986302,2021-12-03
2206.1,Dividend receivables,2021-10-31,0,2021-12-03
2206.2,Coupon receivables,2021-10-31,6770986302,2021-12-03
2207,Interest receivables,2021-10-31,15696004111,2021-12-03
2207.1,Interest receivable from bank deposits,2021-10-31,832695893,2021-12-03
2207.2,Interest receivable from Certificates of Deposit,2021-10-31,14863308218,2021-12-03
2207.3,Interest receivable from reverse repo contracts,2021-10-31,0,2021-12-03
2208,Securities Trading Receivables,2021-10-31,0,2021-12-03
2210.1,Impairment of devaluation of pledged assets,2021-10-31,0,2021-12-03
2210.2,Provision for doubtful debt,2021-10-31,0,2021-12-03
2211,Other Assets,2021-10-31,40000000000,2021-12-03
2212,TOTAL ASSETS,2021-10-31,960684007338,2021-12-03
2214,Securities Trading Payables,2021-10-31,0,2021-12-03
2215,Other Payables,2021-10-31,19380929852,2021-12-03
2215.1,Payables to investors,2021-10-31,17331411560,2021-12-03
2215.1.1,Subscription Pending allotment,2021-10-31,122280140,2021-12-03
2215.1.2,Payables to investors for investment bought on behalf,2021-10-31,0,2021-12-03
2215.1.3,Payables to investors for collected dividend,2021-10-31,0,2021-12-03
2215.1.4,Redemption payable to investors,2021-10-31,17209131420,2021-12-03
2215.2,Tax payables and obligations to the State Budget,2021-10-31,62613813,2021-12-03
2215.3,Subscription and Redemption fee payable to distributors and Fund Management Company,2021-10-31,612850113,2021-12-03
2215.4,Income payable to investors,2021-10-31,0,2021-12-03
2215.5,Remuneration Payable to Fund's Board of Representatives,2021-10-31,16495890,2021-12-03
2215.6,Management fee payable,2021-10-31,960567733,2021-12-03
2215.7,Fund Administration fee payable,2021-10-31,26415612,2021-12-03
2215.8,Supervisory service fee payable,2021-10-31,35220817,2021-12-03
2215.9,Transaction fee,2021-10-31,192537125,2021-12-03
2215.9.1,Brokerage fee payable,2021-10-31,192537125,2021-12-03
2215.9.2,Clearing Settlement fee payable,2021-10-31,0,2021-12-03
2215.10,Accrued expense for Custodian fee,2021-10-31,32318924,2021-12-03
2215.10.1,Custodian service - Safe Custody Fee,2021-10-31,32018924,2021-12-03
2215.10.2,Custodian service - Transaction fee,2021-10-31,300000,2021-12-03
2215.10.3,"Custodian service -  Depository fee, Position and Margin management fee paid to VSD",2021-10-31,0,2021-12-03
2215.11,Audit fee payable,2021-10-31,99498265,2021-12-03
2215.12,General meeting expense payable,2021-10-31,0,2021-12-03
2215.13,Annual report fee payable,2021-10-31,0,2021-12-03
2215.14,Transfer Agency fee payable,2021-10-31,11000000,2021-12-03
2215.15,Service fee payable to HOSE for calculating iNAV,2021-10-31,0,2021-12-03
2215.16,Authorising index service fee payable to HOSE,2021-10-31,0,2021-12-03
2215.17.1,Price feed fee payable,2021-10-31,0,2021-12-03
2215.17.2,"Accrued expense for Fund's Board of Representatives travelling, meeting",2021-10-31,0,2021-12-03
2215.17.3,Accrued expense for Annual Management Fee pay to SSC,2021-10-31,0,2021-12-03
2215.18,Short-term loans - Repo contracts,2021-10-31,0,2021-12-03
2215.18.1,Principal of repo contracts,2021-10-31,0,2021-12-03
2215.18.2,Accrued Interest Expense,2021-10-31,0,2021-12-03
2215.18.3,Principal of Short-term loans,2021-10-31,0,2021-12-03
2216,TOTAL LIABILITIES,2021-10-31,19380929852,2021-12-03
2217,Net Asset Value ( = I.10 - II.4),2021-10-31,941303077486,2021-12-03
2218,Total Outstanding Fund Certificates,2021-10-31,42854475.94,2021-12-03
2219,Net Asset Value per Fund Certificate,2021-10-31,21965.1,2021-12-03
,Other Receivables,2021-11-30,24200,2022-01-05
,Other payables,2021-11-30,0,2022-01-05
2201,Cash and Cash Equivalents,2021-11-30,115106831399,2022-01-05
2203,Cash at bank,2021-11-30,77606831399,2022-01-05
2203.1,Cash at bank for Fund's subscription,2021-11-30,357893000,2022-01-05
2203.2,Cash at bank for Fund's redemption,2021-11-30,7447899,2022-01-05
2203.3,Cash at bank for Fund's operation,2021-11-30,77241490500,2022-01-05
2203.4,Margin account for trading derivatives,2021-11-30,0,2022-01-05
2203.5,"Cash, cash equivalents",2021-11-30,37500000000,2022-01-05
2205,Investments,2021-11-30,755795448419,2022-01-05
2205.1,Listed shares,2021-11-30,0,2022-01-05
2205.2,Unlisted shares,2021-11-30,0,2022-01-05
2205.3,Bonds,2021-11-30,378328200570,2022-01-05
2205.4,Certificates of Deposit,2021-11-30,367467247849,2022-01-05
2205.5,Deposits with term over three (03) months,2021-11-30,10000000000,2022-01-05
2205.6,Investment - Rights,2021-11-30,0,2022-01-05
2205.7,Index future contracts,2021-11-30,0,2022-01-05
2205.8,Other investments,2021-11-30,0,2022-01-05
2205.9,Reverse repo contracts,2021-11-30,0,2022-01-05
2206,"Dividend, Coupon receivables",2021-11-30,11897745055,2022-01-05
2206.1,Dividend receivables,2021-11-30,0,2022-01-05
2206.2,Coupon receivables,2021-11-30,11897745055,2022-01-05
2207,Interest receivables,2021-11-30,16458738355,2022-01-05
2207.1,Interest receivable from bank deposits,2021-11-30,377968492,2022-01-05
2207.2,Interest receivable from Certificates of Deposit,2021-11-30,16080769863,2022-01-05
2207.3,Interest receivable from reverse repo contracts,2021-11-30,0,2022-01-05
2208,Securities Trading Receivables,2021-11-30,0,2022-01-05
2210.1,Impairment of devaluation of pledged assets,2021-11-30,0,2022-01-05
2210.2,Provision for doubtful debt,2021-11-30,0,2022-01-05
2211,Other Assets,2021-11-30,0,2022-01-05
2212,TOTAL ASSETS,2021-11-30,899258787428,2022-01-05
2214,Securities Trading Payables,2021-11-30,0,2022-01-05
2215,Other Payables,2021-11-30,13254184080,2022-01-05
2215.1,Payables to investors,2021-11-30,11438079185,2022-01-05
2215.1.1,Subscription Pending allotment,2021-11-30,580322700,2022-01-05
2215.1.2,Payables to investors for investment bought on behalf,2021-11-30,0,2022-01-05
2215.1.3,Payables to investors for collected dividend,2021-11-30,0,2022-01-05
2215.1.4,Redemption payable to investors,2021-11-30,10857756485,2022-01-05
2215.2,Tax payables and obligations to the State Budget,2021-11-30,69446586,2022-01-05
2215.3,Subscription and Redemption fee payable to distributors and Fund Management Company,2021-11-30,498280506,2022-01-05
2215.4,Income payable to investors,2021-11-30,0,2022-01-05
2215.5,Remuneration Payable to Fund's Board of Representatives,2021-11-30,17235616,2022-01-05
2215.6,Management fee payable,2021-11-30,890689907,2022-01-05
2215.7,Fund Administration fee payable,2021-11-30,24493973,2022-01-05
2215.8,Supervisory service fee payable,2021-11-30,32658629,2022-01-05
2215.9,Transaction fee,2021-11-30,192537125,2022-01-05
2215.9.1,Brokerage fee payable,2021-11-30,192537125,2022-01-05
2215.9.2,Clearing Settlement fee payable,2021-11-30,0,2022-01-05
2215.10,Accrued expense for Custodian fee,2021-11-30,30189664,2022-01-05
2215.10.1,Custodian service - Safe Custody Fee,2021-11-30,29689664,2022-01-05
2215.10.2,Custodian service - Transaction fee,2021-11-30,500000,2022-01-05
2215.10.3,"Custodian service -  Depository fee, Position and Margin management fee paid to VSD",2021-11-30,0,2022-01-05
2215.11,Audit fee payable,2021-11-30,49572889,2022-01-05
2215.12,General meeting expense payable,2021-11-30,0,2022-01-05
2215.13,Annual report fee payable,2021-11-30,0,2022-01-05
2215.14,Transfer Agency fee payable,2021-11-30,11000000,2022-01-05
2215.15,Service fee payable to HOSE for calculating iNAV,2021-11-30,0,2022-01-05
2215.16,Authorising index service fee payable to HOSE,2021-11-30,0,2022-01-05
2215.17.1,Price feed fee payable,2021-11-30,0,2022-01-05
2215.17.2,"Accrued expense for Fund's Board of Representatives travelling, meeting",2021-11-30,0,2022-01-05
2215.17.3,Accrued expense for Annual Management Fee pay to SSC,2021-11-30,0,2022-01-05
2215.18,Short-term loans - Repo contracts,2021-11-30,0,2022-01-05
2215.18.1,Principal of repo contracts,2021-11-30,0,2022-01-05
2215.18.2,Accrued Interest Expense,2021-11-30,0,2022-01-05
2215.18.3,Principal of Short-term loans,2021-11-30,0,2022-01-05
2216,TOTAL LIABILITIES,2021-11-30,13254184080,2022-01-05
2217,Net Asset Value ( = I.10 - II.4),2021-11-30,886004603348,2022-01-05
2218,Total Outstanding Fund Certificates,2021-11-30,40118312.23,2022-01-05
2219,Net Asset Value per Fund Certificate,2021-11-30,22084.79,2022-01-05
,Other Receivables,2021-12-31,0,2022-02-08
,Other payables,2021-12-31,0,2022-02-08
,Other payables,2021-12-31,22075000,2022-02-08
2201,Cash and Cash Equivalents,2021-12-31,25067117398,2022-02-08
2203,Cash at bank,2021-12-31,5567117398,2022-02-08
2203.1,Cash at bank for Fund's subscription,2021-12-31,128694000,2022-02-08
2203.2,Cash at bank for Fund's redemption,2021-12-31,137033325,2022-02-08
2203.3,Cash at bank for Fund's operation,2021-12-31,5301390073,2022-02-08
2203.4,Margin account for trading derivatives,2021-12-31,0,2022-02-08
2203.5,"Cash, cash equivalents",2021-12-31,19500000000,2022-02-08
2205,Investments,2021-12-31,791490746015,2022-02-08
2205.1,Listed shares,2021-12-31,0,2022-02-08
2205.2,Unlisted shares,2021-12-31,0,2022-02-08
2205.3,Bonds,2021-12-31,509023498166,2022-02-08
2205.4,Certificates of Deposit,2021-12-31,272467247849,2022-02-08
2205.5,Deposits with term over three (03) months,2021-12-31,10000000000,2022-02-08
2205.6,Investment - Rights,2021-12-31,0,2022-02-08
2205.7,Index future contracts,2021-12-31,0,2022-02-08
2205.8,Other investments,2021-12-31,0,2022-02-08
2205.9,Reverse repo contracts,2021-12-31,0,2022-02-08
2206,"Dividend, Coupon receivables",2021-12-31,14880845557,2022-02-08
2206.1,Dividend receivables,2021-12-31,0,2022-02-08
2206.2,Coupon receivables,2021-12-31,14880845557,2022-02-08
2207,Interest receivables,2021-12-31,15636630138,2022-02-08
2207.1,Interest receivable from bank deposits,2021-12-31,367117809,2022-02-08
2207.2,Interest receivable from Certificates of Deposit,2021-12-31,15269512329,2022-02-08
2207.3,Interest receivable from reverse repo contracts,2021-12-31,0,2022-02-08
2208,Securities Trading Receivables,2021-12-31,0,2022-02-08
2210.1,Impairment of devaluation of pledged assets,2021-12-31,0,2022-02-08
2210.2,Provision for doubtful debt,2021-12-31,0,2022-02-08
2211,Other Assets,2021-12-31,0,2022-02-08
2212,TOTAL ASSETS,2021-12-31,847075339108,2022-02-08
2214,Securities Trading Payables,2021-12-31,0,2022-02-08
2215,Other Payables,2021-12-31,19051312877,2022-02-08
2215.1,Payables to investors,2021-12-31,17108378395,2022-02-08
2215.1.1,Subscription Pending allotment,2021-12-31,294213700,2022-02-08
2215.1.2,Payables to investors for investment bought on behalf,2021-12-31,0,2022-02-08
2215.1.3,Payables to investors for collected dividend,2021-12-31,0,2022-02-08
2215.1.4,Redemption payable to investors,2021-12-31,16814164695,2022-02-08
2215.2,Tax payables and obligations to the State Budget,2021-12-31,72758976,2022-02-08
2215.3,Subscription and Redemption fee payable to distributors and Fund Management Company,2021-12-31,587635416,2022-02-08
2215.4,Income payable to investors,2021-12-31,0,2022-02-08
2215.5,Remuneration Payable to Fund's Board of Representatives,2021-12-31,18000000,2022-02-08
2215.6,Management fee payable,2021-12-31,880754411,2022-02-08
2215.7,Fund Administration fee payable,2021-12-31,24220746,2022-02-08
2215.8,Supervisory service fee payable,2021-12-31,32294328,2022-02-08
2215.9,Transaction fee,2021-12-31,192537125,2022-02-08
2215.9.1,Brokerage fee payable,2021-12-31,192537125,2022-02-08
2215.9.2,Clearing Settlement fee payable,2021-12-31,0,2022-02-08
2215.10,Accrued expense for Custodian fee,2021-12-31,30158480,2022-02-08
2215.10.1,Custodian service - Safe Custody Fee,2021-12-31,29358480,2022-02-08
2215.10.2,Custodian service - Transaction fee,2021-12-31,800000,2022-02-08
2215.10.3,"Custodian service -  Depository fee, Position and Margin management fee paid to VSD",2021-12-31,0,2022-02-08
2215.11,Audit fee payable,2021-12-31,60500000,2022-02-08
2215.12,General meeting expense payable,2021-12-31,0,2022-02-08
2215.13,Annual report fee payable,2021-12-31,0,2022-02-08
2215.14,Transfer Agency fee payable,2021-12-31,22000000,2022-02-08
2215.15,Service fee payable to HOSE for calculating iNAV,2021-12-31,0,2022-02-08
2215.16,Authorising index service fee payable to HOSE,2021-12-31,0,2022-02-08
2215.17.1,Price feed fee payable,2021-12-31,22075000,2022-02-08
2215.17.2,"Accrued expense for Fund's Board of Representatives travelling, meeting",2021-12-31,0,2022-02-08
2215.17.3,Accrued expense for Annual Management Fee pay to SSC,2021-12-31,0,2022-02-08
2215.18,Short-term loans - Repo contracts,2021-12-31,0,2022-02-08
2215.18.1,Principal of repo contracts,2021-12-31,0,2022-02-08
2215.18.2,Accrued Interest Expense,2021-12-31,0,2022-02-08
2215.18.3,Principal of Short-term loans,2021-12-31,0,2022-02-08
2216,TOTAL LIABILITIES,2021-12-31,19051312877,2022-02-08
2217,Net Asset Value ( = I.10 - II.4),2021-12-31,828024026231,2022-02-08
2218,Total Outstanding Fund Certificates,2021-12-31,37166709.39,2022-02-08
2219,Net Asset Value per Fund Certificate,2021-12-31,22278.64,2022-02-08
,Other Receivables,2022-01-31,0,2022-03-02
,Other payables,2022-01-31,0,2022-03-02
,Other payables,2022-01-31,22075000,2022-03-02
2201,Cash and Cash Equivalents,2022-01-31,87077368343,2022-03-02
2203,Cash at bank,2022-01-31,6677368343,2022-03-02
2203.1,Cash at bank for Fund's subscription,2022-01-31,209800000,2022-03-02
2203.2,Cash at bank for Fund's redemption,2022-01-31,7433331,2022-03-02
2203.3,Cash at bank for Fund's operation,2022-01-31,6460135012,2022-03-02
2203.4,Margin account for trading derivatives,2022-01-31,0,2022-03-02
2203.5,"Cash, cash equivalents",2022-01-31,80400000000,2022-03-02
2205,Investments,2022-01-31,741089526297,2022-03-02
2205.1,Listed shares,2022-01-31,0,2022-03-02
2205.2,Unlisted shares,2022-01-31,0,2022-03-02
2205.3,Bonds,2022-01-31,528622278448,2022-03-02
2205.4,Certificates of Deposit,2022-01-31,212467247849,2022-03-02
2205.5,Deposits with term over three (03) months,2022-01-31,0,2022-03-02
2205.6,Investment - Rights,2022-01-31,0,2022-03-02
2205.7,Index future contracts,2022-01-31,0,2022-03-02
2205.8,Other investments,2022-01-31,0,2022-03-02
2205.9,Reverse repo contracts,2022-01-31,0,2022-03-02
2206,"Dividend, Coupon receivables",2022-01-31,6531015062,2022-03-02
2206.1,Dividend receivables,2022-01-31,0,2022-03-02
2206.2,Coupon receivables,2022-01-31,6531015062,2022-03-02
2207,Interest receivables,2022-01-31,9007457534,2022-03-02
2207.1,Interest receivable from bank deposits,2022-01-31,79832877,2022-03-02
2207.2,Interest receivable from Certificates of Deposit,2022-01-31,8927624657,2022-03-02
2207.3,Interest receivable from reverse repo contracts,2022-01-31,0,2022-03-02
2208,Securities Trading Receivables,2022-01-31,0,2022-03-02
2210.1,Impairment of devaluation of pledged assets,2022-01-31,0,2022-03-02
2210.2,Provision for doubtful debt,2022-01-31,0,2022-03-02
2211,Other Assets,2022-01-31,80000000000,2022-03-02
2212,TOTAL ASSETS,2022-01-31,923705367236,2022-03-02
2214,Securities Trading Payables,2022-01-31,0,2022-03-02
2215,Other Payables,2022-01-31,8287844862,2022-03-02
2215.1,Payables to investors,2022-01-31,6685045523,2022-03-02
2215.1.1,Subscription Pending allotment,2022-01-31,344369700,2022-03-02
2215.1.2,Payables to investors for investment bought on behalf,2022-01-31,0,2022-03-02
2215.1.3,Payables to investors for collected dividend,2022-01-31,0,2022-03-02
2215.1.4,Redemption payable to investors,2022-01-31,6340675823,2022-03-02
2215.2,Tax payables and obligations to the State Budget,2022-01-31,37549075,2022-03-02
2215.3,Subscription and Redemption fee payable to distributors and Fund Management Company,2022-01-31,250955440,2022-03-02
2215.4,Income payable to investors,2022-01-31,0,2022-03-02
2215.5,Remuneration Payable to Fund's Board of Representatives,2022-01-31,9764384,2022-03-02
2215.6,Management fee payable,2022-01-31,918902574,2022-03-02
2215.7,Fund Administration fee payable,2022-01-31,25269821,2022-03-02
2215.8,Supervisory service fee payable,2022-01-31,33693095,2022-03-02
2215.9,Transaction fee,2022-01-31,192537125,2022-03-02
2215.9.1,Brokerage fee payable,2022-01-31,192537125,2022-03-02
2215.9.2,Clearing Settlement fee payable,2022-01-31,0,2022-03-02
2215.10,Accrued expense for Custodian fee,2022-01-31,30930085,2022-03-02
2215.10.1,Custodian service - Safe Custody Fee,2022-01-31,30630085,2022-03-02
2215.10.2,Custodian service - Transaction fee,2022-01-31,300000,2022-03-02
2215.10.3,"Custodian service -  Depository fee, Position and Margin management fee paid to VSD",2022-01-31,0,2022-03-02
2215.11,Audit fee payable,2022-01-31,70122740,2022-03-02
2215.12,General meeting expense payable,2022-01-31,0,2022-03-02
2215.13,Annual report fee payable,2022-01-31,0,2022-03-02
2215.14,Transfer Agency fee payable,2022-01-31,11000000,2022-03-02
2215.15,Service fee payable to HOSE for calculating iNAV,2022-01-31,0,2022-03-02
2215.16,Authorising index service fee payable to HOSE,2022-01-31,0,2022-03-02
2215.17.1,Price feed fee payable,2022-01-31,22075000,2022-03-02
2215.17.2,"Accrued expense for Fund's Board of Representatives travelling, meeting",2022-01-31,0,2022-03-02
2215.17.3,Accrued expense for Annual Management Fee pay to SSC,2022-01-31,0,2022-03-02
2215.18,Short-term loans - Repo contracts,2022-01-31,0,2022-03-02
2215.18.1,Principal of repo contracts,2022-01-31,0,2022-03-02
2215.18.2,Accrued Interest Expense,2022-01-31,0,2022-03-02
2215.18.3,Principal of Short-term loans,2022-01-31,0,2022-03-02
2216,TOTAL LIABILITIES,2022-01-31,8287844862,2022-03-02
2217,Net Asset Value ( = I.10 - II.4),2022-01-31,915417522374,2022-03-02
2218,Total Outstanding Fund Certificates,2022-01-31,40907973.29,2022-03-02
2219,Net Asset Value per Fund Certificate,2022-01-31,22377.48,2022-03-02
,Other Receivables,2022-02-28,0,2022-04-04
,Other payables,2022-02-28,0,2022-04-04
2201,Cash and Cash Equivalents,2022-02-28,167621561044,2022-04-04
2203,Cash at bank,2022-02-28,100621561044,2022-04-04
2203.1,Cash at bank for Fund's subscription,2022-02-28,1609757500,2022-04-04
2203.2,Cash at bank for Fund's redemption,2022-02-28,435990384,2022-04-04
2203.3,Cash at bank for Fund's operation,2022-02-28,98575813160,2022-04-04
2203.4,Margin account for trading derivatives,2022-02-28,0,2022-04-04
2203.5,"Cash, cash equivalents",2022-02-28,67000000000,2022-04-04
2205,Investments,2022-02-28,791344226297,2022-04-04
2205.1,Listed shares,2022-02-28,0,2022-04-04
2205.2,Unlisted shares,2022-02-28,0,2022-04-04
2205.3,Bonds,2022-02-28,578876978448,2022-04-04
2205.4,Certificates of Deposit,2022-02-28,212467247849,2022-04-04
2205.5,Deposits with term over three (03) months,2022-02-28,0,2022-04-04
2205.6,Investment - Rights,2022-02-28,0,2022-04-04
2205.7,Index future contracts,2022-02-28,0,2022-04-04
2205.8,Other investments,2022-02-28,0,2022-04-04
2205.9,Reverse repo contracts,2022-02-28,0,2022-04-04
2206,"Dividend, Coupon receivables",2022-02-28,8676583870,2022-04-04
2206.1,Dividend receivables,2022-02-28,0,2022-04-04
2206.2,Coupon receivables,2022-02-28,8676583870,2022-04-04
2207,Interest receivables,2022-02-28,10186331508,2022-04-04
2207.1,Interest receivable from bank deposits,2022-02-28,11287672,2022-04-04
2207.2,Interest receivable from Certificates of Deposit,2022-02-28,10175043836,2022-04-04
2207.3,Interest receivable from reverse repo contracts,2022-02-28,0,2022-04-04
2208,Securities Trading Receivables,2022-02-28,0,2022-04-04
2210.1,Impairment of devaluation of pledged assets,2022-02-28,0,2022-04-04
2210.2,Provision for doubtful debt,2022-02-28,0,2022-04-04
2211,Other Assets,2022-02-28,0,2022-04-04
2212,TOTAL ASSETS,2022-02-28,977828702719,2022-04-04
2214,Securities Trading Payables,2022-02-28,50523500000,2022-04-04
2215,Other Payables,2022-02-28,28776326627,2022-04-04
2215.1,Payables to investors,2022-02-28,27253347945,2022-04-04
2215.1.1,Subscription Pending allotment,2022-02-28,1714976200,2022-04-04
2215.1.2,Payables to investors for investment bought on behalf,2022-02-28,0,2022-04-04
2215.1.3,Payables to investors for collected dividend,2022-02-28,0,2022-04-04
2215.1.4,Redemption payable to investors,2022-02-28,25538371745,2022-04-04
2215.2,Tax payables and obligations to the State Budget,2022-02-28,44166422,2022-04-04
2215.3,Subscription and Redemption fee payable to distributors and Fund Management Company,2022-02-28,258911172,2022-04-04
2215.4,Income payable to investors,2022-02-28,0,2022-04-04
2215.5,Remuneration Payable to Fund's Board of Representatives,2022-02-28,10454795,2022-04-04
2215.6,Management fee payable,2022-02-28,837737035,2022-04-04
2215.7,Fund Administration fee payable,2022-02-28,23037768,2022-04-04
2215.8,Supervisory service fee payable,2022-02-28,30717025,2022-04-04
2215.9,Transaction fee,2022-02-28,200115650,2022-04-04
2215.9.1,Brokerage fee payable,2022-02-28,200115650,2022-04-04
2215.9.2,Clearing Settlement fee payable,2022-02-28,0,2022-04-04
2215.10,Accrued expense for Custodian fee,2022-02-28,28024568,2022-04-04
2215.10.1,Custodian service - Safe Custody Fee,2022-02-28,27924568,2022-04-04
2215.10.2,Custodian service - Transaction fee,2022-02-28,100000,2022-04-04
2215.10.3,"Custodian service -  Depository fee, Position and Margin management fee paid to VSD",2022-02-28,0,2022-04-04
2215.11,Audit fee payable,2022-02-28,78814247,2022-04-04
2215.12,General meeting expense payable,2022-02-28,0,2022-04-04
2215.13,Annual report fee payable,2022-02-28,0,2022-04-04
2215.14,Transfer Agency fee payable,2022-02-28,11000000,2022-04-04
2215.15,Service fee payable to HOSE for calculating iNAV,2022-02-28,0,2022-04-04
2215.16,Authorising index service fee payable to HOSE,2022-02-28,0,2022-04-04
2215.17.1,Price feed fee payable,2022-02-28,0,2022-04-04
2215.17.2,"Accrued expense for Fund's Board of Representatives travelling, meeting",2022-02-28,0,2022-04-04
2215.17.3,Accrued expense for Annual Management Fee pay to SSC,2022-02-28,0,2022-04-04
2215.18,Short-term loans - Repo contracts,2022-02-28,0,2022-04-04
2215.18.1,Principal of repo contracts,2022-02-28,0,2022-04-04
2215.18.2,Accrued Interest Expense,2022-02-28,0,2022-04-04
2215.18.3,Principal of Short-term loans,2022-02-28,0,2022-04-04
2216,TOTAL LIABILITIES,2022-02-28,79299826627,2022-04-04
2217,Net Asset Value ( = I.10 - II.4),2022-02-28,898528876092,2022-04-04
2218,Total Outstanding Fund Certificates,2022-02-28,39925462.14,2022-04-04
2219,Net Asset Value per Fund Certificate,2022-02-28,22505.15,2022-04-04
,Other Receivables,2022-03-31,0,2022-05-05
,Other payables,2022-03-31,0,2022-05-05
2201,Cash and Cash Equivalents,2022-03-31,25041241348,2022-05-05
2203,Cash at bank,2022-03-31,15041241348,2022-05-05
2203.1,Cash at bank for Fund's subscription,2022-03-31,0,2022-05-05
2203.2,Cash at bank for Fund's redemption,2022-03-31,6358608,2022-05-05
2203.3,Cash at bank for Fund's operation,2022-03-31,15034882740,2022-05-05
2203.4,Margin account for trading derivatives,2022-03-31,0,2022-05-05
2203.5,"Cash, cash equivalents",2022-03-31,10000000000,2022-05-05
2205,Investments,2022-03-31,820167134406,2022-05-05
2205.1,Listed shares,2022-03-31,0,2022-05-05
2205.2,Unlisted shares,2022-03-31,0,2022-05-05
2205.3,Bonds,2022-03-31,657699886557,2022-05-05
2205.4,Certificates of Deposit,2022-03-31,162467247849,2022-05-05
2205.5,Deposits with term over three (03) months,2022-03-31,0,2022-05-05
2205.6,Investment - Rights,2022-03-31,0,2022-05-05
2205.7,Index future contracts,2022-03-31,0,2022-05-05
2205.8,Other investments,2022-03-31,0,2022-05-05
2205.9,Reverse repo contracts,2022-03-31,0,2022-05-05
2206,"Dividend, Coupon receivables",2022-03-31,12199009901,2022-05-05
2206.1,Dividend receivables,2022-03-31,0,2022-05-05
2206.2,Coupon receivables,2022-03-31,12199009901,2022-05-05
2207,Interest receivables,2022-03-31,7689745205,2022-05-05
2207.1,Interest receivable from bank deposits,2022-03-31,12054794,2022-05-05
2207.2,Interest receivable from Certificates of Deposit,2022-03-31,7677690411,2022-05-05
2207.3,Interest receivable from reverse repo contracts,2022-03-31,0,2022-05-05
2208,Securities Trading Receivables,2022-03-31,0,2022-05-05
2210.1,Impairment of devaluation of pledged assets,2022-03-31,0,2022-05-05
2210.2,Provision for doubtful debt,2022-03-31,0,2022-05-05
2211,Other Assets,2022-03-31,0,2022-05-05
2212,TOTAL ASSETS,2022-03-31,865097130860,2022-05-05
2214,Securities Trading Payables,2022-03-31,0,2022-05-05
2215,Other Payables,2022-03-31,15502286718,2022-05-05
2215.1,Payables to investors,2022-03-31,13793816520,2022-05-05
2215.1.1,Subscription Pending allotment,2022-03-31,1586209957,2022-05-05
2215.1.2,Payables to investors for investment bought on behalf,2022-03-31,0,2022-05-05
2215.1.3,Payables to investors for collected dividend,2022-03-31,0,2022-05-05
2215.1.4,Redemption payable to investors,2022-03-31,12207606563,2022-05-05
2215.2,Tax payables and obligations to the State Budget,2022-03-31,63245231,2022-05-05
2215.3,Subscription and Redemption fee payable to distributors and Fund Management Company,2022-03-31,366581391,2022-05-05
2215.4,Income payable to investors,2022-03-31,0,2022-05-05
2215.5,Remuneration Payable to Fund's Board of Representatives,2022-03-31,11219178,2022-05-05
2215.6,Management fee payable,2022-03-31,888155159,2022-05-05
2215.7,Fund Administration fee payable,2022-03-31,24424267,2022-05-05
2215.8,Supervisory service fee payable,2022-03-31,32565689,2022-05-05
2215.9,Transaction fee,2022-03-31,192537125,2022-05-05
2215.9.1,Brokerage fee payable,2022-03-31,192537125,2022-05-05
2215.9.2,Clearing Settlement fee payable,2022-03-31,0,2022-05-05
2215.10,Accrued expense for Custodian fee,2022-03-31,30305172,2022-05-05
2215.10.1,Custodian service - Safe Custody Fee,2022-03-31,29605172,2022-05-05
2215.10.2,Custodian service - Transaction fee,2022-03-31,700000,2022-05-05
2215.10.3,"Custodian service -  Depository fee, Position and Margin management fee paid to VSD",2022-03-31,0,2022-05-05
2215.11,Audit fee payable,2022-03-31,88436986,2022-05-05
2215.12,General meeting expense payable,2022-03-31,0,2022-05-05
2215.13,Annual report fee payable,2022-03-31,0,2022-05-05
2215.14,Transfer Agency fee payable,2022-03-31,11000000,2022-05-05
2215.15,Service fee payable to HOSE for calculating iNAV,2022-03-31,0,2022-05-05
2215.16,Authorising index service fee payable to HOSE,2022-03-31,0,2022-05-05
2215.17.1,Price feed fee payable,2022-03-31,0,2022-05-05
2215.17.2,"Accrued expense for Fund's Board of Representatives travelling, meeting",2022-03-31,0,2022-05-05
2215.17.3,Accrued expense for Annual Management Fee pay to SSC,2022-03-31,0,2022-05-05
2215.18,Short-term loans - Repo contracts,2022-03-31,0,2022-05-05
2215.18.1,Principal of repo contracts,2022-03-31,0,2022-05-05
2215.18.2,Accrued Interest Expense,2022-03-31,0,2022-05-05
2215.18.3,Principal of Short-term loans,2022-03-31,0,2022-05-05
2216,TOTAL LIABILITIES,2022-03-31,15502286718,2022-05-05
2217,Net Asset Value ( = I.10 - II.4),2022-03-31,849594844142,2022-05-05
2218,Total Outstanding Fund Certificates,2022-03-31,37515321.51,2022-05-05
2219,Net Asset Value per Fund Certificate,2022-03-31,22646.6,2022-05-05
,Other Receivables,2022-04-30,0,2022-06-01
,Other payables,2022-04-30,0,2022-06-01
2201,Cash and Cash Equivalents,2022-04-30,81951427374,2022-06-01
2203,Cash at bank,2022-04-30,15951427374,2022-06-01
2203.1,Cash at bank for Fund's subscription,2022-04-30,132642193,2022-06-01
2203.2,Cash at bank for Fund's redemption,2022-04-30,41030252,2022-06-01
2203.3,Cash at bank for Fund's operation,2022-04-30,15777754929,2022-06-01
2203.4,Margin account for trading derivatives,2022-04-30,0,2022-06-01
2203.5,"Cash, cash equivalents",2022-04-30,66000000000,2022-06-01
2205,Investments,2022-04-30,744499264282,2022-06-01
2205.1,Listed shares,2022-04-30,0,2022-06-01
2205.2,Unlisted shares,2022-04-30,0,2022-06-01
2205.3,Bonds,2022-04-30,621993731501,2022-06-01
2205.4,Certificates of Deposit,2022-04-30,122505532781,2022-06-01
2205.5,Deposits with term over three (03) months,2022-04-30,0,2022-06-01
2205.6,Investment - Rights,2022-04-30,0,2022-06-01
2205.7,Index future contracts,2022-04-30,0,2022-06-01
2205.8,Other investments,2022-04-30,0,2022-06-01
2205.9,Reverse repo contracts,2022-04-30,0,2022-06-01
2206,"Dividend, Coupon receivables",2022-04-30,13356401791,2022-06-01
2206.1,Dividend receivables,2022-04-30,0,2022-06-01
2206.2,Coupon receivables,2022-04-30,13356401791,2022-06-01
2207,Interest receivables,2022-04-30,4557816437,2022-06-01
2207.1,Interest receivable from bank deposits,2022-04-30,132235616,2022-06-01
2207.2,Interest receivable from Certificates of Deposit,2022-04-30,4425580821,2022-06-01
2207.3,Interest receivable from reverse repo contracts,2022-04-30,0,2022-06-01
2208,Securities Trading Receivables,2022-04-30,0,2022-06-01
2210.1,Impairment of devaluation of pledged assets,2022-04-30,0,2022-06-01
2210.2,Provision for doubtful debt,2022-04-30,0,2022-06-01
2211,Other Assets,2022-04-30,0,2022-06-01
2212,TOTAL ASSETS,2022-04-30,844364909884,2022-06-01
2214,Securities Trading Payables,2022-04-30,0,2022-06-01
2215,Other Payables,2022-04-30,14746237617,2022-06-01
2215.1,Payables to investors,2022-04-30,13219960347,2022-06-01
2215.1.1,Subscription Pending allotment,2022-04-30,305011793,2022-06-01
2215.1.2,Payables to investors for investment bought on behalf,2022-04-30,0,2022-06-01
2215.1.3,Payables to investors for collected dividend,2022-04-30,0,2022-06-01
2215.1.4,Redemption payable to investors,2022-04-30,12914948554,2022-06-01
2215.2,Tax payables and obligations to the State Budget,2022-04-30,41299228,2022-06-01
2215.3,Subscription and Redemption fee payable to distributors and Fund Management Company,2022-04-30,262329201,2022-06-01
2215.4,Income payable to investors,2022-04-30,0,2022-06-01
2215.5,Remuneration Payable to Fund's Board of Representatives,2022-04-30,11958904,2022-06-01
2215.6,Management fee payable,2022-04-30,827975851,2022-06-01
2215.7,Fund Administration fee payable,2022-04-30,22769336,2022-06-01
2215.8,Supervisory service fee payable,2022-04-30,30359115,2022-06-01
2215.9,Transaction fee,2022-04-30,192537125,2022-06-01
2215.9.1,Brokerage fee payable,2022-04-30,192537125,2022-06-01
2215.9.2,Clearing Settlement fee payable,2022-04-30,0,2022-06-01
2215.10,Accrued expense for Custodian fee,2022-04-30,28299195,2022-06-01
2215.10.1,Custodian service - Safe Custody Fee,2022-04-30,27599195,2022-06-01
2215.10.2,Custodian service - Transaction fee,2022-04-30,700000,2022-06-01
2215.10.3,"Custodian service -  Depository fee, Position and Margin management fee paid to VSD",2022-04-30,0,2022-06-01
2215.11,Audit fee payable,2022-04-30,97749315,2022-06-01
2215.12,General meeting expense payable,2022-04-30,0,2022-06-01
2215.13,Annual report fee payable,2022-04-30,0,2022-06-01
2215.14,Transfer Agency fee payable,2022-04-30,11000000,2022-06-01
2215.15,Service fee payable to HOSE for calculating iNAV,2022-04-30,0,2022-06-01
2215.16,Authorising index service fee payable to HOSE,2022-04-30,0,2022-06-01
2215.17.1,Price feed fee payable,2022-04-30,0,2022-06-01
2215.17.2,"Accrued expense for Fund's Board of Representatives travelling, meeting",2022-04-30,0,2022-06-01
2215.17.3,Accrued expense for Annual Management Fee pay to SSC,2022-04-30,0,2022-06-01
2215.18,Short-term loans - Repo contracts,2022-04-30,0,2022-06-01
2215.18.1,Principal of repo contracts,2022-04-30,0,2022-06-01
2215.18.2,Accrued Interest Expense,2022-04-30,0,2022-06-01
2215.18.3,Principal of Short-term loans,2022-04-30,0,2022-06-01
2216,TOTAL LIABILITIES,2022-04-30,14746237617,2022-06-01
2217,Net Asset Value ( = I.10 - II.4),2022-04-30,829618672267,2022-06-01
2218,Total Outstanding Fund Certificates,2022-04-30,36344025.31,2022-06-01
2219,Net Asset Value per Fund Certificate,2022-04-30,22826.82,2022-06-01
,Other Receivables,2022-05-31,0,2022-07-01
,Other payables,2022-05-31,0,2022-07-01
2201,Cash and Cash Equivalents,2022-05-31,52353745887,2022-07-01
2203,Cash at bank,2022-05-31,3353745887,2022-07-01
2203.1,Cash at bank for Fund's subscription,2022-05-31,1238655801,2022-07-01
2203.2,Cash at bank for Fund's redemption,2022-05-31,6458553,2022-07-01
2203.3,Cash at bank for Fund's operation,2022-05-31,2108631533,2022-07-01
2203.4,Margin account for trading derivatives,2022-05-31,0,2022-07-01
2203.5,"Cash, cash equivalents",2022-05-31,49000000000,2022-07-01
2205,Investments,2022-05-31,753849314093,2022-07-01
2205.1,Listed shares,2022-05-31,0,2022-07-01
2205.2,Unlisted shares,2022-05-31,0,2022-07-01
2205.3,Bonds,2022-05-31,641369526517,2022-07-01
2205.4,Certificates of Deposit,2022-05-31,112479787576,2022-07-01
2205.5,Deposits with term over three (03) months,2022-05-31,0,2022-07-01
2205.6,Investment - Rights,2022-05-31,0,2022-07-01
2205.7,Index future contracts,2022-05-31,0,2022-07-01
2205.8,Other investments,2022-05-31,0,2022-07-01
2205.9,Reverse repo contracts,2022-05-31,0,2022-07-01
2206,"Dividend, Coupon receivables",2022-05-31,19407713135,2022-07-01
2206.1,Dividend receivables,2022-05-31,0,2022-07-01
2206.2,Coupon receivables,2022-05-31,19407713135,2022-07-01
2207,Interest receivables,2022-05-31,1607169863,2022-07-01
2207.1,Interest receivable from bank deposits,2022-05-31,193726027,2022-07-01
2207.2,Interest receivable from Certificates of Deposit,2022-05-31,1413443836,2022-07-01
2207.3,Interest receivable from reverse repo contracts,2022-05-31,0,2022-07-01
2208,Securities Trading Receivables,2022-05-31,0,2022-07-01
2210.1,Impairment of devaluation of pledged assets,2022-05-31,0,2022-07-01
2210.2,Provision for doubtful debt,2022-05-31,0,2022-07-01
2211,Other Assets,2022-05-31,0,2022-07-01
2212,TOTAL ASSETS,2022-05-31,827217942978,2022-07-01
2214,Securities Trading Payables,2022-05-31,0,2022-07-01
2215,Other Payables,2022-05-31,6788590547,2022-07-01
2215.1,Payables to investors,2022-05-31,5419805728,2022-07-01
2215.1.1,Subscription Pending allotment,2022-05-31,1473221375,2022-07-01
2215.1.2,Payables to investors for investment bought on behalf,2022-05-31,0,2022-07-01
2215.1.3,Payables to investors for collected dividend,2022-05-31,0,2022-07-01
2215.1.4,Redemption payable to investors,2022-05-31,3946584353,2022-07-01
2215.2,Tax payables and obligations to the State Budget,2022-05-31,26402432,2022-07-01
2215.3,Subscription and Redemption fee payable to distributors and Fund Management Company,2022-05-31,151469230,2022-07-01
2215.4,Income payable to investors,2022-05-31,0,2022-07-01
2215.5,Remuneration Payable to Fund's Board of Representatives,2022-05-31,12723288,2022-07-01
2215.6,Management fee payable,2022-05-31,845267141,2022-07-01
2215.7,Fund Administration fee payable,2022-05-31,23244846,2022-07-01
2215.8,Supervisory service fee payable,2022-05-31,30993130,2022-07-01
2215.9,Transaction fee,2022-05-31,192537125,2022-07-01
2215.9.1,Brokerage fee payable,2022-05-31,192537125,2022-07-01
2215.9.2,Clearing Settlement fee payable,2022-05-31,0,2022-07-01
2215.10,Accrued expense for Custodian fee,2022-05-31,28275572,2022-07-01
2215.10.1,Custodian service - Safe Custody Fee,2022-05-31,28175572,2022-07-01
2215.10.2,Custodian service - Transaction fee,2022-05-31,100000,2022-07-01
2215.10.3,"Custodian service -  Depository fee, Position and Margin management fee paid to VSD",2022-05-31,0,2022-07-01
2215.11,Audit fee payable,2022-05-31,46872055,2022-07-01
2215.12,General meeting expense payable,2022-05-31,0,2022-07-01
2215.13,Annual report fee payable,2022-05-31,0,2022-07-01
2215.14,Transfer Agency fee payable,2022-05-31,11000000,2022-07-01
2215.15,Service fee payable to HOSE for calculating iNAV,2022-05-31,0,2022-07-01
2215.16,Authorising index service fee payable to HOSE,2022-05-31,0,2022-07-01
2215.17.1,Price feed fee payable,2022-05-31,0,2022-07-01
2215.17.2,"Accrued expense for Fund's Board of Representatives travelling, meeting",2022-05-31,0,2022-07-01
2215.17.3,Accrued expense for Annual Management Fee pay to SSC,2022-05-31,0,2022-07-01
2215.18,Short-term loans - Repo contracts,2022-05-31,0,2022-07-01
2215.18.1,Principal of repo contracts,2022-05-31,0,2022-07-01
2215.18.2,Accrued Interest Expense,2022-05-31,0,2022-07-01
2215.18.3,Principal of Short-term loans,2022-05-31,0,2022-07-01
2216,TOTAL LIABILITIES,2022-05-31,6788590547,2022-07-01
2217,Net Asset Value ( = I.10 - II.4),2022-05-31,820429352431,2022-07-01
2218,Total Outstanding Fund Certificates,2022-05-31,35731222.17,2022-07-01
2219,Net Asset Value per Fund Certificate,2022-05-31,22961.13,2022-07-01
,Other Receivables,2022-06-30,0,2022-08-01
,Other payables,2022-06-30,0,2022-08-01
2201,Cash and Cash Equivalents,2022-06-30,53360706013,2022-08-01
2203,Cash at bank,2022-06-30,18360706013,2022-08-01
2203.1,Cash at bank for Fund's subscription,2022-06-30,0,2022-08-01
2203.2,Cash at bank for Fund's redemption,2022-06-30,6542925,2022-08-01
2203.3,Cash at bank for Fund's operation,2022-06-30,18354163088,2022-08-01
2203.4,Margin account for trading derivatives,2022-06-30,0,2022-08-01
2203.5,"Cash, cash equivalents",2022-06-30,35000000000,2022-08-01
2205,Investments,2022-06-30,753621159142,2022-08-01
2205.1,Listed shares,2022-06-30,0,2022-08-01
2205.2,Unlisted shares,2022-06-30,0,2022-08-01
2205.3,Bonds,2022-06-30,641141371566,2022-08-01
2205.4,Certificates of Deposit,2022-06-30,112479787576,2022-08-01
2205.5,Deposits with term over three (03) months,2022-06-30,0,2022-08-01
2205.6,Investment - Rights,2022-06-30,0,2022-08-01
2205.7,Index future contracts,2022-06-30,0,2022-08-01
2205.8,Other investments,2022-06-30,0,2022-08-01
2205.9,Reverse repo contracts,2022-06-30,0,2022-08-01
2206,"Dividend, Coupon receivables",2022-06-30,12669391458,2022-08-01
2206.1,Dividend receivables,2022-06-30,0,2022-08-01
2206.2,Coupon receivables,2022-06-30,12669391458,2022-08-01
2207,Interest receivables,2022-06-30,2210649316,2022-08-01
2207.1,Interest receivable from bank deposits,2022-06-30,99726028,2022-08-01
2207.2,Interest receivable from Certificates of Deposit,2022-06-30,2110923288,2022-08-01
2207.3,Interest receivable from reverse repo contracts,2022-06-30,0,2022-08-01
2208,Securities Trading Receivables,2022-06-30,0,2022-08-01
2210.1,Impairment of devaluation of pledged assets,2022-06-30,0,2022-08-01
2210.2,Provision for doubtful debt,2022-06-30,0,2022-08-01
2211,Other Assets,2022-06-30,0,2022-08-01
2212,TOTAL ASSETS,2022-06-30,821861905929,2022-08-01
2214,Securities Trading Payables,2022-06-30,0,2022-08-01
2215,Other Payables,2022-06-30,7325284344,2022-08-01
2215.1,Payables to investors,2022-06-30,6029524593,2022-08-01
2215.1.1,Subscription Pending allotment,2022-06-30,1905013932,2022-08-01
2215.1.2,Payables to investors for investment bought on behalf,2022-06-30,0,2022-08-01
2215.1.3,Payables to investors for collected dividend,2022-06-30,0,2022-08-01
2215.1.4,Redemption payable to investors,2022-06-30,4124510661,2022-08-01
2215.2,Tax payables and obligations to the State Budget,2022-06-30,21709327,2022-08-01
2215.3,Subscription and Redemption fee payable to distributors and Fund Management Company,2022-06-30,116520288,2022-08-01
2215.4,Income payable to investors,2022-06-30,0,2022-08-01
2215.5,Remuneration Payable to Fund's Board of Representatives,2022-06-30,10042453,2022-08-01
2215.6,Management fee payable,2022-06-30,807006413,2022-08-01
2215.7,Fund Administration fee payable,2022-06-30,22192676,2022-08-01
2215.8,Supervisory service fee payable,2022-06-30,29590235,2022-08-01
2215.9,Transaction fee,2022-06-30,192537125,2022-08-01
2215.9.1,Brokerage fee payable,2022-06-30,192537125,2022-08-01
2215.9.2,Clearing Settlement fee payable,2022-06-30,0,2022-08-01
2215.10,Accrued expense for Custodian fee,2022-06-30,27600215,2022-08-01
2215.10.1,Custodian service - Safe Custody Fee,2022-06-30,26900215,2022-08-01
2215.10.2,Custodian service - Transaction fee,2022-06-30,700000,2022-08-01
2215.10.3,"Custodian service -  Depository fee, Position and Margin management fee paid to VSD",2022-06-30,0,2022-08-01
2215.11,Audit fee payable,2022-06-30,57561019,2022-08-01
2215.12,General meeting expense payable,2022-06-30,0,2022-08-01
2215.13,Annual report fee payable,2022-06-30,0,2022-08-01
2215.14,Transfer Agency fee payable,2022-06-30,11000000,2022-08-01
2215.15,Service fee payable to HOSE for calculating iNAV,2022-06-30,0,2022-08-01
2215.16,Authorising index service fee payable to HOSE,2022-06-30,0,2022-08-01
2215.17.1,Price feed fee payable,2022-06-30,0,2022-08-01
2215.17.2,"Accrued expense for Fund's Board of Representatives travelling, meeting",2022-06-30,0,2022-08-01
2215.17.3,Accrued expense for Annual Management Fee pay to SSC,2022-06-30,0,2022-08-01
2215.18,Short-term loans - Repo contracts,2022-06-30,0,2022-08-01
2215.18.1,Principal of repo contracts,2022-06-30,0,2022-08-01
2215.18.2,Accrued Interest Expense,2022-06-30,0,2022-08-01
2215.18.3,Principal of Short-term loans,2022-06-30,0,2022-08-01
2216,TOTAL LIABILITIES,2022-06-30,7325284344,2022-08-01
2217,Net Asset Value ( = I.10 - II.4),2022-06-30,814536621585,2022-08-01
2218,Total Outstanding Fund Certificates,2022-06-30,35259224.52,2022-08-01
2219,Net Asset Value per Fund Certificate,2022-06-30,23101.37,2022-08-01
,Other Receivables,2022-07-31,0,2022-09-05
,Other payables,2022-07-31,0,2022-09-05
2201,Cash and Cash Equivalents,2022-07-31,96830047403,2022-09-05
2203,Cash at bank,2022-07-31,34830047403,2022-09-05
2203.1,Cash at bank for Fund's subscription,2022-07-31,269950000,2022-09-05
2203.2,Cash at bank for Fund's redemption,2022-07-31,12019819,2022-09-05
2203.3,Cash at bank for Fund's operation,2022-07-31,34548077584,2022-09-05
2203.4,Margin account for trading derivatives,2022-07-31,0,2022-09-05
2203.5,"Cash, cash equivalents",2022-07-31,62000000000,2022-09-05
2205,Investments,2022-07-31,717518893363,2022-09-05
2205.1,Listed shares,2022-07-31,0,2022-09-05
2205.2,Unlisted shares,2022-07-31,0,2022-09-05
2205.3,Bonds,2022-07-31,631951548705,2022-09-05
2205.4,Certificates of Deposit,2022-07-31,85567344658,2022-09-05
2205.5,Deposits with term over three (03) months,2022-07-31,0,2022-09-05
2205.6,Investment - Rights,2022-07-31,0,2022-09-05
2205.7,Index future contracts,2022-07-31,0,2022-09-05
2205.8,Other investments,2022-07-31,0,2022-09-05
2205.9,Reverse repo contracts,2022-07-31,0,2022-09-05
2206,"Dividend, Coupon receivables",2022-07-31,9886576906,2022-09-05
2206.1,Dividend receivables,2022-07-31,0,2022-09-05
2206.2,Coupon receivables,2022-07-31,9886576906,2022-09-05
2207,Interest receivables,2022-07-31,894150684,2022-09-05
2207.1,Interest receivable from bank deposits,2022-07-31,126356164,2022-09-05
2207.2,Interest receivable from Certificates of Deposit,2022-07-31,767794520,2022-09-05
2207.3,Interest receivable from reverse repo contracts,2022-07-31,0,2022-09-05
2208,Securities Trading Receivables,2022-07-31,0,2022-09-05
2210.1,Impairment of devaluation of pledged assets,2022-07-31,0,2022-09-05
2210.2,Provision for doubtful debt,2022-07-31,0,2022-09-05
2211,Other Assets,2022-07-31,0,2022-09-05
2212,TOTAL ASSETS,2022-07-31,825129668356,2022-09-05
2214,Securities Trading Payables,2022-07-31,0,2022-09-05
2215,Other Payables,2022-07-31,7097251088,2022-09-05
2215.1,Payables to investors,2022-07-31,5782092912,2022-09-05
2215.1.1,Subscription Pending allotment,2022-07-31,528243865,2022-09-05
2215.1.2,Payables to investors for investment bought on behalf,2022-07-31,0,2022-09-05
2215.1.3,Payables to investors for collected dividend,2022-07-31,0,2022-09-05
2215.1.4,Redemption payable to investors,2022-07-31,5253849047,2022-09-05
2215.2,Tax payables and obligations to the State Budget,2022-07-31,14384374,2022-09-05
2215.3,Subscription and Redemption fee payable to distributors and Fund Management Company,2022-07-31,106597731,2022-09-05
2215.4,Income payable to investors,2022-07-31,0,2022-09-05
2215.5,Remuneration Payable to Fund's Board of Representatives,2022-07-31,10372257,2022-09-05
2215.6,Management fee payable,2022-07-31,830396726,2022-09-05
2215.7,Fund Administration fee payable,2022-07-31,22835910,2022-09-05
2215.8,Supervisory service fee payable,2022-07-31,30447880,2022-09-05
2215.9,Transaction fee,2022-07-31,192537125,2022-09-05
2215.9.1,Brokerage fee payable,2022-07-31,192537125,2022-09-05
2215.9.2,Clearing Settlement fee payable,2022-07-31,0,2022-09-05
2215.10,Accrued expense for Custodian fee,2022-07-31,27979891,2022-09-05
2215.10.1,Custodian service - Safe Custody Fee,2022-07-31,27679891,2022-09-05
2215.10.2,Custodian service - Transaction fee,2022-07-31,300000,2022-09-05
2215.10.3,"Custodian service -  Depository fee, Position and Margin management fee paid to VSD",2022-07-31,0,2022-09-05
2215.11,Audit fee payable,2022-07-31,68606282,2022-09-05
2215.12,General meeting expense payable,2022-07-31,0,2022-09-05
2215.13,Annual report fee payable,2022-07-31,0,2022-09-05
2215.14,Transfer Agency fee payable,2022-07-31,11000000,2022-09-05
2215.15,Service fee payable to HOSE for calculating iNAV,2022-07-31,0,2022-09-05
2215.16,Authorising index service fee payable to HOSE,2022-07-31,0,2022-09-05
2215.17.1,Price feed fee payable,2022-07-31,0,2022-09-05
2215.17.2,"Accrued expense for Fund's Board of Representatives travelling, meeting",2022-07-31,0,2022-09-05
2215.17.3,Accrued expense for Annual Management Fee pay to SSC,2022-07-31,0,2022-09-05
2215.18,Short-term loans - Repo contracts,2022-07-31,0,2022-09-05
2215.18.1,Principal of repo contracts,2022-07-31,0,2022-09-05
2215.18.2,Accrued Interest Expense,2022-07-31,0,2022-09-05
2215.18.3,Principal of Short-term loans,2022-07-31,0,2022-09-05
2216,TOTAL LIABILITIES,2022-07-31,7097251088,2022-09-05
2217,Net Asset Value ( = I.10 - II.4),2022-07-31,818032417268,2022-09-05
2218,Total Outstanding Fund Certificates,2022-07-31,35148673.29,2022-09-05
2219,Net Asset Value per Fund Certificate,2022-07-31,23273.49,2022-09-05
,Other Receivables,2022-08-31,0,2022-10-03
,Other payables,2022-08-31,0,2022-10-03
2201,Cash and Cash Equivalents,2022-08-31,57894217956,2022-10-03
2203,Cash at bank,2022-08-31,6194217956,2022-10-03
2203.1,Cash at bank for Fund's subscription,2022-08-31,1383990209,2022-10-03
2203.2,Cash at bank for Fund's redemption,2022-08-31,7404641,2022-10-03
2203.3,Cash at bank for Fund's operation,2022-08-31,4802823106,2022-10-03
2203.4,Margin account for trading derivatives,2022-08-31,0,2022-10-03
2203.5,"Cash, cash equivalents",2022-08-31,51700000000,2022-10-03
2205,Investments,2022-08-31,756907805451,2022-10-03
2205.1,Listed shares,2022-08-31,0,2022-10-03
2205.2,Unlisted shares,2022-08-31,0,2022-10-03
2205.3,Bonds,2022-08-31,671340460793,2022-10-03
2205.4,Certificates of Deposit,2022-08-31,85567344658,2022-10-03
2205.5,Deposits with term over three (03) months,2022-08-31,0,2022-10-03
2205.6,Investment - Rights,2022-08-31,0,2022-10-03
2205.7,Index future contracts,2022-08-31,0,2022-10-03
2205.8,Other investments,2022-08-31,0,2022-10-03
2205.9,Reverse repo contracts,2022-08-31,0,2022-10-03
2206,"Dividend, Coupon receivables",2022-08-31,12000574726,2022-10-03
2206.1,Dividend receivables,2022-08-31,0,2022-10-03
2206.2,Coupon receivables,2022-08-31,12000574726,2022-10-03
2207,Interest receivables,2022-08-31,1407594521,2022-10-03
2207.1,Interest receivable from bank deposits,2022-08-31,109402740,2022-10-03
2207.2,Interest receivable from Certificates of Deposit,2022-08-31,1298191781,2022-10-03
2207.3,Interest receivable from reverse repo contracts,2022-08-31,0,2022-10-03
2208,Securities Trading Receivables,2022-08-31,0,2022-10-03
2210.1,Impairment of devaluation of pledged assets,2022-08-31,0,2022-10-03
2210.2,Provision for doubtful debt,2022-08-31,0,2022-10-03
2211,Other Assets,2022-08-31,0,2022-10-03
2212,TOTAL ASSETS,2022-08-31,828210192654,2022-10-03
2214,Securities Trading Payables,2022-08-31,0,2022-10-03
2215,Other Payables,2022-08-31,7130553567,2022-10-03
2215.1,Payables to investors,2022-08-31,5799366158,2022-10-03
2215.1.1,Subscription Pending allotment,2022-08-31,1521444496,2022-10-03
2215.1.2,Payables to investors for investment bought on behalf,2022-08-31,0,2022-10-03
2215.1.3,Payables to investors for collected dividend,2022-08-31,0,2022-10-03
2215.1.4,Redemption payable to investors,2022-08-31,4277921662,2022-10-03
2215.2,Tax payables and obligations to the State Budget,2022-08-31,12704321,2022-10-03
2215.3,Subscription and Redemption fee payable to distributors and Fund Management Company,2022-08-31,105126335,2022-10-03
2215.4,Income payable to investors,2022-08-31,0,2022-10-03
2215.5,Remuneration Payable to Fund's Board of Representatives,2022-08-31,10702061,2022-10-03
2215.6,Management fee payable,2022-08-31,837235556,2022-10-03
2215.7,Fund Administration fee payable,2022-08-31,23023977,2022-10-03
2215.8,Supervisory service fee payable,2022-08-31,30698637,2022-10-03
2215.9,Transaction fee,2022-08-31,192537125,2022-10-03
2215.9.1,Brokerage fee payable,2022-08-31,192537125,2022-10-03
2215.9.2,Clearing Settlement fee payable,2022-08-31,0,2022-10-03
2215.10,Accrued expense for Custodian fee,2022-08-31,28507852,2022-10-03
2215.10.1,Custodian service - Safe Custody Fee,2022-08-31,27907852,2022-10-03
2215.10.2,Custodian service - Transaction fee,2022-08-31,600000,2022-10-03
2215.10.3,"Custodian service -  Depository fee, Position and Margin management fee paid to VSD",2022-08-31,0,2022-10-03
2215.11,Audit fee payable,2022-08-31,79651545,2022-10-03
2215.12,General meeting expense payable,2022-08-31,0,2022-10-03
2215.13,Annual report fee payable,2022-08-31,0,2022-10-03
2215.14,Transfer Agency fee payable,2022-08-31,11000000,2022-10-03
2215.15,Service fee payable to HOSE for calculating iNAV,2022-08-31,0,2022-10-03
2215.16,Authorising index service fee payable to HOSE,2022-08-31,0,2022-10-03
2215.17.1,Price feed fee payable,2022-08-31,0,2022-10-03
2215.17.2,"Accrued expense for Fund's Board of Representatives travelling, meeting",2022-08-31,0,2022-10-03
2215.17.3,Accrued expense for Annual Management Fee pay to SSC,2022-08-31,0,2022-10-03
2215.18,Short-term loans - Repo contracts,2022-08-31,0,2022-10-03
2215.18.1,Principal of repo contracts,2022-08-31,0,2022-10-03
2215.18.2,Accrued Interest Expense,2022-08-31,0,2022-10-03
2215.18.3,Principal of Short-term loans,2022-08-31,0,2022-10-03
2216,TOTAL LIABILITIES,2022-08-31,7130553567,2022-10-03
2217,Net Asset Value ( = I.10 - II.4),2022-08-31,821079639087,2022-10-03
2218,Total Outstanding Fund Certificates,2022-08-31,35029944.17,2022-10-03
2219,Net Asset Value per Fund Certificate,2022-08-31,23439.36,2022-10-03
,Other Receivables,2022-09-30,0,2022-11-01
,Other payables,2022-09-30,0,2022-11-01
2201,Cash and Cash Equivalents,2022-09-30,39810049797,2022-11-01
2203,Cash at bank,2022-09-30,910049797,2022-11-01
2203.1,Cash at bank for Fund's subscription,2022-09-30,618223390,2022-11-01
2203.2,Cash at bank for Fund's redemption,2022-09-30,7643134,2022-11-01
2203.3,Cash at bank for Fund's operation,2022-09-30,284183273,2022-11-01
2203.4,Margin account for trading derivatives,2022-09-30,0,2022-11-01
2203.5,"Cash, cash equivalents",2022-09-30,38900000000,2022-11-01
2205,Investments,2022-09-30,766426846394,2022-11-01
2205.1,Listed shares,2022-09-30,0,2022-11-01
2205.2,Unlisted shares,2022-09-30,0,2022-11-01
2205.3,Bonds,2022-09-30,670865915709,2022-11-01
2205.4,Certificates of Deposit,2022-09-30,95560930685,2022-11-01
2205.5,Deposits with term over three (03) months,2022-09-30,0,2022-11-01
2205.6,Investment - Rights,2022-09-30,0,2022-11-01
2205.7,Index future contracts,2022-09-30,0,2022-11-01
2205.8,Other investments,2022-09-30,0,2022-11-01
2205.9,Reverse repo contracts,2022-09-30,0,2022-11-01
2206,"Dividend, Coupon receivables",2022-09-30,16140010045,2022-11-01
2206.1,Dividend receivables,2022-09-30,0,2022-11-01
2206.2,Coupon receivables,2022-09-30,16140010045,2022-11-01
2207,Interest receivables,2022-09-30,2121564386,2022-11-01
2207.1,Interest receivable from bank deposits,2022-09-30,61180823,2022-11-01
2207.2,Interest receivable from Certificates of Deposit,2022-09-30,2060383563,2022-11-01
2207.3,Interest receivable from reverse repo contracts,2022-09-30,0,2022-11-01
2208,Securities Trading Receivables,2022-09-30,0,2022-11-01
2210.1,Impairment of devaluation of pledged assets,2022-09-30,0,2022-11-01
2210.2,Provision for doubtful debt,2022-09-30,0,2022-11-01
2211,Other Assets,2022-09-30,0,2022-11-01
2212,TOTAL ASSETS,2022-09-30,824498470622,2022-11-01
2214,Securities Trading Payables,2022-09-30,0,2022-11-01
2215,Other Payables,2022-09-30,7263026611,2022-11-01
2215.1,Payables to investors,2022-09-30,5960904028,2022-11-01
2215.1.1,Subscription Pending allotment,2022-09-30,777839875,2022-11-01
2215.1.2,Payables to investors for investment bought on behalf,2022-09-30,0,2022-11-01
2215.1.3,Payables to investors for collected dividend,2022-09-30,0,2022-11-01
2215.1.4,Redemption payable to investors,2022-09-30,5183064153,2022-11-01
2215.2,Tax payables and obligations to the State Budget,2022-09-30,15578920,2022-11-01
2215.3,Subscription and Redemption fee payable to distributors and Fund Management Company,2022-09-30,92807485,2022-11-01
2215.4,Income payable to investors,2022-09-30,0,2022-11-01
2215.5,Remuneration Payable to Fund's Board of Representatives,2022-09-30,11021227,2022-11-01
2215.6,Management fee payable,2022-09-30,809874548,2022-11-01
2215.7,Fund Administration fee payable,2022-09-30,22271550,2022-11-01
2215.8,Supervisory service fee payable,2022-09-30,29695400,2022-11-01
2215.9,Transaction fee,2022-09-30,192537125,2022-11-01
2215.9.1,Brokerage fee payable,2022-09-30,192537125,2022-11-01
2215.9.2,Clearing Settlement fee payable,2022-09-30,0,2022-11-01
2215.10,Accrued expense for Custodian fee,2022-09-30,26995818,2022-11-01
2215.10.1,Custodian service - Safe Custody Fee,2022-09-30,26995818,2022-11-01
2215.10.2,Custodian service - Transaction fee,2022-09-30,0,2022-11-01
2215.10.3,"Custodian service -  Depository fee, Position and Margin management fee paid to VSD",2022-09-30,0,2022-11-01
2215.11,Audit fee payable,2022-09-30,90340510,2022-11-01
2215.12,General meeting expense payable,2022-09-30,0,2022-11-01
2215.13,Annual report fee payable,2022-09-30,0,2022-11-01
2215.14,Transfer Agency fee payable,2022-09-30,11000000,2022-11-01
2215.15,Service fee payable to HOSE for calculating iNAV,2022-09-30,0,2022-11-01
2215.16,Authorising index service fee payable to HOSE,2022-09-30,0,2022-11-01
2215.17.1,Price feed fee payable,2022-09-30,0,2022-11-01
2215.17.2,"Accrued expense for Fund's Board of Representatives travelling, meeting",2022-09-30,0,2022-11-01
2215.17.3,Accrued expense for Annual Management Fee pay to SSC,2022-09-30,0,2022-11-01
2215.18,Short-term loans - Repo contracts,2022-09-30,0,2022-11-01
2215.18.1,Principal of repo contracts,2022-09-30,0,2022-11-01
2215.18.2,Accrued Interest Expense,2022-09-30,0,2022-11-01
2215.18.3,Principal of Short-term loans,2022-09-30,0,2022-11-01
2216,TOTAL LIABILITIES,2022-09-30,7263026611,2022-11-01
2217,Net Asset Value ( = I.10 - II.4),2022-09-30,817235444011,2022-11-01
2218,Total Outstanding Fund Certificates,2022-09-30,34661797.98,2022-11-01
2219,Net Asset Value per Fund Certificate,2022-09-30,23577.41,2022-11-01
,Other Receivables,2022-10-31,0,2022-12-01
,Other payables,2022-10-31,0,2022-12-01
2201,Cash and Cash Equivalents,2022-10-31,43146425461,2022-12-01
2203,Cash at bank,2022-10-31,2146425461,2022-12-01
2203.1,Cash at bank for Fund's subscription,2022-10-31,208828497,2022-12-01
2203.2,Cash at bank for Fund's redemption,2022-10-31,7148766,2022-12-01
2203.3,Cash at bank for Fund's operation,2022-10-31,1930448198,2022-12-01
2203.4,Margin account for trading derivatives,2022-10-31,0,2022-12-01
2203.5,"Cash, cash equivalents",2022-10-31,41000000000,2022-12-01
2205,Investments,2022-10-31,585374061910,2022-12-01
2205.1,Listed shares,2022-10-31,0,2022-12-01
2205.2,Unlisted shares,2022-10-31,0,2022-12-01
2205.3,Bonds,2022-10-31,544806717252,2022-12-01
2205.4,Certificates of Deposit,2022-10-31,40567344658,2022-12-01
2205.5,Deposits with term over three (03) months,2022-10-31,0,2022-12-01
2205.6,Investment - Rights,2022-10-31,0,2022-12-01
2205.7,Index future contracts,2022-10-31,0,2022-12-01
2205.8,Other investments,2022-10-31,0,2022-12-01
2205.9,Reverse repo contracts,2022-10-31,0,2022-12-01
2206,"Dividend, Coupon receivables",2022-10-31,13334639328,2022-12-01
2206.1,Dividend receivables,2022-10-31,0,2022-12-01
2206.2,Coupon receivables,2022-10-31,13334639328,2022-12-01
2207,Interest receivables,2022-10-31,974920547,2022-12-01
2207.1,Interest receivable from bank deposits,2022-10-31,83523287,2022-12-01
2207.2,Interest receivable from Certificates of Deposit,2022-10-31,891397260,2022-12-01
2207.3,Interest receivable from reverse repo contracts,2022-10-31,0,2022-12-01
2208,Securities Trading Receivables,2022-10-31,2042200000,2022-12-01
2210.1,Impairment of devaluation of pledged assets,2022-10-31,0,2022-12-01
2210.2,Provision for doubtful debt,2022-10-31,0,2022-12-01
2211,Other Assets,2022-10-31,0,2022-12-01
2212,TOTAL ASSETS,2022-10-31,644872247246,2022-12-01
2214,Securities Trading Payables,2022-10-31,0,2022-12-01
2215,Other Payables,2022-10-31,13787575125,2022-12-01
2215.1,Payables to investors,2022-10-31,9985207164,2022-12-01
2215.1.1,Subscription Pending allotment,2022-10-31,332510626,2022-12-01
2215.1.2,Payables to investors for investment bought on behalf,2022-10-31,0,2022-12-01
2215.1.3,Payables to investors for collected dividend,2022-10-31,0,2022-12-01
2215.1.4,Redemption payable to investors,2022-10-31,9652696538,2022-12-01
2215.2,Tax payables and obligations to the State Budget,2022-10-31,36070823,2022-12-01
2215.3,Subscription and Redemption fee payable to distributors and Fund Management Company,2022-10-31,2690693186,2022-12-01
2215.4,Income payable to investors,2022-10-31,0,2022-12-01
2215.5,Remuneration Payable to Fund's Board of Representatives,2022-10-31,11351031,2022-12-01
2215.6,Management fee payable,2022-10-31,690680256,2022-12-01
2215.7,Fund Administration fee payable,2022-10-31,18993707,2022-12-01
2215.8,Supervisory service fee payable,2022-10-31,25324944,2022-12-01
2215.9,Transaction fee,2022-10-31,192945565,2022-12-01
2215.9.1,Brokerage fee payable,2022-10-31,192945565,2022-12-01
2215.9.2,Clearing Settlement fee payable,2022-10-31,0,2022-12-01
2215.10,Accrued expense for Custodian fee,2022-10-31,23922676,2022-12-01
2215.10.1,Custodian service - Safe Custody Fee,2022-10-31,23022676,2022-12-01
2215.10.2,Custodian service - Transaction fee,2022-10-31,900000,2022-12-01
2215.10.3,"Custodian service -  Depository fee, Position and Margin management fee paid to VSD",2022-10-31,0,2022-12-01
2215.11,Audit fee payable,2022-10-31,101385773,2022-12-01
2215.12,General meeting expense payable,2022-10-31,0,2022-12-01
2215.13,Annual report fee payable,2022-10-31,0,2022-12-01
2215.14,Transfer Agency fee payable,2022-10-31,11000000,2022-12-01
2215.15,Service fee payable to HOSE for calculating iNAV,2022-10-31,0,2022-12-01
2215.16,Authorising index service fee payable to HOSE,2022-10-31,0,2022-12-01
2215.17.1,Price feed fee payable,2022-10-31,0,2022-12-01
2215.17.2,"Accrued expense for Fund's Board of Representatives travelling, meeting",2022-10-31,0,2022-12-01
2215.17.3,Accrued expense for Annual Management Fee pay to SSC,2022-10-31,0,2022-12-01
2215.18,Short-term loans - Repo contracts,2022-10-31,0,2022-12-01
2215.18.1,Principal of repo contracts,2022-10-31,0,2022-12-01
2215.18.2,Accrued Interest Expense,2022-10-31,0,2022-12-01
2215.18.3,Principal of Short-term loans,2022-10-31,0,2022-12-01
2216,TOTAL LIABILITIES,2022-10-31,13787575125,2022-12-01
2217,Net Asset Value ( = I.10 - II.4),2022-10-31,631084672121,2022-12-01
2218,Total Outstanding Fund Certificates,2022-10-31,26614640.54,2022-12-01
2219,Net Asset Value per Fund Certificate,2022-10-31,23711.93,2022-12-01
,Other Receivables,2022-11-30,0,2023-01-04
,Other payables,2022-11-30,0,2023-01-04
2201,Cash and Cash Equivalents,2022-11-30,85877706071,2023-01-04
2203,Cash at bank,2022-11-30,85877706071,2023-01-04
2203.1,Cash at bank for Fund's subscription,2022-11-30,105902396,2023-01-04
2203.2,Cash at bank for Fund's redemption,2022-11-30,56185926,2023-01-04
2203.3,Cash at bank for Fund's operation,2022-11-30,44515617749,2023-01-04
2203.4,Margin account for trading derivatives,2022-11-30,0,2023-01-04
2203.5,"Cash, cash equivalents",2022-11-30,41200000000,2023-01-04
2205,Investments,2022-11-30,494893014329,2023-01-04
2205.1,Listed shares,2022-11-30,0,2023-01-04
2205.2,Unlisted shares,2022-11-30,0,2023-01-04
2205.3,Bonds,2022-11-30,444325669671,2023-01-04
2205.4,Certificates of Deposit,2022-11-30,40567344658,2023-01-04
2205.5,Deposits with term over three (03) months,2022-11-30,10000000000,2023-01-04
2205.6,Investment - Rights,2022-11-30,0,2023-01-04
2205.7,Index future contracts,2022-11-30,0,2023-01-04
2205.8,Other investments,2022-11-30,0,2023-01-04
2205.9,Reverse repo contracts,2022-11-30,0,2023-01-04
2206,"Dividend, Coupon receivables",2022-11-30,13952513006,2023-01-04
2206.1,Dividend receivables,2022-11-30,0,2023-01-04
2206.2,Coupon receivables,2022-11-30,13952513006,2023-01-04
2207,Interest receivables,2022-11-30,1281271234,2023-01-04
2207.1,Interest receivable from bank deposits,2022-11-30,116997261,2023-01-04
2207.2,Interest receivable from Certificates of Deposit,2022-11-30,1164273973,2023-01-04
2207.3,Interest receivable from reverse repo contracts,2022-11-30,0,2023-01-04
2208,Securities Trading Receivables,2022-11-30,0,2023-01-04
2210.1,Impairment of devaluation of pledged assets,2022-11-30,0,2023-01-04
2210.2,Provision for doubtful debt,2022-11-30,0,2023-01-04
2211,Other Assets,2022-11-30,0,2023-01-04
2212,TOTAL ASSETS,2022-11-30,596004504640,2023-01-04
2214,Securities Trading Payables,2022-11-30,0,2023-01-04
2215,Other Payables,2022-11-30,58416936871,2023-01-04
2215.1,Payables to investors,2022-11-30,56403960761,2023-01-04
2215.1.1,Subscription Pending allotment,2022-11-30,165572239,2023-01-04
2215.1.2,Payables to investors for investment bought on behalf,2022-11-30,0,2023-01-04
2215.1.3,Payables to investors for collected dividend,2022-11-30,0,2023-01-04
2215.1.4,Redemption payable to investors,2022-11-30,56238388522,2023-01-04
2215.2,Tax payables and obligations to the State Budget,2022-11-30,91262177,2023-01-04
2215.3,Subscription and Redemption fee payable to distributors and Fund Management Company,2022-11-30,946279808,2023-01-04
2215.4,Income payable to investors,2022-11-30,0,2023-01-04
2215.5,Remuneration Payable to Fund's Board of Representatives,2022-11-30,11670196,2023-01-04
2215.6,Management fee payable,2022-11-30,590298011,2023-01-04
2215.7,Fund Administration fee payable,2022-11-30,16233194,2023-01-04
2215.8,Supervisory service fee payable,2022-11-30,21644260,2023-01-04
2215.9,Transaction fee,2022-11-30,192537125,2023-01-04
2215.9.1,Brokerage fee payable,2022-11-30,192537125,2023-01-04
2215.9.2,Clearing Settlement fee payable,2022-11-30,0,2023-01-04
2215.10,Accrued expense for Custodian fee,2022-11-30,19976602,2023-01-04
2215.10.1,Custodian service - Safe Custody Fee,2022-11-30,19676602,2023-01-04
2215.10.2,Custodian service - Transaction fee,2022-11-30,300000,2023-01-04
2215.10.3,"Custodian service -  Depository fee, Position and Margin management fee paid to VSD",2022-11-30,0,2023-01-04
2215.11,Audit fee payable,2022-11-30,112074737,2023-01-04
2215.12,General meeting expense payable,2022-11-30,0,2023-01-04
2215.13,Annual report fee payable,2022-11-30,0,2023-01-04
2215.14,Transfer Agency fee payable,2022-11-30,11000000,2023-01-04
2215.15,Service fee payable to HOSE for calculating iNAV,2022-11-30,0,2023-01-04
2215.16,Authorising index service fee payable to HOSE,2022-11-30,0,2023-01-04
2215.17.1,Price feed fee payable,2022-11-30,0,2023-01-04
2215.17.2,"Accrued expense for Fund's Board of Representatives travelling, meeting",2022-11-30,0,2023-01-04
2215.17.3,Accrued expense for Annual Management Fee pay to SSC,2022-11-30,0,2023-01-04
2215.18,Short-term loans - Repo contracts,2022-11-30,0,2023-01-04
2215.18.1,Principal of repo contracts,2022-11-30,0,2023-01-04
2215.18.2,Accrued Interest Expense,2022-11-30,0,2023-01-04
2215.18.3,Principal of Short-term loans,2022-11-30,0,2023-01-04
2216,TOTAL LIABILITIES,2022-11-30,58416936871,2023-01-04
2217,Net Asset Value ( = I.10 - II.4),2022-11-30,537587567769,2023-01-04
2218,Total Outstanding Fund Certificates,2022-11-30,22975036.14,2023-01-04
2219,Net Asset Value per Fund Certificate,2022-11-30,23398.76,2023-01-04
2220,Receivables from rental of investment property (not applicable),2022-11-30,0,2023-01-04
2221,Real Estate Proceeds Receivables (not applicale),2022-11-30,0,2023-01-04
2222,Real Estate Trading Payables (not applicable),2022-11-30,0,2023-01-04
,Other Receivables,2022-12-31,0,2023-01-04
,Other payables,2022-12-31,0,2023-01-04
2200,ASSETS,2022-12-31,,2023-02-01
2201,Cash and Cash Equivalents,2022-12-31,90661179782,2023-02-01
2202,Cash,2022-12-31,,2023-02-01
2203,Cash at bank,2022-12-31,90661179782,2023-02-01
2203.1,Cash at bank for Fund's subscription,2022-12-31,22052955,2023-02-01
2203.2,Cash at bank for Fund's redemption,2022-12-31,7148766,2023-02-01
2203.3,Cash at bank for Fund's operation,2022-12-31,2231978061,2023-02-01
2203.4,Margin account for trading derivatives,2022-12-31,0,2023-02-01
2203.5,"Cash, cash equivalents",2022-12-31,88400000000,2023-02-01
2205,Investments,2022-12-31,340198460703,2023-02-01
2205.1,Listed shares,2022-12-31,0,2023-02-01
2205.2,Unlisted shares,2022-12-31,0,2023-02-01
2205.3,Bonds,2022-12-31,310798460703,2023-02-01
2205.4,Certificates of Deposit,2022-12-31,0,2023-02-01
2205.5,Deposits with term over three (03) months,2022-12-31,29400000000,2023-02-01
2205.6,Investment - Rights,2022-12-31,0,2023-02-01
2205.7,Index future contracts,2022-12-31,0,2023-02-01
2205.8,Other investments,2022-12-31,0,2023-02-01
2205.9,Reverse repo contracts,2022-12-31,0,2023-02-01
2206,"Dividend, Coupon receivables",2022-12-31,9637892024,2023-02-01
2206.1,Dividend receivables,2022-12-31,0,2023-02-01
2206.2,Coupon receivables,2022-12-31,9637892024,2023-02-01
2207,Interest receivables,2022-12-31,602849315,2023-02-01
2207.1,Interest receivable from bank deposits,2022-12-31,602849315,2023-02-01
2207.2,Interest receivable from Certificates of Deposit,2022-12-31,0,2023-02-01
2207.3,Interest receivable from reverse repo contracts,2022-12-31,0,2023-02-01
2208,Securities Trading Receivables,2022-12-31,0,2023-02-01
2210,Other Receivables,2022-12-31,0,2023-02-01
2210.1,Impairment of devaluation of pledged assets,2022-12-31,0,2023-02-01
2210.2,Provision for doubtful debt,2022-12-31,0,2023-02-01
2210.3,Other Receivables,2022-12-31,0,2023-02-01
2211,Other Assets,2022-12-31,0,2023-02-01
2212,TOTAL ASSETS,2022-12-31,441100381824,2023-02-01
2213,LIABILITIES,2022-12-31,,2023-02-01
2214,Securities Trading Payables,2022-12-31,0,2023-02-01
2215,Other Payables,2022-12-31,6235484724,2023-02-01
2215.1,Payables to investors,2022-12-31,5291750345,2023-02-01
2215.1.1,Subscription Pending allotment,2022-12-31,147442798,2023-02-01
2215.1.2,Payables to investors for investment bought on behalf,2022-12-31,0,2023-02-01
2215.1.3,Payables to investors for collected dividend,2022-12-31,0,2023-02-01
2215.1.4,Redemption payable to investors,2022-12-31,5144307547,2023-02-01
2215.2,Tax payables and obligations to the State Budget,2022-12-31,91962113,2023-02-01
2215.3,Subscription and Redemption fee payable to distributors and Fund Management Company,2022-12-31,0,2023-02-01
2215.4,Income payable to investors,2022-12-31,0,2023-02-01
2215.5,Remuneration Payable to Fund's Board of Representatives,2022-12-31,12000000,2023-02-01
2215.6,Management fee payable,2022-12-31,466811916,2023-02-01
2215.7,Fund Administration fee payable,2022-12-31,12837327,2023-02-01
2215.8,Supervisory service fee payable,2022-12-31,17163089,2023-02-01
2215.9,Transaction fee,2022-12-31,192537125,2023-02-01
2215.9.1,Brokerage fee payable,2022-12-31,192537125,2023-02-01
2215.9.2,Clearing Settlement fee payable,2022-12-31,0,2023-02-01
2215.10,Accrued expense for Custodian fee,2022-12-31,16302809,2023-02-01
2215.10.1,Custodian service - Safe Custody Fee,2022-12-31,15602809,2023-02-01
2215.10.2,Custodian service - Transaction fee,2022-12-31,700000,2023-02-01
2215.10.3,"Custodian service -  Depository fee, Position and Margin management fee paid to VSD",2022-12-31,0,2023-02-01
2215.11,Audit fee payable,2022-12-31,123120000,2023-02-01
2215.12,General meeting expense payable,2022-12-31,0,2023-02-01
2215.13,Annual report fee payable,2022-12-31,0,2023-02-01
2215.14,Transfer Agency fee payable,2022-12-31,11000000,2023-02-01
2215.15,Service fee payable to HOSE for calculating iNAV,2022-12-31,0,2023-02-01
2215.16,Authorising index service fee payable to HOSE,2022-12-31,0,2023-02-01
2215.17,Other payables,2022-12-31,0,2023-02-01
2215.17.1,Price feed fee payable,2022-12-31,0,2023-02-01
2215.17.2,"Accrued expense for Fund's Board of Representatives travelling, meeting",2022-12-31,0,2023-02-01
2215.17.3,Accrued expense for Annual Management Fee pay to SSC,2022-12-31,0,2023-02-01
2215.17.4,Other payables,2022-12-31,0,2023-02-01
2215.18,Short-term loans - Repo contracts,2022-12-31,0,2023-02-01
2215.18.1,Principal of repo contracts,2022-12-31,0,2023-02-01
2215.18.2,Accrued Interest Expense,2022-12-31,0,2023-02-01
2215.18.3,Principal of Short-term loans,2022-12-31,0,2023-02-01
2216,TOTAL LIABILITIES,2022-12-31,6235484724,2023-02-01
2217,Net Asset Value ( = I.10 - II.4),2022-12-31,434864897100,2023-02-01
2218,Total Outstanding Fund Certificates,2022-12-31,18686118.68,2023-02-01
2219,Net Asset Value per Fund Certificate,2022-12-31,23272.08,2023-02-01
2220,Receivables from rental of investment property (not applicable),2022-12-31,0,2023-02-01
2221,Real Estate Proceeds Receivables (not applicale),2022-12-31,0,2023-02-01
2222,Real Estate Trading Payables (not applicable),2022-12-31,0,2023-02-01
2200,ASSETS,2023-01-31,,2023-03-03
2201,Cash and Cash Equivalents,2023-01-31,94729891940,2023-03-03
2202,Cash,2023-01-31,,2023-03-03
2203,Cash at bank,2023-01-31,94729891940,2023-03-03
2203.1,Cash at bank for Fund's subscription,2023-01-31,331500522,2023-03-03
2203.2,Cash at bank for Fund's redemption,2023-01-31,7148766,2023-03-03
2203.3,Cash at bank for Fund's operation,2023-01-31,291242652,2023-03-03
2203.4,Margin account for trading derivatives,2023-01-31,0,2023-03-03
2203.5,"Cash, cash equivalents",2023-01-31,94100000000,2023-03-03
2205,Investments,2023-01-31,327642999358,2023-03-03
2205.1,"Listed Shares, fund certificates",2023-01-31,0,2023-03-03
2205.1,Listed shares,2023-01-31,0,2023-02-01
2205.2,"Unlisted Shares, fund certifictes",2023-01-31,0,2023-03-03
2205.2,Unlisted shares,2023-01-31,0,2023-02-01
2205.3,Bonds,2023-01-31,298242999358,2023-03-03
2205.4,Certificates of Deposit,2023-01-31,0,2023-03-03
2205.5,Deposits with term over three (03) months,2023-01-31,29400000000,2023-03-03
2205.6,Investment - Rights,2023-01-31,0,2023-03-03
2205.7,Index future contracts,2023-01-31,0,2023-03-03
2205.8,Other investments,2023-01-31,0,2023-03-03
2205.9,Reverse repo contracts,2023-01-31,0,2023-03-03
2206,"Dividend, Coupon receivables",2023-01-31,10177529027,2023-03-03
2206.1,Dividend receivables,2023-01-31,0,2023-03-03
2206.2,Coupon receivables,2023-01-31,10177529027,2023-03-03
2207,Interest receivables,2023-01-31,789665753,2023-03-03
2207.1,Interest receivable from bank deposits,2023-01-31,789665753,2023-03-03
2207.2,Interest receivable from Certificates of Deposit,2023-01-31,0,2023-03-03
2207.3,Interest receivable from reverse repo contracts,2023-01-31,0,2023-03-03
2208,Securities Trading Receivables,2023-01-31,0,2023-03-03
2210,Other Receivables,2023-01-31,425150,2023-03-03
2210.1,Impairment of devaluation of pledged assets,2023-01-31,0,2023-03-03
2210.2,Provision for doubtful debt,2023-01-31,0,2023-03-03
2210.3,Other Receivables,2023-01-31,425150,2023-03-03
2211,Other Assets,2023-01-31,0,2023-03-03
2212,TOTAL ASSETS,2023-01-31,433340511228,2023-03-03
2213,LIABILITIES,2023-01-31,,2023-03-03
2214,Securities Trading Payables,2023-01-31,0,2023-03-03
2215,Other Payables,2023-01-31,3179233370,2023-03-03
2215.1,Payables to investors,2023-01-31,2328714328,2023-03-03
2215.1.1,Subscription Pending allotment,2023-01-31,402590365,2023-03-03
2215.1.2,Payables to investors for investment bought on behalf,2023-01-31,0,2023-03-03
2215.1.3,Payables to investors for collected dividend,2023-01-31,0,2023-03-03
2215.1.4,Redemption payable to investors,2023-01-31,1926123963,2023-03-03
2215.2,Tax payables and obligations to the State Budget,2023-01-31,5728006,2023-03-03
2215.3,Subscription and Redemption fee payable to distributors and Fund Management Company,2023-01-31,0,2023-03-03
2215.4,Income payable to investors,2023-01-31,0,2023-03-03
2215.5,Remuneration Payable to Fund's Board of Representatives,2023-01-31,6509589,2023-03-03
2215.6,Management fee payable,2023-01-31,440828449,2023-03-03
2215.7,Fund Administration fee payable,2023-01-31,12122782,2023-03-03
2215.8,Supervisory service fee payable,2023-01-31,16500000,2023-03-03
2215.9,Transaction fee,2023-01-31,192537125,2023-03-03
2215.9.1,Brokerage fee payable,2023-01-31,192537125,2023-03-03
2215.9.2,Clearing Settlement fee payable,2023-01-31,0,2023-03-03
2215.10,Accrued expense for Custodian fee,2023-01-31,15600000,2023-03-03
2215.10.1,Custodian service - Safe Custody Fee,2023-01-31,15000000,2023-03-03
2215.10.2,Custodian service - Transaction fee,2023-01-31,600000,2023-03-03
2215.10.3,"Custodian service -  Depository fee, Position and Margin management fee paid to VSD",2023-01-31,0,2023-03-03
2215.11,Audit fee payable,2023-01-31,133770411,2023-03-03
2215.12,General meeting expense payable,2023-01-31,0,2023-03-03
2215.13,Annual report fee payable,2023-01-31,0,2023-03-03
2215.14,Transfer Agency fee payable,2023-01-31,11000000,2023-03-03
2215.15,Service fee payable to HOSE for calculating iNAV,2023-01-31,0,2023-03-03
2215.16,Authorising index service fee payable to HOSE,2023-01-31,0,2023-03-03
2215.17,Other payables,2023-01-31,15922680,2023-03-03
2215.17.1,Price feed fee payable,2023-01-31,8094444,2023-03-03
2215.17.2,"Accrued expense for Fund's Board of Representatives travelling, meeting",2023-01-31,0,2023-03-03
2215.17.3,Accrued expense for Annual Management Fee pay to SSC,2023-01-31,636986,2023-03-03
2215.17.4,Other payables,2023-01-31,7191250,2023-03-03
2215.18,Short-term loans - Repo contracts,2023-01-31,0,2023-03-03
2215.18.1,Principal of repo contracts,2023-01-31,0,2023-03-03
2215.18.2,Accrued Interest Expense,2023-01-31,0,2023-03-03
2215.18.3,Principal of Short-term loans,2023-01-31,0,2023-03-03
2216,TOTAL LIABILITIES,2023-01-31,3179233370,2023-03-03
2217,Net Asset Value ( = I.10 - II.4),2023-01-31,430161277858,2023-03-03
2218,Total Outstanding Fund Certificates,2023-01-31,18443288.3,2023-03-03
2219,Net Asset Value per Fund Certificate,2023-01-31,23323.45,2023-03-03
2220,Receivables from rental of investment property (not applicable),2023-01-31,0,2023-03-03
2221,Real Estate Proceeds Receivables (not applicale),2023-01-31,0,2023-03-03
2222,Real Estate Trading Payables (not applicable),2023-01-31,0,2023-03-03
2200,ASSETS,2023-02-28,,2023-04-04
2201,Cash and Cash Equivalents,2023-02-28,58571718981,2023-04-04
2202,Cash,2023-02-28,,2023-04-04
2203,Cash at bank,2023-02-28,58571718981,2023-04-04
2203.1,Cash at bank for Fund's subscription,2023-02-28,232762585,2023-04-04
2203.2,Cash at bank for Fund's redemption,2023-02-28,14217662,2023-04-04
2203.3,Cash at bank for Fund's operation,2023-02-28,2924738734,2023-04-04
2203.4,Margin account for trading derivatives,2023-02-28,0,2023-04-04
2203.5,"Cash, cash equivalents",2023-02-28,55400000000,2023-04-04
2205,Investments,2023-02-28,345219368953,2023-04-04
2205.1,"Listed Shares, fund certificates",2023-02-28,0,2023-04-04
2205.2,"Unlisted Shares, fund certifictes",2023-02-28,0,2023-04-04
2205.3,Bonds,2023-02-28,302519368953,2023-04-04
2205.4,Certificates of Deposit,2023-02-28,0,2023-04-04
2205.5,Deposits with term over three (03) months,2023-02-28,42700000000,2023-04-04
2205.6,Investment - Rights,2023-02-28,0,2023-04-04
2205.7,Index future contracts,2023-02-28,0,2023-04-04
2205.8,Other investments,2023-02-28,0,2023-04-04
2205.9,Reverse repo contracts,2023-02-28,0,2023-04-04
2206,"Dividend, Coupon receivables",2023-02-28,8551662076,2023-04-04
2206.1,Dividend receivables,2023-02-28,0,2023-04-04
2206.2,Coupon receivables,2023-02-28,8551662076,2023-04-04
2207,Interest receivables,2023-02-28,807035617,2023-04-04
2207.1,Interest receivable from bank deposits,2023-02-28,807035617,2023-04-04
2207.2,Interest receivable from Certificates of Deposit,2023-02-28,0,2023-04-04
2207.3,Interest receivable from reverse repo contracts,2023-02-28,0,2023-04-04
2208,Securities Trading Receivables,2023-02-28,0,2023-04-04
2210,Other Receivables,2023-02-28,0,2023-04-04
2210.1,Impairment of devaluation of pledged assets,2023-02-28,0,2023-04-04
2210.2,Provision for doubtful debt,2023-02-28,0,2023-04-04
2210.3,Other Receivables,2023-02-28,0,2023-04-04
2211,Other Assets,2023-02-28,0,2023-04-04
2212,TOTAL ASSETS,2023-02-28,413149785627,2023-04-04
2213,LIABILITIES,2023-02-28,,2023-04-04
2214,Securities Trading Payables,2023-02-28,0,2023-04-04
2215,Other Payables,2023-02-28,11276336202,2023-04-04
2215.1,Payables to investors,2023-02-28,9869442157,2023-04-04
2215.1.1,Subscription Pending allotment,2023-02-28,299712428,2023-04-04
2215.1.2,Payables to investors for investment bought on behalf,2023-02-28,0,2023-04-04
2215.1.3,Payables to investors for collected dividend,2023-02-28,0,2023-04-04
2215.1.4,Redemption payable to investors,2023-02-28,9569729729,2023-04-04
2215.2,Tax payables and obligations to the State Budget,2023-02-28,29504557,2023-04-04
2215.3,Subscription and Redemption fee payable to distributors and Fund Management Company,2023-02-28,0,2023-04-04
2215.4,Income payable to investors,2023-02-28,0,2023-04-04
2215.5,Remuneration Payable to Fund's Board of Representatives,2023-02-28,6969863,2023-04-04
2215.6,Management fee payable,2023-02-28,382250352,2023-04-04
2215.7,Fund Administration fee payable,2023-02-28,11000000,2023-04-04
2215.8,Supervisory service fee payable,2023-02-28,16500000,2023-04-04
2215.9,Transaction fee,2023-02-28,192537125,2023-04-04
2215.9.1,Brokerage fee payable,2023-02-28,192537125,2023-04-04
2215.9.2,Clearing Settlement fee payable,2023-02-28,0,2023-04-04
2215.10,Accrued expense for Custodian fee,2023-02-28,15300000,2023-04-04
2215.10.1,Custodian service - Safe Custody Fee,2023-02-28,15000000,2023-04-04
2215.10.2,Custodian service - Transaction fee,2023-02-28,300000,2023-04-04
2215.10.3,"Custodian service -  Depository fee, Position and Margin management fee paid to VSD",2023-02-28,0,2023-04-04
2215.11,Audit fee payable,2023-02-28,143390137,2023-04-04
2215.12,General meeting expense payable,2023-02-28,0,2023-04-04
2215.13,Annual report fee payable,2023-02-28,0,2023-04-04
2215.14,Transfer Agency fee payable,2023-02-28,11000000,2023-04-04
2215.15,Service fee payable to HOSE for calculating iNAV,2023-02-28,0,2023-04-04
2215.16,Authorising index service fee payable to HOSE,2023-02-28,0,2023-04-04
2215.17,Other payables,2023-02-28,598442011,2023-04-04
2215.17.1,Price feed fee payable,2023-02-28,15405556,2023-04-04
2215.17.2,"Accrued expense for Fund's Board of Representatives travelling, meeting",2023-02-28,0,2023-04-04
2215.17.3,Accrued expense for Annual Management Fee pay to SSC,2023-02-28,1212329,2023-04-04
2215.17.4,Other payables,2023-02-28,581824126,2023-04-04
2215.18,Short-term loans - Repo contracts,2023-02-28,0,2023-04-04
2215.18.1,Principal of repo contracts,2023-02-28,0,2023-04-04
2215.18.2,Accrued Interest Expense,2023-02-28,0,2023-04-04
2215.18.3,Principal of Short-term loans,2023-02-28,0,2023-04-04
2216,TOTAL LIABILITIES,2023-02-28,11276336202,2023-04-04
2217,Net Asset Value ( = I.10 - II.4),2023-02-28,401873449425,2023-04-04
2218,Total Outstanding Fund Certificates,2023-02-28,17117789.37,2023-04-04
2219,Net Asset Value per Fund Certificate,2023-02-28,23476.94,2023-04-04
2220,Receivables from rental of investment property (not applicable),2023-02-28,0,2023-04-04
2221,Real Estate Proceeds Receivables (not applicale),2023-02-28,0,2023-04-04
2222,Real Estate Trading Payables (not applicable),2023-02-28,0,2023-04-04
2200,ASSETS,2023-03-31,,2023-05-05
2201,Cash and Cash Equivalents,2023-03-31,30263658233,2023-05-05
2202,Cash,2023-03-31,,2023-05-05
2203,Cash at bank,2023-03-31,30263658233,2023-05-05
2203.1,Cash at bank for Fund's subscription,2023-03-31,129593541,2023-05-05
2203.2,Cash at bank for Fund's redemption,2023-03-31,4132192,2023-05-05
2203.3,Cash at bank for Fund's operation,2023-03-31,229932500,2023-05-05
2203.4,Margin account for trading derivatives,2023-03-31,0,2023-05-05
2203.5,"Cash, cash equivalents",2023-03-31,29900000000,2023-05-05
2205,Investments,2023-03-31,356816512355,2023-05-05
2205.1,"Listed Shares, fund certificates",2023-03-31,0,2023-05-05
2205.2,"Unlisted Shares, fund certifictes",2023-03-31,0,2023-05-05
2205.3,Bonds,2023-03-31,314116512355,2023-05-05
2205.4,Certificates of Deposit,2023-03-31,0,2023-05-05
2205.5,Deposits with term over three (03) months,2023-03-31,42700000000,2023-05-05
2205.6,Investment - Rights,2023-03-31,0,2023-05-05
2205.7,Index future contracts,2023-03-31,0,2023-05-05
2205.8,Other investments,2023-03-31,0,2023-05-05
2205.9,Reverse repo contracts,2023-03-31,0,2023-05-05
2206,"Dividend, Coupon receivables",2023-03-31,4459109585,2023-05-05
2206.1,Dividend receivables,2023-03-31,0,2023-05-05
2206.2,Coupon receivables,2023-03-31,4459109585,2023-05-05
2207,Interest receivables,2023-03-31,927950684,2023-05-05
2207.1,Interest receivable from bank deposits,2023-03-31,927950684,2023-05-05
2207.2,Interest receivable from Certificates of Deposit,2023-03-31,0,2023-05-05
2207.3,Interest receivable from reverse repo contracts,2023-03-31,0,2023-05-05
2208,Securities Trading Receivables,2023-03-31,0,2023-05-05
2210,Other Receivables,2023-03-31,0,2023-05-05
2210.1,Impairment of devaluation of pledged assets,2023-03-31,0,2023-05-05
2210.2,Provision for doubtful debt,2023-03-31,0,2023-05-05
2210.3,Other Receivables,2023-03-31,0,2023-05-05
2211,Other Assets,2023-03-31,0,2023-05-05
2212,TOTAL ASSETS,2023-03-31,392467230857,2023-05-05
2213,LIABILITIES,2023-03-31,,2023-05-05
2214,Securities Trading Payables,2023-03-31,0,2023-05-05
2215,Other Payables,2023-03-31,4037938646,2023-05-05
2215.1,Payables to investors,2023-03-31,2732628666,2023-05-05
2215.1.1,Subscription Pending allotment,2023-03-31,129593541,2023-05-05
2215.1.2,Payables to investors for investment bought on behalf,2023-03-31,0,2023-05-05
2215.1.3,Payables to investors for collected dividend,2023-03-31,0,2023-05-05
2215.1.4,Redemption payable to investors,2023-03-31,2603035125,2023-05-05
2215.2,Tax payables and obligations to the State Budget,2023-03-31,17361335,2023-05-05
2215.3,Subscription and Redemption fee payable to distributors and Fund Management Company,2023-03-31,106853279,2023-05-05
2215.4,Income payable to investors,2023-03-31,0,2023-05-05
2215.5,Remuneration Payable to Fund's Board of Representatives,2023-03-31,7479452,2023-05-05
2215.6,Management fee payable,2023-03-31,396022220,2023-05-05
2215.7,Fund Administration fee payable,2023-03-31,11073538,2023-05-05
2215.8,Supervisory service fee payable,2023-03-31,16500000,2023-05-05
2215.9,Transaction fee,2023-03-31,192537125,2023-05-05
2215.9.1,Brokerage fee payable,2023-03-31,192537125,2023-05-05
2215.9.2,Clearing Settlement fee payable,2023-03-31,0,2023-05-05
2215.10,Accrued expense for Custodian fee,2023-03-31,15700000,2023-05-05
2215.10.1,Custodian service - Safe Custody Fee,2023-03-31,15000000,2023-05-05
2215.10.2,Custodian service - Transaction fee,2023-03-31,700000,2023-05-05
2215.10.3,"Custodian service -  Depository fee, Position and Margin management fee paid to VSD",2023-03-31,0,2023-05-05
2215.11,Audit fee payable,2023-03-31,30920548,2023-05-05
2215.12,General meeting expense payable,2023-03-31,0,2023-05-05
2215.13,Annual report fee payable,2023-03-31,0,2023-05-05
2215.14,Transfer Agency fee payable,2023-03-31,11000000,2023-05-05
2215.15,Service fee payable to HOSE for calculating iNAV,2023-03-31,0,2023-05-05
2215.16,Authorising index service fee payable to HOSE,2023-03-31,0,2023-05-05
2215.17,Other payables,2023-03-31,499862483,2023-05-05
2215.17.1,Price feed fee payable,2023-03-31,23500000,2023-05-05
2215.17.2,"Accrued expense for Fund's Board of Representatives travelling, meeting",2023-03-31,0,2023-05-05
2215.17.3,Accrued expense for Annual Management Fee pay to SSC,2023-03-31,1849315,2023-05-05
2215.17.4,Other payables,2023-03-31,474513168,2023-05-05
2215.18,Short-term loans - Repo contracts,2023-03-31,0,2023-05-05
2215.18.1,Principal of repo contracts,2023-03-31,0,2023-05-05
2215.18.2,Accrued Interest Expense,2023-03-31,0,2023-05-05
2215.18.3,Principal of Short-term loans,2023-03-31,0,2023-05-05
2216,TOTAL LIABILITIES,2023-03-31,4037938646,2023-05-05
2217,Net Asset Value ( = I.10 - II.4),2023-03-31,388429292211,2023-05-05
2218,Total Outstanding Fund Certificates,2023-03-31,16411929.15,2023-05-05
2219,Net Asset Value per Fund Certificate,2023-03-31,23667.49,2023-05-05
2220,Receivables from rental of investment property (not applicable),2023-03-31,0,2023-05-05
2221,Real Estate Proceeds Receivables (not applicale),2023-03-31,0,2023-05-05
2222,Real Estate Trading Payables (not applicable),2023-03-31,0,2023-05-05
2200,ASSETS,2023-04-30,,2023-06-03
2201,Cash and Cash Equivalents,2023-04-30,14575630093,2023-06-03
2202,Cash,2023-04-30,,2023-06-03
2203,Cash at bank,2023-04-30,14575630093,2023-06-03
2203.1,Cash at bank for Fund's subscription,2023-04-30,84807327,2023-06-03
2203.2,Cash at bank for Fund's redemption,2023-04-30,752214,2023-06-03
2203.3,Cash at bank for Fund's operation,2023-04-30,4090070552,2023-06-03
2203.4,Margin account for trading derivatives,2023-04-30,0,2023-06-03
2203.5,"Cash, cash equivalents",2023-04-30,10400000000,2023-06-03
2205,Investments,2023-04-30,367230512986,2023-06-03
2205.1,"Listed Shares, fund certificates",2023-04-30,0,2023-06-03
2205.2,"Unlisted Shares, fund certifictes",2023-04-30,0,2023-06-03
2205.3,Bonds,2023-04-30,324530512986,2023-06-03
2205.4,Certificates of Deposit,2023-04-30,0,2023-06-03
2205.5,Deposits with term over three (03) months,2023-04-30,42700000000,2023-06-03
2205.6,Investment - Rights,2023-04-30,0,2023-06-03
2205.7,Index future contracts,2023-04-30,0,2023-06-03
2205.8,Other investments,2023-04-30,0,2023-06-03
2205.9,Reverse repo contracts,2023-04-30,0,2023-06-03
2206,"Dividend, Coupon receivables",2023-04-30,5663448978,2023-06-03
2206.1,Dividend receivables,2023-04-30,0,2023-06-03
2206.2,Coupon receivables,2023-04-30,5663448978,2023-06-03
2207,Interest receivables,2023-04-30,1160932876,2023-06-03
2207.1,Interest receivable from bank deposits,2023-04-30,1160932876,2023-06-03
2207.2,Interest receivable from Certificates of Deposit,2023-04-30,0,2023-06-03
2207.3,Interest receivable from reverse repo contracts,2023-04-30,0,2023-06-03
2208,Securities Trading Receivables,2023-04-30,0,2023-06-03
2210,Other Receivables,2023-04-30,0,2023-06-03
2210.1,Impairment of devaluation of pledged assets,2023-04-30,0,2023-06-03
2210.2,Provision for doubtful debt,2023-04-30,0,2023-06-03
2210.3,Other Receivables,2023-04-30,0,2023-06-03
2211,Other Assets,2023-04-30,0,2023-06-03
2212,TOTAL ASSETS,2023-04-30,388630524933,2023-06-03
2213,LIABILITIES,2023-04-30,,2023-06-03
2214,Securities Trading Payables,2023-04-30,0,2023-06-03
2215,Other Payables,2023-04-30,2301997997,2023-06-03
2215.1,Payables to investors,2023-04-30,1204788785,2023-06-03
2215.1.1,Subscription Pending allotment,2023-04-30,84807327,2023-06-03
2215.1.2,Payables to investors for investment bought on behalf,2023-04-30,0,2023-06-03
2215.1.3,Payables to investors for collected dividend,2023-04-30,0,2023-06-03
2215.1.4,Redemption payable to investors,2023-04-30,1119981458,2023-06-03
2215.2,Tax payables and obligations to the State Budget,2023-04-30,4810289,2023-06-03
2215.3,Subscription and Redemption fee payable to distributors and Fund Management Company,2023-04-30,33568588,2023-06-03
2215.4,Income payable to investors,2023-04-30,0,2023-06-03
2215.5,Remuneration Payable to Fund's Board of Representatives,2023-04-30,7972603,2023-06-03
2215.6,Management fee payable,2023-04-30,382216351,2023-06-03
2215.7,Fund Administration fee payable,2023-04-30,11000000,2023-06-03
2215.8,Supervisory service fee payable,2023-04-30,16500000,2023-06-03
2215.9,Transaction fee,2023-04-30,192537125,2023-06-03
2215.9.1,Brokerage fee payable,2023-04-30,192537125,2023-06-03
2215.9.2,Clearing Settlement fee payable,2023-04-30,0,2023-06-03
2215.10,Accrued expense for Custodian fee,2023-04-30,15500000,2023-06-03
2215.10.1,Custodian service - Safe Custody Fee,2023-04-30,15000000,2023-06-03
2215.10.2,Custodian service - Transaction fee,2023-04-30,500000,2023-06-03
2215.10.3,"Custodian service -  Depository fee, Position and Margin management fee paid to VSD",2023-04-30,0,2023-06-03
2215.11,Audit fee payable,2023-04-30,41227397,2023-06-03
2215.12,General meeting expense payable,2023-04-30,0,2023-06-03
2215.13,Annual report fee payable,2023-04-30,0,2023-06-03
2215.14,Transfer Agency fee payable,2023-04-30,11000000,2023-06-03
2215.15,Service fee payable to HOSE for calculating iNAV,2023-04-30,0,2023-06-03
2215.16,Authorising index service fee payable to HOSE,2023-04-30,0,2023-06-03
2215.17,Other payables,2023-04-30,380876859,2023-06-03
2215.17.1,Price feed fee payable,2023-04-30,7747253,2023-06-03
2215.17.2,"Accrued expense for Fund's Board of Representatives travelling, meeting",2023-04-30,0,2023-06-03
2215.17.3,Accrued expense for Annual Management Fee pay to SSC,2023-04-30,2465753,2023-06-03
2215.17.4,Other payables,2023-04-30,370663853,2023-06-03
2215.18,Short-term loans - Repo contracts,2023-04-30,0,2023-06-03
2215.18.1,Principal of repo contracts,2023-04-30,0,2023-06-03
2215.18.2,Accrued Interest Expense,2023-04-30,0,2023-06-03
2215.18.3,Principal of Short-term loans,2023-04-30,0,2023-06-03
2216,TOTAL LIABILITIES,2023-04-30,2301997997,2023-06-03
2217,Net Asset Value ( = I.10 - II.4),2023-04-30,386328526936,2023-06-03
2218,Total Outstanding Fund Certificates,2023-04-30,16217384.4,2023-06-03
2219,Net Asset Value per Fund Certificate,2023-04-30,23821.87,2023-06-03
2220,Receivables from rental of investment property (not applicable),2023-04-30,0,2023-06-03
2221,Real Estate Proceeds Receivables (not applicale),2023-04-30,0,2023-06-03
2222,Real Estate Trading Payables (not applicable),2023-04-30,0,2023-06-03
2200,ASSETS,2023-05-31,,2023-07-04
2201,Cash and Cash Equivalents,2023-05-31,67393407268,2023-07-04
2202,Cash,2023-05-31,,2023-07-04
2203,Cash at bank,2023-05-31,67393407268,2023-07-04
2203.1,Cash at bank for Fund's subscription,2023-05-31,246587368,2023-07-04
2203.2,Cash at bank for Fund's redemption,2023-05-31,752214,2023-07-04
2203.3,Cash at bank for Fund's operation,2023-05-31,346067686,2023-07-04
2203.4,Margin account for trading derivatives,2023-05-31,0,2023-07-04
2203.5,"Cash, cash equivalents",2023-05-31,66800000000,2023-07-04
2205,Investments,2023-05-31,315282821886,2023-07-04
2205.1,"Listed Shares, fund certificates",2023-05-31,0,2023-07-04
2205.2,"Unlisted Shares, fund certifictes",2023-05-31,0,2023-07-04
2205.3,Bonds,2023-05-31,282582821886,2023-07-04
2205.4,Certificates of Deposit,2023-05-31,0,2023-07-04
2205.5,Deposits with term over three (03) months,2023-05-31,32700000000,2023-07-04
2205.6,Investment - Rights,2023-05-31,0,2023-07-04
2205.7,Index future contracts,2023-05-31,0,2023-07-04
2205.8,Other investments,2023-05-31,0,2023-07-04
2205.9,Reverse repo contracts,2023-05-31,0,2023-07-04
2206,"Dividend, Coupon receivables",2023-05-31,6742173749,2023-07-04
2206.1,Dividend receivables,2023-05-31,0,2023-07-04
2206.2,Coupon receivables,2023-05-31,6742173749,2023-07-04
2207,Interest receivables,2023-05-31,1015668493,2023-07-04
2207.1,Interest receivable from bank deposits,2023-05-31,1015668493,2023-07-04
2207.2,Interest receivable from Certificates of Deposit,2023-05-31,0,2023-07-04
2207.3,Interest receivable from reverse repo contracts,2023-05-31,0,2023-07-04
2208,Securities Trading Receivables,2023-05-31,0,2023-07-04
2210,Other Receivables,2023-05-31,0,2023-07-04
2210.1,Impairment of devaluation of pledged assets,2023-05-31,0,2023-07-04
2210.2,Provision for doubtful debt,2023-05-31,0,2023-07-04
2210.3,Other Receivables,2023-05-31,0,2023-07-04
2211,Other Assets,2023-05-31,13935699,2023-07-04
2212,TOTAL ASSETS,2023-05-31,390448007095,2023-07-04
2213,LIABILITIES,2023-05-31,,2023-07-04
2214,Securities Trading Payables,2023-05-31,0,2023-07-04
2215,Other Payables,2023-05-31,3267522974,2023-07-04
2215.1,Payables to investors,2023-05-31,2260019459,2023-07-04
2215.1.1,Subscription Pending allotment,2023-05-31,246587368,2023-07-04
2215.1.2,Payables to investors for investment bought on behalf,2023-05-31,0,2023-07-04
2215.1.3,Payables to investors for collected dividend,2023-05-31,0,2023-07-04
2215.1.4,Redemption payable to investors,2023-05-31,2013432091,2023-07-04
2215.2,Tax payables and obligations to the State Budget,2023-05-31,2865233,2023-07-04
2215.3,Subscription and Redemption fee payable to distributors and Fund Management Company,2023-05-31,20154810,2023-07-04
2215.4,Income payable to investors,2023-05-31,0,2023-07-04
2215.5,Remuneration Payable to Fund's Board of Representatives,2023-05-31,8482192,2023-07-04
2215.6,Management fee payable,2023-05-31,395077966,2023-07-04
2215.7,Fund Administration fee payable,2023-05-31,11000000,2023-07-04
2215.8,Supervisory service fee payable,2023-05-31,16500000,2023-07-04
2215.9,Transaction fee,2023-05-31,192537125,2023-07-04
2215.9.1,Brokerage fee payable,2023-05-31,192537125,2023-07-04
2215.9.2,Clearing Settlement fee payable,2023-05-31,0,2023-07-04
2215.10,Accrued expense for Custodian fee,2023-05-31,15800000,2023-07-04
2215.10.1,Custodian service - Safe Custody Fee,2023-05-31,15000000,2023-07-04
2215.10.2,Custodian service - Transaction fee,2023-05-31,800000,2023-07-04
2215.10.3,"Custodian service -  Depository fee, Position and Margin management fee paid to VSD",2023-05-31,0,2023-07-04
2215.11,Audit fee payable,2023-05-31,51877808,2023-07-04
2215.12,General meeting expense payable,2023-05-31,0,2023-07-04
2215.13,Annual report fee payable,2023-05-31,0,2023-07-04
2215.14,Transfer Agency fee payable,2023-05-31,11000000,2023-07-04
2215.15,Service fee payable to HOSE for calculating iNAV,2023-05-31,0,2023-07-04
2215.16,Authorising index service fee payable to HOSE,2023-05-31,0,2023-07-04
2215.17,Other payables,2023-05-31,282208381,2023-07-04
2215.17.1,Price feed fee payable,2023-05-31,15752747,2023-07-04
2215.17.2,"Accrued expense for Fund's Board of Representatives travelling, meeting",2023-05-31,0,2023-07-04
2215.17.3,Accrued expense for Annual Management Fee pay to SSC,2023-05-31,3102740,2023-07-04
2215.17.4,Other payables,2023-05-31,263352894,2023-07-04
2215.18,Short-term loans - Repo contracts,2023-05-31,0,2023-07-04
2215.18.1,Principal of repo contracts,2023-05-31,0,2023-07-04
2215.18.2,Accrued Interest Expense,2023-05-31,0,2023-07-04
2215.18.3,Principal of Short-term loans,2023-05-31,0,2023-07-04
2216,TOTAL LIABILITIES,2023-05-31,3267522974,2023-07-04
2217,Net Asset Value ( = I.10 - II.4),2023-05-31,387180484121,2023-07-04
2218,Total Outstanding Fund Certificates,2023-05-31,16125230.89,2023-07-04
2219,Net Asset Value per Fund Certificate,2023-05-31,24010.84,2023-07-04
2220,Receivables from rental of investment property (not applicable),2023-05-31,0,2023-07-04
2221,Real Estate Proceeds Receivables (not applicale),2023-05-31,0,2023-07-04
2222,Real Estate Trading Payables (not applicable),2023-05-31,0,2023-07-04
2200,ASSETS,2023-06-30,,2023-08-02
2201,Cash and Cash Equivalents,2023-06-30,16263880770,2023-08-02
2202,Cash,2023-06-30,,2023-08-02
2203,Cash at bank,2023-06-30,16263880770,2023-08-02
2203.1,Cash at bank for Fund's subscription,2023-06-30,89828626,2023-08-02
2203.2,Cash at bank for Fund's redemption,2023-06-30,852205,2023-08-02
2203.3,Cash at bank for Fund's operation,2023-06-30,7173199939,2023-08-02
2203.4,Margin account for trading derivatives,2023-06-30,0,2023-08-02
2203.5,"Cash, cash equivalents",2023-06-30,9000000000,2023-08-02
2205,Investments,2023-06-30,369155965298,2023-08-02
2205.1,"Listed Shares, fund certificates",2023-06-30,0,2023-08-02
2205.2,"Unlisted Shares, fund certifictes",2023-06-30,0,2023-08-02
2205.3,Bonds,2023-06-30,315248417147,2023-08-02
2205.4,Certificates of Deposit,2023-06-30,40607548151,2023-08-02
2205.5,Deposits with term over three (03) months,2023-06-30,13300000000,2023-08-02
2205.6,Investment - Rights,2023-06-30,0,2023-08-02
2205.7,Index future contracts,2023-06-30,0,2023-08-02
2205.8,Other investments,2023-06-30,0,2023-08-02
2205.9,Reverse repo contracts,2023-06-30,0,2023-08-02
2206,"Dividend, Coupon receivables",2023-06-30,9395857740,2023-08-02
2206.1,Dividend receivables,2023-06-30,0,2023-08-02
2206.2,Coupon receivables,2023-06-30,9395857740,2023-08-02
2207,Interest receivables,2023-06-30,3886881233,2023-08-02
2207.1,Interest receivable from bank deposits,2023-06-30,16881233,2023-08-02
2207.2,Interest receivable from Certificates of Deposit,2023-06-30,3870000000,2023-08-02
2207.3,Interest receivable from reverse repo contracts,2023-06-30,0,2023-08-02
2208,Securities Trading Receivables,2023-06-30,0,2023-08-02
2210,Other Receivables,2023-06-30,0,2023-08-02
2210.1,Impairment of devaluation of pledged assets,2023-06-30,0,2023-08-02
2210.2,Provision for doubtful debt,2023-06-30,0,2023-08-02
2210.3,Other Receivables,2023-06-30,0,2023-08-02
2211,Other Assets,2023-06-30,16250326,2023-08-02
2212,TOTAL ASSETS,2023-06-30,398718835367,2023-08-02
2213,LIABILITIES,2023-06-30,,2023-08-02
2214,Securities Trading Payables,2023-06-30,7081060000,2023-08-02
2215,Other Payables,2023-06-30,1189671946,2023-08-02
2215.1,Payables to investors,2023-06-30,282773863,2023-08-02
2215.1.1,Subscription Pending allotment,2023-06-30,89828626,2023-08-02
2215.1.2,Payables to investors for investment bought on behalf,2023-06-30,0,2023-08-02
2215.1.3,Payables to investors for collected dividend,2023-06-30,0,2023-08-02
2215.1.4,Redemption payable to investors,2023-06-30,192945237,2023-08-02
2215.2,Tax payables and obligations to the State Budget,2023-06-30,1051206,2023-08-02
2215.3,Subscription and Redemption fee payable to distributors and Fund Management Company,2023-06-30,13706446,2023-08-02
2215.4,Income payable to investors,2023-06-30,0,2023-08-02
2215.5,Remuneration Payable to Fund's Board of Representatives,2023-06-30,8975342,2023-08-02
2215.6,Management fee payable,2023-06-30,384012671,2023-08-02
2215.7,Fund Administration fee payable,2023-06-30,11000000,2023-08-02
2215.8,Supervisory service fee payable,2023-06-30,16500000,2023-08-02
2215.9,Transaction fee,2023-06-30,193953337,2023-08-02
2215.9.1,Brokerage fee payable,2023-06-30,193953337,2023-08-02
2215.9.2,Clearing Settlement fee payable,2023-06-30,0,2023-08-02
2215.10,Accrued expense for Custodian fee,2023-06-30,16600000,2023-08-02
2215.10.1,Custodian service - Safe Custody Fee,2023-06-30,15000000,2023-08-02
2215.10.2,Custodian service - Transaction fee,2023-06-30,1600000,2023-08-02
2215.10.3,"Custodian service -  Depository fee, Position and Margin management fee paid to VSD",2023-06-30,0,2023-08-02
2215.11,Audit fee payable,2023-06-30,63376324,2023-08-02
2215.12,General meeting expense payable,2023-06-30,0,2023-08-02
2215.13,Annual report fee payable,2023-06-30,0,2023-08-02
2215.14,Transfer Agency fee payable,2023-06-30,11000000,2023-08-02
2215.15,Service fee payable to HOSE for calculating iNAV,2023-06-30,0,2023-08-02
2215.16,Authorising index service fee payable to HOSE,2023-06-30,0,2023-08-02
2215.17,Other payables,2023-06-30,186722757,2023-08-02
2215.17.1,Price feed fee payable,2023-06-30,23500000,2023-08-02
2215.17.2,"Accrued expense for Fund's Board of Representatives travelling, meeting",2023-06-30,0,2023-08-02
2215.17.3,Accrued expense for Annual Management Fee pay to SSC,2023-06-30,3719178,2023-08-02
2215.17.4,Other payables,2023-06-30,159503579,2023-08-02
2215.18,Short-term loans - Repo contracts,2023-06-30,0,2023-08-02
2215.18.1,Principal of repo contracts,2023-06-30,0,2023-08-02
2215.18.2,Accrued Interest Expense,2023-06-30,0,2023-08-02
2215.18.3,Principal of Short-term loans,2023-06-30,0,2023-08-02
2216,TOTAL LIABILITIES,2023-06-30,8270731946,2023-08-02
2217,Net Asset Value ( = I.10 - II.4),2023-06-30,390448103421,2023-08-02
2218,Total Outstanding Fund Certificates,2023-06-30,16131652.86,2023-08-02
2219,Net Asset Value per Fund Certificate,2023-06-30,24203.84,2023-08-02
2220,Receivables from rental of investment property (not applicable),2023-06-30,0,2023-08-02
2221,Real Estate Proceeds Receivables (not applicale),2023-06-30,0,2023-08-02
2222,Real Estate Trading Payables (not applicable),2023-06-30,0,2023-08-02
2200,ASSETS,2023-07-31,,2023-09-05
2201,Cash and Cash Equivalents,2023-07-31,32864713918,2023-09-05
2202,Cash,2023-07-31,,2023-09-05
2203,Cash at bank,2023-07-31,32864713918,2023-09-05
2203.1,Cash at bank for Fund's subscription,2023-07-31,167640871,2023-09-05
2203.2,Cash at bank for Fund's redemption,2023-07-31,2050743,2023-09-05
2203.3,Cash at bank for Fund's operation,2023-07-31,295022304,2023-09-05
2203.4,Margin account for trading derivatives,2023-07-31,0,2023-09-05
2203.5,"Cash, cash equivalents",2023-07-31,32400000000,2023-09-05
2205,Investments,2023-07-31,351886529154,2023-09-05
2205.1,"Listed Shares, fund certificates",2023-07-31,0,2023-09-05
2205.2,"Unlisted Shares, fund certifictes",2023-07-31,0,2023-09-05
2205.3,Bonds,2023-07-31,303586529154,2023-09-05
2205.4,Certificates of Deposit,2023-07-31,35000000000,2023-09-05
2205.5,Deposits with term over three (03) months,2023-07-31,13300000000,2023-09-05
2205.6,Investment - Rights,2023-07-31,0,2023-09-05
2205.7,Index future contracts,2023-07-31,0,2023-09-05
2205.8,Other investments,2023-07-31,0,2023-09-05
2205.9,Reverse repo contracts,2023-07-31,0,2023-09-05
2206,"Dividend, Coupon receivables",2023-07-31,8018461669,2023-09-05
2206.1,Dividend receivables,2023-07-31,0,2023-09-05
2206.2,Coupon receivables,2023-07-31,8018461669,2023-09-05
2207,Interest receivables,2023-07-31,19652603,2023-09-05
2207.1,Interest receivable from bank deposits,2023-07-31,19652603,2023-09-05
2207.2,Interest receivable from Certificates of Deposit,2023-07-31,0,2023-09-05
2207.3,Interest receivable from reverse repo contracts,2023-07-31,0,2023-09-05
2208,Securities Trading Receivables,2023-07-31,0,2023-09-05
2210,Other Receivables,2023-07-31,0,2023-09-05
2210.1,Impairment of devaluation of pledged assets,2023-07-31,0,2023-09-05
2210.2,Provision for doubtful debt,2023-07-31,0,2023-09-05
2210.3,Other Receivables,2023-07-31,0,2023-09-05
2211,Other Assets,2023-07-31,13512500,2023-09-05
2212,TOTAL ASSETS,2023-07-31,392802869844,2023-09-05
2213,LIABILITIES,2023-07-31,,2023-09-05
2214,Securities Trading Payables,2023-07-31,0,2023-09-05
2215,Other Payables,2023-07-31,3685336706,2023-09-05
2215.1,Payables to investors,2023-07-31,2866523645,2023-09-05
2215.1.1,Subscription Pending allotment,2023-07-31,167640871,2023-09-05
2215.1.2,Payables to investors for investment bought on behalf,2023-07-31,0,2023-09-05
2215.1.3,Payables to investors for collected dividend,2023-07-31,0,2023-09-05
2215.1.4,Redemption payable to investors,2023-07-31,2698882774,2023-09-05
2215.2,Tax payables and obligations to the State Budget,2023-07-31,5496735,2023-09-05
2215.3,Subscription and Redemption fee payable to distributors and Fund Management Company,2023-07-31,19525618,2023-09-05
2215.4,Income payable to investors,2023-07-31,0,2023-09-05
2215.5,Remuneration Payable to Fund's Board of Representatives,2023-07-31,9484932,2023-09-05
2215.6,Management fee payable,2023-07-31,393806946,2023-09-05
2215.7,Fund Administration fee payable,2023-07-31,11000000,2023-09-05
2215.8,Supervisory service fee payable,2023-07-31,16500000,2023-09-05
2215.9,Transaction fee,2023-07-31,192537125,2023-09-05
2215.9.1,Brokerage fee payable,2023-07-31,192537125,2023-09-05
2215.9.2,Clearing Settlement fee payable,2023-07-31,0,2023-09-05
2215.10,Accrued expense for Custodian fee,2023-07-31,16350000,2023-09-05
2215.10.1,Custodian service - Safe Custody Fee,2023-07-31,15000000,2023-09-05
2215.10.2,Custodian service - Transaction fee,2023-07-31,600000,2023-09-05
2215.10.3,"Custodian service -  Depository fee, Position and Margin management fee paid to VSD",2023-07-31,750000,2023-09-05
2215.11,Audit fee payable,2023-07-31,78644443,2023-09-05
2215.12,General meeting expense payable,2023-07-31,0,2023-09-05
2215.13,Annual report fee payable,2023-07-31,0,2023-09-05
2215.14,Transfer Agency fee payable,2023-07-31,11000000,2023-09-05
2215.15,Service fee payable to HOSE for calculating iNAV,2023-07-31,0,2023-09-05
2215.16,Authorising index service fee payable to HOSE,2023-07-31,0,2023-09-05
2215.17,Other payables,2023-07-31,64467262,2023-09-05
2215.17.1,Price feed fee payable,2023-07-31,7918478,2023-09-05
2215.17.2,"Accrued expense for Fund's Board of Representatives travelling, meeting",2023-07-31,0,2023-09-05
2215.17.3,Accrued expense for Annual Management Fee pay to SSC,2023-07-31,4356164,2023-09-05
2215.17.4,Other payables,2023-07-31,52192620,2023-09-05
2215.18,Short-term loans - Repo contracts,2023-07-31,0,2023-09-05
2215.18.1,Principal of repo contracts,2023-07-31,0,2023-09-05
2215.18.2,Accrued Interest Expense,2023-07-31,0,2023-09-05
2215.18.3,Principal of Short-term loans,2023-07-31,0,2023-09-05
2216,TOTAL LIABILITIES,2023-07-31,3685336706,2023-09-05
2217,Net Asset Value ( = I.10 - II.4),2023-07-31,389117533138,2023-09-05
2218,Total Outstanding Fund Certificates,2023-07-31,15944482.22,2023-09-05
2219,Net Asset Value per Fund Certificate,2023-07-31,24404.52,2023-09-05
2220,Receivables from rental of investment property (not applicable),2023-07-31,0,2023-09-05
2221,Real Estate Proceeds Receivables (not applicale),2023-07-31,0,2023-09-05
2222,Real Estate Trading Payables (not applicable),2023-07-31,0,2023-09-05
2200,ASSETS,2023-08-31,,2023-10-02
2201,Cash and Cash Equivalents,2023-08-31,33139436711,2023-10-02
2202,Cash,2023-08-31,,2023-10-02
2203,Cash at bank,2023-08-31,33139436711,2023-10-02
2203.1,Cash at bank for Fund's subscription,2023-08-31,395171252,2023-10-02
2203.2,Cash at bank for Fund's redemption,2023-08-31,2050743,2023-10-02
2203.3,Cash at bank for Fund's operation,2023-08-31,142214716,2023-10-02
2203.4,Margin account for trading derivatives,2023-08-31,0,2023-10-02
2203.5,"Cash, cash equivalents",2023-08-31,32600000000,2023-10-02
2205,Investments,2023-08-31,357734410328,2023-10-02
2205.1,"Listed Shares, fund certificates",2023-08-31,0,2023-10-02
2205.2,"Unlisted Shares, fund certifictes",2023-08-31,0,2023-10-02
2205.3,Bonds,2023-08-31,322734410328,2023-10-02
2205.4,Certificates of Deposit,2023-08-31,35000000000,2023-10-02
2205.5,Deposits with term over three (03) months,2023-08-31,0,2023-10-02
2205.6,Investment - Rights,2023-08-31,0,2023-10-02
2205.7,Index future contracts,2023-08-31,0,2023-10-02
2205.8,Other investments,2023-08-31,0,2023-10-02
2205.9,Reverse repo contracts,2023-08-31,0,2023-10-02
2206,"Dividend, Coupon receivables",2023-08-31,5256303359,2023-10-02
2206.1,Dividend receivables,2023-08-31,0,2023-10-02
2206.2,Coupon receivables,2023-08-31,5256303359,2023-10-02
2207,Interest receivables,2023-08-31,431513971,2023-10-02
2207.1,Interest receivable from bank deposits,2023-08-31,104527670,2023-10-02
2207.2,Interest receivable from Certificates of Deposit,2023-08-31,326986301,2023-10-02
2207.3,Interest receivable from reverse repo contracts,2023-08-31,0,2023-10-02
2208,Securities Trading Receivables,2023-08-31,0,2023-10-02
2210,Other Receivables,2023-08-31,0,2023-10-02
2210.1,Impairment of devaluation of pledged assets,2023-08-31,0,2023-10-02
2210.2,Provision for doubtful debt,2023-08-31,0,2023-10-02
2210.3,Other Receivables,2023-08-31,0,2023-10-02
2211,Other Assets,2023-08-31,10774674,2023-10-02
2212,TOTAL ASSETS,2023-08-31,396572439043,2023-10-02
2213,LIABILITIES,2023-08-31,,2023-10-02
2214,Securities Trading Payables,2023-08-31,0,2023-10-02
2215,Other Payables,2023-08-31,1701597099,2023-10-02
2215.1,Payables to investors,2023-08-31,986126733,2023-10-02
2215.1.1,Subscription Pending allotment,2023-08-31,395171252,2023-10-02
2215.1.2,Payables to investors for investment bought on behalf,2023-08-31,0,2023-10-02
2215.1.3,Payables to investors for collected dividend,2023-08-31,0,2023-10-02
2215.1.4,Redemption payable to investors,2023-08-31,590955481,2023-10-02
2215.2,Tax payables and obligations to the State Budget,2023-08-31,1043869,2023-10-02
2215.3,Subscription and Redemption fee payable to distributors and Fund Management Company,2023-08-31,11415708,2023-10-02
2215.4,Income payable to investors,2023-08-31,0,2023-10-02
2215.5,Remuneration Payable to Fund's Board of Representatives,2023-08-31,9994521,2023-10-02
2215.6,Management fee payable,2023-08-31,399270907,2023-10-02
2215.7,Fund Administration fee payable,2023-08-31,11024315,2023-10-02
2215.8,Supervisory service fee payable,2023-08-31,16500000,2023-10-02
2215.9,Transaction fee,2023-08-31,192537125,2023-10-02
2215.9.1,Brokerage fee payable,2023-08-31,192537125,2023-10-02
2215.9.2,Clearing Settlement fee payable,2023-08-31,0,2023-10-02
2215.10,Accrued expense for Custodian fee,2023-08-31,16350000,2023-10-02
2215.10.1,Custodian service - Safe Custody Fee,2023-08-31,15000000,2023-10-02
2215.10.2,Custodian service - Transaction fee,2023-08-31,600000,2023-10-02
2215.10.3,"Custodian service -  Depository fee, Position and Margin management fee paid to VSD",2023-08-31,750000,2023-10-02
2215.11,Audit fee payable,2023-08-31,18312563,2023-10-02
2215.12,General meeting expense payable,2023-08-31,0,2023-10-02
2215.13,Annual report fee payable,2023-08-31,0,2023-10-02
2215.14,Transfer Agency fee payable,2023-08-31,11000000,2023-10-02
2215.15,Service fee payable to HOSE for calculating iNAV,2023-08-31,0,2023-10-02
2215.16,Authorising index service fee payable to HOSE,2023-08-31,0,2023-10-02
2215.17,Other payables,2023-08-31,28021358,2023-10-02
2215.17.1,Price feed fee payable,2023-08-31,15836957,2023-10-02
2215.17.2,"Accrued expense for Fund's Board of Representatives travelling, meeting",2023-08-31,0,2023-10-02
2215.17.3,Accrued expense for Annual Management Fee pay to SSC,2023-08-31,4993151,2023-10-02
2215.17.4,Other payables,2023-08-31,7191250,2023-10-02
2215.18,Short-term loans - Repo contracts,2023-08-31,0,2023-10-02
2215.18.1,Principal of repo contracts,2023-08-31,0,2023-10-02
2215.18.2,Accrued Interest Expense,2023-08-31,0,2023-10-02
2215.18.3,Principal of Short-term loans,2023-08-31,0,2023-10-02
2216,TOTAL LIABILITIES,2023-08-31,1701597099,2023-10-02
2217,Net Asset Value ( = I.10 - II.4),2023-08-31,394870841944,2023-10-02
2218,Total Outstanding Fund Certificates,2023-08-31,16063863.49,2023-10-02
2219,Net Asset Value per Fund Certificate,2023-08-31,24581.31,2023-10-02
2220,Receivables from rental of investment property (not applicable),2023-08-31,0,2023-10-02
2221,Real Estate Proceeds Receivables (not applicale),2023-08-31,0,2023-10-02
2222,Real Estate Trading Payables (not applicable),2023-08-31,0,2023-10-02
2200,ASSETS,2023-09-30,,2023-11-02
2201,Cash and Cash Equivalents,2023-09-30,11725701695,2023-11-02
2202,Cash,2023-09-30,,2023-11-02
2203,Cash at bank,2023-09-30,11725701695,2023-11-02
2203.1,Cash at bank for Fund's subscription,2023-09-30,214330296,2023-11-02
2203.2,Cash at bank for Fund's redemption,2023-09-30,5556834,2023-11-02
2203.3,Cash at bank for Fund's operation,2023-09-30,705814565,2023-11-02
2203.4,Margin account for trading derivatives,2023-09-30,0,2023-11-02
2203.5,"Cash, cash equivalents",2023-09-30,10800000000,2023-11-02
2205,Investments,2023-09-30,382101274743,2023-11-02
2205.1,"Listed Shares, fund certificates",2023-09-30,0,2023-11-02
2205.2,"Unlisted Shares, fund certifictes",2023-09-30,0,2023-11-02
2205.3,Bonds,2023-09-30,347101274743,2023-11-02
2205.4,Certificates of Deposit,2023-09-30,35000000000,2023-10-02
2205.4,Money market instruments,2023-09-30,35000000000,2023-11-02
2205.5,Deposits with term over three (03) months,2023-09-30,0,2023-11-02
2205.6,Investment - Rights,2023-09-30,0,2023-11-02
2205.7,Index future contracts,2023-09-30,0,2023-11-02
2205.8,Other investments,2023-09-30,0,2023-11-02
2205.9,Reverse repo contracts,2023-09-30,0,2023-11-02
2206,"Dividend, Coupon receivables",2023-09-30,7937357824,2023-11-02
2206.1,Dividend receivables,2023-09-30,0,2023-11-02
2206.2,Coupon receivables,2023-09-30,7937357824,2023-11-02
2207,Interest receivables,2023-09-30,670233974,2023-11-02
2207.1,Interest receivable from bank deposits,2023-09-30,26809316,2023-11-02
2207.2,Interest receivable from Certificates of Deposit,2023-09-30,643424658,2023-10-02
2207.2,Interest receivable from Money market instruments,2023-09-30,643424658,2023-11-02
2207.3,Interest receivable from reverse repo contracts,2023-09-30,0,2023-11-02
2208,Securities Trading Receivables,2023-09-30,0,2023-11-02
2210,Other Receivables,2023-09-30,0,2023-11-02
2210.1,Impairment of devaluation of pledged assets,2023-09-30,0,2023-11-02
2210.2,Provision for doubtful debt,2023-09-30,0,2023-11-02
2210.3,Other Receivables,2023-09-30,0,2023-11-02
2211,Other Assets,2023-09-30,8125165,2023-11-02
2212,TOTAL ASSETS,2023-09-30,402442693401,2023-11-02
2213,LIABILITIES,2023-09-30,,2023-11-02
2214,Securities Trading Payables,2023-09-30,0,2023-11-02
2215,Other Payables,2023-09-30,2016432308,2023-11-02
2215.1,Payables to investors,2023-09-30,1273683648,2023-11-02
2215.1.1,Subscription Pending allotment,2023-09-30,214330296,2023-11-02
2215.1.2,Payables to investors for investment bought on behalf,2023-09-30,0,2023-11-02
2215.1.3,Payables to investors for collected dividend,2023-09-30,0,2023-11-02
2215.1.4,Redemption payable to investors,2023-09-30,1059353352,2023-11-02
2215.2,Tax payables and obligations to the State Budget,2023-09-30,2369436,2023-11-02
2215.3,Subscription and Redemption fee payable to distributors and Fund Management Company,2023-09-30,20627778,2023-11-02
2215.4,Income payable to investors,2023-09-30,0,2023-11-02
2215.5,Remuneration Payable to Fund's Board of Representatives,2023-09-30,10487671,2023-11-02
2215.6,Management fee payable,2023-09-30,392887649,2023-11-02
2215.7,Fund Administration fee payable,2023-09-30,11000000,2023-11-02
2215.8,Supervisory service fee payable,2023-09-30,16500000,2023-11-02
2215.9,Transaction fee,2023-09-30,192537125,2023-11-02
2215.9.1,Brokerage fee payable,2023-09-30,192537125,2023-11-02
2215.9.2,Clearing Settlement fee payable,2023-09-30,0,2023-11-02
2215.10,Accrued expense for Custodian fee,2023-09-30,15950000,2023-11-02
2215.10.1,Custodian service - Safe Custody Fee,2023-09-30,15000000,2023-11-02
2215.10.2,Custodian service - Transaction fee,2023-09-30,200000,2023-11-02
2215.10.3,"Custodian service -  Depository fee, Position and Margin management fee paid to VSD",2023-09-30,750000,2023-11-02
2215.11,Audit fee payable,2023-09-30,33088162,2023-11-02
2215.12,General meeting expense payable,2023-09-30,0,2023-11-02
2215.13,Annual report fee payable,2023-09-30,0,2023-11-02
2215.14,Transfer Agency fee payable,2023-09-30,11000000,2023-11-02
2215.15,Service fee payable to HOSE for calculating iNAV,2023-09-30,0,2023-11-02
2215.16,Authorising index service fee payable to HOSE,2023-09-30,0,2023-11-02
2215.17,Other payables,2023-09-30,36300839,2023-11-02
2215.17.1,Price feed fee payable,2023-09-30,23500000,2023-11-02
2215.17.2,"Accrued expense for Fund's Board of Representatives travelling, meeting",2023-09-30,0,2023-11-02
2215.17.3,Accrued expense for Annual Management Fee pay to SSC,2023-09-30,5609589,2023-11-02
2215.17.4,Other payables,2023-09-30,7191250,2023-11-02
2215.18,Short-term loans - Repo contracts,2023-09-30,0,2023-11-02
2215.18.1,Principal of repo contracts,2023-09-30,0,2023-11-02
2215.18.2,Accrued Interest Expense,2023-09-30,0,2023-11-02
2215.18.3,Principal of Short-term loans,2023-09-30,0,2023-11-02
2216,TOTAL LIABILITIES,2023-09-30,2016432308,2023-11-02
2217,Net Asset Value ( = I.10 - II.4),2023-09-30,400426261093,2023-11-02
2218,Total Outstanding Fund Certificates,2023-09-30,16186343.39,2023-11-02
2219,Net Asset Value per Fund Certificate,2023-09-30,24738.52,2023-11-02
2220,Receivables from rental of investment property (not applicable),2023-09-30,0,2023-11-02
2221,Real Estate Proceeds Receivables (not applicale),2023-09-30,0,2023-11-02
2222,Real Estate Trading Payables (not applicable),2023-09-30,0,2023-11-02
2200,ASSETS,2023-10-31,,2023-12-04
2201,Cash and Cash Equivalents,2023-10-31,12118382940,2023-12-04
2202,Cash,2023-10-31,,2023-12-04
2203,Cash at bank,2023-10-31,12118382940,2023-12-04
2203.1,Cash at bank for Fund's subscription,2023-10-31,522163169,2023-12-04
2203.2,Cash at bank for Fund's redemption,2023-10-31,2036660,2023-12-04
2203.3,Cash at bank for Fund's operation,2023-10-31,194183111,2023-12-04
2203.4,Margin account for trading derivatives,2023-10-31,0,2023-12-04
2203.5,"Cash, cash equivalents",2023-10-31,11400000000,2023-12-04
2205,Investments,2023-10-31,382341683115,2023-12-04
2205.1,"Listed Shares, fund certificates",2023-10-31,0,2023-12-04
2205.2,"Unlisted Shares, fund certifictes",2023-10-31,0,2023-12-04
2205.3,Bonds,2023-10-31,347341683115,2023-12-04
2205.4,Money market instruments,2023-10-31,35000000000,2023-12-04
2205.5,Deposits with term over three (03) months,2023-10-31,0,2023-12-04
2205.6,Investment - Rights,2023-10-31,0,2023-12-04
2205.7,Index future contracts,2023-10-31,0,2023-12-04
2205.8,Other investments,2023-10-31,0,2023-12-04
2205.9,Reverse repo contracts,2023-10-31,0,2023-12-04
2206,"Dividend, Coupon receivables",2023-10-31,8957331184,2023-12-04
2206.1,Dividend receivables,2023-10-31,0,2023-12-04
2206.2,Coupon receivables,2023-10-31,8957331184,2023-12-04
2207,Interest receivables,2023-10-31,989032877,2023-12-04
2207.1,Interest receivable from bank deposits,2023-10-31,18621918,2023-12-04
2207.2,Interest receivable from Money market instruments,2023-10-31,970410959,2023-12-04
2207.3,Interest receivable from reverse repo contracts,2023-10-31,0,2023-12-04
2208,Securities Trading Receivables,2023-10-31,0,2023-12-04
2210,Other Receivables,2023-10-31,0,2023-12-04
2210.1,Impairment of devaluation of pledged assets,2023-10-31,0,2023-12-04
2210.2,Provision for doubtful debt,2023-10-31,0,2023-12-04
2210.3,Other Receivables,2023-10-31,0,2023-12-04
2211,Other Assets,2023-10-31,5387338,2023-12-04
2212,TOTAL ASSETS,2023-10-31,404411817454,2023-12-04
2213,LIABILITIES,2023-10-31,,2023-12-04
2214,Securities Trading Payables,2023-10-31,0,2023-12-04
2215,Other Payables,2023-10-31,2041744858,2023-12-04
2215.1,Payables to investors,2023-10-31,1287283071,2023-12-04
2215.1.1,Subscription Pending allotment,2023-10-31,522163169,2023-12-04
2215.1.2,Payables to investors for investment bought on behalf,2023-10-31,0,2023-12-04
2215.1.3,Payables to investors for collected dividend,2023-10-31,0,2023-12-04
2215.1.4,Redemption payable to investors,2023-10-31,765119902,2023-12-04
2215.2,Tax payables and obligations to the State Budget,2023-10-31,2301410,2023-12-04
2215.3,Subscription and Redemption fee payable to distributors and Fund Management Company,2023-10-31,14912030,2023-12-04
2215.4,Income payable to investors,2023-10-31,0,2023-12-04
2215.5,Remuneration Payable to Fund's Board of Representatives,2023-10-31,10997260,2023-12-04
2215.6,Management fee payable,2023-10-31,409490392,2023-12-04
2215.7,Fund Administration fee payable,2023-10-31,11260986,2023-12-04
2215.8,Supervisory service fee payable,2023-10-31,16500000,2023-12-04
2215.9,Transaction fee,2023-10-31,192537125,2023-12-04
2215.9.1,Brokerage fee payable,2023-10-31,192537125,2023-12-04
2215.9.2,Clearing Settlement fee payable,2023-10-31,0,2023-12-04
2215.10,Accrued expense for Custodian fee,2023-10-31,15750000,2023-12-04
2215.10.1,Custodian service - Safe Custody Fee,2023-10-31,15000000,2023-12-04
2215.10.2,Custodian service - Transaction fee,2023-10-31,0,2023-12-04
2215.10.3,"Custodian service -  Depository fee, Position and Margin management fee paid to VSD",2023-10-31,750000,2023-11-02
2215.10.3,"Custodian service -  Depository fee, Position and Margin management fee paid to VSDC",2023-10-31,750000,2023-12-04
2215.11,Audit fee payable,2023-10-31,48356281,2023-12-04
2215.12,General meeting expense payable,2023-10-31,0,2023-12-04
2215.13,Annual report fee payable,2023-10-31,0,2023-12-04
2215.14,Transfer Agency fee payable,2023-10-31,11000000,2023-12-04
2215.15,Service fee payable to HOSE for calculating iNAV,2023-10-31,0,2023-12-04
2215.16,Authorising index service fee payable to HOSE,2023-10-31,0,2023-12-04
2215.17,Other payables,2023-10-31,21356303,2023-12-04
2215.17.1,Price feed fee payable,2023-10-31,7918478,2023-12-04
2215.17.2,"Accrued expense for Fund's Board of Representatives travelling, meeting",2023-10-31,0,2023-12-04
2215.17.3,Accrued expense for Annual Management Fee pay to SSC,2023-10-31,6246575,2023-12-04
2215.17.4,Other payables,2023-10-31,7191250,2023-12-04
2215.18,Short-term loans - Repo contracts,2023-10-31,0,2023-12-04
2215.18.1,Principal of repo contracts,2023-10-31,0,2023-12-04
2215.18.2,Accrued Interest Expense,2023-10-31,0,2023-12-04
2215.18.3,Principal of Short-term loans,2023-10-31,0,2023-12-04
2216,TOTAL LIABILITIES,2023-10-31,2041744858,2023-12-04
2217,Net Asset Value ( = I.10 - II.4),2023-10-31,402370072596,2023-12-04
2218,Total Outstanding Fund Certificates,2023-10-31,16138212.66,2023-12-04
2219,Net Asset Value per Fund Certificate,2023-10-31,24932.75,2023-12-04
2220,Receivables from rental of investment property (not applicable),2023-10-31,0,2023-12-04
2221,Real Estate Proceeds Receivables (not applicale),2023-10-31,0,2023-12-04
2222,Real Estate Trading Payables (not applicable),2023-10-31,0,2023-12-04
2200,ASSETS,2023-11-30,,2024-01-02
2201,Cash and Cash Equivalents,2023-11-30,15549639796,2024-01-02
2202,Cash,2023-11-30,,2024-01-02
2203,Cash at bank,2023-11-30,15549639796,2024-01-02
2203.1,Cash at bank for Fund's subscription,2023-11-30,4582179055,2024-01-02
2203.2,Cash at bank for Fund's redemption,2023-11-30,2036660,2024-01-02
2203.3,Cash at bank for Fund's operation,2023-11-30,4015424081,2024-01-02
2203.4,Margin account for trading derivatives,2023-11-30,0,2024-01-02
2203.5,"Cash, cash equivalents",2023-11-30,6950000000,2024-01-02
2205,Investments,2023-11-30,395415892227,2024-01-02
2205.1,"Listed Shares, fund certificates",2023-11-30,0,2024-01-02
2205.2,"Unlisted Shares, fund certifictes",2023-11-30,0,2024-01-02
2205.3,Bonds,2023-11-30,360415892227,2024-01-02
2205.4,Money market instruments,2023-11-30,35000000000,2024-01-02
2205.5,Deposits with term over three (03) months,2023-11-30,0,2024-01-02
2205.6,Investment - Rights,2023-11-30,0,2024-01-02
2205.7,Index future contracts,2023-11-30,0,2024-01-02
2205.8,Other investments,2023-11-30,0,2024-01-02
2205.9,Reverse repo contracts,2023-11-30,0,2024-01-02
2206,"Dividend, Coupon receivables",2023-11-30,10409326618,2024-01-02
2206.1,Dividend receivables,2023-11-30,0,2024-01-02
2206.2,Coupon receivables,2023-11-30,10409326618,2024-01-02
2207,Interest receivables,2023-11-30,1302796301,2024-01-02
2207.1,Interest receivable from bank deposits,2023-11-30,15946986,2024-01-02
2207.2,Interest receivable from Money market instruments,2023-11-30,1286849315,2024-01-02
2207.3,Interest receivable from reverse repo contracts,2023-11-30,0,2024-01-02
2208,Securities Trading Receivables,2023-11-30,0,2024-01-02
2210,Other Receivables,2023-11-30,0,2024-01-02
2210.1,Impairment of devaluation of pledged assets,2023-11-30,0,2024-01-02
2210.2,Provision for doubtful debt,2023-11-30,0,2024-01-02
2210.3,Other Receivables,2023-11-30,0,2024-01-02
2211,Other Assets,2023-11-30,2737829,2024-01-02
2212,TOTAL ASSETS,2023-11-30,422680392771,2024-01-02
2213,LIABILITIES,2023-11-30,,2024-01-02
2214,Securities Trading Payables,2023-11-30,0,2024-01-02
2215,Other Payables,2023-11-30,7550827126,2024-01-02
2215.1,Payables to investors,2023-11-30,6778517254,2024-01-02
2215.1.1,Subscription Pending allotment,2023-11-30,4582179055,2024-01-02
2215.1.2,Payables to investors for investment bought on behalf,2023-11-30,0,2024-01-02
2215.1.3,Payables to investors for collected dividend,2023-11-30,0,2024-01-02
2215.1.4,Redemption payable to investors,2023-11-30,2196338199,2024-01-02
2215.2,Tax payables and obligations to the State Budget,2023-11-30,4032394,2024-01-02
2215.3,Subscription and Redemption fee payable to distributors and Fund Management Company,2023-11-30,10792579,2024-01-02
2215.4,Income payable to investors,2023-11-30,0,2024-01-02
2215.5,Remuneration Payable to Fund's Board of Representatives,2023-11-30,11490411,2024-01-02
2215.6,Management fee payable,2023-11-30,405853090,2024-01-02
2215.7,Fund Administration fee payable,2023-11-30,11186606,2024-01-02
2215.8,Supervisory service fee payable,2023-11-30,16500000,2024-01-02
2215.9,Transaction fee,2023-11-30,192537125,2024-01-02
2215.9.1,Brokerage fee payable,2023-11-30,192537125,2024-01-02
2215.9.2,Clearing Settlement fee payable,2023-11-30,0,2024-01-02
2215.10,Accrued expense for Custodian fee,2023-11-30,16150000,2024-01-02
2215.10.1,Custodian service - Safe Custody Fee,2023-11-30,15000000,2024-01-02
2215.10.2,Custodian service - Transaction fee,2023-11-30,400000,2024-01-02
2215.10.3,"Custodian service -  Depository fee, Position and Margin management fee paid to VSDC",2023-11-30,750000,2024-01-02
2215.11,Audit fee payable,2023-11-30,63131881,2024-01-02
2215.12,General meeting expense payable,2023-11-30,0,2024-01-02
2215.13,Annual report fee payable,2023-11-30,0,2024-01-02
2215.14,Transfer Agency fee payable,2023-11-30,11000000,2024-01-02
2215.15,Service fee payable to HOSE for calculating iNAV,2023-11-30,0,2024-01-02
2215.16,Authorising index service fee payable to HOSE,2023-11-30,0,2024-01-02
2215.17,Other payables,2023-11-30,29635786,2024-01-02
2215.17.1,Price feed fee payable,2023-11-30,15581522,2024-01-02
2215.17.2,"Accrued expense for Fund's Board of Representatives travelling, meeting",2023-11-30,0,2024-01-02
2215.17.3,Accrued expense for Annual Management Fee pay to SSC,2023-11-30,6863014,2024-01-02
2215.17.4,Other payables,2023-11-30,7191250,2024-01-02
2215.18,Short-term loans - Repo contracts,2023-11-30,0,2024-01-02
2215.18.1,Principal of repo contracts,2023-11-30,0,2024-01-02
2215.18.2,Accrued Interest Expense,2023-11-30,0,2024-01-02
2215.18.3,Principal of Short-term loans,2023-11-30,0,2024-01-02
2216,TOTAL LIABILITIES,2023-11-30,7550827126,2024-01-02
2217,Net Asset Value ( = I.10 - II.4),2023-11-30,415129565645,2024-01-02
2218,Total Outstanding Fund Certificates,2023-11-30,16526978.82,2024-01-02
2219,Net Asset Value per Fund Certificate,2023-11-30,25118.29,2024-01-02
2220,Receivables from rental of investment property (not applicable),2023-11-30,0,2024-01-02
2221,Real Estate Proceeds Receivables (not applicale),2023-11-30,0,2024-01-02
2222,Real Estate Trading Payables (not applicable),2023-11-30,0,2024-01-02
2200,ASSETS,2023-12-31,,2024-02-02
2201,Cash and Cash Equivalents,2023-12-31,69340014737,2024-02-02
2202,Cash,2023-12-31,,2024-02-02
2203,Cash at bank,2023-12-31,69340014737,2024-02-02
2203.1,Cash at bank for Fund's subscription,2023-12-31,158171154,2024-02-02
2203.2,Cash at bank for Fund's redemption,2023-12-31,10636318,2024-02-02
2203.3,Cash at bank for Fund's operation,2023-12-31,44401207265,2024-02-02
2203.4,Margin account for trading derivatives,2023-12-31,0,2024-02-02
2203.5,"Cash, cash equivalents",2023-12-31,24770000000,2024-02-02
2205,Investments,2023-12-31,412594675142,2024-02-02
2205.1,"Listed Shares, fund certificates",2023-12-31,0,2024-02-02
2205.2,"Unlisted Shares, fund certifictes",2023-12-31,0,2024-02-02
2205.3,Bonds,2023-12-31,377594675142,2024-02-02
2205.4,Money market instruments,2023-12-31,35000000000,2024-02-02
2205.5,Deposits with term over three (03) months,2023-12-31,0,2024-02-02
2205.6,Investment - Rights,2023-12-31,0,2024-02-02
2205.7,Index future contracts,2023-12-31,0,2024-02-02
2205.8,Other investments,2023-12-31,0,2024-02-02
2205.9,Reverse repo contracts,2023-12-31,0,2024-02-02
2206,"Dividend, Coupon receivables",2023-12-31,13489141533,2024-02-02
2206.1,Dividend receivables,2023-12-31,0,2024-02-02
2206.2,Coupon receivables,2023-12-31,13489141533,2024-02-02
2207,Interest receivables,2023-12-31,1642602713,2024-02-02
2207.1,Interest receivable from bank deposits,2023-12-31,28767097,2024-02-02
2207.2,Interest receivable from Money market instruments,2023-12-31,1613835616,2024-02-02
2207.3,Interest receivable from reverse repo contracts,2023-12-31,0,2024-02-02
2208,Securities Trading Receivables,2023-12-31,0,2024-02-02
2210,Other Receivables,2023-12-31,0,2024-02-02
2210.1,Impairment of devaluation of pledged assets,2023-12-31,0,2024-02-02
2210.2,Provision for doubtful debt,2023-12-31,0,2024-02-02
2210.3,Other Receivables,2023-12-31,0,2024-02-02
2211,Other Assets,2023-12-31,0,2024-02-02
2212,TOTAL ASSETS,2023-12-31,497066434125,2024-02-02
2213,LIABILITIES,2023-12-31,,2024-02-02
2214,Securities Trading Payables,2023-12-31,44140400000,2024-02-02
2215,Other Payables,2023-12-31,1329773716,2024-02-02
2215.1,Payables to investors,2023-12-31,494668437,2024-02-02
2215.1.1,Subscription Pending allotment,2023-12-31,158171154,2024-02-02
2215.1.2,Payables to investors for investment bought on behalf,2023-12-31,0,2024-02-02
2215.1.3,Payables to investors for collected dividend,2023-12-31,0,2024-02-02
2215.1.4,Redemption payable to investors,2023-12-31,336497283,2024-02-02
2215.2,Tax payables and obligations to the State Budget,2023-12-31,5297046,2024-02-02
2215.3,Subscription and Redemption fee payable to distributors and Fund Management Company,2023-12-31,11059231,2024-02-02
2215.4,Income payable to investors,2023-12-31,0,2024-02-02
2215.5,Remuneration Payable to Fund's Board of Representatives,2023-12-31,12000000,2024-02-02
2215.6,Management fee payable,2023-12-31,434822138,2024-02-02
2215.7,Fund Administration fee payable,2023-12-31,11957609,2024-02-02
2215.8,Supervisory service fee payable,2023-12-31,16536571,2024-02-02
2215.9,Transaction fee,2023-12-31,199158185,2024-02-02
2215.9.1,Brokerage fee payable,2023-12-31,199158185,2024-02-02
2215.9.2,Clearing Settlement fee payable,2023-12-31,0,2024-02-02
2215.10,Accrued expense for Custodian fee,2023-12-31,16683249,2024-02-02
2215.10.1,Custodian service - Safe Custody Fee,2023-12-31,15033249,2024-02-02
2215.10.2,Custodian service - Transaction fee,2023-12-31,900000,2024-02-02
2215.10.3,"Custodian service -  Depository fee, Position and Margin management fee paid to VSDC",2023-12-31,750000,2024-02-02
2215.11,Audit fee payable,2023-12-31,78400000,2024-02-02
2215.12,General meeting expense payable,2023-12-31,0,2024-02-02
2215.13,Annual report fee payable,2023-12-31,0,2024-02-02
2215.14,Transfer Agency fee payable,2023-12-31,11000000,2024-02-02
2215.15,Service fee payable to HOSE for calculating iNAV,2023-12-31,0,2024-02-02
2215.16,Authorising index service fee payable to HOSE,2023-12-31,0,2024-02-02
2215.17,Other payables,2023-12-31,38191250,2024-02-02
2215.17.1,Price feed fee payable,2023-12-31,23500000,2024-02-02
2215.17.2,"Accrued expense for Fund's Board of Representatives travelling, meeting",2023-12-31,0,2024-02-02
2215.17.3,Accrued expense for Annual Management Fee pay to SSC,2023-12-31,7500000,2024-02-02
2215.17.4,Other payables,2023-12-31,7191250,2024-02-02
2215.18,Short-term loans - Repo contracts,2023-12-31,0,2024-02-02
2215.18.1,Principal of repo contracts,2023-12-31,0,2024-02-02
2215.18.2,Accrued Interest Expense,2023-12-31,0,2024-02-02
2215.18.3,Principal of Short-term loans,2023-12-31,0,2024-02-02
2216,TOTAL LIABILITIES,2023-12-31,45470173716,2024-02-02
2217,Net Asset Value ( = I.10 - II.4),2023-12-31,451596260409,2024-02-02
2218,Total Outstanding Fund Certificates,2023-12-31,17786668.27,2024-02-02
2219,Net Asset Value per Fund Certificate,2023-12-31,25389.59,2024-02-02
2220,Receivables from rental of investment property (not applicable),2023-12-31,0,2024-02-02
2221,Real Estate Proceeds Receivables (not applicale),2023-12-31,0,2024-02-02
2222,Real Estate Trading Payables (not applicable),2023-12-31,0,2024-02-02
2200,ASSETS,2024-01-31,,2024-03-01
2201,Cash and Cash Equivalents,2024-01-31,102939345701,2024-03-01
2202,Cash,2024-01-31,,2024-03-01
2203,Cash at bank,2024-01-31,102939345701,2024-03-01
2203.1,Cash at bank for Fund's subscription,2024-01-31,28678095322,2024-03-01
2203.2,Cash at bank for Fund's redemption,2024-01-31,9791886,2024-03-01
2203.3,Cash at bank for Fund's operation,2024-01-31,2931458493,2024-03-01
2203.4,Margin account for trading derivatives,2024-01-31,0,2024-03-01
2203.5,"Cash, cash equivalents",2024-01-31,71320000000,2024-03-01
2205,Investments,2024-01-31,460921207240,2024-03-01
2205.1,"Listed Shares, fund certificates",2024-01-31,0,2024-03-01
2205.2,"Unlisted Shares, fund certifictes",2024-01-31,0,2024-03-01
2205.3,Bonds,2024-01-31,425921207240,2024-03-01
2205.4,Money market instruments,2024-01-31,35000000000,2024-03-01
2205.5,Deposits with term over three (03) months,2024-01-31,0,2024-03-01
2205.6,Investment - Rights,2024-01-31,0,2024-03-01
2205.7,Index future contracts,2024-01-31,0,2024-03-01
2205.8,Other investments,2024-01-31,0,2024-03-01
2205.9,Reverse repo contracts,2024-01-31,0,2024-03-01
2206,"Dividend, Coupon receivables",2024-01-31,17644227434,2024-03-01
2206.1,Dividend receivables,2024-01-31,0,2024-03-01
2206.2,Coupon receivables,2024-01-31,17644227434,2024-03-01
2207,Interest receivables,2024-01-31,113012191,2024-03-01
2207.1,Interest receivable from bank deposits,2024-01-31,113012191,2024-03-01
2207.2,Interest receivable from Money market instruments,2024-01-31,0,2024-03-01
2207.3,Interest receivable from reverse repo contracts,2024-01-31,0,2024-03-01
2208,Securities Trading Receivables,2024-01-31,0,2024-03-01
2210,Other Receivables,2024-01-31,0,2024-03-01
2210.1,Impairment of devaluation of pledged assets,2024-01-31,0,2024-03-01
2210.2,Provision for doubtful debt,2024-01-31,0,2024-03-01
2210.3,Other Receivables,2024-01-31,0,2024-03-01
2211,Other Assets,2024-01-31,0,2024-03-01
2212,TOTAL ASSETS,2024-01-31,581617792566,2024-03-01
2213,LIABILITIES,2024-01-31,,2024-03-01
2214,Securities Trading Payables,2024-01-31,0,2024-03-01
2215,Other Payables,2024-01-31,30353079159,2024-03-01
2215.1,Payables to investors,2024-01-31,29453106277,2024-03-01
2215.1.1,Subscription Pending allotment,2024-01-31,28678095322,2024-03-01
2215.1.2,Payables to investors for investment bought on behalf,2024-01-31,0,2024-03-01
2215.1.3,Payables to investors for collected dividend,2024-01-31,0,2024-03-01
2215.1.4,Redemption payable to investors,2024-01-31,775010955,2024-03-01
2215.2,Tax payables and obligations to the State Budget,2024-01-31,2055896,2024-03-01
2215.3,Subscription and Redemption fee payable to distributors and Fund Management Company,2024-01-31,10242089,2024-03-01
2215.4,Income payable to investors,2024-01-31,0,2024-03-01
2215.5,Remuneration Payable to Fund's Board of Representatives,2024-01-31,6508197,2024-03-01
2215.6,Management fee payable,2024-01-31,507860677,2024-03-01
2215.7,Fund Administration fee payable,2024-01-31,13966169,2024-03-01
2215.8,Supervisory service fee payable,2024-01-31,18621557,2024-03-01
2215.9,Transaction fee,2024-01-31,192537125,2024-03-01
2215.9.1,Brokerage fee payable,2024-01-31,192537125,2024-03-01
2215.9.2,Clearing Settlement fee payable,2024-01-31,0,2024-03-01
2215.10,Accrued expense for Custodian fee,2024-01-31,18678689,2024-03-01
2215.10.1,Custodian service - Safe Custody Fee,2024-01-31,16928689,2024-03-01
2215.10.2,Custodian service - Transaction fee,2024-01-31,1000000,2024-03-01
2215.10.3,"Custodian service -  Depository fee, Position and Margin management fee paid to VSDC",2024-01-31,750000,2024-03-01
2215.11,Audit fee payable,2024-01-31,91443716,2024-03-01
2215.12,General meeting expense payable,2024-01-31,0,2024-03-01
2215.13,Annual report fee payable,2024-01-31,0,2024-03-01
2215.14,Transfer Agency fee payable,2024-01-31,11000000,2024-03-01
2215.15,Service fee payable to HOSE for calculating iNAV,2024-01-31,0,2024-03-01
2215.16,Authorising index service fee payable to HOSE,2024-01-31,0,2024-03-01
2215.17,Other payables,2024-01-31,27058767,2024-03-01
2215.17.1,Price feed fee payable,2024-01-31,8005495,2024-03-01
2215.17.2,"Accrued expense for Fund's Board of Representatives travelling, meeting",2024-01-31,0,2024-03-01
2215.17.3,Accrued expense for Annual Management Fee pay to SSC,2024-01-31,8135246,2024-03-01
2215.17.4,Other payables,2024-01-31,10918026,2024-03-01
2215.18,Short-term loans - Repo contracts,2024-01-31,0,2024-03-01
2215.18.1,Principal of repo contracts,2024-01-31,0,2024-03-01
2215.18.2,Accrued Interest Expense,2024-01-31,0,2024-03-01
2215.18.3,Principal of Short-term loans,2024-01-31,0,2024-03-01
2216,TOTAL LIABILITIES,2024-01-31,30353079159,2024-03-01
2217,Net Asset Value ( = I.10 - II.4),2024-01-31,551264713407,2024-03-01
2218,Total Outstanding Fund Certificates,2024-01-31,21612739.91,2024-03-01
2219,Net Asset Value per Fund Certificate,2024-01-31,25506.47,2024-03-01
2220,Receivables from rental of investment property (not applicable),2024-01-31,0,2024-03-01
2221,Real Estate Proceeds Receivables (not applicale),2024-01-31,0,2024-03-01
2222,Real Estate Trading Payables (not applicable),2024-01-31,0,2024-03-01
2200,ASSETS,2024-02-29,,2024-04-01
2201,Cash and Cash Equivalents,2024-02-29,370353854125,2024-04-01
2202,Cash,2024-02-29,,2024-04-01
2203,Cash at bank,2024-02-29,370353854125,2024-04-01
2203.1,Cash at bank for Fund's subscription,2024-02-29,140397782916,2024-04-01
2203.2,Cash at bank for Fund's redemption,2024-02-29,4391073,2024-04-01
2203.3,Cash at bank for Fund's operation,2024-02-29,24581680136,2024-04-01
2203.4,Margin account for trading derivatives,2024-02-29,0,2024-04-01
2203.5,"Cash, cash equivalents",2024-02-29,205370000000,2024-04-01
2205,Investments,2024-02-29,527570986526,2024-04-01
2205.1,"Listed Shares, fund certificates",2024-02-29,0,2024-04-01
2205.2,"Unlisted Shares, fund certifictes",2024-02-29,0,2024-04-01
2205.3,Bonds,2024-02-29,426519055140,2024-04-01
2205.4,Money market instruments,2024-02-29,95501931386,2024-04-01
2205.5,Deposits with term over three (03) months,2024-02-29,5550000000,2024-04-01
2205.6,Investment - Rights,2024-02-29,0,2024-04-01
2205.7,Index future contracts,2024-02-29,0,2024-04-01
2205.8,Other investments,2024-02-29,0,2024-04-01
2205.9,Reverse repo contracts,2024-02-29,0,2024-04-01
2206,"Dividend, Coupon receivables",2024-02-29,8978080254,2024-04-01
2206.1,Dividend receivables,2024-02-29,0,2024-04-01
2206.2,Coupon receivables,2024-02-29,8978080254,2024-04-01
2207,Interest receivables,2024-02-29,1088378164,2024-04-01
2207.1,Interest receivable from bank deposits,2024-02-29,369748027,2024-04-01
2207.2,Interest receivable from Money market instruments,2024-02-29,718630137,2024-04-01
2207.3,Interest receivable from reverse repo contracts,2024-02-29,0,2024-04-01
2208,Securities Trading Receivables,2024-02-29,0,2024-04-01
2210,Other Receivables,2024-02-29,0,2024-04-01
2210.1,Impairment of devaluation of pledged assets,2024-02-29,0,2024-04-01
2210.2,Provision for doubtful debt,2024-02-29,0,2024-04-01
2210.3,Other Receivables,2024-02-29,0,2024-04-01
2211,Other Assets,2024-02-29,0,2024-04-01
2212,TOTAL ASSETS,2024-02-29,907991299069,2024-04-01
2213,LIABILITIES,2024-02-29,,2024-04-01
2214,Securities Trading Payables,2024-02-29,0,2024-04-01
2215,Other Payables,2024-02-29,142010445382,2024-04-01
2215.1,Payables to investors,2024-02-29,140948665105,2024-04-01
2215.1.1,Subscription Pending allotment,2024-02-29,140397782916,2024-04-01
2215.1.2,Payables to investors for investment bought on behalf,2024-02-29,0,2024-04-01
2215.1.3,Payables to investors for collected dividend,2024-02-29,0,2024-04-01
2215.1.4,Redemption payable to investors,2024-02-29,550882189,2024-04-01
2215.2,Tax payables and obligations to the State Budget,2024-02-29,1317529,2024-04-01
2215.3,Subscription and Redemption fee payable to distributors and Fund Management Company,2024-02-29,4460186,2024-04-01
2215.4,Income payable to investors,2024-02-29,0,2024-04-01
2215.5,Remuneration Payable to Fund's Board of Representatives,2024-02-29,6983607,2024-04-01
2215.6,Management fee payable,2024-02-29,639687974,2024-04-01
2215.7,Fund Administration fee payable,2024-02-29,17591418,2024-04-01
2215.8,Supervisory service fee payable,2024-02-29,23455226,2024-04-01
2215.9,Transaction fee,2024-02-29,192537125,2024-04-01
2215.9.1,Brokerage fee payable,2024-02-29,192537125,2024-04-01
2215.9.2,Clearing Settlement fee payable,2024-02-29,0,2024-04-01
2215.10,Accrued expense for Custodian fee,2024-02-29,22472932,2024-04-01
2215.10.1,Custodian service - Safe Custody Fee,2024-02-29,21322932,2024-04-01
2215.10.2,Custodian service - Transaction fee,2024-02-29,400000,2024-04-01
2215.10.3,"Custodian service -  Depository fee, Position and Margin management fee paid to VSDC",2024-02-29,750000,2024-04-01
2215.11,Audit fee payable,2024-02-29,103645902,2024-04-01
2215.12,General meeting expense payable,2024-02-29,0,2024-04-01
2215.13,Annual report fee payable,2024-02-29,0,2024-04-01
2215.14,Transfer Agency fee payable,2024-02-29,11000000,2024-04-01
2215.15,Service fee payable to HOSE for calculating iNAV,2024-02-29,0,2024-04-01
2215.16,Authorising index service fee payable to HOSE,2024-02-29,0,2024-04-01
2215.17,Other payables,2024-02-29,38628378,2024-04-01
2215.17.1,Price feed fee payable,2024-02-29,15494505,2024-04-01
2215.17.2,"Accrued expense for Fund's Board of Representatives travelling, meeting",2024-02-29,0,2024-04-01
2215.17.3,Accrued expense for Annual Management Fee pay to SSC,2024-02-29,8729508,2024-04-01
2215.17.4,Other payables,2024-02-29,14404365,2024-04-01
2215.18,Short-term loans - Repo contracts,2024-02-29,0,2024-04-01
2215.18.1,Principal of repo contracts,2024-02-29,0,2024-04-01
2215.18.2,Accrued Interest Expense,2024-02-29,0,2024-04-01
2215.18.3,Principal of Short-term loans,2024-02-29,0,2024-04-01
2216,TOTAL LIABILITIES,2024-02-29,142010445382,2024-04-01
2217,Net Asset Value ( = I.10 - II.4),2024-02-29,765980853687,2024-04-01
2218,Total Outstanding Fund Certificates,2024-02-29,29856689.87,2024-04-01
2219,Net Asset Value per Fund Certificate,2024-02-29,25655.25,2024-04-01
2220,Receivables from rental of investment property (not applicable),2024-02-29,0,2024-04-01
2221,Real Estate Proceeds Receivables (not applicale),2024-02-29,0,2024-04-01
2222,Real Estate Trading Payables (not applicable),2024-02-29,0,2024-04-01
2200,ASSETS,2024-03-31,,2024-05-03
2201,Cash and Cash Equivalents,2024-03-31,408689177378,2024-05-03
2202,Cash,2024-03-31,,2024-05-03
2203,Cash at bank,2024-03-31,408689177378,2024-05-03
2203.1,Cash at bank for Fund's subscription,2024-03-31,12845397919,2024-05-03
2203.2,Cash at bank for Fund's redemption,2024-03-31,4391073,2024-05-03
2203.3,Cash at bank for Fund's operation,2024-03-31,5969388386,2024-05-03
2203.4,Margin account for trading derivatives,2024-03-31,0,2024-05-03
2203.5,"Cash, cash equivalents",2024-03-31,389870000000,2024-05-03
2205,Investments,2024-03-31,765469366403,2024-05-03
2205.1,"Listed Shares, fund certificates",2024-03-31,0,2024-05-03
2205.2,"Unlisted Shares, fund certifictes",2024-03-31,0,2024-05-03
2205.3,Bonds,2024-03-31,509153307620,2024-05-03
2205.4,Money market instruments,2024-03-31,145766058783,2024-05-03
2205.5,Deposits with term over three (03) months,2024-03-31,110550000000,2024-05-03
2205.6,Investment - Rights,2024-03-31,0,2024-05-03
2205.7,Index future contracts,2024-03-31,0,2024-05-03
2205.8,Other investments,2024-03-31,0,2024-05-03
2205.9,Reverse repo contracts,2024-03-31,0,2024-05-03
2206,"Dividend, Coupon receivables",2024-03-31,7472568535,2024-05-03
2206.1,Dividend receivables,2024-03-31,0,2024-05-03
2206.2,Coupon receivables,2024-03-31,7472568535,2024-05-03
2207,Interest receivables,2024-03-31,6475875729,2024-05-03
2207.1,Interest receivable from bank deposits,2024-03-31,1282697646,2024-05-03
2207.2,Interest receivable from Money market instruments,2024-03-31,5193178083,2024-05-03
2207.3,Interest receivable from reverse repo contracts,2024-03-31,0,2024-05-03
2208,Securities Trading Receivables,2024-03-31,0,2024-05-03
2210,Other Receivables,2024-03-31,0,2024-05-03
2210.1,Impairment of devaluation of pledged assets,2024-03-31,0,2024-05-03
2210.2,Provision for doubtful debt,2024-03-31,0,2024-05-03
2210.3,Other Receivables,2024-03-31,0,2024-05-03
2211,Other Assets,2024-03-31,25650000,2024-05-03
2212,TOTAL ASSETS,2024-03-31,1188132638045,2024-05-03
2213,LIABILITIES,2024-03-31,,2024-05-03
2214,Securities Trading Payables,2024-03-31,0,2024-05-03
2215,Other Payables,2024-03-31,69179504477,2024-05-03
2215.1,Payables to investors,2024-03-31,67438533616,2024-05-03
2215.1.1,Subscription Pending allotment,2024-03-31,12845397919,2024-05-03
2215.1.2,Payables to investors for investment bought on behalf,2024-03-31,0,2024-05-03
2215.1.3,Payables to investors for collected dividend,2024-03-31,0,2024-05-03
2215.1.4,Redemption payable to investors,2024-03-31,54593135697,2024-05-03
2215.2,Tax payables and obligations to the State Budget,2024-03-31,27898054,2024-05-03
2215.3,Subscription and Redemption fee payable to distributors and Fund Management Company,2024-03-31,259878490,2024-05-03
2215.4,Income payable to investors,2024-03-31,0,2024-05-03
2215.5,Remuneration Payable to Fund's Board of Representatives,2024-03-31,7491803,2024-05-03
2215.6,Management fee payable,2024-03-31,1054696928,2024-05-03
2215.7,Fund Administration fee payable,2024-03-31,29004165,2024-05-03
2215.8,Supervisory service fee payable,2024-03-31,38672220,2024-05-03
2215.9,Transaction fee,2024-03-31,192537125,2024-05-03
2215.9.1,Brokerage fee payable,2024-03-31,192537125,2024-05-03
2215.9.2,Clearing Settlement fee payable,2024-03-31,0,2024-05-03
2215.10,Accrued expense for Custodian fee,2024-03-31,37106564,2024-05-03
2215.10.1,Custodian service - Safe Custody Fee,2024-03-31,35156564,2024-05-03
2215.10.2,Custodian service - Transaction fee,2024-03-31,1200000,2024-05-03
2215.10.3,"Custodian service -  Depository fee, Position and Margin management fee paid to VSDC",2024-03-31,750000,2024-05-03
2215.11,Audit fee payable,2024-03-31,38289617,2024-05-03
2215.12,General meeting expense payable,2024-03-31,0,2024-05-03
2215.13,Annual report fee payable,2024-03-31,0,2024-05-03
2215.14,Transfer Agency fee payable,2024-03-31,11000000,2024-05-03
2215.15,Service fee payable to HOSE for calculating iNAV,2024-03-31,0,2024-05-03
2215.16,Authorising index service fee payable to HOSE,2024-03-31,0,2024-05-03
2215.17,Other payables,2024-03-31,44395895,2024-05-03
2215.17.1,Price feed fee payable,2024-03-31,23500000,2024-05-03
2215.17.2,"Accrued expense for Fund's Board of Representatives travelling, meeting",2024-03-31,0,2024-05-03
2215.17.3,Accrued expense for Annual Management Fee pay to SSC,2024-03-31,9364754,2024-05-03
2215.17.4,Other payables,2024-03-31,11531141,2024-05-03
2215.18,Short-term loans - Repo contracts,2024-03-31,0,2024-05-03
2215.18.1,Principal of repo contracts,2024-03-31,0,2024-05-03
2215.18.2,Accrued Interest Expense,2024-03-31,0,2024-05-03
2215.18.3,Principal of Short-term loans,2024-03-31,0,2024-05-03
2216,TOTAL LIABILITIES,2024-03-31,69179504477,2024-05-03
2217,Net Asset Value ( = I.10 - II.4),2024-03-31,1118953133568,2024-05-03
2218,Total Outstanding Fund Certificates,2024-03-31,43358701.59,2024-05-03
2219,Net Asset Value per Fund Certificate,2024-03-31,25806.88,2024-05-03
2220,Receivables from rental of investment property (not applicable),2024-03-31,0,2024-05-03
2221,Real Estate Proceeds Receivables (not applicale),2024-03-31,0,2024-05-03
2222,Real Estate Trading Payables (not applicable),2024-03-31,0,2024-05-03
2200,ASSETS,2024-04-30,,2024-06-03
2201,Cash and Cash Equivalents,2024-04-30,208332052515,2024-06-03
2202,Cash,2024-04-30,,2024-06-03
2203,Cash at bank,2024-04-30,208332052515,2024-06-03
2203.1,Cash at bank for Fund's subscription,2024-04-30,21727484992,2024-06-03
2203.2,Cash at bank for Fund's redemption,2024-04-30,4391073,2024-06-03
2203.3,Cash at bank for Fund's operation,2024-04-30,530176450,2024-06-03
2203.4,Margin account for trading derivatives,2024-04-30,0,2024-06-03
2203.5,"Cash, cash equivalents",2024-04-30,186070000000,2024-06-03
2205,Investments,2024-04-30,904787394903,2024-06-03
2205.1,"Listed Shares, fund certificates",2024-04-30,0,2024-06-03
2205.2,"Unlisted Shares, fund certifictes",2024-04-30,0,2024-06-03
2205.3,Bonds,2024-04-30,548471336120,2024-06-03
2205.4,Money market instruments,2024-04-30,245766058783,2024-06-03
2205.5,Deposits with term over three (03) months,2024-04-30,110550000000,2024-06-03
2205.6,Investment - Rights,2024-04-30,0,2024-06-03
2205.7,Index future contracts,2024-04-30,0,2024-06-03
2205.8,Other investments,2024-04-30,0,2024-06-03
2205.9,Reverse repo contracts,2024-04-30,0,2024-06-03
2206,"Dividend, Coupon receivables",2024-04-30,9703161890,2024-06-03
2206.1,Dividend receivables,2024-04-30,0,2024-06-03
2206.2,Coupon receivables,2024-04-30,9703161890,2024-06-03
2207,Interest receivables,2024-04-30,7955929700,2024-06-03
2207.1,Interest receivable from bank deposits,2024-04-30,1577272165,2024-06-03
2207.2,Interest receivable from Money market instruments,2024-04-30,6378657535,2024-06-03
2207.3,Interest receivable from reverse repo contracts,2024-04-30,0,2024-06-03
2208,Securities Trading Receivables,2024-04-30,0,2024-06-03
2210,Other Receivables,2024-04-30,0,2024-06-03
2210.1,Impairment of devaluation of pledged assets,2024-04-30,0,2024-06-03
2210.2,Provision for doubtful debt,2024-04-30,0,2024-06-03
2210.3,Other Receivables,2024-04-30,0,2024-06-03
2211,Other Assets,2024-04-30,25650000,2024-06-03
2212,TOTAL ASSETS,2024-04-30,1130804189008,2024-06-03
2213,LIABILITIES,2024-04-30,,2024-06-03
2214,Securities Trading Payables,2024-04-30,0,2024-06-03
2215,Other Payables,2024-04-30,28311898211,2024-06-03
2215.1,Payables to investors,2024-04-30,26692889611,2024-06-03
2215.1.1,Subscription Pending allotment,2024-04-30,21727484992,2024-06-03
2215.1.2,Payables to investors for investment bought on behalf,2024-04-30,0,2024-06-03
2215.1.3,Payables to investors for collected dividend,2024-04-30,0,2024-06-03
2215.1.4,Redemption payable to investors,2024-04-30,4965404619,2024-06-03
2215.2,Tax payables and obligations to the State Budget,2024-04-30,15922897,2024-06-03
2215.3,Subscription and Redemption fee payable to distributors and Fund Management Company,2024-04-30,129574659,2024-06-03
2215.4,Income payable to investors,2024-04-30,0,2024-06-03
2215.5,Remuneration Payable to Fund's Board of Representatives,2024-04-30,7983607,2024-06-03
2215.6,Management fee payable,2024-04-30,1072403904,2024-06-03
2215.7,Fund Administration fee payable,2024-04-30,29491108,2024-06-03
2215.8,Supervisory service fee payable,2024-04-30,39321477,2024-06-03
2215.9,Transaction fee,2024-04-30,192537125,2024-06-03
2215.9.1,Brokerage fee payable,2024-04-30,192537125,2024-06-03
2215.9.2,Clearing Settlement fee payable,2024-04-30,0,2024-06-03
2215.10,Accrued expense for Custodian fee,2024-04-30,36996796,2024-06-03
2215.10.1,Custodian service - Safe Custody Fee,2024-04-30,35746796,2024-06-03
2215.10.2,Custodian service - Transaction fee,2024-04-30,500000,2024-06-03
2215.10.3,"Custodian service -  Depository fee, Position and Margin management fee paid to VSDC",2024-04-30,750000,2024-06-03
2215.11,Audit fee payable,2024-04-30,50912568,2024-06-03
2215.12,General meeting expense payable,2024-04-30,0,2024-06-03
2215.13,Annual report fee payable,2024-04-30,0,2024-06-03
2215.14,Transfer Agency fee payable,2024-04-30,11000000,2024-06-03
2215.15,Service fee payable to HOSE for calculating iNAV,2024-04-30,0,2024-06-03
2215.16,Authorising index service fee payable to HOSE,2024-04-30,0,2024-06-03
2215.17,Other payables,2024-04-30,32864459,2024-06-03
2215.17.1,Price feed fee payable,2024-04-30,7747253,2024-06-03
2215.17.2,"Accrued expense for Fund's Board of Representatives travelling, meeting",2024-04-30,0,2024-06-03
2215.17.3,Accrued expense for Annual Management Fee pay to SSC,2024-04-30,9979508,2024-06-03
2215.17.4,Other payables,2024-04-30,15137698,2024-06-03
2215.18,Short-term loans - Repo contracts,2024-04-30,0,2024-06-03
2215.18.1,Principal of repo contracts,2024-04-30,0,2024-06-03
2215.18.2,Accrued Interest Expense,2024-04-30,0,2024-06-03
2215.18.3,Principal of Short-term loans,2024-04-30,0,2024-06-03
2216,TOTAL LIABILITIES,2024-04-30,28311898211,2024-06-03
2217,Net Asset Value ( = I.10 - II.4),2024-04-30,1102492290797,2024-06-03
2218,Total Outstanding Fund Certificates,2024-04-30,42486460.45,2024-06-03
2219,Net Asset Value per Fund Certificate,2024-04-30,25949.26,2024-06-03
2220,Receivables from rental of investment property (not applicable),2024-04-30,0,2024-06-03
2221,Real Estate Proceeds Receivables (not applicale),2024-04-30,0,2024-06-03
2222,Real Estate Trading Payables (not applicable),2024-04-30,0,2024-06-03
2200,ASSETS,2024-05-31,,2024-07-01
2201,Cash and Cash Equivalents,2024-05-31,336989269515,2024-07-01
2202,Cash,2024-05-31,,2024-07-01
2203,Cash at bank,2024-05-31,336989269515,2024-07-01
2203.1,Cash at bank for Fund's subscription,2024-05-31,5141650404,2024-07-01
2203.2,Cash at bank for Fund's redemption,2024-05-31,10393288,2024-07-01
2203.3,Cash at bank for Fund's operation,2024-05-31,137225823,2024-07-01
2203.4,Margin account for trading derivatives,2024-05-31,0,2024-07-01
2203.5,"Cash, cash equivalents",2024-05-31,331700000000,2024-07-01
2205,Investments,2024-05-31,890290878404,2024-07-01
2205.1,"Listed Shares, fund certificates",2024-05-31,0,2024-07-01
2205.2,"Unlisted Shares, fund certifictes",2024-05-31,0,2024-07-01
2205.3,Bonds,2024-05-31,533974819621,2024-07-01
2205.4,Money market instruments,2024-05-31,245766058783,2024-07-01
2205.5,Deposits with term over three (03) months,2024-05-31,110550000000,2024-07-01
2205.6,Investment - Rights,2024-05-31,0,2024-07-01
2205.7,Index future contracts,2024-05-31,0,2024-07-01
2205.8,Other investments,2024-05-31,0,2024-07-01
2205.9,Reverse repo contracts,2024-05-31,0,2024-07-01
2206,"Dividend, Coupon receivables",2024-05-31,12991061628,2024-07-01
2206.1,Dividend receivables,2024-05-31,0,2024-07-01
2206.2,Coupon receivables,2024-05-31,12991061628,2024-07-01
2207,Interest receivables,2024-05-31,9840979179,2024-07-01
2207.1,Interest receivable from bank deposits,2024-05-31,1756047672,2024-07-01
2207.2,Interest receivable from Money market instruments,2024-05-31,8084931507,2024-07-01
2207.3,Interest receivable from reverse repo contracts,2024-05-31,0,2024-07-01
2208,Securities Trading Receivables,2024-05-31,0,2024-07-01
2210,Other Receivables,2024-05-31,0,2024-07-01
2210.1,Impairment of devaluation of pledged assets,2024-05-31,0,2024-07-01
2210.2,Provision for doubtful debt,2024-05-31,0,2024-07-01
2210.3,Other Receivables,2024-05-31,0,2024-07-01
2211,Other Assets,2024-05-31,51082410,2024-07-01
2212,TOTAL ASSETS,2024-05-31,1250163271136,2024-07-01
2213,LIABILITIES,2024-05-31,,2024-07-01
2214,Securities Trading Payables,2024-05-31,0,2024-07-01
2215,Other Payables,2024-05-31,11652553999,2024-07-01
2215.1,Payables to investors,2024-05-31,9909739127,2024-07-01
2215.1.1,Subscription Pending allotment,2024-05-31,5141650404,2024-07-01
2215.1.2,Payables to investors for investment bought on behalf,2024-05-31,0,2024-07-01
2215.1.3,Payables to investors for collected dividend,2024-05-31,0,2024-07-01
2215.1.4,Redemption payable to investors,2024-05-31,4768088723,2024-07-01
2215.2,Tax payables and obligations to the State Budget,2024-05-31,65613399,2024-07-01
2215.3,Subscription and Redemption fee payable to distributors and Fund Management Company,2024-05-31,91928068,2024-07-01
2215.4,Income payable to investors,2024-05-31,0,2024-07-01
2215.5,Remuneration Payable to Fund's Board of Representatives,2024-05-31,8491803,2024-07-01
2215.6,Management fee payable,2024-05-31,1167452794,2024-07-01
2215.7,Fund Administration fee payable,2024-05-31,32104951,2024-07-01
2215.8,Supervisory service fee payable,2024-05-31,42806603,2024-07-01
2215.9,Transaction fee,2024-05-31,192537125,2024-07-01
2215.9.1,Brokerage fee payable,2024-05-31,192537125,2024-07-01
2215.9.2,Clearing Settlement fee payable,2024-05-31,0,2024-07-01
2215.10,Accrued expense for Custodian fee,2024-05-31,39965094,2024-07-01
2215.10.1,Custodian service - Safe Custody Fee,2024-05-31,38915094,2024-07-01
2215.10.2,Custodian service - Transaction fee,2024-05-31,300000,2024-07-01
2215.10.3,"Custodian service -  Depository fee, Position and Margin management fee paid to VSDC",2024-05-31,750000,2024-07-01
2215.11,Audit fee payable,2024-05-31,63956284,2024-07-01
2215.12,General meeting expense payable,2024-05-31,0,2024-07-01
2215.13,Annual report fee payable,2024-05-31,0,2024-07-01
2215.14,Transfer Agency fee payable,2024-05-31,11000000,2024-07-01
2215.15,Service fee payable to HOSE for calculating iNAV,2024-05-31,0,2024-07-01
2215.16,Authorising index service fee payable to HOSE,2024-05-31,0,2024-07-01
2215.17,Other payables,2024-05-31,26958751,2024-07-01
2215.17.1,Price feed fee payable,2024-05-31,15752747,2024-07-01
2215.17.2,"Accrued expense for Fund's Board of Representatives travelling, meeting",2024-05-31,0,2024-07-01
2215.17.3,Accrued expense for Annual Management Fee pay to SSC,2024-05-31,10614754,2024-07-01
2215.17.4,Other payables,2024-05-31,591250,2024-07-01
2215.18,Short-term loans - Repo contracts,2024-05-31,0,2024-07-01
2215.18.1,Principal of repo contracts,2024-05-31,0,2024-07-01
2215.18.2,Accrued Interest Expense,2024-05-31,0,2024-07-01
2215.18.3,Principal of Short-term loans,2024-05-31,0,2024-07-01
2216,TOTAL LIABILITIES,2024-05-31,11652553999,2024-07-01
2217,Net Asset Value ( = I.10 - II.4),2024-05-31,1238510717137,2024-07-01
2218,Total Outstanding Fund Certificates,2024-05-31,47462877.5,2024-07-01
2219,Net Asset Value per Fund Certificate,2024-05-31,26094.3,2024-07-01
2220,Receivables from rental of investment property (not applicable),2024-05-31,0,2024-07-01
2221,Real Estate Proceeds Receivables (not applicale),2024-05-31,0,2024-07-01
2222,Real Estate Trading Payables (not applicable),2024-05-31,0,2024-07-01
2200,ASSETS,2024-06-30,,2024-08-02
2201,Cash and Cash Equivalents,2024-06-30,363662893501,2024-08-02
2202,Cash,2024-06-30,,2024-08-02
2203,Cash at bank,2024-06-30,363662893501,2024-08-02
2203.1,Cash at bank for Fund's subscription,2024-06-30,3097588165,2024-08-02
2203.2,Cash at bank for Fund's redemption,2024-06-30,4391073,2024-08-02
2203.3,Cash at bank for Fund's operation,2024-06-30,460914263,2024-08-02
2203.4,Margin account for trading derivatives,2024-06-30,0,2024-08-02
2203.5,"Cash, cash equivalents",2024-06-30,360100000000,2024-08-02
2205,Investments,2024-06-30,968062695382,2024-08-02
2205.1,"Listed Shares, fund certificates",2024-06-30,0,2024-08-02
2205.2,"Unlisted Shares, fund certifictes",2024-06-30,0,2024-08-02
2205.3,Bonds,2024-06-30,587029703860,2024-08-02
2205.4,Money market instruments,2024-06-30,300482991522,2024-08-02
2205.5,Deposits with term over three (03) months,2024-06-30,80550000000,2024-08-02
2205.6,Investment - Rights,2024-06-30,0,2024-08-02
2205.7,Index future contracts,2024-06-30,0,2024-08-02
2205.8,Other investments,2024-06-30,0,2024-08-02
2205.9,Reverse repo contracts,2024-06-30,0,2024-08-02
2206,"Dividend, Coupon receivables",2024-06-30,15732302807,2024-08-02
2206.1,Dividend receivables,2024-06-30,0,2024-08-02
2206.2,Coupon receivables,2024-06-30,15732302807,2024-08-02
2207,Interest receivables,2024-06-30,7557652878,2024-08-02
2207.1,Interest receivable from bank deposits,2024-06-30,1730283014,2024-08-02
2207.2,Interest receivable from Money market instruments,2024-06-30,5827369864,2024-08-02
2207.3,Interest receivable from reverse repo contracts,2024-06-30,0,2024-08-02
2208,Securities Trading Receivables,2024-06-30,0,2024-08-02
2210,Other Receivables,2024-06-30,0,2024-08-02
2210.1,Impairment of devaluation of pledged assets,2024-06-30,0,2024-08-02
2210.2,Provision for doubtful debt,2024-06-30,0,2024-08-02
2210.3,Other Receivables,2024-06-30,0,2024-08-02
2211,Other Assets,2024-06-30,47517119,2024-08-02
2212,TOTAL ASSETS,2024-06-30,1355063061687,2024-08-02
2213,LIABILITIES,2024-06-30,,2024-08-02
2214,Securities Trading Payables,2024-06-30,0,2024-08-02
2215,Other Payables,2024-06-30,10304730913,2024-08-02
2215.1,Payables to investors,2024-06-30,8270986998,2024-08-02
2215.1.1,Subscription Pending allotment,2024-06-30,3097588165,2024-08-02
2215.1.2,Payables to investors for investment bought on behalf,2024-06-30,0,2024-08-02
2215.1.3,Payables to investors for collected dividend,2024-06-30,0,2024-08-02
2215.1.4,Redemption payable to investors,2024-06-30,5173398833,2024-08-02
2215.2,Tax payables and obligations to the State Budget,2024-06-30,30709807,2024-08-02
2215.3,Subscription and Redemption fee payable to distributors and Fund Management Company,2024-06-30,280656028,2024-08-02
2215.4,Income payable to investors,2024-06-30,0,2024-08-02
2215.5,Remuneration Payable to Fund's Board of Representatives,2024-06-30,8983607,2024-08-02
2215.6,Management fee payable,2024-06-30,1268004174,2024-08-02
2215.7,Fund Administration fee payable,2024-06-30,34870114,2024-08-02
2215.8,Supervisory service fee payable,2024-06-30,46493487,2024-08-02
2215.9,Transaction fee,2024-06-30,192537125,2024-08-02
2215.9.1,Brokerage fee payable,2024-06-30,192537125,2024-08-02
2215.9.2,Clearing Settlement fee payable,2024-06-30,0,2024-08-02
2215.10,Accrued expense for Custodian fee,2024-06-30,43916806,2024-08-02
2215.10.1,Custodian service - Safe Custody Fee,2024-06-30,42266806,2024-08-02
2215.10.2,Custodian service - Transaction fee,2024-06-30,900000,2024-08-02
2215.10.3,"Custodian service -  Depository fee, Position and Margin management fee paid to VSDC",2024-06-30,750000,2024-08-02
2215.11,Audit fee payable,2024-06-30,76182328,2024-08-02
2215.12,General meeting expense payable,2024-06-30,5069681,2024-08-02
2215.13,Annual report fee payable,2024-06-30,0,2024-08-02
2215.14,Transfer Agency fee payable,2024-06-30,11000000,2024-08-02
2215.15,Service fee payable to HOSE for calculating iNAV,2024-06-30,0,2024-08-02
2215.16,Authorising index service fee payable to HOSE,2024-06-30,0,2024-08-02
2215.17,Other payables,2024-06-30,35320758,2024-08-02
2215.17.1,Price feed fee payable,2024-06-30,23500000,2024-08-02
2215.17.2,"Accrued expense for Fund's Board of Representatives travelling, meeting",2024-06-30,0,2024-08-02
2215.17.3,Accrued expense for Annual Management Fee pay to SSC,2024-06-30,11229508,2024-08-02
2215.17.4,Other payables,2024-06-30,591250,2024-08-02
2215.18,Short-term loans - Repo contracts,2024-06-30,0,2024-08-02
2215.18.1,Principal of repo contracts,2024-06-30,0,2024-08-02
2215.18.2,Accrued Interest Expense,2024-06-30,0,2024-08-02
2215.18.3,Principal of Short-term loans,2024-06-30,0,2024-08-02
2216,TOTAL LIABILITIES,2024-06-30,10304730913,2024-08-02
2217,Net Asset Value ( = I.10 - II.4),2024-06-30,1344758330774,2024-08-02
2218,Total Outstanding Fund Certificates,2024-06-30,51214112.04,2024-08-02
2219,Net Asset Value per Fund Certificate,2024-06-30,26257.57,2024-08-02
2220,Receivables from rental of investment property (not applicable),2024-06-30,0,2024-08-02
2221,Real Estate Proceeds Receivables (not applicale),2024-06-30,0,2024-08-02
2222,Real Estate Trading Payables (not applicable),2024-06-30,0,2024-08-02
2200,ASSETS,2024-07-31,,2024-09-04
2201,Cash and Cash Equivalents,2024-07-31,277918531341,2024-09-04
2202,Cash,2024-07-31,,2024-09-04
2203,Cash at bank,2024-07-31,277918531341,2024-09-04
2203.1,Cash at bank for Fund's subscription,2024-07-31,15086415272,2024-09-04
2203.2,Cash at bank for Fund's redemption,2024-07-31,17290401,2024-09-04
2203.3,Cash at bank for Fund's operation,2024-07-31,2014825668,2024-09-04
2203.4,Margin account for trading derivatives,2024-07-31,0,2024-09-04
2203.5,"Cash, cash equivalents",2024-07-31,260800000000,2024-09-04
2205,Investments,2024-07-31,1144546550507,2024-09-04
2205.1,"Listed Shares, fund certificates",2024-07-31,0,2024-09-04
2205.2,"Unlisted Shares, fund certifictes",2024-07-31,0,2024-09-04
2205.3,Bonds,2024-07-31,729115490371,2024-09-04
2205.4,Money market instruments,2024-07-31,279981060136,2024-09-04
2205.5,Deposits with term over three (03) months,2024-07-31,135450000000,2024-09-04
2205.6,Investment - Rights,2024-07-31,0,2024-09-04
2205.7,Index future contracts,2024-07-31,0,2024-09-04
2205.8,Other investments,2024-07-31,0,2024-09-04
2205.9,Reverse repo contracts,2024-07-31,0,2024-09-04
2206,"Dividend, Coupon receivables",2024-07-31,18621833636,2024-09-04
2206.1,Dividend receivables,2024-07-31,0,2024-09-04
2206.2,Coupon receivables,2024-07-31,18621833636,2024-09-04
2207,Interest receivables,2024-07-31,6273767946,2024-09-04
2207.1,Interest receivable from bank deposits,2024-07-31,2266356985,2024-09-04
2207.2,Interest receivable from Money market instruments,2024-07-31,4007410961,2024-09-04
2207.3,Interest receivable from reverse repo contracts,2024-07-31,0,2024-09-04
2208,Securities Trading Receivables,2024-07-31,0,2024-09-04
2210,Other Receivables,2024-07-31,0,2024-09-04
2210.1,Impairment of devaluation of pledged assets,2024-07-31,0,2024-09-04
2210.2,Provision for doubtful debt,2024-07-31,0,2024-09-04
2210.3,Other Receivables,2024-07-31,0,2024-09-04
2211,Other Assets,2024-07-31,60840052,2024-09-04
2212,TOTAL ASSETS,2024-07-31,1447421523482,2024-09-04
2213,LIABILITIES,2024-07-31,,2024-09-04
2214,Securities Trading Payables,2024-07-31,491952042,2024-09-04
2215,Other Payables,2024-07-31,22880066755,2024-09-04
2215.1,Payables to investors,2024-07-31,20815973857,2024-09-04
2215.1.1,Subscription Pending allotment,2024-07-31,15086415272,2024-09-04
2215.1.2,Payables to investors for investment bought on behalf,2024-07-31,0,2024-09-04
2215.1.3,Payables to investors for collected dividend,2024-07-31,0,2024-09-04
2215.1.4,Redemption payable to investors,2024-07-31,5729558585,2024-09-04
2215.2,Tax payables and obligations to the State Budget,2024-07-31,20385996,2024-09-04
2215.3,Subscription and Redemption fee payable to distributors and Fund Management Company,2024-07-31,161601949,2024-09-04
2215.4,Income payable to investors,2024-07-31,0,2024-09-04
2215.5,Remuneration Payable to Fund's Board of Representatives,2024-07-31,9491803,2024-09-04
2215.6,Management fee payable,2024-07-31,1409537218,2024-09-04
2215.7,Fund Administration fee payable,2024-07-31,38762273,2024-09-04
2215.8,Supervisory service fee payable,2024-07-31,51683031,2024-09-04
2215.9,Transaction fee,2024-07-31,192635515,2024-09-04
2215.9.1,Brokerage fee payable,2024-07-31,192635515,2024-09-04
2215.9.2,Clearing Settlement fee payable,2024-07-31,0,2024-09-04
2215.10,Accrued expense for Custodian fee,2024-07-31,49734575,2024-09-04
2215.10.1,Custodian service - Safe Custody Fee,2024-07-31,46984575,2024-09-04
2215.10.2,Custodian service - Transaction fee,2024-07-31,2000000,2024-09-04
2215.10.3,"Custodian service -  Depository fee, Position and Margin management fee paid to VSDC",2024-07-31,750000,2024-09-04
2215.11,Audit fee payable,2024-07-31,87995631,2024-09-04
2215.12,General meeting expense payable,2024-07-31,10890425,2024-09-04
2215.13,Annual report fee payable,2024-07-31,0,2024-09-04
2215.14,Transfer Agency fee payable,2024-07-31,11000000,2024-09-04
2215.15,Service fee payable to HOSE for calculating iNAV,2024-07-31,0,2024-09-04
2215.16,Authorising index service fee payable to HOSE,2024-07-31,0,2024-09-04
2215.17,Other payables,2024-07-31,20374482,2024-09-04
2215.17.1,Price feed fee payable,2024-07-31,7918478,2024-09-04
2215.17.2,"Accrued expense for Fund's Board of Representatives travelling, meeting",2024-07-31,0,2024-09-04
2215.17.3,Accrued expense for Annual Management Fee pay to SSC,2024-07-31,11864754,2024-09-04
2215.17.4,Other payables,2024-07-31,591250,2024-09-04
2215.18,Short-term loans - Repo contracts,2024-07-31,0,2024-09-04
2215.18.1,Principal of repo contracts,2024-07-31,0,2024-09-04
2215.18.2,Accrued Interest Expense,2024-07-31,0,2024-09-04
2215.18.3,Principal of Short-term loans,2024-07-31,0,2024-09-04
2216,TOTAL LIABILITIES,2024-07-31,23372018797,2024-09-04
2217,Net Asset Value ( = I.10 - II.4),2024-07-31,1424049504685,2024-09-04
2218,Total Outstanding Fund Certificates,2024-07-31,53933243.42,2024-09-04
2219,Net Asset Value per Fund Certificate,2024-07-31,26403.92,2024-09-04
2220,Receivables from rental of investment property (not applicable),2024-07-31,0,2024-09-04
2221,Real Estate Proceeds Receivables (not applicale),2024-07-31,0,2024-09-04
2222,Real Estate Trading Payables (not applicable),2024-07-31,0,2024-09-04
2200,ASSETS,2024-08-31,,2024-10-01
2201,Cash and Cash Equivalents,2024-08-31,57857377177,2024-10-01
2202,Cash,2024-08-31,,2024-10-01
2203,Cash at bank,2024-08-31,57857377177,2024-10-01
2203.1,Cash at bank for Fund's subscription,2024-08-31,3371358349,2024-10-01
2203.2,Cash at bank for Fund's redemption,2024-08-31,5965943,2024-10-01
2203.3,Cash at bank for Fund's operation,2024-08-31,480052885,2024-10-01
2203.4,Margin account for trading derivatives,2024-08-31,0,2024-10-01
2203.5,"Cash, cash equivalents",2024-08-31,54000000000,2024-10-01
2205,Investments,2024-08-31,1358376423747,2024-10-01
2205.1,"Listed Shares, fund certificates",2024-08-31,0,2024-10-01
2205.2,"Unlisted Shares, fund certifictes",2024-08-31,0,2024-10-01
2205.3,Bonds,2024-08-31,880176423747,2024-10-01
2205.4,Money market instruments,2024-08-31,305000000000,2024-10-01
2205.5,Deposits with term over three (03) months,2024-08-31,173200000000,2024-10-01
2205.6,Investment - Rights,2024-08-31,0,2024-10-01
2205.7,Index future contracts,2024-08-31,0,2024-10-01
2205.8,Other investments,2024-08-31,0,2024-10-01
2205.9,Reverse repo contracts,2024-08-31,0,2024-10-01
2206,"Dividend, Coupon receivables",2024-08-31,8817897862,2024-10-01
2206.1,Dividend receivables,2024-08-31,0,2024-10-01
2206.2,Coupon receivables,2024-08-31,8817897862,2024-10-01
2207,Interest receivables,2024-08-31,6446300821,2024-10-01
2207.1,Interest receivable from bank deposits,2024-08-31,2224985752,2024-10-01
2207.2,Interest receivable from Money market instruments,2024-08-31,4221315069,2024-10-01
2207.3,Interest receivable from reverse repo contracts,2024-08-31,0,2024-10-01
2208,Securities Trading Receivables,2024-08-31,100866000000,2024-10-01
2210,Other Receivables,2024-08-31,0,2024-10-01
2210.1,Impairment of devaluation of pledged assets,2024-08-31,0,2024-10-01
2210.2,Provision for doubtful debt,2024-08-31,0,2024-10-01
2210.3,Other Receivables,2024-08-31,0,2024-10-01
2211,Other Assets,2024-08-31,48512981,2024-10-01
2212,TOTAL ASSETS,2024-08-31,1532412512588,2024-10-01
2213,LIABILITIES,2024-08-31,,2024-10-01
2214,Securities Trading Payables,2024-08-31,0,2024-10-01
2215,Other Payables,2024-08-31,56777068016,2024-10-01
2215.1,Payables to investors,2024-08-31,54429178225,2024-10-01
2215.1.1,Subscription Pending allotment,2024-08-31,3371357949,2024-10-01
2215.1.2,Payables to investors for investment bought on behalf,2024-08-31,0,2024-10-01
2215.1.3,Payables to investors for collected dividend,2024-08-31,0,2024-10-01
2215.1.4,Redemption payable to investors,2024-08-31,51057820276,2024-10-01
2215.2,Tax payables and obligations to the State Budget,2024-08-31,115635763,2024-10-01
2215.3,Subscription and Redemption fee payable to distributors and Fund Management Company,2024-08-31,287017684,2024-10-01
2215.4,Income payable to investors,2024-08-31,0,2024-10-01
2215.5,Remuneration Payable to Fund's Board of Representatives,2024-08-31,10000000,2024-10-01
2215.6,Management fee payable,2024-08-31,1470293554,2024-10-01
2215.7,Fund Administration fee payable,2024-08-31,40433071,2024-10-01
2215.8,Supervisory service fee payable,2024-08-31,53910764,2024-10-01
2215.9,Transaction fee,2024-08-31,212710325,2024-10-01
2215.9.1,Brokerage fee payable,2024-08-31,212710325,2024-10-01
2215.9.2,Clearing Settlement fee payable,2024-08-31,0,2024-10-01
2215.10,Accrued expense for Custodian fee,2024-08-31,51659787,2024-10-01
2215.10.1,Custodian service - Safe Custody Fee,2024-08-31,49009787,2024-10-01
2215.10.2,Custodian service - Transaction fee,2024-08-31,1900000,2024-10-01
2215.10.3,"Custodian service -  Depository fee, Position and Margin management fee paid to VSDC",2024-08-31,750000,2024-10-01
2215.11,Audit fee payable,2024-08-31,27988935,2024-10-01
2215.12,General meeting expense payable,2024-08-31,16711170,2024-10-01
2215.13,Annual report fee payable,2024-08-31,0,2024-10-01
2215.14,Transfer Agency fee payable,2024-08-31,11000000,2024-10-01
2215.15,Service fee payable to HOSE for calculating iNAV,2024-08-31,0,2024-10-01
2215.16,Authorising index service fee payable to HOSE,2024-08-31,0,2024-10-01
2215.17,Other payables,2024-08-31,50528738,2024-10-01
2215.17.1,Price feed fee payable,2024-08-31,15836957,2024-10-01
2215.17.2,"Accrued expense for Fund's Board of Representatives travelling, meeting",2024-08-31,0,2024-10-01
2215.17.3,Accrued expense for Annual Management Fee pay to SSC,2024-08-31,12500000,2024-10-01
2215.17.4,Other payables,2024-08-31,22191781,2024-10-01
2215.18,Short-term loans - Repo contracts,2024-08-31,0,2024-10-01
2215.18.1,Principal of repo contracts,2024-08-31,0,2024-10-01
2215.18.2,Accrued Interest Expense,2024-08-31,0,2024-10-01
2215.18.3,Principal of Short-term loans,2024-08-31,0,2024-10-01
2216,TOTAL LIABILITIES,2024-08-31,56777068016,2024-10-01
2217,Net Asset Value ( = I.10 - II.4),2024-08-31,1475635444572,2024-10-01
2218,Total Outstanding Fund Certificates,2024-08-31,55638662.38,2024-10-01
2219,Net Asset Value per Fund Certificate,2024-08-31,26521.76,2024-10-01
2220,Receivables from rental of investment property (not applicable),2024-08-31,0,2024-10-01
2221,Real Estate Proceeds Receivables (not applicale),2024-08-31,0,2024-10-01
2222,Real Estate Trading Payables (not applicable),2024-08-31,0,2024-10-01
2200,ASSETS,2024-09-30,,2024-11-01
2201,Cash and Cash Equivalents,2024-09-30,156172164816,2024-11-01
2202,Cash,2024-09-30,,2024-11-01
2203,Cash at bank,2024-09-30,156172164816,2024-11-01
2203.1,Cash at bank for Fund's subscription,2024-09-30,9525444010,2024-11-01
2203.2,Cash at bank for Fund's redemption,2024-09-30,4391073,2024-11-01
2203.3,Cash at bank for Fund's operation,2024-09-30,842329733,2024-11-01
2203.4,Margin account for trading derivatives,2024-09-30,0,2024-11-01
2203.5,"Cash, cash equivalents",2024-09-30,145800000000,2024-11-01
2205,Investments,2024-09-30,1360106253896,2024-11-01
2205.1,"Listed Shares, fund certificates",2024-09-30,0,2024-11-01
2205.2,"Unlisted Shares, fund certifictes",2024-09-30,0,2024-11-01
2205.3,Bonds,2024-09-30,939006253896,2024-11-01
2205.4,Money market instruments,2024-09-30,265000000000,2024-11-01
2205.5,Deposits with term over three (03) months,2024-09-30,156100000000,2024-11-01
2205.6,Investment - Rights,2024-09-30,0,2024-11-01
2205.7,Index future contracts,2024-09-30,0,2024-11-01
2205.8,Other investments,2024-09-30,0,2024-11-01
2205.9,Reverse repo contracts,2024-09-30,0,2024-11-01
2206,"Dividend, Coupon receivables",2024-09-30,15619405291,2024-11-01
2206.1,Dividend receivables,2024-09-30,0,2024-11-01
2206.2,Coupon receivables,2024-09-30,15619405291,2024-11-01
2207,Interest receivables,2024-09-30,6671668631,2024-11-01
2207.1,Interest receivable from bank deposits,2024-09-30,1169257672,2024-11-01
2207.2,Interest receivable from Money market instruments,2024-09-30,5502410959,2024-11-01
2207.3,Interest receivable from reverse repo contracts,2024-09-30,0,2024-11-01
2208,Securities Trading Receivables,2024-09-30,0,2024-11-01
2210,Other Receivables,2024-09-30,0,2024-11-01
2210.1,Impairment of devaluation of pledged assets,2024-09-30,0,2024-11-01
2210.2,Provision for doubtful debt,2024-09-30,0,2024-11-01
2210.3,Other Receivables,2024-09-30,0,2024-11-01
2211,Other Assets,2024-09-30,36583558,2024-11-01
2212,TOTAL ASSETS,2024-09-30,1538606076192,2024-11-01
2213,LIABILITIES,2024-09-30,,2024-11-01
2214,Securities Trading Payables,2024-09-30,0,2024-11-01
2215,Other Payables,2024-09-30,53030897719,2024-11-01
2215.1,Payables to investors,2024-09-30,50683818264,2024-11-01
2215.1.1,Subscription Pending allotment,2024-09-30,9525444010,2024-11-01
2215.1.2,Payables to investors for investment bought on behalf,2024-09-30,0,2024-11-01
2215.1.3,Payables to investors for collected dividend,2024-09-30,0,2024-11-01
2215.1.4,Redemption payable to investors,2024-09-30,41158374254,2024-11-01
2215.2,Tax payables and obligations to the State Budget,2024-09-30,159790129,2024-11-01
2215.3,Subscription and Redemption fee payable to distributors and Fund Management Company,2024-09-30,297211309,2024-11-01
2215.4,Income payable to investors,2024-09-30,0,2024-11-01
2215.5,Remuneration Payable to Fund's Board of Representatives,2024-09-30,10491803,2024-11-01
2215.6,Management fee payable,2024-09-30,1435279293,2024-11-01
2215.7,Fund Administration fee payable,2024-09-30,39470179,2024-11-01
2215.8,Supervisory service fee payable,2024-09-30,52626908,2024-11-01
2215.9,Transaction fee,2024-09-30,192537125,2024-11-01
2215.9.1,Brokerage fee payable,2024-09-30,192537125,2024-11-01
2215.9.2,Clearing Settlement fee payable,2024-09-30,0,2024-11-01
2215.10,Accrued expense for Custodian fee,2024-09-30,50292643,2024-11-01
2215.10.1,Custodian service - Safe Custody Fee,2024-09-30,47842643,2024-11-01
2215.10.2,Custodian service - Transaction fee,2024-09-30,1700000,2024-11-01
2215.10.3,"Custodian service -  Depository fee, Position and Margin management fee paid to VSDC",2024-09-30,750000,2024-11-01
2215.11,Audit fee payable,2024-09-30,39421164,2024-11-01
2215.12,General meeting expense payable,2024-09-30,22344148,2024-11-01
2215.13,Annual report fee payable,2024-09-30,0,2024-11-01
2215.14,Transfer Agency fee payable,2024-09-30,11000000,2024-11-01
2215.15,Service fee payable to HOSE for calculating iNAV,2024-09-30,0,2024-11-01
2215.16,Authorising index service fee payable to HOSE,2024-09-30,0,2024-11-01
2215.17,Other payables,2024-09-30,36614754,2024-11-01
2215.17.1,Price feed fee payable,2024-09-30,23500000,2024-11-01
2215.17.2,"Accrued expense for Fund's Board of Representatives travelling, meeting",2024-09-30,0,2024-11-01
2215.17.3,Accrued expense for Annual Management Fee pay to SSC,2024-09-30,13114754,2024-11-01
2215.17.4,Other payables,2024-09-30,0,2024-11-01
2215.18,Short-term loans - Repo contracts,2024-09-30,0,2024-11-01
2215.18.1,Principal of repo contracts,2024-09-30,0,2024-11-01
2215.18.2,Accrued Interest Expense,2024-09-30,0,2024-11-01
2215.18.3,Principal of Short-term loans,2024-09-30,0,2024-11-01
2216,TOTAL LIABILITIES,2024-09-30,53030897719,2024-11-01
2217,Net Asset Value ( = I.10 - II.4),2024-09-30,1485575178473,2024-11-01
2218,Total Outstanding Fund Certificates,2024-09-30,55739921.63,2024-11-01
2219,Net Asset Value per Fund Certificate,2024-09-30,26651.9,2024-11-01
2220,Receivables from rental of investment property (not applicable),2024-09-30,0,2024-11-01
2221,Real Estate Proceeds Receivables (not applicale),2024-09-30,0,2024-11-01
2222,Real Estate Trading Payables (not applicable),2024-09-30,0,2024-11-01
2200,ASSETS,2024-10-31,,2024-12-02
2201,Cash and Cash Equivalents,2024-10-31,339416846350,2024-12-02
2202,Cash,2024-10-31,,2024-12-02
2203,Cash at bank,2024-10-31,339416846350,2024-12-02
2203.1,Cash at bank for Fund's subscription,2024-10-31,9891853655,2024-12-02
2203.2,Cash at bank for Fund's dividend payment and redemption,2024-10-31,4391073,2024-12-02
2203.2,Cash at bank for Fund's redemption,2024-10-31,4391073,2024-11-01
2203.3,Cash at bank for Fund's operation,2024-10-31,21520601622,2024-12-02
2203.4,Margin account for trading derivatives,2024-10-31,0,2024-12-02
2203.5,"Cash, cash equivalents",2024-10-31,308000000000,2024-12-02
2205,Investments,2024-10-31,1280632427824,2024-12-02
2205.1,"Listed Shares, fund certificates",2024-10-31,0,2024-12-02
2205.2,"Unlisted Shares, fund certifictes",2024-10-31,0,2024-12-02
2205.3,Bonds,2024-10-31,804409522221,2024-12-02
2205.4,Money market instruments,2024-10-31,315122905603,2024-12-02
2205.5,Deposits with term over three (03) months,2024-10-31,161100000000,2024-12-02
2205.6,Investment - Rights,2024-10-31,0,2024-12-02
2205.7,Index future contracts,2024-10-31,0,2024-12-02
2205.8,Other investments,2024-10-31,0,2024-12-02
2205.9,Reverse repo contracts,2024-10-31,0,2024-12-02
2206,"Dividend, Coupon receivables",2024-10-31,20195728659,2024-12-02
2206.1,Dividend receivables,2024-10-31,0,2024-12-02
2206.2,Coupon receivables,2024-10-31,20195728659,2024-12-02
2207,Interest receivables,2024-10-31,10044821371,2024-12-02
2207.1,Interest receivable from bank deposits,2024-10-31,2239615892,2024-12-02
2207.2,Interest receivable from Money market instruments,2024-10-31,7805205479,2024-12-02
2207.3,Interest receivable from reverse repo contracts,2024-10-31,0,2024-12-02
2208,Securities Trading Receivables,2024-10-31,0,2024-12-02
2210,Other Receivables,2024-10-31,0,2024-12-02
2210.1,Impairment of devaluation of pledged assets,2024-10-31,0,2024-12-02
2210.2,Provision for doubtful debt,2024-10-31,0,2024-12-02
2210.3,Other Receivables,2024-10-31,0,2024-12-02
2211,Other Assets,2024-10-31,24256486,2024-12-02
2212,TOTAL ASSETS,2024-10-31,1650314080690,2024-12-02
2213,LIABILITIES,2024-10-31,,2024-12-02
2214,Securities Trading Payables,2024-10-31,20580400000,2024-12-02
2215,Other Payables,2024-10-31,42807112252,2024-12-02
2215.1,Payables to investors,2024-10-31,40406886635,2024-12-02
2215.1.1,Subscription Pending allotment,2024-10-31,9891853655,2024-12-02
2215.1.2,Payables to investors for investment bought on behalf,2024-10-31,0,2024-12-02
2215.1.3,Payables to investors for collected dividend,2024-10-31,0,2024-12-02
2215.1.4,Redemption payable to investors,2024-10-31,30515032980,2024-12-02
2215.2,Tax payables and obligations to the State Budget,2024-10-31,120884374,2024-12-02
2215.3,Subscription and Redemption fee payable to distributors and Fund Management Company,2024-10-31,242681910,2024-12-02
2215.4,Income payable to investors,2024-10-31,0,2024-12-02
2215.5,Remuneration Payable to Fund's Board of Representatives,2024-10-31,11000000,2024-12-02
2215.6,Management fee payable,2024-10-31,1565355227,2024-12-02
2215.7,Fund Administration fee payable,2024-10-31,43047269,2024-12-02
2215.8,Supervisory service fee payable,2024-10-31,57396358,2024-12-02
2215.9,Transaction fee,2024-10-31,195624185,2024-12-02
2215.9.1,Brokerage fee payable,2024-10-31,195624185,2024-12-02
2215.9.2,Clearing Settlement fee payable,2024-10-31,0,2024-12-02
2215.10,Accrued expense for Custodian fee,2024-10-31,48209217,2024-12-02
2215.10.1,Custodian service - Safe Custody Fee,2024-10-31,45859217,2024-12-02
2215.10.2,Custodian service - Transaction fee,2024-10-31,1600000,2024-12-02
2215.10.3,"Custodian service -  Depository fee, Position and Margin management fee paid to VSDC",2024-10-31,750000,2024-12-02
2215.11,Audit fee payable,2024-10-31,51234467,2024-12-02
2215.12,General meeting expense payable,2024-10-31,28164893,2024-12-02
2215.13,Annual report fee payable,2024-10-31,0,2024-12-02
2215.14,Transfer Agency fee payable,2024-10-31,11000000,2024-12-02
2215.15,Service fee payable to HOSE for calculating iNAV,2024-10-31,0,2024-12-02
2215.16,Authorising index service fee payable to HOSE,2024-10-31,0,2024-12-02
2215.17,Other payables,2024-10-31,25627717,2024-12-02
2215.17.1,Price feed fee payable,2024-10-31,11877717,2024-12-02
2215.17.2,"Accrued expense for Fund's Board of Representatives travelling, meeting",2024-10-31,0,2024-12-02
2215.17.3,Accrued expense for Annual Management Fee pay to SSC,2024-10-31,13750000,2024-12-02
2215.17.4,Other payables,2024-10-31,0,2024-12-02
2215.18,Short-term loans - Repo contracts,2024-10-31,0,2024-12-02
2215.18.1,Principal of repo contracts,2024-10-31,0,2024-12-02
2215.18.2,Accrued Interest Expense,2024-10-31,0,2024-12-02
2215.18.3,Principal of Short-term loans,2024-10-31,0,2024-12-02
2216,TOTAL LIABILITIES,2024-10-31,63387512252,2024-12-02
2217,Net Asset Value ( = I.10 - II.4),2024-10-31,1586926568438,2024-12-02
2218,Total Outstanding Fund Certificates,2024-10-31,59204577.93,2024-12-02
2219,Net Asset Value per Fund Certificate,2024-10-31,26804.11,2024-12-02
2220,Receivables from rental of investment property (not applicable),2024-10-31,0,2024-12-02
2221,Real Estate Proceeds Receivables (not applicale),2024-10-31,0,2024-12-02
2222,Real Estate Trading Payables (not applicable),2024-10-31,0,2024-12-02
2200,ASSETS,2024-11-30,,2025-01-03
2201,Cash and Cash Equivalents,2024-11-30,335400487305,2025-01-03
2202,Cash,2024-11-30,,2025-01-03
2203,Cash at bank,2024-11-30,335400487305,2025-01-03
2203.1,Cash at bank for Fund's subscription,2024-11-30,3079827759,2025-01-03
2203.2,Cash at bank for Fund's dividend payment and redemption,2024-11-30,4391073,2025-01-03
2203.3,Cash at bank for Fund's operation,2024-11-30,147316268473,2025-01-03
2203.4,Margin account for trading derivatives,2024-11-30,0,2025-01-03
2203.5,"Cash, cash equivalents",2024-11-30,185000000000,2025-01-03
2205,Investments,2024-11-30,1385322537697,2025-01-03
2205.1,"Listed Shares, fund certificates",2024-11-30,0,2025-01-03
2205.2,"Unlisted Shares, fund certifictes",2024-11-30,0,2025-01-03
2205.3,Bonds,2024-11-30,909099632094,2025-01-03
2205.4,Money market instruments,2024-11-30,315122905603,2025-01-03
2205.5,Deposits with term over three (03) months,2024-11-30,161100000000,2025-01-03
2205.6,Investment - Rights,2024-11-30,0,2025-01-03
2205.7,Index future contracts,2024-11-30,0,2025-01-03
2205.8,Other investments,2024-11-30,0,2025-01-03
2205.9,Reverse repo contracts,2024-11-30,0,2025-01-03
2206,"Dividend, Coupon receivables",2024-11-30,25458069893,2025-01-03
2206.1,Dividend receivables,2024-11-30,0,2025-01-03
2206.2,Coupon receivables,2024-11-30,25458069893,2025-01-03
2207,Interest receivables,2024-11-30,12436029590,2025-01-03
2207.1,Interest receivable from bank deposits,2024-11-30,2890824110,2025-01-03
2207.2,Interest receivable from Money market instruments,2024-11-30,9545205480,2025-01-03
2207.3,Interest receivable from reverse repo contracts,2024-11-30,0,2025-01-03
2208,Securities Trading Receivables,2024-11-30,0,2025-01-03
2210,Other Receivables,2024-11-30,0,2025-01-03
2210.1,Impairment of devaluation of pledged assets,2024-11-30,0,2025-01-03
2210.2,Provision for doubtful debt,2024-11-30,0,2025-01-03
2210.3,Other Receivables,2024-11-30,0,2025-01-03
2211,Other Assets,2024-11-30,12327062,2025-01-03
2212,TOTAL ASSETS,2024-11-30,1758629451547,2025-01-03
2213,LIABILITIES,2024-11-30,,2025-01-03
2214,Securities Trading Payables,2024-11-30,101703000000,2025-01-03
2215,Other Payables,2024-11-30,23334971278,2025-01-03
2215.1,Payables to investors,2024-11-30,20804499100,2025-01-03
2215.1.1,Subscription Pending allotment,2024-11-30,3079827759,2025-01-03
2215.1.2,Payables to investors for investment bought on behalf,2024-11-30,0,2025-01-03
2215.1.3,Payables to investors for collected dividend,2024-11-30,0,2025-01-03
2215.1.4,Redemption payable to investors,2024-11-30,17724671341,2025-01-03
2215.2,Tax payables and obligations to the State Budget,2024-11-30,118600619,2025-01-03
2215.3,Subscription and Redemption fee payable to distributors and Fund Management Company,2024-11-30,312076424,2025-01-03
2215.4,Income payable to investors,2024-11-30,0,2025-01-03
2215.5,Remuneration Payable to Fund's Board of Representatives,2024-11-30,11491803,2025-01-03
2215.6,Management fee payable,2024-11-30,1585755322,2025-01-03
2215.7,Fund Administration fee payable,2024-11-30,43608272,2025-01-03
2215.8,Supervisory service fee payable,2024-11-30,58144361,2025-01-03
2215.9,Transaction fee,2024-11-30,207792575,2025-01-03
2215.9.1,Brokerage fee payable,2024-11-30,207792575,2025-01-03
2215.9.2,Clearing Settlement fee payable,2024-11-30,0,2025-01-03
2215.10,Accrued expense for Custodian fee,2024-11-30,47801197,2025-01-03
2215.10.1,Custodian service - Safe Custody Fee,2024-11-30,46251197,2025-01-03
2215.10.2,Custodian service - Transaction fee,2024-11-30,800000,2025-01-03
2215.10.3,"Custodian service -  Depository fee, Position and Margin management fee paid to VSDC",2024-11-30,750000,2025-01-03
2215.11,Audit fee payable,2024-11-30,62666697,2025-01-03
2215.12,General meeting expense payable,2024-11-30,33797871,2025-01-03
2215.13,Annual report fee payable,2024-11-30,0,2025-01-03
2215.14,Transfer Agency fee payable,2024-11-30,11000000,2025-01-03
2215.15,Service fee payable to HOSE for calculating iNAV,2024-11-30,0,2025-01-03
2215.16,Authorising index service fee payable to HOSE,2024-11-30,0,2025-01-03
2215.17,Other payables,2024-11-30,37737037,2025-01-03
2215.17.1,Price feed fee payable,2024-11-30,23372283,2025-01-03
2215.17.2,"Accrued expense for Fund's Board of Representatives travelling, meeting",2024-11-30,0,2025-01-03
2215.17.3,Accrued expense for Annual Management Fee pay to SSC,2024-11-30,14364754,2025-01-03
2215.17.4,Other payables,2024-11-30,0,2025-01-03
2215.18,Short-term loans - Repo contracts,2024-11-30,0,2025-01-03
2215.18.1,Principal of repo contracts,2024-11-30,0,2025-01-03
2215.18.2,Accrued Interest Expense,2024-11-30,0,2025-01-03
2215.18.3,Principal of Short-term loans,2024-11-30,0,2025-01-03
2216,TOTAL LIABILITIES,2024-11-30,125037971278,2025-01-03
2217,Net Asset Value ( = I.10 - II.4),2024-11-30,1633591480269,2025-01-03
2218,Total Outstanding Fund Certificates,2024-11-30,60574783.78,2025-01-03
2219,Net Asset Value per Fund Certificate,2024-11-30,26968.17,2025-01-03
2220,Receivables from rental of investment property (not applicable),2024-11-30,0,2025-01-03
2221,Real Estate Proceeds Receivables (not applicale),2024-11-30,0,2025-01-03
2222,Real Estate Trading Payables (not applicable),2024-11-30,0,2025-01-03
2200,ASSETS,2024-12-31,,2025-02-03
2201,Cash and Cash Equivalents,2024-12-31,260940922040,2025-02-03
2202,Cash,2024-12-31,,2025-02-03
2203,Cash at bank,2024-12-31,260940922040,2025-02-03
2203.1,Cash at bank for Fund's subscription,2024-12-31,9923142711,2025-02-03
2203.2,Cash at bank for Fund's dividend payment and redemption,2024-12-31,4391073,2025-02-03
2203.3,Cash at bank for Fund's operation,2024-12-31,2213388256,2025-02-03
2203.4,Margin account for trading derivatives,2024-12-31,0,2025-02-03
2203.5,"Cash, cash equivalents",2024-12-31,248800000000,2025-02-03
2205,Investments,2024-12-31,1383107257612,2025-02-03
2205.1,"Listed Shares, fund certificates",2024-12-31,0,2025-02-03
2205.2,"Unlisted Shares, fund certifictes",2024-12-31,0,2025-02-03
2205.3,Bonds,2024-12-31,956884352009,2025-02-03
2205.4,Money market instruments,2024-12-31,265122905603,2025-02-03
2205.5,Deposits with term over three (03) months,2024-12-31,161100000000,2025-02-03
2205.6,Investment - Rights,2024-12-31,0,2025-02-03
2205.7,Index future contracts,2024-12-31,0,2025-02-03
2205.8,Other investments,2024-12-31,0,2025-02-03
2205.9,Reverse repo contracts,2024-12-31,0,2025-02-03
2206,"Dividend, Coupon receivables",2024-12-31,30288039815,2025-02-03
2206.1,Dividend receivables,2024-12-31,0,2025-02-03
2206.2,Coupon receivables,2024-12-31,30288039815,2025-02-03
2207,Interest receivables,2024-12-31,13444436440,2025-02-03
2207.1,Interest receivable from bank deposits,2024-12-31,3842326851,2025-02-03
2207.2,Interest receivable from Money market instruments,2024-12-31,9602109589,2025-02-03
2207.3,Interest receivable from reverse repo contracts,2024-12-31,0,2025-02-03
2208,Securities Trading Receivables,2024-12-31,0,2025-02-03
2210,Other Receivables,2024-12-31,0,2025-02-03
2210.1,Impairment of devaluation of pledged assets,2024-12-31,0,2025-02-03
2210.2,Provision for doubtful debt,2024-12-31,0,2025-02-03
2210.3,Other Receivables,2024-12-31,0,2025-02-03
2211,Other Assets,2024-12-31,0,2025-02-03
2212,TOTAL ASSETS,2024-12-31,1687780655907,2025-02-03
2213,LIABILITIES,2024-12-31,,2025-02-03
2214,Securities Trading Payables,2024-12-31,0,2025-02-03
2215,Other Payables,2024-12-31,39206607425,2025-02-03
2215.1,Payables to investors,2024-12-31,36492948218,2025-02-03
2215.1.1,Subscription Pending allotment,2024-12-31,9923142711,2025-02-03
2215.1.2,Payables to investors for investment bought on behalf,2024-12-31,0,2025-02-03
2215.1.3,Payables to investors for collected dividend,2024-12-31,0,2025-02-03
2215.1.4,Redemption payable to investors,2024-12-31,26569805507,2025-02-03
2215.2,Tax payables and obligations to the State Budget,2024-12-31,137193084,2025-02-03
2215.3,Subscription and Redemption fee payable to distributors and Fund Management Company,2024-12-31,405658375,2025-02-03
2215.4,Income payable to investors,2024-12-31,0,2025-02-03
2215.5,Remuneration Payable to Fund's Board of Representatives,2024-12-31,12000000,2025-02-03
2215.6,Management fee payable,2024-12-31,1650065860,2025-02-03
2215.7,Fund Administration fee payable,2024-12-31,45376811,2025-02-03
2215.8,Supervisory service fee payable,2024-12-31,60502415,2025-02-03
2215.9,Transaction fee,2024-12-31,192537125,2025-02-03
2215.9.1,Brokerage fee payable,2024-12-31,192537125,2025-02-03
2215.9.2,Clearing Settlement fee payable,2024-12-31,0,2025-02-03
2215.10,Accrued expense for Custodian fee,2024-12-31,49976921,2025-02-03
2215.10.1,Custodian service - Safe Custody Fee,2024-12-31,48126921,2025-02-03
2215.10.2,Custodian service - Transaction fee,2024-12-31,1100000,2025-02-03
2215.10.3,"Custodian service -  Depository fee, Position and Margin management fee paid to VSDC",2024-12-31,750000,2025-02-03
2215.11,Audit fee payable,2024-12-31,74480000,2025-02-03
2215.12,General meeting expense payable,2024-12-31,39618616,2025-02-03
2215.13,Annual report fee payable,2024-12-31,0,2025-02-03
2215.14,Transfer Agency fee payable,2024-12-31,11000000,2025-02-03
2215.15,Service fee payable to HOSE for calculating iNAV,2024-12-31,0,2025-02-03
2215.16,Authorising index service fee payable to HOSE,2024-12-31,0,2025-02-03
2215.17,Other payables,2024-12-31,35250000,2025-02-03
2215.17.1,Price feed fee payable,2024-12-31,35250000,2025-02-03
2215.17.2,"Accrued expense for Fund's Board of Representatives travelling, meeting",2024-12-31,0,2025-02-03
2215.17.3,Accrued expense for Annual Management Fee pay to SSC,2024-12-31,0,2025-02-03
2215.17.4,Other payables,2024-12-31,0,2025-02-03
2215.18,Short-term loans - Repo contracts,2024-12-31,0,2025-02-03
2215.18.1,Principal of repo contracts,2024-12-31,0,2025-02-03
2215.18.2,Accrued Interest Expense,2024-12-31,0,2025-02-03
2215.18.3,Principal of Short-term loans,2024-12-31,0,2025-02-03
2216,TOTAL LIABILITIES,2024-12-31,39206607425,2025-02-03
2217,Net Asset Value ( = I.10 - II.4),2024-12-31,1648574048482,2025-02-03
2218,Total Outstanding Fund Certificates,2024-12-31,60787851.61,2025-02-03
2219,Net Asset Value per Fund Certificate,2024-12-31,27120.12,2025-02-03
2220,Receivables from rental of investment property (not applicable),2024-12-31,0,2025-02-03
2221,Real Estate Proceeds Receivables (not applicale),2024-12-31,0,2025-02-03
2222,Real Estate Trading Payables (not applicable),2024-12-31,0,2025-02-03
2200,ASSETS,2025-01-31,,2025-03-03
2201,Cash and Cash Equivalents,2025-01-31,162739470657,2025-03-03
2202,Cash,2025-01-31,,2025-03-03
2203,Cash at bank,2025-01-31,162739470657,2025-03-03
2203.1,Cash at bank for Fund's subscription,2025-01-31,1114420907,2025-03-03
2203.2,Cash at bank for Fund's dividend payment and redemption,2025-01-31,4991136,2025-03-03
2203.3,Cash at bank for Fund's operation,2025-01-31,620058614,2025-03-03
2203.4,Margin account for trading derivatives,2025-01-31,0,2025-03-03
2203.5,"Cash, cash equivalents",2025-01-31,161000000000,2025-03-03
2205,Investments,2025-01-31,1480776952181,2025-03-03
2205.1,"Listed Shares, fund certificates",2025-01-31,0,2025-03-03
2205.2,"Unlisted Shares, fund certifictes",2025-01-31,0,2025-03-03
2205.3,Bonds,2025-01-31,1054554046578,2025-03-03
2205.4,Money market instruments,2025-01-31,265122905603,2025-03-03
2205.5,Deposits with term over three (03) months,2025-01-31,161100000000,2025-03-03
2205.6,Investment - Rights,2025-01-31,0,2025-03-03
2205.7,Index future contracts,2025-01-31,0,2025-03-03
2205.8,Other investments,2025-01-31,0,2025-03-03
2205.9,Reverse repo contracts,2025-01-31,0,2025-03-03
2206,"Dividend, Coupon receivables",2025-01-31,36142849246,2025-03-03
2206.1,Dividend receivables,2025-01-31,0,2025-03-03
2206.2,Coupon receivables,2025-01-31,36142849246,2025-03-03
2207,Interest receivables,2025-01-31,12944287808,2025-03-03
2207.1,Interest receivable from bank deposits,2025-01-31,4757027535,2025-03-03
2207.2,Interest receivable from Money market instruments,2025-01-31,8187260273,2025-03-03
2207.3,Interest receivable from reverse repo contracts,2025-01-31,0,2025-03-03
2208,Securities Trading Receivables,2025-01-31,0,2025-03-03
2210,Other Receivables,2025-01-31,0,2025-03-03
2210.1,Impairment of devaluation of pledged assets,2025-01-31,0,2025-03-03
2210.2,Provision for doubtful debt,2025-01-31,0,2025-03-03
2210.3,Other Receivables,2025-01-31,0,2025-03-03
2211,Other Assets,2025-01-31,0,2025-03-03
2212,TOTAL ASSETS,2025-01-31,1692603559892,2025-03-03
2213,LIABILITIES,2025-01-31,,2025-03-03
2214,Securities Trading Payables,2025-01-31,0,2025-03-03
2215,Other Payables,2025-01-31,6254402891,2025-03-03
2215.1,Payables to investors,2025-01-31,3591754541,2025-03-03
2215.1.1,Subscription Pending allotment,2025-01-31,1114420907,2025-03-03
2215.1.2,Payables to investors for investment bought on behalf,2025-01-31,0,2025-03-03
2215.1.3,Payables to investors for collected dividend,2025-01-31,0,2025-03-03
2215.1.4,Redemption payable to investors,2025-01-31,2477333634,2025-03-03
2215.2,Tax payables and obligations to the State Budget,2025-01-31,72785573,2025-03-03
2215.3,Subscription and Redemption fee payable to distributors and Fund Management Company,2025-01-31,367542413,2025-03-03
2215.4,Income payable to investors,2025-01-31,0,2025-03-03
2215.5,Remuneration Payable to Fund's Board of Representatives,2025-01-31,6509589,2025-03-03
2215.6,Management fee payable,2025-01-31,1708862226,2025-03-03
2215.7,Fund Administration fee payable,2025-01-31,46993711,2025-03-03
2215.8,Supervisory service fee payable,2025-01-31,62658281,2025-03-03
2215.9,Transaction fee,2025-01-31,192537125,2025-03-03
2215.9.1,Brokerage fee payable,2025-01-31,192537125,2025-03-03
2215.9.2,Clearing Settlement fee payable,2025-01-31,0,2025-03-03
2215.10,Accrued expense for Custodian fee,2025-01-31,51091815,2025-03-03
2215.10.1,Custodian service - Safe Custody Fee,2025-01-31,49841815,2025-03-03
2215.10.2,Custodian service - Transaction fee,2025-01-31,500000,2025-03-03
2215.10.3,"Custodian service -  Depository fee, Position and Margin management fee paid to VSDC",2025-01-31,750000,2025-03-03
2215.11,Audit fee payable,2025-01-31,86905479,2025-03-03
2215.12,General meeting expense payable,2025-01-31,42983485,2025-03-03
2215.13,Annual report fee payable,2025-01-31,0,2025-03-03
2215.14,Transfer Agency fee payable,2025-01-31,11000000,2025-03-03
2215.15,Service fee payable to HOSE for calculating iNAV,2025-01-31,0,2025-03-03
2215.16,Authorising index service fee payable to HOSE,2025-01-31,0,2025-03-03
2215.17,Other payables,2025-01-31,12778653,2025-03-03
2215.17.1,Price feed fee payable,2025-01-31,12141667,2025-03-03
2215.17.2,"Accrued expense for Fund's Board of Representatives travelling, meeting",2025-01-31,0,2025-03-03
2215.17.3,Accrued expense for Annual Management Fee pay to SSC,2025-01-31,636986,2025-03-03
2215.17.4,Other payables,2025-01-31,0,2025-03-03
2215.18,Short-term loans - Repo contracts,2025-01-31,0,2025-03-03
2215.18.1,Principal of repo contracts,2025-01-31,0,2025-03-03
2215.18.2,Accrued Interest Expense,2025-01-31,0,2025-03-03
2215.18.3,Principal of Short-term loans,2025-01-31,0,2025-03-03
2216,TOTAL LIABILITIES,2025-01-31,6254402891,2025-03-03
2217,Net Asset Value ( = I.10 - II.4),2025-01-31,1686349157001,2025-03-03
2218,Total Outstanding Fund Certificates,2025-01-31,61886381.73,2025-03-03
2219,Net Asset Value per Fund Certificate,2025-01-31,27249.11,2025-03-03
2220,Receivables from rental of investment property (not applicable),2025-01-31,0,2025-03-03
2221,Real Estate Proceeds Receivables (not applicale),2025-01-31,0,2025-03-03
2222,Real Estate Trading Payables (not applicable),2025-01-31,0,2025-03-03
2200,ASSETS,2025-02-28,,2025-04-01
2201,Cash and Cash Equivalents,2025-02-28,156525013933,2025-04-01
2202,Cash,2025-02-28,,2025-04-01
2203,Cash at bank,2025-02-28,156525013933,2025-04-01
2203.1,Cash at bank for Fund's subscription,2025-02-28,727022792,2025-04-01
2203.2,Cash at bank for Fund's dividend payment and redemption,2025-02-28,4704389,2025-04-01
2203.3,Cash at bank for Fund's operation,2025-02-28,32193286752,2025-04-01
2203.4,Margin account for trading derivatives,2025-02-28,0,2025-04-01
2203.5,"Cash, cash equivalents",2025-02-28,123600000000,2025-04-01
2205,Investments,2025-02-28,1524987430088,2025-04-01
2205.1,"Listed Shares, fund certificates",2025-02-28,0,2025-04-01
2205.2,"Unlisted Shares, fund certifictes",2025-02-28,0,2025-04-01
2205.3,Bonds,2025-02-28,1114864524485,2025-04-01
2205.4,Money market instruments,2025-02-28,315122905603,2025-04-01
2205.5,Deposits with term over three (03) months,2025-02-28,95000000000,2025-04-01
2205.6,Investment - Rights,2025-02-28,0,2025-04-01
2205.7,Index future contracts,2025-02-28,0,2025-04-01
2205.8,Other investments,2025-02-28,0,2025-04-01
2205.9,Reverse repo contracts,2025-02-28,0,2025-04-01
2206,"Dividend, Coupon receivables",2025-02-28,14788762867,2025-04-01
2206.1,Dividend receivables,2025-02-28,0,2025-04-01
2206.2,Coupon receivables,2025-02-28,14788762867,2025-04-01
2207,Interest receivables,2025-02-28,11895529453,2025-04-01
2207.1,Interest receivable from bank deposits,2025-02-28,2302310273,2025-04-01
2207.2,Interest receivable from Money market instruments,2025-02-28,9593219180,2025-04-01
2207.3,Interest receivable from reverse repo contracts,2025-02-28,0,2025-04-01
2208,Securities Trading Receivables,2025-02-28,0,2025-04-01
2210,Other Receivables,2025-02-28,0,2025-04-01
2210.1,Impairment of devaluation of pledged assets,2025-02-28,0,2025-04-01
2210.2,Provision for doubtful debt,2025-02-28,0,2025-04-01
2210.3,Other Receivables,2025-02-28,0,2025-04-01
2211,Other Assets,2025-02-28,0,2025-04-01
2212,TOTAL ASSETS,2025-02-28,1708196736341,2025-04-01
2213,LIABILITIES,2025-02-28,,2025-04-01
2214,Securities Trading Payables,2025-02-28,19929800000,2025-04-01
2215,Other Payables,2025-02-28,27176668539,2025-04-01
2215.1,Payables to investors,2025-02-28,24764804995,2025-04-01
2215.1.1,Subscription Pending allotment,2025-02-28,727022792,2025-04-01
2215.1.2,Payables to investors for investment bought on behalf,2025-02-28,0,2025-04-01
2215.1.3,Payables to investors for collected dividend,2025-02-28,0,2025-04-01
2215.1.4,Redemption payable to investors,2025-02-28,24037782203,2025-04-01
2215.2,Tax payables and obligations to the State Budget,2025-02-28,141293611,2025-04-01
2215.3,Subscription and Redemption fee payable to distributors and Fund Management Company,2025-02-28,220420286,2025-04-01
2215.4,Income payable to investors,2025-02-28,0,2025-04-01
2215.5,Remuneration Payable to Fund's Board of Representatives,2025-02-28,6969863,2025-04-01
2215.6,Management fee payable,2025-02-28,1523720873,2025-04-01
2215.7,Fund Administration fee payable,2025-02-28,41902324,2025-04-01
2215.8,Supervisory service fee payable,2025-02-28,55869766,2025-04-01
2215.9,Transaction fee,2025-02-28,196523085,2025-04-01
2215.9.1,Brokerage fee payable,2025-02-28,196523085,2025-04-01
2215.9.2,Clearing Settlement fee payable,2025-02-28,0,2025-04-01
2215.10,Accrued expense for Custodian fee,2025-02-28,45691860,2025-04-01
2215.10.1,Custodian service - Safe Custody Fee,2025-02-28,44441860,2025-04-01
2215.10.2,Custodian service - Transaction fee,2025-02-28,500000,2025-04-01
2215.10.3,"Custodian service -  Depository fee, Position and Margin management fee paid to VSDC",2025-02-28,750000,2025-04-01
2215.11,Audit fee payable,2025-02-28,98128493,2025-04-01
2215.12,General meeting expense payable,2025-02-28,46022721,2025-04-01
2215.13,Annual report fee payable,2025-02-28,0,2025-04-01
2215.14,Transfer Agency fee payable,2025-02-28,11000000,2025-04-01
2215.15,Service fee payable to HOSE for calculating iNAV,2025-02-28,0,2025-04-01
2215.16,Authorising index service fee payable to HOSE,2025-02-28,0,2025-04-01
2215.17,Other payables,2025-02-28,24320662,2025-04-01
2215.17.1,Price feed fee payable,2025-02-28,23108333,2025-04-01
2215.17.2,"Accrued expense for Fund's Board of Representatives travelling, meeting",2025-02-28,0,2025-04-01
2215.17.3,Accrued expense for Annual Management Fee pay to SSC,2025-02-28,1212329,2025-04-01
2215.17.4,Other payables,2025-02-28,0,2025-04-01
2215.18,Short-term loans - Repo contracts,2025-02-28,0,2025-04-01
2215.18.1,Principal of repo contracts,2025-02-28,0,2025-04-01
2215.18.2,Accrued Interest Expense,2025-02-28,0,2025-04-01
2215.18.3,Principal of Short-term loans,2025-02-28,0,2025-04-01
2216,TOTAL LIABILITIES,2025-02-28,47106468539,2025-04-01
2217,Net Asset Value ( = I.10 - II.4),2025-02-28,1661090267802,2025-04-01
2218,Total Outstanding Fund Certificates,2025-02-28,60618226.34,2025-04-01
2219,Net Asset Value per Fund Certificate,2025-02-28,27402.48,2025-04-01
2220,Receivables from rental of investment property (not applicable),2025-02-28,0,2025-04-01
2221,Real Estate Proceeds Receivables (not applicale),2025-02-28,0,2025-04-01
2222,Real Estate Trading Payables (not applicable),2025-02-28,0,2025-04-01
2200,ASSETS,2025-03-31,,2025-05-05
2201,Cash and Cash Equivalents,2025-03-31,201221387493,2025-05-05
2202,Cash,2025-03-31,,2025-05-05
2203,Cash at bank,2025-03-31,201221387493,2025-05-05
2203.1,Cash at bank for Fund's subscription,2025-03-31,12095630007,2025-05-05
2203.2,Cash at bank for Fund's dividend payment and redemption,2025-03-31,4391621,2025-05-05
2203.3,Cash at bank for Fund's operation,2025-03-31,26121365865,2025-05-05
2203.4,Margin account for trading derivatives,2025-03-31,0,2025-05-05
2203.5,"Cash, cash equivalents",2025-03-31,163000000000,2025-05-05
2205,Investments,2025-03-31,1402042239455,2025-05-05
2205.1,"Listed Shares, fund certificates",2025-03-31,0,2025-05-05
2205.2,"Unlisted Shares, fund certifictes",2025-03-31,0,2025-05-05
2205.3,Bonds,2025-03-31,959438075071,2025-05-05
2205.4,Money market instruments,2025-03-31,315000000000,2025-05-05
2205.5,Deposits with term over three (03) months,2025-03-31,127604164384,2025-05-05
2205.6,Investment - Rights,2025-03-31,0,2025-05-05
2205.7,Index future contracts,2025-03-31,0,2025-05-05
2205.8,Other investments,2025-03-31,0,2025-05-05
2205.9,Reverse repo contracts,2025-03-31,0,2025-05-05
2206,"Dividend, Coupon receivables",2025-03-31,15658891328,2025-05-05
2206.1,Dividend receivables,2025-03-31,0,2025-05-05
2206.2,Coupon receivables,2025-03-31,15658891328,2025-05-05
2207,Interest receivables,2025-03-31,7816640408,2025-05-05
2207.1,Interest receivable from bank deposits,2025-03-31,1571708900,2025-05-05
2207.2,Interest receivable from Money market instruments,2025-03-31,6244931508,2025-05-05
2207.3,Interest receivable from reverse repo contracts,2025-03-31,0,2025-05-05
2208,Securities Trading Receivables,2025-03-31,52115000000,2025-05-05
2210,Other Receivables,2025-03-31,0,2025-05-05
2210.1,Impairment of devaluation of pledged assets,2025-03-31,0,2025-05-05
2210.2,Provision for doubtful debt,2025-03-31,0,2025-05-05
2210.3,Other Receivables,2025-03-31,0,2025-05-05
2211,Other Assets,2025-03-31,0,2025-05-05
2212,TOTAL ASSETS,2025-03-31,1678854158684,2025-05-05
2213,LIABILITIES,2025-03-31,,2025-05-05
2214,Securities Trading Payables,2025-03-31,0,2025-05-05
2215,Other Payables,2025-03-31,97743387709,2025-05-05
2215.1,Payables to investors,2025-03-31,95026628249,2025-05-05
2215.1.1,Subscription Pending allotment,2025-03-31,12095630007,2025-05-05
2215.1.2,Payables to investors for investment bought on behalf,2025-03-31,0,2025-05-05
2215.1.3,Payables to investors for collected dividend,2025-03-31,0,2025-05-05
2215.1.4,Redemption payable to investors,2025-03-31,82930998242,2025-05-05
2215.2,Tax payables and obligations to the State Budget,2025-03-31,228402896,2025-05-05
2215.3,Subscription and Redemption fee payable to distributors and Fund Management Company,2025-03-31,343243271,2025-05-05
2215.4,Income payable to investors,2025-03-31,0,2025-05-05
2215.5,Remuneration Payable to Fund's Board of Representatives,2025-03-31,7479452,2025-05-05
2215.6,Management fee payable,2025-03-31,1648233464,2025-05-05
2215.7,Fund Administration fee payable,2025-03-31,45326421,2025-05-05
2215.8,Supervisory service fee payable,2025-03-31,60435227,2025-05-05
2215.9,Transaction fee,2025-03-31,200354375,2025-05-05
2215.9.1,Brokerage fee payable,2025-03-31,200354375,2025-05-05
2215.9.2,Clearing Settlement fee payable,2025-03-31,0,2025-05-05
2215.10,Accrued expense for Custodian fee,2025-03-31,49723476,2025-05-05
2215.10.1,Custodian service - Safe Custody Fee,2025-03-31,48073476,2025-05-05
2215.10.2,Custodian service - Transaction fee,2025-03-31,900000,2025-05-05
2215.10.3,"Custodian service -  Depository fee, Position and Margin management fee paid to VSDC",2025-03-31,750000,2025-05-05
2215.11,Audit fee payable,2025-03-31,36073973,2025-05-05
2215.12,General meeting expense payable,2025-03-31,49387590,2025-05-05
2215.13,Annual report fee payable,2025-03-31,0,2025-05-05
2215.14,Transfer Agency fee payable,2025-03-31,11000000,2025-05-05
2215.15,Service fee payable to HOSE for calculating iNAV,2025-03-31,0,2025-05-05
2215.16,Authorising index service fee payable to HOSE,2025-03-31,0,2025-05-05
2215.17,Other payables,2025-03-31,37099315,2025-05-05
2215.17.1,Price feed fee payable,2025-03-31,35250000,2025-05-05
2215.17.2,"Accrued expense for Fund's Board of Representatives travelling, meeting",2025-03-31,0,2025-05-05
2215.17.3,Accrued expense for Annual Management Fee pay to SSC,2025-03-31,1849315,2025-05-05
2215.17.4,Other payables,2025-03-31,0,2025-05-05
2215.18,Short-term loans - Repo contracts,2025-03-31,0,2025-05-05
2215.18.1,Principal of repo contracts,2025-03-31,0,2025-05-05
2215.18.2,Accrued Interest Expense,2025-03-31,0,2025-05-05
2215.18.3,Principal of Short-term loans,2025-03-31,0,2025-05-05
2216,TOTAL LIABILITIES,2025-03-31,97743387709,2025-05-05
2217,Net Asset Value ( = I.10 - II.4),2025-03-31,1581110770975,2025-05-05
2218,Total Outstanding Fund Certificates,2025-03-31,57379884.91,2025-05-05
2219,Net Asset Value per Fund Certificate,2025-03-31,27555.14,2025-05-05
2220,Receivables from rental of investment property (not applicable),2025-03-31,0,2025-05-05
2221,Real Estate Proceeds Receivables (not applicale),2025-03-31,0,2025-05-05
2222,Real Estate Trading Payables (not applicable),2025-03-31,0,2025-05-05
2200,ASSETS,2025-04-30,,2025-06-02
2201,Cash and Cash Equivalents,2025-04-30,188378281284,2025-06-02
2202,Cash,2025-04-30,,2025-06-02
2203,Cash at bank,2025-04-30,188378281284,2025-06-02
2203.1,Cash at bank for Fund's subscription,2025-04-30,8327834663,2025-06-02
2203.2,Cash at bank for Fund's dividend payment and redemption,2025-04-30,13794073,2025-06-02
2203.3,Cash at bank for Fund's operation,2025-04-30,5536652548,2025-06-02
2203.4,Margin account for trading derivatives,2025-04-30,0,2025-06-02
2203.5,"Cash, cash equivalents",2025-04-30,174500000000,2025-06-02
2205,Investments,2025-04-30,1355153282293,2025-06-02
2205.1,"Listed Shares, fund certificates",2025-04-30,0,2025-06-02
2205.2,"Unlisted Shares, fund certifictes",2025-04-30,0,2025-06-02
2205.3,Bonds,2025-04-30,1038549117909,2025-06-02
2205.4,Money market instruments,2025-04-30,225000000000,2025-06-02
2205.5,Deposits with term over three (03) months,2025-04-30,91604164384,2025-06-02
2205.6,Investment - Rights,2025-04-30,0,2025-06-02
2205.7,Index future contracts,2025-04-30,0,2025-06-02
2205.8,Other investments,2025-04-30,0,2025-06-02
2205.9,Reverse repo contracts,2025-04-30,0,2025-06-02
2206,"Dividend, Coupon receivables",2025-04-30,21388543708,2025-06-02
2206.1,Dividend receivables,2025-04-30,0,2025-06-02
2206.2,Coupon receivables,2025-04-30,21388543708,2025-06-02
2207,Interest receivables,2025-04-30,4589647248,2025-06-02
2207.1,Interest receivable from bank deposits,2025-04-30,1108859576,2025-06-02
2207.2,Interest receivable from Money market instruments,2025-04-30,3480787672,2025-06-02
2207.3,Interest receivable from reverse repo contracts,2025-04-30,0,2025-06-02
2208,Securities Trading Receivables,2025-04-30,0,2025-06-02
2210,Other Receivables,2025-04-30,0,2025-06-02
2210.1,Impairment of devaluation of pledged assets,2025-04-30,0,2025-06-02
2210.2,Provision for doubtful debt,2025-04-30,0,2025-06-02
2210.3,Other Receivables,2025-04-30,0,2025-06-02
2211,Other Assets,2025-04-30,46583848,2025-06-02
2212,TOTAL ASSETS,2025-04-30,1569556338381,2025-06-02
2213,LIABILITIES,2025-04-30,,2025-06-02
2214,Securities Trading Payables,2025-04-30,0,2025-06-02
2215,Other Payables,2025-04-30,31670455563,2025-06-02
2215.1,Payables to investors,2025-04-30,29028569993,2025-06-02
2215.1.1,Subscription Pending allotment,2025-04-30,8327834663,2025-06-02
2215.1.2,Payables to investors for investment bought on behalf,2025-04-30,0,2025-06-02
2215.1.3,Payables to investors for collected dividend,2025-04-30,0,2025-06-02
2215.1.4,Redemption payable to investors,2025-04-30,20700735330,2025-06-02
2215.2,Tax payables and obligations to the State Budget,2025-04-30,194968165,2025-06-02
2215.3,Subscription and Redemption fee payable to distributors and Fund Management Company,2025-04-30,482452402,2025-06-02
2215.4,Income payable to investors,2025-04-30,0,2025-06-02
2215.5,Remuneration Payable to Fund's Board of Representatives,2025-04-30,7972603,2025-06-02
2215.6,Management fee payable,2025-04-30,1519006721,2025-06-02
2215.7,Fund Administration fee payable,2025-04-30,41772685,2025-06-02
2215.8,Supervisory service fee payable,2025-04-30,55696913,2025-06-02
2215.9,Transaction fee,2025-04-30,192537125,2025-06-02
2215.9.1,Brokerage fee payable,2025-04-30,192537125,2025-06-02
2215.9.2,Clearing Settlement fee payable,2025-04-30,0,2025-06-02
2215.10,Accrued expense for Custodian fee,2025-04-30,47079730,2025-06-02
2215.10.1,Custodian service - Safe Custody Fee,2025-04-30,45329730,2025-06-02
2215.10.2,Custodian service - Transaction fee,2025-04-30,1000000,2025-06-02
2215.10.3,"Custodian service -  Depository fee, Position and Margin management fee paid to VSDC",2025-04-30,750000,2025-06-02
2215.11,Audit fee payable,2025-04-30,48098630,2025-06-02
2215.12,General meeting expense payable,2025-04-30,27213964,2025-06-02
2215.13,Annual report fee payable,2025-04-30,0,2025-06-02
2215.14,Transfer Agency fee payable,2025-04-30,11000000,2025-06-02
2215.15,Service fee payable to HOSE for calculating iNAV,2025-04-30,0,2025-06-02
2215.16,Authorising index service fee payable to HOSE,2025-04-30,0,2025-06-02
2215.17,Other payables,2025-04-30,14086632,2025-06-02
2215.17.1,Price feed fee payable,2025-04-30,11620879,2025-06-02
2215.17.2,"Accrued expense for Fund's Board of Representatives travelling, meeting",2025-04-30,0,2025-06-02
2215.17.3,Accrued expense for Annual Management Fee pay to SSC,2025-04-30,2465753,2025-06-02
2215.17.4,Other payables,2025-04-30,0,2025-06-02
2215.18,Short-term loans - Repo contracts,2025-04-30,0,2025-06-02
2215.18.1,Principal of repo contracts,2025-04-30,0,2025-06-02
2215.18.2,Accrued Interest Expense,2025-04-30,0,2025-06-02
2215.18.3,Principal of Short-term loans,2025-04-30,0,2025-06-02
2216,TOTAL LIABILITIES,2025-04-30,31670455563,2025-06-02
2217,Net Asset Value ( = I.10 - II.4),2025-04-30,1537885882818,2025-06-02
2218,Total Outstanding Fund Certificates,2025-04-30,55504193.59,2025-06-02
2219,Net Asset Value per Fund Certificate,2025-04-30,27707.56,2025-06-02
2220,Receivables from rental of investment property (not applicable),2025-04-30,0,2025-06-02
2221,Real Estate Proceeds Receivables (not applicale),2025-04-30,0,2025-06-02
2222,Real Estate Trading Payables (not applicable),2025-04-30,0,2025-06-02
2200,ASSETS,2025-05-31,,2025-07-01
2201,Cash and Cash Equivalents,2025-05-31,184529769434,2025-07-01
2202,Cash,2025-05-31,,2025-07-01
2203,Cash at bank,2025-05-31,184529769434,2025-07-01
2203.1,Cash at bank for Fund's subscription,2025-05-31,3516166419,2025-07-01
2203.2,Cash at bank for Fund's dividend payment and redemption,2025-05-31,13788858,2025-07-01
2203.3,Cash at bank for Fund's operation,2025-05-31,399814157,2025-07-01
2203.4,Margin account for trading derivatives,2025-05-31,0,2025-07-01
2203.5,"Cash, cash equivalents",2025-05-31,180600000000,2025-07-01
2205,Investments,2025-05-31,1357282526937,2025-07-01
2205.1,"Listed Shares, fund certificates",2025-05-31,0,2025-07-01
2205.2,"Unlisted Shares, fund certifictes",2025-05-31,0,2025-07-01
2205.3,Bonds,2025-05-31,1040692531891,2025-07-01
2205.4,Money market instruments,2025-05-31,224985830662,2025-07-01
2205.5,Deposits with term over three (03) months,2025-05-31,91604164384,2025-07-01
2205.6,Investment - Rights,2025-05-31,0,2025-07-01
2205.7,Index future contracts,2025-05-31,0,2025-07-01
2205.8,Other investments,2025-05-31,0,2025-07-01
2205.9,Reverse repo contracts,2025-05-31,0,2025-07-01
2206,"Dividend, Coupon receivables",2025-05-31,25023604350,2025-07-01
2206.1,Dividend receivables,2025-05-31,0,2025-07-01
2206.2,Coupon receivables,2025-05-31,25023604350,2025-07-01
2207,Interest receivables,2025-05-31,5873278742,2025-07-01
2207.1,Interest receivable from bank deposits,2025-05-31,1364717098,2025-07-01
2207.2,Interest receivable from Money market instruments,2025-05-31,4508561644,2025-07-01
2207.3,Interest receivable from reverse repo contracts,2025-05-31,0,2025-07-01
2208,Securities Trading Receivables,2025-05-31,0,2025-07-01
2210,Other Receivables,2025-05-31,0,2025-07-01
2210.1,Impairment of devaluation of pledged assets,2025-05-31,0,2025-07-01
2210.2,Provision for doubtful debt,2025-05-31,0,2025-07-01
2210.3,Other Receivables,2025-05-31,0,2025-07-01
2211,Other Assets,2025-05-31,40689565,2025-07-01
2212,TOTAL ASSETS,2025-05-31,1572749869028,2025-07-01
2213,LIABILITIES,2025-05-31,,2025-07-01
2214,Securities Trading Payables,2025-05-31,0,2025-07-01
2215,Other Payables,2025-05-31,24611175644,2025-07-01
2215.1,Payables to investors,2025-05-31,22200850723,2025-07-01
2215.1.1,Subscription Pending allotment,2025-05-31,3516166419,2025-07-01
2215.1.2,Payables to investors for investment bought on behalf,2025-05-31,0,2025-07-01
2215.1.3,Payables to investors for collected dividend,2025-05-31,0,2025-07-01
2215.1.4,Redemption payable to investors,2025-05-31,18684684304,2025-07-01
2215.2,Tax payables and obligations to the State Budget,2025-05-31,200457495,2025-07-01
2215.3,Subscription and Redemption fee payable to distributors and Fund Management Company,2025-05-31,199766350,2025-07-01
2215.4,Income payable to investors,2025-05-31,0,2025-07-01
2215.5,Remuneration Payable to Fund's Board of Representatives,2025-05-31,8482192,2025-07-01
2215.6,Management fee payable,2025-05-31,1546311036,2025-07-01
2215.7,Fund Administration fee payable,2025-05-31,42523554,2025-07-01
2215.8,Supervisory service fee payable,2025-05-31,56698071,2025-07-01
2215.9,Transaction fee,2025-05-31,192537125,2025-07-01
2215.9.1,Brokerage fee payable,2025-05-31,192537125,2025-07-01
2215.9.2,Clearing Settlement fee payable,2025-05-31,0,2025-07-01
2215.10,Accrued expense for Custodian fee,2025-05-31,48902960,2025-07-01
2215.10.1,Custodian service - Safe Custody Fee,2025-05-31,47952960,2025-07-01
2215.10.2,Custodian service - Transaction fee,2025-05-31,200000,2025-07-01
2215.10.3,"Custodian service -  Depository fee, Position and Margin management fee paid to VSDC",2025-05-31,750000,2025-07-01
2215.11,Audit fee payable,2025-05-31,60524110,2025-07-01
2215.12,General meeting expense payable,2025-05-31,16390167,2025-07-01
2215.13,Annual report fee payable,2025-05-31,0,2025-07-01
2215.14,Transfer Agency fee payable,2025-05-31,11000000,2025-07-01
2215.15,Service fee payable to HOSE for calculating iNAV,2025-05-31,0,2025-07-01
2215.16,Authorising index service fee payable to HOSE,2025-05-31,0,2025-07-01
2215.17,Other payables,2025-05-31,26731861,2025-07-01
2215.17.1,Price feed fee payable,2025-05-31,23629121,2025-07-01
2215.17.2,"Accrued expense for Fund's Board of Representatives travelling, meeting",2025-05-31,0,2025-07-01
2215.17.3,Accrued expense for Annual Management Fee pay to SSC,2025-05-31,3102740,2025-07-01
2215.17.4,Other payables,2025-05-31,0,2025-07-01
2215.18,Short-term loans - Repo contracts,2025-05-31,0,2025-07-01
2215.18.1,Principal of repo contracts,2025-05-31,0,2025-07-01
2215.18.2,Accrued Interest Expense,2025-05-31,0,2025-07-01
2215.18.3,Principal of Short-term loans,2025-05-31,0,2025-07-01
2216,TOTAL LIABILITIES,2025-05-31,24611175644,2025-07-01
2217,Net Asset Value ( = I.10 - II.4),2025-05-31,1548138693384,2025-07-01
2218,Total Outstanding Fund Certificates,2025-05-31,55573850.43,2025-07-01
2219,Net Asset Value per Fund Certificate,2025-05-31,27857.32,2025-07-01
2220,Receivables from rental of investment property (not applicable),2025-05-31,0,2025-07-01
2221,Real Estate Proceeds Receivables (not applicale),2025-05-31,0,2025-07-01
2222,Real Estate Trading Payables (not applicable),2025-05-31,0,2025-07-01
2200,ASSETS,2025-06-30,,2025-08-01
2201,Cash and Cash Equivalents,2025-06-30,110920150515,2025-08-01
2202,Cash,2025-06-30,,2025-08-01
2203,Cash at bank,2025-06-30,110920150515,2025-08-01
2203.1,Cash at bank for Fund's subscription,2025-06-30,5672863083,2025-08-01
2203.2,Cash at bank for Fund's dividend payment and redemption,2025-06-30,5696054,2025-08-01
2203.3,Cash at bank for Fund's operation,2025-06-30,441591378,2025-08-01
2203.4,Margin account for trading derivatives,2025-06-30,0,2025-08-01
2203.5,"Cash, cash equivalents",2025-06-30,104800000000,2025-08-01
2205,Investments,2025-06-30,1491194009496,2025-08-01
2205.1,"Listed Shares, fund certificates",2025-06-30,0,2025-08-01
2205.2,"Unlisted Shares, fund certifictes",2025-06-30,0,2025-08-01
2205.3,Bonds,2025-06-30,1151104014450,2025-08-01
2205.4,Money market instruments,2025-06-30,224985830662,2025-08-01
2205.5,Deposits with term over three (03) months,2025-06-30,115104164384,2025-08-01
2205.6,Investment - Rights,2025-06-30,0,2025-08-01
2205.7,Index future contracts,2025-06-30,0,2025-08-01
2205.8,Other investments,2025-06-30,0,2025-08-01
2205.9,Reverse repo contracts,2025-06-30,0,2025-08-01
2206,"Dividend, Coupon receivables",2025-06-30,38880777277,2025-08-01
2206.1,Dividend receivables,2025-06-30,0,2025-08-01
2206.2,Coupon receivables,2025-06-30,38880777277,2025-08-01
2207,Interest receivables,2025-06-30,5890715030,2025-08-01
2207.1,Interest receivable from bank deposits,2025-06-30,1852119141,2025-08-01
2207.2,Interest receivable from Money market instruments,2025-06-30,4038595889,2025-08-01
2207.3,Interest receivable from reverse repo contracts,2025-06-30,0,2025-08-01
2208,Securities Trading Receivables,2025-06-30,0,2025-08-01
2210,Other Receivables,2025-06-30,0,2025-08-01
2210.1,Impairment of devaluation of pledged assets,2025-06-30,0,2025-08-01
2210.2,Provision for doubtful debt,2025-06-30,0,2025-08-01
2210.3,Other Receivables,2025-06-30,0,2025-08-01
2211,Other Assets,2025-06-30,34985420,2025-08-01
2212,TOTAL ASSETS,2025-06-30,1646920637738,2025-08-01
2213,LIABILITIES,2025-06-30,,2025-08-01
2214,Securities Trading Payables,2025-06-30,0,2025-08-01
2215,Other Payables,2025-06-30,32302538496,2025-08-01
2215.1,Payables to investors,2025-06-30,30054715332,2025-08-01
2215.1.1,Subscription Pending allotment,2025-06-30,5672863083,2025-08-01
2215.1.2,Payables to investors for investment bought on behalf,2025-06-30,0,2025-08-01
2215.1.3,Payables to investors for collected dividend,2025-06-30,0,2025-08-01
2215.1.4,Redemption payable to investors,2025-06-30,24381852249,2025-08-01
2215.2,Tax payables and obligations to the State Budget,2025-06-30,77467977,2025-08-01
2215.3,Subscription and Redemption fee payable to distributors and Fund Management Company,2025-06-30,118791102,2025-08-01
2215.4,Income payable to investors,2025-06-30,0,2025-08-01
2215.5,Remuneration Payable to Fund's Board of Representatives,2025-06-30,8975342,2025-08-01
2215.6,Management fee payable,2025-06-30,1558832944,2025-08-01
2215.7,Fund Administration fee payable,2025-06-30,43023843,2025-08-01
2215.8,Supervisory service fee payable,2025-06-30,57365124,2025-08-01
2215.9,Transaction fee,2025-06-30,192537125,2025-08-01
2215.9.1,Brokerage fee payable,2025-06-30,192537125,2025-08-01
2215.9.2,Clearing Settlement fee payable,2025-06-30,0,2025-08-01
2215.10,Accrued expense for Custodian fee,2025-06-30,46581348,2025-08-01
2215.10.1,Custodian service - Safe Custody Fee,2025-06-30,45631348,2025-08-01
2215.10.2,Custodian service - Transaction fee,2025-06-30,200000,2025-08-01
2215.10.3,"Custodian service -  Depository fee, Position and Margin management fee paid to VSDC",2025-06-30,750000,2025-08-01
2215.11,Audit fee payable,2025-06-30,73789793,2025-08-01
2215.12,General meeting expense payable,2025-06-30,20489388,2025-08-01
2215.13,Annual report fee payable,2025-06-30,0,2025-08-01
2215.14,Transfer Agency fee payable,2025-06-30,11000000,2025-08-01
2215.15,Service fee payable to HOSE for calculating iNAV,2025-06-30,0,2025-08-01
2215.16,Authorising index service fee payable to HOSE,2025-06-30,0,2025-08-01
2215.17,Other payables,2025-06-30,38969178,2025-08-01
2215.17.1,Price feed fee payable,2025-06-30,35250000,2025-08-01
2215.17.2,"Accrued expense for Fund's Board of Representatives travelling, meeting",2025-06-30,0,2025-08-01
2215.17.3,Accrued expense for Annual Management Fee pay to SSC,2025-06-30,3719178,2025-08-01
2215.17.4,Other payables,2025-06-30,0,2025-08-01
2215.18,Short-term loans - Repo contracts,2025-06-30,0,2025-08-01
2215.18.1,Principal of repo contracts,2025-06-30,0,2025-08-01
2215.18.2,Accrued Interest Expense,2025-06-30,0,2025-08-01
2215.18.3,Principal of Short-term loans,2025-06-30,0,2025-08-01
2216,TOTAL LIABILITIES,2025-06-30,32302538496,2025-08-01
2217,Net Asset Value ( = I.10 - II.4),2025-06-30,1614618099242,2025-08-01
2218,Total Outstanding Fund Certificates,2025-06-30,57626221.25,2025-08-01
2219,Net Asset Value per Fund Certificate,2025-06-30,28018.8,2025-08-01
2220,Receivables from rental of investment property (not applicable),2025-06-30,0,2025-08-01
2221,Real Estate Proceeds Receivables (not applicale),2025-06-30,0,2025-08-01
2222,Real Estate Trading Payables (not applicable),2025-06-30,0,2025-08-01
2200,ASSETS,2025-07-31,,2025-09-03
2201,Cash and Cash Equivalents,2025-07-31,185930225534,2025-09-03
2202,Cash,2025-07-31,,2025-09-03
2203,Cash at bank,2025-07-31,185930225534,2025-09-03
2203.1,Cash at bank for Fund's subscription,2025-07-31,20628052764,2025-09-03
2203.2,Cash at bank for Fund's dividend payment and redemption,2025-07-31,18974854,2025-09-03
2203.3,Cash at bank for Fund's operation,2025-07-31,61783197916,2025-09-03
2203.4,Margin account for trading derivatives,2025-07-31,0,2025-09-03
2203.5,"Cash, cash equivalents",2025-07-31,103500000000,2025-09-03
2205,Investments,2025-07-31,1586507032937,2025-09-03
2205.1,"Listed Shares, fund certificates",2025-07-31,0,2025-09-03
2205.2,"Unlisted Shares, fund certifictes",2025-07-31,0,2025-09-03
2205.3,Bonds,2025-07-31,1142417037891,2025-09-03
2205.4,Money market instruments,2025-07-31,294985830662,2025-09-03
2205.5,Deposits with term over three (03) months,2025-07-31,149104164384,2025-09-03
2205.6,Investment - Rights,2025-07-31,0,2025-09-03
2205.7,Index future contracts,2025-07-31,0,2025-09-03
2205.8,Other investments,2025-07-31,0,2025-09-03
2205.9,Reverse repo contracts,2025-07-31,0,2025-09-03
2206,"Dividend, Coupon receivables",2025-07-31,36165673878,2025-09-03
2206.1,Dividend receivables,2025-07-31,0,2025-09-03
2206.2,Coupon receivables,2025-07-31,36165673878,2025-09-03
2207,Interest receivables,2025-07-31,6362534334,2025-09-03
2207.1,Interest receivable from bank deposits,2025-07-31,2696661047,2025-09-03
2207.2,Interest receivable from Money market instruments,2025-07-31,3665873287,2025-09-03
2207.3,Interest receivable from reverse repo contracts,2025-07-31,0,2025-09-03
2208,Securities Trading Receivables,2025-07-31,0,2025-09-03
2210,Other Receivables,2025-07-31,0,2025-09-03
2210.1,Impairment of devaluation of pledged assets,2025-07-31,0,2025-09-03
2210.2,Provision for doubtful debt,2025-07-31,0,2025-09-03
2210.3,Other Receivables,2025-07-31,0,2025-09-03
2211,Other Assets,2025-07-31,29091138,2025-09-03
2212,TOTAL ASSETS,2025-07-31,1814994557821,2025-09-03
2213,LIABILITIES,2025-07-31,,2025-09-03
2214,Securities Trading Payables,2025-07-31,0,2025-09-03
2215,Other Payables,2025-07-31,58271037383,2025-09-03
2215.1,Payables to investors,2025-07-31,55530524691,2025-09-03
2215.1.1,Subscription Pending allotment,2025-07-31,20628052764,2025-09-03
2215.1.2,Payables to investors for investment bought on behalf,2025-07-31,0,2025-09-03
2215.1.3,Payables to investors for collected dividend,2025-07-31,0,2025-09-03
2215.1.4,Redemption payable to investors,2025-07-31,34902471927,2025-09-03
2215.2,Tax payables and obligations to the State Budget,2025-07-31,155893128,2025-09-03
2215.3,Subscription and Redemption fee payable to distributors and Fund Management Company,2025-07-31,326917763,2025-09-03
2215.4,Income payable to investors,2025-07-31,0,2025-09-03
2215.5,Remuneration Payable to Fund's Board of Representatives,2025-07-31,9484932,2025-09-03
2215.6,Management fee payable,2025-07-31,1745010771,2025-09-03
2215.7,Fund Administration fee payable,2025-07-31,47987797,2025-09-03
2215.8,Supervisory service fee payable,2025-07-31,63983728,2025-09-03
2215.9,Transaction fee,2025-07-31,192537125,2025-09-03
2215.9.1,Brokerage fee payable,2025-07-31,192537125,2025-09-03
2215.9.2,Clearing Settlement fee payable,2025-07-31,0,2025-09-03
2215.10,Accrued expense for Custodian fee,2025-07-31,56928832,2025-09-03
2215.10.1,Custodian service - Safe Custody Fee,2025-07-31,55648832,2025-09-03
2215.10.2,Custodian service - Transaction fee,2025-07-31,530000,2025-09-03
2215.10.3,"Custodian service -  Depository fee, Position and Margin management fee paid to VSDC",2025-07-31,750000,2025-09-03
2215.11,Audit fee payable,2025-07-31,89712708,2025-09-03
2215.12,General meeting expense payable,2025-07-31,24822027,2025-09-03
2215.13,Annual report fee payable,2025-07-31,0,2025-09-03
2215.14,Transfer Agency fee payable,2025-07-31,11000000,2025-09-03
2215.15,Service fee payable to HOSE for calculating iNAV,2025-07-31,0,2025-09-03
2215.16,Authorising index service fee payable to HOSE,2025-07-31,0,2025-09-03
2215.17,Other payables,2025-07-31,16233881,2025-09-03
2215.17.1,Price feed fee payable,2025-07-31,11877717,2025-09-03
2215.17.2,"Accrued expense for Fund's Board of Representatives travelling, meeting",2025-07-31,0,2025-09-03
2215.17.3,Accrued expense for Annual Management Fee pay to SSC,2025-07-31,4356164,2025-09-03
2215.17.4,Other payables,2025-07-31,0,2025-09-03
2215.18,Short-term loans - Repo contracts,2025-07-31,0,2025-09-03
2215.18.1,Principal of repo contracts,2025-07-31,0,2025-09-03
2215.18.2,Accrued Interest Expense,2025-07-31,0,2025-09-03
2215.18.3,Principal of Short-term loans,2025-07-31,0,2025-09-03
2216,TOTAL LIABILITIES,2025-07-31,58271037383,2025-09-03
2217,Net Asset Value ( = I.10 - II.4),2025-07-31,1756723520438,2025-09-03
2218,Total Outstanding Fund Certificates,2025-07-31,62315423.64,2025-09-03
2219,Net Asset Value per Fund Certificate,2025-07-31,28190.83,2025-09-03
2220,Receivables from rental of investment property (not applicable),2025-07-31,0,2025-09-03
2221,Real Estate Proceeds Receivables (not applicale),2025-07-31,0,2025-09-03
2222,Real Estate Trading Payables (not applicable),2025-07-31,0,2025-09-03
2200,ASSETS,2025-08-31,,2025-10-01
2201,Cash and Cash Equivalents,2025-08-31,151691534993,2025-10-01
2202,Cash,2025-08-31,,2025-10-01
2203,Cash at bank,2025-08-31,151691534993,2025-10-01
2203.1,Cash at bank for Fund's subscription,2025-08-31,4081427802,2025-10-01
2203.2,Cash at bank for Fund's dividend payment and redemption,2025-08-31,4393006,2025-10-01
2203.3,Cash at bank for Fund's operation,2025-08-31,30305714185,2025-10-01
2203.4,Margin account for trading derivatives,2025-08-31,0,2025-10-01
2203.5,"Cash, cash equivalents",2025-08-31,117300000000,2025-10-01
2205,Investments,2025-08-31,1753404807478,2025-10-01
2205.1,"Listed Shares, fund certificates",2025-08-31,0,2025-10-01
2205.2,"Unlisted Shares, fund certifictes",2025-08-31,0,2025-10-01
2205.3,Bonds,2025-08-31,1113339111567,2025-10-01
2205.4,Money market instruments,2025-08-31,384061531527,2025-10-01
2205.5,Deposits with term over three (03) months,2025-08-31,256004164384,2025-10-01
2205.6,Investment - Rights,2025-08-31,0,2025-10-01
2205.7,Index future contracts,2025-08-31,0,2025-10-01
2205.8,Other investments,2025-08-31,0,2025-10-01
2205.9,Reverse repo contracts,2025-08-31,0,2025-10-01
2206,"Dividend, Coupon receivables",2025-08-31,7070291475,2025-10-01
2206.1,Dividend receivables,2025-08-31,0,2025-10-01
2206.2,Coupon receivables,2025-08-31,7070291475,2025-10-01
2207,Interest receivables,2025-08-31,8828034078,2025-10-01
2207.1,Interest receivable from bank deposits,2025-08-31,2879903503,2025-10-01
2207.2,Interest receivable from Money market instruments,2025-08-31,5948130575,2025-10-01
2207.3,Interest receivable from reverse repo contracts,2025-08-31,0,2025-10-01
2208,Securities Trading Receivables,2025-08-31,0,2025-10-01
2210,Other Receivables,2025-08-31,0,2025-10-01
2210.1,Impairment of devaluation of pledged assets,2025-08-31,0,2025-10-01
2210.2,Provision for doubtful debt,2025-08-31,0,2025-10-01
2210.3,Other Receivables,2025-08-31,0,2025-10-01
2211,Other Assets,2025-08-31,23196855,2025-10-01
2212,TOTAL ASSETS,2025-08-31,1921017864879,2025-10-01
2213,LIABILITIES,2025-08-31,,2025-10-01
2214,Securities Trading Payables,2025-08-31,0,2025-10-01
2215,Other Payables,2025-08-31,27641193461,2025-10-01
2215.1,Payables to investors,2025-08-31,25013591199,2025-10-01
2215.1.1,Subscription Pending allotment,2025-08-31,4081427802,2025-10-01
2215.1.2,Payables to investors for investment bought on behalf,2025-08-31,0,2025-10-01
2215.1.3,Payables to investors for collected dividend,2025-08-31,0,2025-10-01
2215.1.4,Redemption payable to investors,2025-08-31,20932163397,2025-10-01
2215.2,Tax payables and obligations to the State Budget,2025-08-31,68848544,2025-10-01
2215.3,Subscription and Redemption fee payable to distributors and Fund Management Company,2025-08-31,221882842,2025-10-01
2215.4,Income payable to investors,2025-08-31,0,2025-10-01
2215.5,Remuneration Payable to Fund's Board of Representatives,2025-08-31,9994521,2025-10-01
2215.6,Management fee payable,2025-08-31,1870727311,2025-10-01
2215.7,Fund Administration fee payable,2025-08-31,51445001,2025-10-01
2215.8,Supervisory service fee payable,2025-08-31,68593333,2025-10-01
2215.9,Transaction fee,2025-08-31,192537125,2025-10-01
2215.9.1,Brokerage fee payable,2025-08-31,192537125,2025-10-01
2215.9.2,Clearing Settlement fee payable,2025-08-31,0,2025-10-01
2215.10,Accrued expense for Custodian fee,2025-08-31,56012881,2025-10-01
2215.10.1,Custodian service - Safe Custody Fee,2025-08-31,54562881,2025-10-01
2215.10.2,Custodian service - Transaction fee,2025-08-31,700000,2025-10-01
2215.10.3,"Custodian service -  Depository fee, Position and Margin management fee paid to VSDC",2025-08-31,750000,2025-10-01
2215.11,Audit fee payable,2025-08-31,23015623,2025-10-01
2215.12,General meeting expense payable,2025-08-31,24796495,2025-10-01
2215.13,Annual report fee payable,2025-08-31,0,2025-10-01
2215.14,Transfer Agency fee payable,2025-08-31,11000000,2025-10-01
2215.15,Service fee payable to HOSE for calculating iNAV,2025-08-31,0,2025-10-01
2215.16,Authorising index service fee payable to HOSE,2025-08-31,0,2025-10-01
2215.17,Other payables,2025-08-31,28748586,2025-10-01
2215.17.1,Price feed fee payable,2025-08-31,23755435,2025-10-01
2215.17.2,"Accrued expense for Fund's Board of Representatives travelling, meeting",2025-08-31,0,2025-10-01
2215.17.3,Accrued expense for Annual Management Fee pay to SSC,2025-08-31,4993151,2025-10-01
2215.17.4,Other payables,2025-08-31,0,2025-10-01
2215.18,Short-term loans - Repo contracts,2025-08-31,0,2025-10-01
2215.18.1,Principal of repo contracts,2025-08-31,0,2025-10-01
2215.18.2,Accrued Interest Expense,2025-08-31,0,2025-10-01
2215.18.3,Principal of Short-term loans,2025-08-31,0,2025-10-01
2216,TOTAL LIABILITIES,2025-08-31,27641193461,2025-10-01
2217,Net Asset Value ( = I.10 - II.4),2025-08-31,1893376671418,2025-10-01
2218,Total Outstanding Fund Certificates,2025-08-31,66839695.59,2025-10-01
2219,Net Asset Value per Fund Certificate,2025-08-31,28327.12,2025-10-01
2220,Receivables from rental of investment property (not applicable),2025-08-31,0,2025-10-01
2221,Real Estate Proceeds Receivables (not applicale),2025-08-31,0,2025-10-01
2222,Real Estate Trading Payables (not applicable),2025-08-31,0,2025-10-01
2200,ASSETS,2025-09-30,,2025-11-03
2201,Cash and Cash Equivalents,2025-09-30,111818420261,2025-11-03
2202,Cash,2025-09-30,,2025-11-03
2203,Cash at bank,2025-09-30,111818420261,2025-11-03
2203.1,Cash at bank for Fund's subscription,2025-09-30,28664870752,2025-11-03
2203.2,Cash at bank for Fund's dividend payment and redemption,2025-09-30,4397538,2025-11-03
2203.3,Cash at bank for Fund's operation,2025-09-30,1249151971,2025-11-03
2203.4,Margin account for trading derivatives,2025-09-30,0,2025-11-03
2203.5,"Cash, cash equivalents",2025-09-30,81900000000,2025-11-03
2205,Investments,2025-09-30,1870916218465,2025-11-03
2205.1,"Listed Shares, fund certificates",2025-09-30,0,2025-11-03
2205.2,"Unlisted Shares, fund certifictes",2025-09-30,0,2025-11-03
2205.3,Bonds,2025-09-30,1168854686938,2025-11-03
2205.4,Money market instruments,2025-09-30,422061531527,2025-11-03
2205.5,Deposits with term over three (03) months,2025-09-30,280000000000,2025-11-03
2205.6,Investment - Rights,2025-09-30,0,2025-11-03
2205.7,Index future contracts,2025-09-30,0,2025-11-03
2205.8,Other investments,2025-09-30,0,2025-11-03
2205.9,Reverse repo contracts,2025-09-30,0,2025-11-03
2206,"Dividend, Coupon receivables",2025-09-30,16062528297,2025-11-03
2206.1,Dividend receivables,2025-09-30,0,2025-11-03
2206.2,Coupon receivables,2025-09-30,16062528297,2025-11-03
2207,Interest receivables,2025-09-30,11621882356,2025-11-03
2207.1,Interest receivable from bank deposits,2025-09-30,3565054247,2025-11-03
2207.2,Interest receivable from Money market instruments,2025-09-30,8056828109,2025-11-03
2207.3,Interest receivable from reverse repo contracts,2025-09-30,0,2025-11-03
2208,Securities Trading Receivables,2025-09-30,0,2025-11-03
2210,Other Receivables,2025-09-30,0,2025-11-03
2210.1,Impairment of devaluation of pledged assets,2025-09-30,0,2025-11-03
2210.2,Provision for doubtful debt,2025-09-30,0,2025-11-03
2210.3,Other Receivables,2025-09-30,0,2025-11-03
2211,Other Assets,2025-09-30,17492710,2025-11-03
2212,TOTAL ASSETS,2025-09-30,2010436542089,2025-11-03
2213,LIABILITIES,2025-09-30,,2025-11-03
2214,Securities Trading Payables,2025-09-30,0,2025-11-03
2215,Other Payables,2025-09-30,48170781600,2025-11-03
2215.1,Payables to investors,2025-09-30,45119430555,2025-11-03
2215.1.1,Subscription Pending allotment,2025-09-30,28664870752,2025-11-03
2215.1.2,Payables to investors for investment bought on behalf,2025-09-30,0,2025-11-03
2215.1.3,Payables to investors for collected dividend,2025-09-30,0,2025-11-03
2215.1.4,Redemption payable to investors,2025-09-30,16454559803,2025-11-03
2215.2,Tax payables and obligations to the State Budget,2025-09-30,176648046,2025-11-03
2215.3,Subscription and Redemption fee payable to distributors and Fund Management Company,2025-09-30,502175161,2025-11-03
2215.4,Income payable to investors,2025-09-30,0,2025-11-03
2215.5,Remuneration Payable to Fund's Board of Representatives,2025-09-30,10487671,2025-11-03
2215.6,Management fee payable,2025-09-30,1867837850,2025-11-03
2215.7,Fund Administration fee payable,2025-09-30,51365541,2025-11-03
2215.8,Supervisory service fee payable,2025-09-30,68487387,2025-11-03
2215.9,Transaction fee,2025-09-30,192537125,2025-11-03
2215.9.1,Brokerage fee payable,2025-09-30,192537125,2025-11-03
2215.9.2,Clearing Settlement fee payable,2025-09-30,0,2025-11-03
2215.10,Accrued expense for Custodian fee,2025-09-30,55728604,2025-11-03
2215.10.1,Custodian service - Safe Custody Fee,2025-09-30,54478604,2025-11-03
2215.10.2,Custodian service - Transaction fee,2025-09-30,500000,2025-11-03
2215.10.3,"Custodian service -  Depository fee, Position and Margin management fee paid to VSDC",2025-09-30,750000,2025-11-03
2215.11,Audit fee payable,2025-09-30,38424896,2025-11-03
2215.12,General meeting expense payable,2025-09-30,35799175,2025-11-03
2215.13,Annual report fee payable,2025-09-30,0,2025-11-03
2215.14,Transfer Agency fee payable,2025-09-30,11000000,2025-11-03
2215.15,Service fee payable to HOSE for calculating iNAV,2025-09-30,0,2025-11-03
2215.16,Authorising index service fee payable to HOSE,2025-09-30,0,2025-11-03
2215.17,Other payables,2025-09-30,40859589,2025-11-03
2215.17.1,Price feed fee payable,2025-09-30,35250000,2025-11-03
2215.17.2,"Accrued expense for Fund's Board of Representatives travelling, meeting",2025-09-30,0,2025-11-03
2215.17.3,Accrued expense for Annual Management Fee pay to SSC,2025-09-30,5609589,2025-11-03
2215.17.4,Other payables,2025-09-30,0,2025-11-03
2215.18,Short-term loans - Repo contracts,2025-09-30,0,2025-11-03
2215.18.1,Principal of repo contracts,2025-09-30,0,2025-11-03
2215.18.2,Accrued Interest Expense,2025-09-30,0,2025-11-03
2215.18.3,Principal of Short-term loans,2025-09-30,0,2025-11-03
2216,TOTAL LIABILITIES,2025-09-30,48170781600,2025-11-03
2217,Net Asset Value ( = I.10 - II.4),2025-09-30,1962265760489,2025-11-03
2218,Total Outstanding Fund Certificates,2025-09-30,68894034.93,2025-11-03
2219,Net Asset Value per Fund Certificate,2025-09-30,28482.37,2025-11-03
2220,Receivables from rental of investment property (not applicable),2025-09-30,0,2025-11-03
2221,Real Estate Proceeds Receivables (not applicale),2025-09-30,0,2025-11-03
2222,Real Estate Trading Payables (not applicable),2025-09-30,0,2025-11-03
2200,ASSETS,2025-10-31,,2025-12-01
2201,Cash and Cash Equivalents,2025-10-31,108421925899,2025-12-01
2202,Cash,2025-10-31,,2025-12-01
2203,Cash at bank,2025-10-31,108421925899,2025-12-01
2203.1,Cash at bank for Fund's subscription,2025-10-31,1053427041,2025-12-01
2203.2,Cash at bank for Fund's dividend payment and redemption,2025-10-31,11087450,2025-12-01
2203.3,Cash at bank for Fund's operation,2025-10-31,457411408,2025-12-01
2203.4,Margin account for trading derivatives,2025-10-31,0,2025-12-01
2203.5,"Cash, cash equivalents",2025-10-31,106900000000,2025-12-01
2205,Investments,2025-10-31,1848606004154,2025-12-01
2205.1,"Listed Shares, fund certificates",2025-10-31,0,2025-12-01
2205.2,"Unlisted Shares, fund certifictes",2025-10-31,0,2025-12-01
2205.3,Bonds,2025-10-31,1151320173492,2025-12-01
2205.4,Money market instruments,2025-10-31,432985830662,2025-12-01
2205.5,Deposits with term over three (03) months,2025-10-31,264300000000,2025-12-01
2205.6,Investment - Rights,2025-10-31,0,2025-12-01
2205.7,Index future contracts,2025-10-31,0,2025-12-01
2205.8,Other investments,2025-10-31,0,2025-12-01
2205.9,Reverse repo contracts,2025-10-31,0,2025-12-01
2206,"Dividend, Coupon receivables",2025-10-31,21434384976,2025-12-01
2206.1,Dividend receivables,2025-10-31,0,2025-12-01
2206.2,Coupon receivables,2025-10-31,21434384976,2025-12-01
2207,Interest receivables,2025-10-31,12986384246,2025-12-01
2207.1,Interest receivable from bank deposits,2025-10-31,3323760272,2025-12-01
2207.2,Interest receivable from Money market instruments,2025-10-31,9662623974,2025-12-01
2207.3,Interest receivable from reverse repo contracts,2025-10-31,0,2025-12-01
2208,Securities Trading Receivables,2025-10-31,0,2025-12-01
2210,Other Receivables,2025-10-31,0,2025-12-01
2210.1,Impairment of devaluation of pledged assets,2025-10-31,0,2025-12-01
2210.2,Provision for doubtful debt,2025-10-31,0,2025-12-01
2210.3,Other Receivables,2025-10-31,0,2025-12-01
2211,Other Assets,2025-10-31,11598427,2025-12-01
2212,TOTAL ASSETS,2025-10-31,1991460297702,2025-12-01
2213,LIABILITIES,2025-10-31,,2025-12-01
2214,Securities Trading Payables,2025-10-31,0,2025-12-01
2215,Other Payables,2025-10-31,35988093293,2025-12-01
2215.1,Payables to investors,2025-10-31,32703704403,2025-12-01
2215.1.1,Subscription Pending allotment,2025-10-31,1053427041,2025-12-01
2215.1.2,Payables to investors for investment bought on behalf,2025-10-31,0,2025-12-01
2215.1.3,Payables to investors for collected dividend,2025-10-31,0,2025-12-01
2215.1.4,Redemption payable to investors,2025-10-31,31650277362,2025-12-01
2215.2,Tax payables and obligations to the State Budget,2025-10-31,196088908,2025-12-01
2215.3,Subscription and Redemption fee payable to distributors and Fund Management Company,2025-10-31,568111884,2025-12-01
2215.4,Income payable to investors,2025-10-31,0,2025-12-01
2215.5,Remuneration Payable to Fund's Board of Representatives,2025-10-31,10997260,2025-12-01
2215.6,Management fee payable,2025-10-31,1998533230,2025-12-01
2215.7,Fund Administration fee payable,2025-10-31,54959663,2025-12-01
2215.8,Supervisory service fee payable,2025-10-31,73279550,2025-12-01
2215.9,Transaction fee,2025-10-31,192537125,2025-12-01
2215.9.1,Brokerage fee payable,2025-10-31,192537125,2025-12-01
2215.9.2,Clearing Settlement fee payable,2025-10-31,0,2025-12-01
2215.10,Accrued expense for Custodian fee,2025-10-31,59240554,2025-12-01
2215.10.1,Custodian service - Safe Custody Fee,2025-10-31,58290554,2025-12-01
2215.10.2,Custodian service - Transaction fee,2025-10-31,200000,2025-12-01
2215.10.3,"Custodian service -  Depository fee, Position and Margin management fee paid to VSDC",2025-10-31,750000,2025-12-01
2215.11,Audit fee payable,2025-10-31,54347812,2025-12-01
2215.12,General meeting expense payable,2025-10-31,47168612,2025-12-01
2215.13,Annual report fee payable,2025-10-31,0,2025-12-01
2215.14,Transfer Agency fee payable,2025-10-31,11000000,2025-12-01
2215.15,Service fee payable to HOSE for calculating iNAV,2025-10-31,0,2025-12-01
2215.16,Authorising index service fee payable to HOSE,2025-10-31,0,2025-12-01
2215.17,Other payables,2025-10-31,18124292,2025-12-01
2215.17.1,Price feed fee payable,2025-10-31,11877717,2025-12-01
2215.17.2,"Accrued expense for Fund's Board of Representatives travelling, meeting",2025-10-31,0,2025-12-01
2215.17.3,Accrued expense for Annual Management Fee pay to SSC,2025-10-31,6246575,2025-12-01
2215.17.4,Other payables,2025-10-31,0,2025-12-01
2215.18,Short-term loans - Repo contracts,2025-10-31,0,2025-12-01
2215.18.1,Principal of repo contracts,2025-10-31,0,2025-12-01
2215.18.2,Accrued Interest Expense,2025-10-31,0,2025-12-01
2215.18.3,Principal of Short-term loans,2025-10-31,0,2025-12-01
2216,TOTAL LIABILITIES,2025-10-31,35988093293,2025-12-01
2217,Net Asset Value ( = I.10 - II.4),2025-10-31,1955472204409,2025-12-01
2218,Total Outstanding Fund Certificates,2025-10-31,68286158.95,2025-12-01
2219,Net Asset Value per Fund Certificate,2025-10-31,28636.43,2025-12-01
2220,Receivables from rental of investment property (not applicable),2025-10-31,0,2025-12-01
2221,Real Estate Proceeds Receivables (not applicale),2025-10-31,0,2025-12-01
2222,Real Estate Trading Payables (not applicable),2025-10-31,0,2025-12-01
2200,ASSETS,2025-11-30,,2026-01-05
2201,Cash and Cash Equivalents,2025-11-30,170593184749,2026-01-05
2202,Cash,2025-11-30,,2026-01-05
2203,Cash at bank,2025-11-30,170593184749,2026-01-05
2203.1,Cash at bank for Fund's subscription,2025-11-30,3110871937,2026-01-05
2203.2,Cash at bank for Fund's dividend payment and redemption,2025-11-30,4398395,2026-01-05
2203.3,Cash at bank for Fund's operation,2025-11-30,102477914417,2026-01-05
2203.4,Margin account for trading derivatives,2025-11-30,0,2026-01-05
2203.5,"Cash, cash equivalents",2025-11-30,65000000000,2026-01-05
2205,Investments,2025-11-30,1827183551342,2026-01-05
2205.1,"Listed Shares, fund certificates",2025-11-30,0,2026-01-05
2205.2,"Unlisted Shares, fund certifictes",2025-11-30,0,2026-01-05
2205.3,Bonds,2025-11-30,1173390636011,2026-01-05
2205.4,Money market instruments,2025-11-30,382992915331,2026-01-05
2205.5,Deposits with term over three (03) months,2025-11-30,270800000000,2026-01-05
2205.6,Investment - Rights,2025-11-30,0,2026-01-05
2205.7,Index future contracts,2025-11-30,0,2026-01-05
2205.8,Other investments,2025-11-30,0,2026-01-05
2205.9,Reverse repo contracts,2025-11-30,0,2026-01-05
2206,"Dividend, Coupon receivables",2025-11-30,29657975296,2026-01-05
2206.1,Dividend receivables,2025-11-30,0,2026-01-05
2206.2,Coupon receivables,2025-11-30,29657975296,2026-01-05
2207,Interest receivables,2025-11-30,12123215072,2026-01-05
2207.1,Interest receivable from bank deposits,2025-11-30,4610700687,2026-01-05
2207.2,Interest receivable from Money market instruments,2025-11-30,7512514385,2026-01-05
2207.3,Interest receivable from reverse repo contracts,2025-11-30,0,2026-01-05
2208,Securities Trading Receivables,2025-11-30,0,2026-01-05
2210,Other Receivables,2025-11-30,0,2026-01-05
2210.1,Impairment of devaluation of pledged assets,2025-11-30,0,2026-01-05
2210.2,Provision for doubtful debt,2025-11-30,0,2026-01-05
2210.3,Other Receivables,2025-11-30,0,2026-01-05
2211,Other Assets,2025-11-30,5894283,2026-01-05
2212,TOTAL ASSETS,2025-11-30,2039563820742,2026-01-05
2213,LIABILITIES,2025-11-30,,2026-01-05
2214,Securities Trading Payables,2025-11-30,52812000000,2026-01-05
2215,Other Payables,2025-11-30,61151685105,2026-01-05
2215.1,Payables to investors,2025-11-30,58426641880,2026-01-05
2215.1.1,Subscription Pending allotment,2025-11-30,3110870937,2026-01-05
2215.1.2,Payables to investors for investment bought on behalf,2025-11-30,0,2026-01-05
2215.1.3,Payables to investors for collected dividend,2025-11-30,0,2026-01-05
2215.1.4,Redemption payable to investors,2025-11-30,55315770943,2026-01-05
2215.2,Tax payables and obligations to the State Budget,2025-11-30,133053205,2026-01-05
2215.3,Subscription and Redemption fee payable to distributors and Fund Management Company,2025-11-30,119843014,2026-01-05
2215.4,Income payable to investors,2025-11-30,0,2026-01-05
2215.5,Remuneration Payable to Fund's Board of Representatives,2025-11-30,11490411,2026-01-05
2215.6,Management fee payable,2025-11-30,1911387802,2026-01-05
2215.7,Fund Administration fee payable,2025-11-30,52563163,2026-01-05
2215.8,Supervisory service fee payable,2025-11-30,70084219,2026-01-05
2215.9,Transaction fee,2025-11-30,200458925,2026-01-05
2215.9.1,Brokerage fee payable,2025-11-30,200458925,2026-01-05
2215.9.2,Clearing Settlement fee payable,2025-11-30,0,2026-01-05
2215.10,Accrued expense for Custodian fee,2025-11-30,56998812,2026-01-05
2215.10.1,Custodian service - Safe Custody Fee,2025-11-30,55748812,2026-01-05
2215.10.2,Custodian service - Transaction fee,2025-11-30,500000,2026-01-05
2215.10.3,"Custodian service -  Depository fee, Position and Margin management fee paid to VSDC",2025-11-30,750000,2026-01-05
2215.11,Audit fee payable,2025-11-30,69757085,2026-01-05
2215.12,General meeting expense payable,2025-11-30,58171292,2026-01-05
2215.13,Annual report fee payable,2025-11-30,0,2026-01-05
2215.14,Transfer Agency fee payable,2025-11-30,11000000,2026-01-05
2215.15,Service fee payable to HOSE for calculating iNAV,2025-11-30,0,2026-01-05
2215.16,Authorising index service fee payable to HOSE,2025-11-30,0,2026-01-05
2215.17,Other payables,2025-11-30,30235297,2026-01-05
2215.17.1,Price feed fee payable,2025-11-30,23372283,2026-01-05
2215.17.2,"Accrued expense for Fund's Board of Representatives travelling, meeting",2025-11-30,0,2026-01-05
2215.17.3,Accrued expense for Annual Management Fee pay to SSC,2025-11-30,6863014,2026-01-05
2215.17.4,Other payables,2025-11-30,0,2026-01-05
2215.18,Short-term loans - Repo contracts,2025-11-30,0,2026-01-05
2215.18.1,Principal of repo contracts,2025-11-30,0,2026-01-05
2215.18.2,Accrued Interest Expense,2025-11-30,0,2026-01-05
2215.18.3,Principal of Short-term loans,2025-11-30,0,2026-01-05
2216,TOTAL LIABILITIES,2025-11-30,113963685105,2026-01-05
2217,Net Asset Value ( = I.10 - II.4),2025-11-30,1925600135637,2026-01-05
2218,Total Outstanding Fund Certificates,2025-11-30,66867303.78,2026-01-05
2219,Net Asset Value per Fund Certificate,2025-11-30,28797.33,2026-01-05
2220,Receivables from rental of investment property (not applicable),2025-11-30,0,2026-01-05
2221,Real Estate Proceeds Receivables (not applicale),2025-11-30,0,2026-01-05
2222,Real Estate Trading Payables (not applicable),2025-11-30,0,2026-01-05
2200,ASSETS,2025-12-31,,2026-02-02
2201,Cash and Cash Equivalents,2025-12-31,39581813166,2026-02-02
2202,Cash,2025-12-31,,2026-02-02
2203,Cash at bank,2025-12-31,39581813166,2026-02-02
2203.1,Cash at bank for Fund's subscription,2025-12-31,2279990496,2026-02-02
2203.2,Cash at bank for Fund's dividend payment and redemption,2025-12-31,56271288,2026-02-02
2203.3,Cash at bank for Fund's operation,2025-12-31,29245551382,2026-02-02
2203.4,Margin account for trading derivatives,2025-12-31,0,2026-02-02
2203.5,"Cash, cash equivalents",2025-12-31,8000000000,2026-02-02
2205,Investments,2025-12-31,1727762049913,2026-02-02
2205.1,"Listed Shares, fund certificates",2025-12-31,0,2026-02-02
2205.2,"Unlisted Shares, fund certifictes",2025-12-31,0,2026-02-02
2205.3,Bonds,2025-12-31,1168262049913,2026-02-02
2205.4,Money market instruments,2025-12-31,328000000000,2026-02-02
2205.5,Deposits with term over three (03) months,2025-12-31,231500000000,2026-02-02
2205.6,Investment - Rights,2025-12-31,0,2026-02-02
2205.7,Index future contracts,2025-12-31,0,2026-02-02
2205.8,Other investments,2025-12-31,0,2026-02-02
2205.9,Reverse repo contracts,2025-12-31,0,2026-02-02
2206,"Dividend, Coupon receivables",2025-12-31,36919160071,2026-02-02
2206.1,Dividend receivables,2025-12-31,0,2026-02-02
2206.2,Coupon receivables,2025-12-31,36919160071,2026-02-02
2207,Interest receivables,2025-12-31,12135792602,2026-02-02
2207.1,Interest receivable from bank deposits,2025-12-31,4912378904,2026-02-02
2207.2,Interest receivable from Money market instruments,2025-12-31,7223413698,2026-02-02
2207.3,Interest receivable from reverse repo contracts,2025-12-31,0,2026-02-02
2208,Securities Trading Receivables,2025-12-31,0,2026-02-02
2210,Other Receivables,2025-12-31,0,2026-02-02
2210.1,Impairment of devaluation of pledged assets,2025-12-31,0,2026-02-02
2210.2,Provision for doubtful debt,2025-12-31,0,2026-02-02
2210.3,Other Receivables,2025-12-31,0,2026-02-02
2211,Other Assets,2025-12-31,0,2026-02-02
2212,TOTAL ASSETS,2025-12-31,1816398815752,2026-02-02
2213,LIABILITIES,2025-12-31,,2026-02-02
2214,Securities Trading Payables,2025-12-31,20536200000,2026-02-02
2215,Other Payables,2025-12-31,16672766395,2026-02-02
2215.1,Payables to investors,2025-12-31,13304792510,2026-02-02
2215.1.1,Subscription Pending allotment,2025-12-31,2279990496,2026-02-02
2215.1.2,Payables to investors for investment bought on behalf,2025-12-31,0,2026-02-02
2215.1.3,Payables to investors for collected dividend,2025-12-31,0,2026-02-02
2215.1.4,Redemption payable to investors,2025-12-31,11024802014,2026-02-02
2215.2,Tax payables and obligations to the State Budget,2025-12-31,223932510,2026-02-02
2215.3,Subscription and Redemption fee payable to distributors and Fund Management Company,2025-12-31,661566675,2026-02-02
2215.4,Income payable to investors,2025-12-31,0,2026-02-02
2215.5,Remuneration Payable to Fund's Board of Representatives,2025-12-31,12000000,2026-02-02
2215.6,Management fee payable,2025-12-31,1894697942,2026-02-02
2215.7,Fund Administration fee payable,2025-12-31,52104193,2026-02-02
2215.8,Supervisory service fee payable,2025-12-31,69472258,2026-02-02
2215.9,Transaction fee,2025-12-31,195617555,2026-02-02
2215.9.1,Brokerage fee payable,2025-12-31,195617555,2026-02-02
2215.9.2,Clearing Settlement fee payable,2025-12-31,0,2026-02-02
2215.10,Accrued expense for Custodian fee,2025-12-31,57112024,2026-02-02
2215.10.1,Custodian service - Safe Custody Fee,2025-12-31,55262024,2026-02-02
2215.10.2,Custodian service - Transaction fee,2025-12-31,1100000,2026-02-02
2215.10.3,"Custodian service -  Depository fee, Position and Margin management fee paid to VSDC",2025-12-31,750000,2026-02-02
2215.11,Audit fee payable,2025-12-31,85680000,2026-02-02
2215.12,General meeting expense payable,2025-12-31,69540728,2026-02-02
2215.13,Annual report fee payable,2025-12-31,0,2026-02-02
2215.14,Transfer Agency fee payable,2025-12-31,11000000,2026-02-02
2215.15,Service fee payable to HOSE for calculating iNAV,2025-12-31,0,2026-02-02
2215.16,Authorising index service fee payable to HOSE,2025-12-31,0,2026-02-02
2215.17,Other payables,2025-12-31,35250000,2026-02-02
2215.17.1,Price feed fee payable,2025-12-31,35250000,2026-02-02
2215.17.2,"Accrued expense for Fund's Board of Representatives travelling, meeting",2025-12-31,0,2026-02-02
2215.17.3,Accrued expense for Annual Management Fee pay to SSC,2025-12-31,0,2026-02-02
2215.17.4,Other payables,2025-12-31,0,2026-02-02
2215.18,Short-term loans - Repo contracts,2025-12-31,0,2026-02-02
2215.18.1,Principal of repo contracts,2025-12-31,0,2026-02-02
2215.18.2,Accrued Interest Expense,2025-12-31,0,2026-02-02
2215.18.3,Principal of Short-term loans,2025-12-31,0,2026-02-02
2216,TOTAL LIABILITIES,2025-12-31,37208966395,2026-02-02
2217,Net Asset Value ( = I.10 - II.4),2025-12-31,1779189849357,2026-02-02
2218,Total Outstanding Fund Certificates,2025-12-31,61357024.19,2026-02-02
2219,Net Asset Value per Fund Certificate,2025-12-31,28997.32,2026-02-02
2220,Receivables from rental of investment property (not applicable),2025-12-31,0,2026-02-02
2221,Real Estate Proceeds Receivables (not applicale),2025-12-31,0,2026-02-02
2222,Real Estate Trading Payables (not applicable),2025-12-31,0,2026-02-02
2200,ASSETS,2026-01-31,,2026-03-02
2201,Cash and Cash Equivalents,2026-01-31,234944002474,2026-03-02
2202,Cash,2026-01-31,,2026-03-02
2203,Cash at bank,2026-01-31,234944002474,2026-03-02
2203.1,Cash at bank for Fund's subscription,2026-01-31,1533622356,2026-03-02
2203.2,Cash at bank for Fund's dividend payment and redemption,2026-01-31,14336409,2026-03-02
2203.3,Cash at bank for Fund's operation,2026-01-31,496043709,2026-03-02
2203.4,Margin account for trading derivatives,2026-01-31,0,2026-03-02
2203.5,"Cash, cash equivalents",2026-01-31,232900000000,2026-03-02
2205,Investments,2026-01-31,1451337415784,2026-03-02
2205.1,"Listed Shares, fund certificates",2026-01-31,0,2026-03-02
2205.2,"Unlisted Shares, fund certifictes",2026-01-31,0,2026-03-02
2205.3,Bonds,2026-01-31,1025837415784,2026-03-02
2205.4,Money market instruments,2026-01-31,228000000000,2026-03-02
2205.5,Deposits with term over three (03) months,2026-01-31,197500000000,2026-03-02
2205.6,Investment - Rights,2026-01-31,0,2026-03-02
2205.7,Index future contracts,2026-01-31,0,2026-03-02
2205.8,Other investments,2026-01-31,0,2026-03-02
2205.9,Reverse repo contracts,2026-01-31,0,2026-03-02
2206,"Dividend, Coupon receivables",2026-01-31,35101778206,2026-03-02
2206.1,Dividend receivables,2026-01-31,0,2026-03-02
2206.2,Coupon receivables,2026-01-31,35101778206,2026-03-02
2207,Interest receivables,2026-01-31,11645207536,2026-03-02
2207.1,Interest receivable from bank deposits,2026-01-31,5120528083,2026-03-02
2207.2,Interest receivable from Money market instruments,2026-01-31,6524679453,2026-03-02
2207.3,Interest receivable from reverse repo contracts,2026-01-31,0,2026-03-02
2208,Securities Trading Receivables,2026-01-31,20674100000,2026-03-02
2210,Other Receivables,2026-01-31,0,2026-03-02
2210.1,Impairment of devaluation of pledged assets,2026-01-31,0,2026-03-02
2210.2,Provision for doubtful debt,2026-01-31,0,2026-03-02
2210.3,Other Receivables,2026-01-31,0,2026-03-02
2211,Other Assets,2026-01-31,0,2026-03-02
2212,TOTAL ASSETS,2026-01-31,1753702504000,2026-03-02
2213,LIABILITIES,2026-01-31,,2026-03-02
2214,Securities Trading Payables,2026-01-31,0,2026-03-02
2215,Other Payables,2026-01-31,58903156663,2026-03-02
2215.1,Payables to investors,2026-01-31,55847624412,2026-03-02
2215.1.1,Subscription Pending allotment,2026-01-31,1533622356,2026-03-02
2215.1.2,Payables to investors for investment bought on behalf,2026-01-31,0,2026-03-02
2215.1.3,Payables to investors for collected dividend,2026-01-31,0,2026-03-02
2215.1.4,Redemption payable to investors,2026-01-31,54314002056,2026-03-02
2215.2,Tax payables and obligations to the State Budget,2026-01-31,242393073,2026-03-02
2215.3,Subscription and Redemption fee payable to distributors and Fund Management Company,2026-01-31,444488732,2026-03-02
2215.4,Income payable to investors,2026-01-31,0,2026-03-02
2215.5,Remuneration Payable to Fund's Board of Representatives,2026-01-31,6509589,2026-03-02
2215.6,Management fee payable,2026-01-31,1792200068,2026-03-02
2215.7,Fund Administration fee payable,2026-01-31,49285503,2026-03-02
2215.8,Supervisory service fee payable,2026-01-31,65714004,2026-03-02
2215.9,Transaction fee,2026-01-31,195638240,2026-03-02
2215.9.1,Brokerage fee payable,2026-01-31,195638240,2026-03-02
2215.9.2,Clearing Settlement fee payable,2026-01-31,0,2026-03-02
2215.10,Accrued expense for Custodian fee,2026-01-31,54122503,2026-03-02
2215.10.1,Custodian service - Safe Custody Fee,2026-01-31,52272503,2026-03-02
2215.10.2,Custodian service - Transaction fee,2026-01-31,1100000,2026-03-02
2215.10.3,"Custodian service -  Depository fee, Position and Margin management fee paid to VSDC",2026-01-31,750000,2026-03-02
2215.11,Audit fee payable,2026-01-31,99973973,2026-03-02
2215.12,General meeting expense payable,2026-01-31,76318324,2026-03-02
2215.13,Annual report fee payable,2026-01-31,0,2026-03-02
2215.14,Transfer Agency fee payable,2026-01-31,11000000,2026-03-02
2215.15,Service fee payable to HOSE for calculating iNAV,2026-01-31,0,2026-03-02
2215.16,Authorising index service fee payable to HOSE,2026-01-31,0,2026-03-02
2215.17,Other payables,2026-01-31,17888242,2026-03-02
2215.17.1,Price feed fee payable,2026-01-31,12141667,2026-03-02
2215.17.2,"Accrued expense for Fund's Board of Representatives travelling, meeting",2026-01-31,0,2026-03-02
2215.17.3,Accrued expense for Annual Management Fee pay to SSC,2026-01-31,636986,2026-03-02
2215.17.4,Other payables,2026-01-31,5109589,2026-03-02
2215.18,Short-term loans - Repo contracts,2026-01-31,0,2026-03-02
2215.18.1,Principal of repo contracts,2026-01-31,0,2026-03-02
2215.18.2,Accrued Interest Expense,2026-01-31,0,2026-03-02
2215.18.3,Principal of Short-term loans,2026-01-31,0,2026-03-02
2216,TOTAL LIABILITIES,2026-01-31,58903156663,2026-03-02
2217,Net Asset Value ( = I.10 - II.4),2026-01-31,1694799347337,2026-03-02
2218,Total Outstanding Fund Certificates,2026-01-31,58169459.87,2026-03-02
2219,Net Asset Value per Fund Certificate,2026-01-31,29135.55,2026-03-02
2220,Receivables from rental of investment property (not applicable),2026-01-31,0,2026-03-02
2221,Real Estate Proceeds Receivables (not applicale),2026-01-31,0,2026-03-02
2222,Real Estate Trading Payables (not applicable),2026-01-31,0,2026-03-02
2200,ASSETS,2026-02-28,,2026-04-01
2201,Cash and Cash Equivalents,2026-02-28,39112681166,2026-04-01
2202,Cash,2026-02-28,,2026-04-01
2203,Cash at bank,2026-02-28,39112681166,2026-04-01
2203.1,Cash at bank for Fund's subscription,2026-02-28,1143617673,2026-04-01
2203.2,Cash at bank for Fund's dividend payment and redemption,2026-02-28,7611131,2026-04-01
2203.3,Cash at bank for Fund's operation,2026-02-28,3361452362,2026-04-01
2203.4,Margin account for trading derivatives,2026-02-28,0,2026-04-01
2203.5,"Cash, cash equivalents",2026-02-28,34600000000,2026-04-01
2205,Investments,2026-02-28,1630088524605,2026-04-01
2205.1,"Listed Shares, fund certificates",2026-02-28,0,2026-04-01
2205.2,"Unlisted Shares, fund certifictes",2026-02-28,0,2026-04-01
2205.3,Bonds,2026-02-28,1212142949419,2026-04-01
2205.4,Money market instruments,2026-02-28,249345575186,2026-04-01
2205.5,Deposits with term over three (03) months,2026-02-28,168600000000,2026-04-01
2205.6,Investment - Rights,2026-02-28,0,2026-04-01
2205.7,Index future contracts,2026-02-28,0,2026-04-01
2205.8,Other investments,2026-02-28,0,2026-04-01
2205.9,Reverse repo contracts,2026-02-28,0,2026-04-01
2206,"Dividend, Coupon receivables",2026-02-28,26065697795,2026-04-01
2206.1,Dividend receivables,2026-02-28,0,2026-04-01
2206.2,Coupon receivables,2026-02-28,26065697795,2026-04-01
2207,Interest receivables,2026-02-28,12692730508,2026-04-01
2207.1,Interest receivable from bank deposits,2026-02-28,4112210275,2026-04-01
2207.2,Interest receivable from Money market instruments,2026-02-28,8580520233,2026-04-01
2207.3,Interest receivable from reverse repo contracts,2026-02-28,0,2026-04-01
2208,Securities Trading Receivables,2026-02-28,0,2026-04-01
2210,Other Receivables,2026-02-28,0,2026-04-01
2210.1,Impairment of devaluation of pledged assets,2026-02-28,0,2026-04-01
2210.2,Provision for doubtful debt,2026-02-28,0,2026-04-01
2210.3,Other Receivables,2026-02-28,0,2026-04-01
2211,Other Assets,2026-02-28,0,2026-04-01
2212,TOTAL ASSETS,2026-02-28,1707959634074,2026-04-01
2213,LIABILITIES,2026-02-28,,2026-04-01
2214,Securities Trading Payables,2026-02-28,0,2026-04-01
2215,Other Payables,2026-02-28,41282892282,2026-04-01
2215.1,Payables to investors,2026-02-28,38855007901,2026-04-01
2215.1.1,Subscription Pending allotment,2026-02-28,1143617673,2026-04-01
2215.1.2,Payables to investors for investment bought on behalf,2026-02-28,0,2026-04-01
2215.1.3,Payables to investors for collected dividend,2026-02-28,0,2026-04-01
2215.1.4,Redemption payable to investors,2026-02-28,37711390228,2026-04-01
2215.2,Tax payables and obligations to the State Budget,2026-02-28,74064777,2026-04-01
2215.3,Subscription and Redemption fee payable to distributors and Fund Management Company,2026-02-28,220663425,2026-04-01
2215.4,Income payable to investors,2026-02-28,0,2026-04-01
2215.5,Remuneration Payable to Fund's Board of Representatives,2026-02-28,6969863,2026-04-01
2215.6,Management fee payable,2026-02-28,1556024862,2026-04-01
2215.7,Fund Administration fee payable,2026-02-28,42790683,2026-04-01
2215.8,Supervisory service fee payable,2026-02-28,57054243,2026-04-01
2215.9,Transaction fee,2026-02-28,192537125,2026-04-01
2215.9.1,Brokerage fee payable,2026-02-28,192537125,2026-04-01
2215.9.2,Clearing Settlement fee payable,2026-02-28,0,2026-04-01
2215.10,Accrued expense for Custodian fee,2026-02-28,47134059,2026-04-01
2215.10.1,Custodian service - Safe Custody Fee,2026-02-28,45384059,2026-04-01
2215.10.2,Custodian service - Transaction fee,2026-02-28,1000000,2026-04-01
2215.10.3,"Custodian service -  Depository fee, Position and Margin management fee paid to VSDC",2026-02-28,750000,2026-04-01
2215.11,Audit fee payable,2026-02-28,112884658,2026-04-01
2215.12,General meeting expense payable,2026-02-28,82440024,2026-04-01
2215.13,Annual report fee payable,2026-02-28,0,2026-04-01
2215.14,Transfer Agency fee payable,2026-02-28,11000000,2026-04-01
2215.15,Service fee payable to HOSE for calculating iNAV,2026-02-28,0,2026-04-01
2215.16,Authorising index service fee payable to HOSE,2026-02-28,0,2026-04-01
2215.17,Other payables,2026-02-28,24320662,2026-04-01
2215.17.1,Price feed fee payable,2026-02-28,23108333,2026-04-01
2215.17.2,"Accrued expense for Fund's Board of Representatives travelling, meeting",2026-02-28,0,2026-04-01
2215.17.3,Accrued expense for Annual Management Fee pay to SSC,2026-02-28,1212329,2026-04-01
2215.17.4,Other payables,2026-02-28,0,2026-04-01
2215.18,Short-term loans - Repo contracts,2026-02-28,0,2026-04-01
2215.18.1,Principal of repo contracts,2026-02-28,0,2026-04-01
2215.18.2,Accrued Interest Expense,2026-02-28,0,2026-04-01
2215.18.3,Principal of Short-term loans,2026-02-28,0,2026-04-01
2216,TOTAL LIABILITIES,2026-02-28,41282892282,2026-04-01
2217,Net Asset Value ( = I.10 - II.4),2026-02-28,1666676741792,2026-04-01
2218,Total Outstanding Fund Certificates,2026-02-28,56876823.26,2026-04-01
2219,Net Asset Value per Fund Certificate,2026-02-28,29303.26,2026-04-01
2220,Receivables from rental of investment property (not applicable),2026-02-28,0,2026-04-01
2221,Real Estate Proceeds Receivables (not applicale),2026-02-28,0,2026-04-01
2222,Real Estate Trading Payables (not applicable),2026-02-28,0,2026-04-01
2200,ASSETS,2026-03-31,,2026-05-04
2201,Cash and Cash Equivalents,2026-03-31,86152783406,2026-05-04
2202,Cash,2026-03-31,,2026-05-04
2203,Cash at bank,2026-03-31,86152783406,2026-05-04
2203.1,Cash at bank for Fund's subscription,2026-03-31,6808326452,2026-05-04
2203.2,Cash at bank for Fund's dividend payment and redemption,2026-03-31,4704338,2026-05-04
2203.3,Cash at bank for Fund's operation,2026-03-31,139752616,2026-05-04
2203.4,Margin account for trading derivatives,2026-03-31,0,2026-05-04
2203.5,"Cash, cash equivalents",2026-03-31,79200000000,2026-05-04
2205,Investments,2026-03-31,1354207831416,2026-05-04
2205.1,"Listed Shares, fund certificates",2026-03-31,0,2026-05-04
2205.2,"Unlisted Shares, fund certifictes",2026-03-31,0,2026-05-04
2205.3,Bonds,2026-03-31,1085907831416,2026-05-04
2205.4,Money market instruments,2026-03-31,200000000000,2026-05-04
2205.5,Deposits with term over three (03) months,2026-03-31,68300000000,2026-05-04
2205.6,Investment - Rights,2026-03-31,0,2026-05-04
2205.7,Index future contracts,2026-03-31,0,2026-05-04
2205.8,Other investments,2026-03-31,0,2026-05-04
2205.9,Reverse repo contracts,2026-03-31,0,2026-05-04
2206,"Dividend, Coupon receivables",2026-03-31,22263813101,2026-05-04
2206.1,Dividend receivables,2026-03-31,0,2026-05-04
2206.2,Coupon receivables,2026-03-31,22263813101,2026-05-04
2207,Interest receivables,2026-03-31,8758087944,2026-05-04
2207.1,Interest receivable from bank deposits,2026-03-31,1130279725,2026-05-04
2207.2,Interest receivable from Money market instruments,2026-03-31,7627808219,2026-05-04
2207.3,Interest receivable from reverse repo contracts,2026-03-31,0,2026-05-04
2208,Securities Trading Receivables,2026-03-31,0,2026-05-04
2210,Other Receivables,2026-03-31,0,2026-05-04
2210.1,Impairment of devaluation of pledged assets,2026-03-31,0,2026-05-04
2210.2,Provision for doubtful debt,2026-03-31,0,2026-05-04
2210.3,Other Receivables,2026-03-31,0,2026-05-04
2211,Other Assets,2026-03-31,0,2026-05-04
2212,TOTAL ASSETS,2026-03-31,1471382515867,2026-05-04
2213,LIABILITIES,2026-03-31,,2026-05-04
2214,Securities Trading Payables,2026-03-31,0,2026-05-04
2215,Other Payables,2026-03-31,50926548196,2026-05-04
2215.1,Payables to investors,2026-03-31,47819251105,2026-05-04
2215.1.1,Subscription Pending allotment,2026-03-31,6808326452,2026-05-04
2215.1.2,Payables to investors for investment bought on behalf,2026-03-31,0,2026-05-04
2215.1.3,Payables to investors for collected dividend,2026-03-31,0,2026-05-04
2215.1.4,Redemption payable to investors,2026-03-31,41010924653,2026-05-04
2215.2,Tax payables and obligations to the State Budget,2026-03-31,321370915,2026-05-04
2215.3,Subscription and Redemption fee payable to distributors and Fund Management Company,2026-03-31,708734498,2026-05-04
2215.4,Income payable to investors,2026-03-31,0,2026-05-04
2215.5,Remuneration Payable to Fund's Board of Representatives,2026-03-31,7479452,2026-05-04
2215.6,Management fee payable,2026-03-31,1549730663,2026-05-04
2215.7,Fund Administration fee payable,2026-03-31,42617594,2026-05-04
2215.8,Supervisory service fee payable,2026-03-31,56823457,2026-05-04
2215.9,Transaction fee,2026-03-31,192537125,2026-05-04
2215.9.1,Brokerage fee payable,2026-03-31,192537125,2026-05-04
2215.9.2,Clearing Settlement fee payable,2026-03-31,0,2026-05-04
2215.10,Accrued expense for Custodian fee,2026-03-31,49187822,2026-05-04
2215.10.1,Custodian service - Safe Custody Fee,2026-03-31,47537822,2026-05-04
2215.10.2,Custodian service - Transaction fee,2026-03-31,900000,2026-05-04
2215.10.3,"Custodian service -  Depository fee, Position and Margin management fee paid to VSDC",2026-03-31,750000,2026-05-04
2215.11,Audit fee payable,2026-03-31,41498630,2026-05-04
2215.12,General meeting expense payable,2026-03-31,89217620,2026-05-04
2215.13,Annual report fee payable,2026-03-31,0,2026-05-04
2215.14,Transfer Agency fee payable,2026-03-31,11000000,2026-05-04
2215.15,Service fee payable to HOSE for calculating iNAV,2026-03-31,0,2026-05-04
2215.16,Authorising index service fee payable to HOSE,2026-03-31,0,2026-05-04
2215.17,Other payables,2026-03-31,37099315,2026-05-04
2215.17.1,Price feed fee payable,2026-03-31,35250000,2026-05-04
2215.17.2,"Accrued expense for Fund's Board of Representatives travelling, meeting",2026-03-31,0,2026-05-04
2215.17.3,Accrued expense for Annual Management Fee pay to SSC,2026-03-31,1849315,2026-05-04
2215.17.4,Other payables,2026-03-31,0,2026-05-04
2215.18,Short-term loans - Repo contracts,2026-03-31,0,2026-05-04
2215.18.1,Principal of repo contracts,2026-03-31,0,2026-05-04
2215.18.2,Accrued Interest Expense,2026-03-31,0,2026-05-04
2215.18.3,Principal of Short-term loans,2026-03-31,0,2026-05-04
2216,TOTAL LIABILITIES,2026-03-31,50926548196,2026-05-04
2217,Net Asset Value ( = I.10 - II.4),2026-03-31,1420455967671,2026-05-04
2218,Total Outstanding Fund Certificates,2026-03-31,48203660.32,2026-05-04
2219,Net Asset Value per Fund Certificate,2026-03-31,29467.8,2026-05-04
2220,Receivables from rental of investment property (not applicable),2026-03-31,0,2026-05-04
2221,Real Estate Proceeds Receivables (not applicale),2026-03-31,0,2026-05-04
2222,Real Estate Trading Payables (not applicable),2026-03-31,0,2026-05-04
2200,ASSETS,2026-04-30,,2026-06-02
2201,Cash and Cash Equivalents,2026-04-30,104773778010,2026-06-02
2202,Cash,2026-04-30,,2026-06-02
2203,Cash at bank,2026-04-30,104773778010,2026-06-02
2203.1,Cash at bank for Fund's subscription,2026-04-30,2459804748,2026-06-02
2203.2,Cash at bank for Fund's dividend payment and redemption,2026-04-30,4994606,2026-06-02
2203.3,Cash at bank for Fund's operation,2026-04-30,208978656,2026-06-02
2203.4,Margin account for trading derivatives,2026-04-30,0,2026-06-02
2203.5,"Cash, cash equivalents",2026-04-30,102100000000,2026-06-02
2205,Investments,2026-04-30,1160068056316,2026-06-02
2205.1,"Listed Shares, fund certificates",2026-04-30,0,2026-06-02
2205.2,"Unlisted Shares, fund certifictes",2026-04-30,0,2026-06-02
2205.3,Bonds,2026-04-30,908168056316,2026-06-02
2205.4,Money market instruments,2026-04-30,200000000000,2026-06-02
2205.5,Deposits with term over three (03) months,2026-04-30,51900000000,2026-06-02
2205.6,Investment - Rights,2026-04-30,0,2026-06-02
2205.7,Index future contracts,2026-04-30,0,2026-06-02
2205.8,Other investments,2026-04-30,0,2026-06-02
2205.9,Reverse repo contracts,2026-04-30,0,2026-06-02
2206,"Dividend, Coupon receivables",2026-04-30,19641880693,2026-06-02
2206.1,Dividend receivables,2026-04-30,0,2026-06-02
2206.2,Coupon receivables,2026-04-30,19641880693,2026-06-02
2207,Interest receivables,2026-04-30,7805566849,2026-06-02
2207.1,Interest receivable from bank deposits,2026-04-30,771731232,2026-06-02
2207.2,Interest receivable from Money market instruments,2026-04-30,7033835617,2026-06-02
2207.3,Interest receivable from reverse repo contracts,2026-04-30,0,2026-06-02
2208,Securities Trading Receivables,2026-04-30,10163500000,2026-06-02
2210,Other Receivables,2026-04-30,0,2026-06-02
2210.1,Impairment of devaluation of pledged assets,2026-04-30,0,2026-06-02
2210.2,Provision for doubtful debt,2026-04-30,0,2026-06-02
2210.3,Other Receivables,2026-04-30,0,2026-06-02
2211,Other Assets,2026-04-30,0,2026-06-02
2212,TOTAL ASSETS,2026-04-30,1302452781868,2026-06-02
2213,LIABILITIES,2026-04-30,,2026-06-02
2214,Securities Trading Payables,2026-04-30,0,2026-06-02
2215,Other Payables,2026-04-30,84476933246,2026-06-02
2215.1,Payables to investors,2026-04-30,81874213865,2026-06-02
2215.1.1,Subscription Pending allotment,2026-04-30,2459804748,2026-06-02
2215.1.2,Payables to investors for investment bought on behalf,2026-04-30,0,2026-06-02
2215.1.3,Payables to investors for collected dividend,2026-04-30,0,2026-06-02
2215.1.4,Redemption payable to investors,2026-04-30,79414409117,2026-06-02
2215.2,Tax payables and obligations to the State Budget,2026-04-30,238361191,2026-06-02
2215.3,Subscription and Redemption fee payable to distributors and Fund Management Company,2026-04-30,550355981,2026-06-02
2215.4,Income payable to investors,2026-04-30,0,2026-06-02
2215.5,Remuneration Payable to Fund's Board of Representatives,2026-04-30,7972603,2026-06-02
2215.6,Management fee payable,2026-04-30,1283999579,2026-06-02
2215.7,Fund Administration fee payable,2026-04-30,35309989,2026-06-02
2215.8,Supervisory service fee payable,2026-04-30,47079985,2026-06-02
2215.9,Transaction fee,2026-04-30,194061650,2026-06-02
2215.9.1,Brokerage fee payable,2026-04-30,194061650,2026-06-02
2215.9.2,Clearing Settlement fee payable,2026-04-30,0,2026-06-02
2215.10,Accrued expense for Custodian fee,2026-04-30,44849984,2026-06-02
2215.10.1,Custodian service - Safe Custody Fee,2026-04-30,42799984,2026-06-02
2215.10.2,Custodian service - Transaction fee,2026-04-30,1300000,2026-06-02
2215.10.3,"Custodian service -  Depository fee, Position and Margin management fee paid to VSDC",2026-04-30,750000,2026-06-02
2215.11,Audit fee payable,2026-04-30,55331507,2026-06-02
2215.12,General meeting expense payable,2026-04-30,77519184,2026-06-02
2215.13,Annual report fee payable,2026-04-30,0,2026-06-02
2215.14,Transfer Agency fee payable,2026-04-30,11000000,2026-06-02
2215.15,Service fee payable to HOSE for calculating iNAV,2026-04-30,0,2026-06-02
2215.16,Authorising index service fee payable to HOSE,2026-04-30,0,2026-06-02
2215.17,Other payables,2026-04-30,56877728,2026-06-02
2215.17.1,Price feed fee payable,2026-04-30,46870879,2026-06-02
2215.17.2,"Accrued expense for Fund's Board of Representatives travelling, meeting",2026-04-30,0,2026-06-02
2215.17.3,Accrued expense for Annual Management Fee pay to SSC,2026-04-30,2465753,2026-06-02
2215.17.4,Other payables,2026-04-30,7541096,2026-06-02
2215.18,Short-term loans - Repo contracts,2026-04-30,0,2026-06-02
2215.18.1,Principal of repo contracts,2026-04-30,0,2026-06-02
2215.18.2,Accrued Interest Expense,2026-04-30,0,2026-06-02
2215.18.3,Principal of Short-term loans,2026-04-30,0,2026-06-02
2216,TOTAL LIABILITIES,2026-04-30,84476933246,2026-06-02
2217,Net Asset Value ( = I.10 - II.4),2026-04-30,1217975848622,2026-06-02
2218,Total Outstanding Fund Certificates,2026-04-30,41123334.6,2026-06-02
2219,Net Asset Value per Fund Certificate,2026-04-30,29617.63,2026-06-02
2220,Receivables from rental of investment property (not applicable),2026-04-30,0,2026-06-02
2221,Real Estate Proceeds Receivables (not applicale),2026-04-30,0,2026-06-02
2222,Real Estate Trading Payables (not applicable),2026-04-30,0,2026-06-02
2200,ASSETS,2026-05-31,,2026-07-02
2201,Cash and Cash Equivalents,2026-05-31,75100476539,2026-07-02
2202,Cash,2026-05-31,,2026-07-02
2203,Cash at bank,2026-05-31,75100476539,2026-07-02
2203.1,Cash at bank for Fund's subscription,2026-05-31,1589791662,2026-07-02
2203.2,Cash at bank for Fund's dividend payment and redemption,2026-05-31,6237975,2026-07-02
2203.3,Cash at bank for Fund's operation,2026-05-31,404446902,2026-07-02
2203.4,Margin account for trading derivatives,2026-05-31,0,2026-07-02
2203.5,"Cash, cash equivalents",2026-05-31,73100000000,2026-07-02
2205,Investments,2026-05-31,949344446455,2026-07-02
2205.1,"Listed Shares, fund certificates",2026-05-31,0,2026-07-02
2205.2,"Unlisted Shares, fund certifictes",2026-05-31,0,2026-07-02
2205.3,Bonds,2026-05-31,812444446455,2026-07-02
2205.4,Money market instruments,2026-05-31,85000000000,2026-07-02
2205.5,Deposits with term over three (03) months,2026-05-31,51900000000,2026-07-02
2205.6,Investment - Rights,2026-05-31,0,2026-07-02
2205.7,Index future contracts,2026-05-31,0,2026-07-02
2205.8,Other investments,2026-05-31,0,2026-07-02
2205.9,Reverse repo contracts,2026-05-31,0,2026-07-02
2206,"Dividend, Coupon receivables",2026-05-31,21226921468,2026-07-02
2206.1,Dividend receivables,2026-05-31,0,2026-07-02
2206.2,Coupon receivables,2026-05-31,21226921468,2026-07-02
2207,Interest receivables,2026-05-31,3235126988,2026-07-02
2207.1,Interest receivable from bank deposits,2026-05-31,1078784521,2026-07-02
2207.2,Interest receivable from Money market instruments,2026-05-31,2156342467,2026-07-02
2207.3,Interest receivable from reverse repo contracts,2026-05-31,0,2026-07-02
2208,Securities Trading Receivables,2026-05-31,0,2026-07-02
2210,Other Receivables,2026-05-31,0,2026-07-02
2210.1,Impairment of devaluation of pledged assets,2026-05-31,0,2026-07-02
2210.2,Provision for doubtful debt,2026-05-31,0,2026-07-02
2210.3,Other Receivables,2026-05-31,0,2026-07-02
2211,Other Assets,2026-05-31,0,2026-07-02
2212,TOTAL ASSETS,2026-05-31,1048906971450,2026-07-02
2213,LIABILITIES,2026-05-31,,2026-07-02
2214,Securities Trading Payables,2026-05-31,0,2026-07-02
2215,Other Payables,2026-05-31,20574748556,2026-07-02
2215.1,Payables to investors,2026-05-31,18239767893,2026-07-02
2215.1.1,Subscription Pending allotment,2026-05-31,1589791662,2026-07-02
2215.1.2,Payables to investors for investment bought on behalf,2026-05-31,0,2026-07-02
2215.1.3,Payables to investors for collected dividend,2026-05-31,0,2026-07-02
2215.1.4,Redemption payable to investors,2026-05-31,16649976231,2026-07-02
2215.2,Tax payables and obligations to the State Budget,2026-05-31,237061208,2026-07-02
2215.3,Subscription and Redemption fee payable to distributors and Fund Management Company,2026-05-31,492380652,2026-07-02
2215.4,Income payable to investors,2026-05-31,0,2026-07-02
2215.5,Remuneration Payable to Fund's Board of Representatives,2026-05-31,8482192,2026-07-02
2215.6,Management fee payable,2026-05-31,1127238056,2026-07-02
2215.7,Fund Administration fee payable,2026-05-31,30999045,2026-07-02
2215.8,Supervisory service fee payable,2026-05-31,41332063,2026-07-02
2215.9,Transaction fee,2026-05-31,192537125,2026-07-02
2215.9.1,Brokerage fee payable,2026-05-31,192537125,2026-07-02
2215.9.2,Clearing Settlement fee payable,2026-05-31,0,2026-07-02
2215.10,Accrued expense for Custodian fee,2026-05-31,38924602,2026-07-02
2215.10.1,Custodian service - Safe Custody Fee,2026-05-31,37574602,2026-07-02
2215.10.2,Custodian service - Transaction fee,2026-05-31,600000,2026-07-02
2215.10.3,"Custodian service -  Depository fee, Position and Margin management fee paid to VSDC",2026-05-31,750000,2026-07-02
2215.11,Audit fee payable,2026-05-31,69625479,2026-07-02
2215.12,General meeting expense payable,2026-05-31,58668380,2026-07-02
2215.13,Annual report fee payable,2026-05-31,0,2026-07-02
2215.14,Transfer Agency fee payable,2026-05-31,11000000,2026-07-02
2215.15,Service fee payable to HOSE for calculating iNAV,2026-05-31,0,2026-07-02
2215.16,Authorising index service fee payable to HOSE,2026-05-31,0,2026-07-02
2215.17,Other payables,2026-05-31,26731861,2026-07-02
2215.17.1,Price feed fee payable,2026-05-31,23629121,2026-07-02
2215.17.2,"Accrued expense for Fund's Board of Representatives travelling, meeting",2026-05-31,0,2026-07-02
2215.17.3,Accrued expense for Annual Management Fee pay to SSC,2026-05-31,3102740,2026-07-02
2215.17.4,Other payables,2026-05-31,0,2026-07-02
2215.18,Short-term loans - Repo contracts,2026-05-31,0,2026-07-02
2215.18.1,Principal of repo contracts,2026-05-31,0,2026-07-02
2215.18.2,Accrued Interest Expense,2026-05-31,0,2026-07-02
2215.18.3,Principal of Short-term loans,2026-05-31,0,2026-07-02
2216,TOTAL LIABILITIES,2026-05-31,20574748556,2026-07-02
2217,Net Asset Value ( = I.10 - II.4),2026-05-31,1028332222894,2026-07-02
2218,Total Outstanding Fund Certificates,2026-05-31,34509025.58,2026-07-02
2219,Net Asset Value per Fund Certificate,2026-05-31,29798.93,2026-07-02
2220,Receivables from rental of investment property (not applicable),2026-05-31,0,2026-07-02
2221,Real Estate Proceeds Receivables (not applicale),2026-05-31,0,2026-07-02
2222,Real Estate Trading Payables (not applicable),2026-05-31,0,2026-07-02
2200,ASSETS,2026-06-30,,2026-08-04
2201,Cash and Cash Equivalents,2026-06-30,51845190885,2026-08-04
2202,Cash,2026-06-30,,2026-08-04
2203,Cash at bank,2026-06-30,51845190885,2026-08-04
2203.1,Cash at bank for Fund's subscription,2026-06-30,1490610440,2026-08-04
2203.2,Cash at bank for Fund's dividend payment and redemption,2026-06-30,11642062,2026-08-04
2203.3,Cash at bank for Fund's operation,2026-06-30,142938383,2026-08-04
2203.4,Margin account for trading derivatives,2026-06-30,0,2026-08-04
2203.5,"Cash, cash equivalents",2026-06-30,50200000000,2026-08-04
2205,Investments,2026-06-30,905124371236,2026-08-04
2205.1,"Listed Shares, fund certificates",2026-06-30,0,2026-08-04
2205.2,"Unlisted Shares, fund certifictes",2026-06-30,0,2026-08-04
2205.3,Bonds,2026-06-30,743239680369,2026-08-04
2205.4,Money market instruments,2026-06-30,109984690867,2026-08-04
2205.5,Deposits with term over three (03) months,2026-06-30,51900000000,2026-08-04
2205.6,Investment - Rights,2026-06-30,0,2026-08-04
2205.7,Index future contracts,2026-06-30,0,2026-08-04
2205.8,Other investments,2026-06-30,0,2026-08-04
2205.9,Reverse repo contracts,2026-06-30,0,2026-08-04
2206,"Dividend, Coupon receivables",2026-06-30,22892840068,2026-08-04
2206.1,Dividend receivables,2026-06-30,0,2026-08-04
2206.2,Coupon receivables,2026-06-30,22892840068,2026-08-04
2207,Interest receivables,2026-06-30,7086328355,2026-08-04
2207.1,Interest receivable from bank deposits,2026-06-30,1432273561,2026-08-04
2207.2,Interest receivable from Money market instruments,2026-06-30,5654054794,2026-08-04
2207.3,Interest receivable from reverse repo contracts,2026-06-30,0,2026-08-04
2208,Securities Trading Receivables,2026-06-30,0,2026-08-04
2210,Other Receivables,2026-06-30,0,2026-08-04
2210.1,Impairment of devaluation of pledged assets,2026-06-30,0,2026-08-04
2210.2,Provision for doubtful debt,2026-06-30,0,2026-08-04
2210.3,Other Receivables,2026-06-30,0,2026-08-04
2211,Other Assets,2026-06-30,0,2026-08-04
2212,TOTAL ASSETS,2026-06-30,986948730544,2026-08-04
2213,LIABILITIES,2026-06-30,,2026-08-04
2214,Securities Trading Payables,2026-06-30,0,2026-08-04
2215,Other Payables,2026-06-30,19134440781,2026-08-04
2215.1,Payables to investors,2026-06-30,17363986959,2026-08-04
2215.1.1,Subscription Pending allotment,2026-06-30,1490610440,2026-08-04
2215.1.2,Payables to investors for investment bought on behalf,2026-06-30,0,2026-08-04
2215.1.3,Payables to investors for collected dividend,2026-06-30,0,2026-08-04
2215.1.4,Redemption payable to investors,2026-06-30,15873376519,2026-08-04
2215.2,Tax payables and obligations to the State Budget,2026-06-30,106189555,2026-08-04
2215.3,Subscription and Redemption fee payable to distributors and Fund Management Company,2026-06-30,225156060,2026-08-04
2215.4,Income payable to investors,2026-06-30,0,2026-08-04
2215.5,Remuneration Payable to Fund's Board of Representatives,2026-06-30,8975342,2026-08-04
2215.6,Management fee payable,2026-06-30,970546730,2026-08-04
2215.7,Fund Administration fee payable,2026-06-30,26690036,2026-08-04
2215.8,Supervisory service fee payable,2026-06-30,35586713,2026-08-04
2215.9,Transaction fee,2026-06-30,192537125,2026-08-04
2215.9.1,Brokerage fee payable,2026-06-30,192537125,2026-08-04
2215.9.2,Clearing Settlement fee payable,2026-06-30,0,2026-08-04
2215.10,Accrued expense for Custodian fee,2026-06-30,33901557,2026-08-04
2215.10.1,Custodian service - Safe Custody Fee,2026-06-30,32351557,2026-08-04
2215.10.2,Custodian service - Transaction fee,2026-06-30,800000,2026-08-04
2215.10.3,"Custodian service -  Depository fee, Position and Margin management fee paid to VSDC",2026-06-30,750000,2026-08-04
2215.11,Audit fee payable,2026-06-30,84163211,2026-08-04
2215.12,General meeting expense payable,2026-06-30,54788315,2026-08-04
2215.13,Annual report fee payable,2026-06-30,0,2026-08-04
2215.14,Transfer Agency fee payable,2026-06-30,13200000,2026-08-04
2215.15,Service fee payable to HOSE for calculating iNAV,2026-06-30,0,2026-08-04
2215.16,Authorising index service fee payable to HOSE,2026-06-30,0,2026-08-04
2215.17,Other payables,2026-06-30,18719178,2026-08-04
2215.17.1,Price feed fee payable,2026-06-30,15000000,2026-08-04
2215.17.2,"Accrued expense for Fund's Board of Representatives travelling, meeting",2026-06-30,0,2026-08-04
2215.17.3,Accrued expense for Annual Management Fee pay to SSC,2026-06-30,3719178,2026-08-04
2215.17.4,Other payables,2026-06-30,0,2026-08-04
2215.18,Short-term loans - Repo contracts,2026-06-30,0,2026-08-04
2215.18.1,Principal of repo contracts,2026-06-30,0,2026-08-04
2215.18.2,Accrued Interest Expense,2026-06-30,0,2026-08-04
2215.18.3,Principal of Short-term loans,2026-06-30,0,2026-08-04
2216,TOTAL LIABILITIES,2026-06-30,19134440781,2026-08-04
2217,Net Asset Value ( = I.10 - II.4),2026-06-30,967814289763,2026-08-04
2218,Total Outstanding Fund Certificates,2026-06-30,32280700.56,2026-08-04
2219,Net Asset Value per Fund Certificate,2026-06-30,29981.2,2026-08-04
2220,Receivables from rental of investment property (not applicable),2026-06-30,0,2026-08-04
2221,Real Estate Proceeds Receivables (not applicale),2026-06-30,0,2026-08-04
2222,Real Estate Trading Payables (not applicable),2026-06-30,0,2026-08-04
2200,ASSETS,2026-07-31,,2026-08-04
2201,Cash and Cash Equivalents,2026-07-31,36038997712,2026-08-04
2202,Cash,2026-07-31,,2026-08-04
2203,Cash at bank,2026-07-31,36038997712,2026-08-04
2203.1,Cash at bank for Fund's subscription,2026-07-31,3891819362,2026-08-04
2203.2,Cash at bank for Fund's dividend payment and redemption,2026-07-31,14612975,2026-08-04
2203.3,Cash at bank for Fund's operation,2026-07-31,7732565375,2026-08-04
2203.4,Margin account for trading derivatives,2026-07-31,0,2026-08-04
2203.5,"Cash, cash equivalents",2026-07-31,24400000000,2026-08-04
2205,Investments,2026-07-31,942886075783,2026-08-04
2205.1,"Listed Shares, fund certificates",2026-07-31,0,2026-08-04
2205.2,"Unlisted Shares, fund certifictes",2026-07-31,0,2026-08-04
2205.3,Bonds,2026-07-31,695744908406,2026-08-04
2205.4,Money market instruments,2026-07-31,190241167377,2026-08-04
2205.5,Deposits with term over three (03) months,2026-07-31,56900000000,2026-08-04
2205.6,Investment - Rights,2026-07-31,0,2026-08-04
2205.7,Index future contracts,2026-07-31,0,2026-08-04
2205.8,Other investments,2026-07-31,0,2026-08-04
2205.9,Reverse repo contracts,2026-07-31,0,2026-08-04
2206,"Dividend, Coupon receivables",2026-07-31,10834542489,2026-08-04
2206.1,Dividend receivables,2026-07-31,0,2026-08-04
2206.2,Coupon receivables,2026-07-31,10834542489,2026-08-04
2207,Interest receivables,2026-07-31,8881986439,2026-08-04
2207.1,Interest receivable from bank deposits,2026-07-31,1727575479,2026-08-04
2207.2,Interest receivable from Money market instruments,2026-07-31,7154410960,2026-08-04
2207.3,Interest receivable from reverse repo contracts,2026-07-31,0,2026-08-04
2208,Securities Trading Receivables,2026-07-31,0,2026-08-04
2210,Other Receivables,2026-07-31,0,2026-08-04
2210.1,Impairment of devaluation of pledged assets,2026-07-31,0,2026-08-04
2210.2,Provision for doubtful debt,2026-07-31,0,2026-08-04
2210.3,Other Receivables,2026-07-31,0,2026-08-04
2211,Other Assets,2026-07-31,0,2026-08-04
2212,TOTAL ASSETS,2026-07-31,998641602423,2026-08-04
2213,LIABILITIES,2026-07-31,,2026-08-04
2214,Securities Trading Payables,2026-07-31,0,2026-08-04
2215,Other Payables,2026-07-31,19437450615,2026-08-04
2215.1,Payables to investors,2026-07-31,17710690320,2026-08-04
2215.1.1,Subscription Pending allotment,2026-07-31,3891819362,2026-08-04
2215.1.2,Payables to investors for investment bought on behalf,2026-07-31,0,2026-08-04
2215.1.3,Payables to investors for collected dividend,2026-07-31,0,2026-08-04
2215.1.4,Redemption payable to investors,2026-07-31,13818870958,2026-08-04
2215.2,Tax payables and obligations to the State Budget,2026-07-31,133534525,2026-08-04
2215.3,Subscription and Redemption fee payable to distributors and Fund Management Company,2026-07-31,159456724,2026-08-04
2215.4,Income payable to investors,2026-07-31,0,2026-08-04
2215.5,Remuneration Payable to Fund's Board of Representatives,2026-07-31,9484932,2026-08-04
2215.6,Management fee payable,2026-07-31,947872412,2026-08-04
2215.7,Fund Administration fee payable,2026-07-31,26066493,2026-08-04
2215.8,Supervisory service fee payable,2026-07-31,34755320,2026-08-04
2215.9,Transaction fee,2026-07-31,192537125,2026-08-04
2215.9.1,Brokerage fee payable,2026-07-31,192537125,2026-08-04
2215.9.2,Clearing Settlement fee payable,2026-07-31,0,2026-08-04
2215.10,Accrued expense for Custodian fee,2026-07-31,33045749,2026-08-04
2215.10.1,Custodian service - Safe Custody Fee,2026-07-31,31595749,2026-08-04
2215.10.2,Custodian service - Transaction fee,2026-07-31,700000,2026-08-04
2215.10.3,"Custodian service -  Depository fee, Position and Margin management fee paid to VSDC",2026-07-31,750000,2026-08-04
2215.11,Audit fee payable,2026-07-31,99450387,2026-08-04
2215.12,General meeting expense payable,2026-07-31,56736877,2026-08-04
2215.13,Annual report fee payable,2026-07-31,0,2026-08-04
2215.14,Transfer Agency fee payable,2026-07-31,13200000,2026-08-04
2215.15,Service fee payable to HOSE for calculating iNAV,2026-07-31,0,2026-08-04
2215.16,Authorising index service fee payable to HOSE,2026-07-31,0,2026-08-04
2215.17,Other payables,2026-07-31,20619751,2026-08-04
2215.17.1,Price feed fee payable,2026-07-31,16263587,2026-08-04
2215.17.2,"Accrued expense for Fund's Board of Representatives travelling, meeting",2026-07-31,0,2026-08-04
2215.17.3,Accrued expense for Annual Management Fee pay to SSC,2026-07-31,4356164,2026-08-04
2215.17.4,Other payables,2026-07-31,0,2026-08-04
2215.18,Short-term loans - Repo contracts,2026-07-31,0,2026-08-04
2215.18.1,Principal of repo contracts,2026-07-31,0,2026-08-04
2215.18.2,Accrued Interest Expense,2026-07-31,0,2026-08-04
2215.18.3,Principal of Short-term loans,2026-07-31,0,2026-08-04
2216,TOTAL LIABILITIES,2026-07-31,19437450615,2026-08-04
2217,Net Asset Value ( = I.10 - II.4),2026-07-31,979204151808,2026-08-04
2218,Total Outstanding Fund Certificates,2026-07-31,32454682.02,2026-08-04
2219,Net Asset Value per Fund Certificate,2026-07-31,30171.42,2026-08-04
2220,Receivables from rental of investment property (not applicable),2026-07-31,0,2026-08-04
2221,Real Estate Proceeds Receivables (not applicale),2026-07-31,0,2026-08-04
2222,Real Estate Trading Payables (not applicable),2026-07-31,0,2026-08-04
