code,line_item,period_end,measure,value,asOf
,Change of Net Asset Value of the Fund during the period,2021-05-31,month,-61685743769,2021-07-02
,Other Expenses,2021-05-31,month,0,2021-07-02
,Other Expenses,2021-05-31,month,15000000,2021-07-02
,Other incomes,2021-05-31,month,0,2021-07-02
2220,Income from Investment Activities,2021-05-31,month,6004429705,2021-07-02
2221,"Dividend income, interest income from bonds",2021-05-31,month,3200575344,2021-07-02
2221.1,Dividends income,2021-05-31,month,0,2021-07-02
2221.2,Interest income from bonds,2021-05-31,month,3200575344,2021-07-02
2222,Interest income,2021-05-31,month,2803854361,2021-07-02
2222.1,Interest income from bank deposits,2021-05-31,month,77765321,2021-07-02
2222.2,Interest income from Certificates of Deposit,2021-05-31,month,2726089040,2021-07-02
2222.3,Interest income from reverse repo contracts,2021-05-31,month,0,2021-07-02
2223.1,Other investment incomes,2021-05-31,month,0,2021-07-02
2223.3,"Provision expense for bad debts from dividends, interest income and written off bad debts from dividends, interest income",2021-05-31,month,0,2021-07-02
2224,Expenses,2021-05-31,month,1013606238,2021-07-02
2225,Management Fee paid to Fund Management Company,2021-05-31,month,872719594,2021-07-02
2226,"Custody fee, Supervising fee paid to Supervising Bank/VSD",2021-05-31,month,62415170,2021-07-02
2226.1,Custodian service - Safe Custody Fee,2021-05-31,month,29090653,2021-07-02
2226.2,Custodian service - Transaction fee,2021-05-31,month,900000,2021-07-02
2226.3,"Custodian service -  Depository fee, Position and Margin management fee paid to VSD",2021-05-31,month,424800,2021-07-02
2226.4,Supervisory fee,2021-05-31,month,31999717,2021-07-02
2227,"Fund Administration Fee, and other fees paid to relevant Fund's service providers",2021-05-31,month,34999790,2021-07-02
2227.1,Fund Administration Fee,2021-05-31,month,23999790,2021-07-02
2227.2,Transfer Agency Fee,2021-05-31,month,11000000,2021-07-02
2228,Audit fee,2021-05-31,month,9622740,2021-07-02
2229,"Legal consultancy expenses, price feed fee, other valid expenses, remuneration paid to Fund's Board of Representatives",2021-05-31,month,9764384,2021-07-02
2229.1,Remuneration of Fund's Board of Representatives,2021-05-31,month,9764384,2021-07-02
2229.2,Price feed fee,2021-05-31,month,0,2021-07-02
2229.3,Legal consultancy expenses,2021-05-31,month,0,2021-07-02
2230,"Fee for drafting, printing, distribution of prospectus, summarised prospectus, financial statements, transaction confirmations, account statements and other documents to investors; information disclosure fee; fee for organising annual general meeting, board of representatives meeting",2021-05-31,month,0,2021-07-02
2230.1,Meeting expenses,2021-05-31,month,0,2021-07-02
2230.2,Annual report expenses,2021-05-31,month,0,2021-07-02
2230.3,"Fund's Board of Representatives meeting, travelling expenses",2021-05-31,month,0,2021-07-02
2230.4,Expenses of information disclosure of the Fund,2021-05-31,month,0,2021-07-02
2230.5,"Designing, printing, posting... expenses",2021-05-31,month,0,2021-07-02
2231,Expenses related to execution of Fund’s asset transactions,2021-05-31,month,22936710,2021-07-02
2231.1,Brokerage fee,2021-05-31,month,7936710,2021-07-02
2231.2,Clearing settlement fee,2021-05-31,month,0,2021-07-02
2232,Other expenses,2021-05-31,month,1147850,2021-07-02
2232.1,Set up Expenses,2021-05-31,month,0,2021-07-02
2232.2,"Listing, registration fees",2021-05-31,month,0,2021-07-02
2232.3,Annual management fee paid to SSC,2021-05-31,month,0,2021-07-02
2232.4,Bank charges,2021-05-31,month,1147850,2021-07-02
2232.5,Borrowing expense,2021-05-31,month,0,2021-07-02
2232.7,Fee paid to VSD for getting the list of investors,2021-05-31,month,0,2021-07-02
2233,Net Income from Investment Activities (= I - II),2021-05-31,month,4990823467,2021-07-02
2234,Gain / (Loss) from Investment Activities,2021-05-31,month,807745873,2021-07-02
2235,Realised Gain / (Loss) from disposal of investment or real estate transfer,2021-05-31,month,646406148,2021-07-02
2236,Unrealised Gain / (Loss) due to market price,2021-05-31,month,161339725,2021-07-02
2237,Change of Net Asset Value of the Fund due to investment activities during the period (= III + IV),2021-05-31,month,5798569340,2021-07-02
2238,Net Asset Value at the beginning of period,2021-05-31,month,888766571499,2021-07-02
2239.1,Change of Net Asset Value due to investment activities during the period,2021-05-31,month,5798569340,2021-07-02
2239.2,Change of Net Asset Value due to  dividends payment to investors during the period,2021-05-31,month,0,2021-07-02
2239.3,Change of Net Asset Value due to subscription/redemption during the period,2021-05-31,month,-67484313109,2021-07-02
2239.3.1,Change of Net Asset Value due to subscription during the period,2021-05-31,month,25141827566,2021-07-02
2239.3.2,Change of Net Asset Value due to redemption during the period,2021-05-31,month,-92626140675,2021-07-02
2243,Net Asset Value at the end of period,2021-05-31,month,827080827730,2021-07-02
2244,Average annual profit (only applicable to annual report),2021-05-31,month,0,2021-07-02
2245,Average annual rate of return (only applicable to annual report),2021-05-31,month,0,2021-07-02
,Change of Net Asset Value of the Fund during the period,2021-06-30,month,-11436498167,2021-08-03
,Change of Net Asset Value of the Fund during the period,2021-06-30,ytd,-90046655738,2021-07-02
,Other Expenses,2021-06-30,month,0,2021-08-03
,Other Expenses,2021-06-30,ytd,0,2021-07-02
,Other Expenses,2021-06-30,ytd,25000000,2021-07-02
,Other incomes,2021-06-30,month,0,2021-08-03
,Other incomes,2021-06-30,ytd,0,2021-07-02
2220,Income from Investment Activities,2021-06-30,month,5604767296,2021-08-03
2220,Income from Investment Activities,2021-06-30,ytd,35231139496,2021-07-02
2221,"Dividend income, interest income from bonds",2021-06-30,month,2718082192,2021-08-03
2221,"Dividend income, interest income from bonds",2021-06-30,ytd,17659821154,2021-07-02
2221.1,Dividends income,2021-06-30,month,0,2021-08-03
2221.1,Dividends income,2021-06-30,ytd,0,2021-07-02
2221.2,Interest income from bonds,2021-06-30,month,2718082192,2021-08-03
2221.2,Interest income from bonds,2021-06-30,ytd,17659821154,2021-07-02
2222,Interest income,2021-06-30,month,2886685104,2021-08-03
2222,Interest income,2021-06-30,ytd,17571318342,2021-07-02
2222.1,Interest income from bank deposits,2021-06-30,month,248534419,2021-08-03
2222.1,Interest income from bank deposits,2021-06-30,ytd,2196886836,2021-07-02
2222.2,Interest income from Certificates of Deposit,2021-06-30,month,2638150685,2021-08-03
2222.2,Interest income from Certificates of Deposit,2021-06-30,ytd,15374431506,2021-07-02
2222.3,Interest income from reverse repo contracts,2021-06-30,month,0,2021-08-03
2222.3,Interest income from reverse repo contracts,2021-06-30,ytd,0,2021-07-02
2223.1,Other investment incomes,2021-06-30,month,0,2021-08-03
2223.1,Other investment incomes,2021-06-30,ytd,0,2021-07-02
2223.3,"Provision expense for bad debts from dividends, interest income and written off bad debts from dividends, interest income",2021-06-30,month,0,2021-08-03
2223.3,"Provision expense for bad debts from dividends, interest income and written off bad debts from dividends, interest income",2021-06-30,ytd,0,2021-07-02
2224,Expenses,2021-06-30,month,949864995,2021-08-03
2224,Expenses,2021-06-30,ytd,5753631948,2021-07-02
2225,Management Fee paid to Fund Management Company,2021-06-30,month,812144227,2021-08-03
2225,Management Fee paid to Fund Management Company,2021-06-30,ytd,4852065452,2021-07-02
2226,"Custody fee, Supervising fee paid to Supervising Bank/VSD",2021-06-30,month,57715096,2021-08-03
2226,"Custody fee, Supervising fee paid to Supervising Bank/VSD",2021-06-30,ytd,388399140,2021-07-02
2226.1,Custodian service - Safe Custody Fee,2021-06-30,month,27071474,2021-08-03
2226.1,Custodian service - Safe Custody Fee,2021-06-30,ytd,181876162,2021-07-02
2226.2,Custodian service - Transaction fee,2021-06-30,month,400000,2021-08-03
2226.2,Custodian service - Transaction fee,2021-06-30,ytd,3200000,2021-07-02
2226.3,"Custodian service -  Depository fee, Position and Margin management fee paid to VSD",2021-06-30,month,465000,2021-08-03
2226.3,"Custodian service -  Depository fee, Position and Margin management fee paid to VSD",2021-06-30,ytd,3259200,2021-07-02
2226.4,Supervisory fee,2021-06-30,month,29778622,2021-08-03
2226.4,Supervisory fee,2021-06-30,ytd,200063778,2021-07-02
2227,"Fund Administration Fee, and other fees paid to relevant Fund's service providers",2021-06-30,month,33333967,2021-08-03
2227,"Fund Administration Fee, and other fees paid to relevant Fund's service providers",2021-06-30,ytd,216047833,2021-07-02
2227.1,Fund Administration Fee,2021-06-30,month,22333967,2021-08-03
2227.1,Fund Administration Fee,2021-06-30,ytd,150047833,2021-07-02
2227.2,Transfer Agency Fee,2021-06-30,month,11000000,2021-08-03
2227.2,Transfer Agency Fee,2021-06-30,ytd,66000000,2021-07-02
2228,Audit fee,2021-06-30,month,9312329,2021-08-03
2228,Audit fee,2021-06-30,ytd,56184384,2021-07-02
2229,"Legal consultancy expenses, price feed fee, other valid expenses, remuneration paid to Fund's Board of Representatives",2021-06-30,month,35139726,2021-08-03
2229,"Legal consultancy expenses, price feed fee, other valid expenses, remuneration paid to Fund's Board of Representatives",2021-06-30,ytd,101163014,2021-07-02
2229.1,Remuneration of Fund's Board of Representatives,2021-06-30,month,9739726,2021-08-03
2229.1,Remuneration of Fund's Board of Representatives,2021-06-30,ytd,58463014,2021-07-02
2229.2,Price feed fee,2021-06-30,month,25400000,2021-08-03
2229.2,Price feed fee,2021-06-30,ytd,42700000,2021-07-02
2229.3,Legal consultancy expenses,2021-06-30,month,0,2021-08-03
2229.3,Legal consultancy expenses,2021-06-30,ytd,0,2021-07-02
2230,"Fee for drafting, printing, distribution of prospectus, summarised prospectus, financial statements, transaction confirmations, account statements and other documents to investors; information disclosure fee; fee for organising annual general meeting, board of representatives meeting",2021-06-30,month,0,2021-08-03
2230,"Fee for drafting, printing, distribution of prospectus, summarised prospectus, financial statements, transaction confirmations, account statements and other documents to investors; information disclosure fee; fee for organising annual general meeting, board of representatives meeting",2021-06-30,ytd,4895660,2021-07-02
2230.1,Meeting expenses,2021-06-30,month,0,2021-08-03
2230.1,Meeting expenses,2021-06-30,ytd,4895660,2021-07-02
2230.2,Annual report expenses,2021-06-30,month,0,2021-08-03
2230.2,Annual report expenses,2021-06-30,ytd,0,2021-07-02
2230.3,"Fund's Board of Representatives meeting, travelling expenses",2021-06-30,month,0,2021-08-03
2230.3,"Fund's Board of Representatives meeting, travelling expenses",2021-06-30,ytd,0,2021-07-02
2230.4,Expenses of information disclosure of the Fund,2021-06-30,month,0,2021-08-03
2230.4,Expenses of information disclosure of the Fund,2021-06-30,ytd,0,2021-07-02
2230.5,"Designing, printing, posting... expenses",2021-06-30,month,0,2021-08-03
2230.5,"Designing, printing, posting... expenses",2021-06-30,ytd,0,2021-07-02
2231,Expenses related to execution of Fund’s asset transactions,2021-06-30,month,150000,2021-08-03
2231,Expenses related to execution of Fund’s asset transactions,2021-06-30,ytd,120688115,2021-07-02
2231.1,Brokerage fee,2021-06-30,month,0,2021-08-03
2231.1,Brokerage fee,2021-06-30,ytd,94788115,2021-07-02
2231.2,Clearing settlement fee,2021-06-30,month,150000,2021-08-03
2231.2,Clearing settlement fee,2021-06-30,ytd,900000,2021-07-02
2232,Other expenses,2021-06-30,month,2069650,2021-08-03
2232,Other expenses,2021-06-30,ytd,14188350,2021-07-02
2232.1,Set up Expenses,2021-06-30,month,0,2021-08-03
2232.1,Set up Expenses,2021-06-30,ytd,0,2021-07-02
2232.2,"Listing, registration fees",2021-06-30,month,0,2021-08-03
2232.2,"Listing, registration fees",2021-06-30,ytd,0,2021-07-02
2232.3,Annual management fee paid to SSC,2021-06-30,month,0,2021-08-03
2232.3,Annual management fee paid to SSC,2021-06-30,ytd,0,2021-07-02
2232.4,Bank charges,2021-06-30,month,2069650,2021-08-03
2232.4,Bank charges,2021-06-30,ytd,13088350,2021-07-02
2232.5,Borrowing expense,2021-06-30,month,0,2021-08-03
2232.5,Borrowing expense,2021-06-30,ytd,0,2021-07-02
2232.7,Fee paid to VSD for getting the list of investors,2021-06-30,month,0,2021-08-03
2232.7,Fee paid to VSD for getting the list of investors,2021-06-30,ytd,1100000,2021-07-02
2233,Net Income from Investment Activities (= I - II),2021-06-30,month,4654902301,2021-08-03
2233,Net Income from Investment Activities (= I - II),2021-06-30,ytd,29477507548,2021-07-02
2234,Gain / (Loss) from Investment Activities,2021-06-30,month,-128000000,2021-08-03
2234,Gain / (Loss) from Investment Activities,2021-06-30,ytd,2270542184,2021-07-02
2235,Realised Gain / (Loss) from disposal of investment or real estate transfer,2021-06-30,month,0,2021-08-03
2235,Realised Gain / (Loss) from disposal of investment or real estate transfer,2021-06-30,ytd,3284528478,2021-07-02
2236,Unrealised Gain / (Loss) due to market price,2021-06-30,month,-128000000,2021-08-03
2236,Unrealised Gain / (Loss) due to market price,2021-06-30,ytd,-1013986294,2021-07-02
2237,Change of Net Asset Value of the Fund due to investment activities during the period (= III + IV),2021-06-30,month,4526902301,2021-08-03
2237,Change of Net Asset Value of the Fund due to investment activities during the period (= III + IV),2021-06-30,ytd,31748049732,2021-07-02
2238,Net Asset Value at the beginning of period,2021-06-30,month,827080827730,2021-08-03
2238,Net Asset Value at the beginning of period,2021-06-30,ytd,905690985301,2021-07-02
2239.1,Change of Net Asset Value due to investment activities during the period,2021-06-30,month,4526902301,2021-08-03
2239.1,Change of Net Asset Value due to investment activities during the period,2021-06-30,ytd,31748049732,2021-07-02
2239.2,Change of Net Asset Value due to  dividends payment to investors during the period,2021-06-30,month,0,2021-08-03
2239.2,Change of Net Asset Value due to  dividends payment to investors during the period,2021-06-30,ytd,0,2021-07-02
2239.3,Change of Net Asset Value due to subscription/redemption during the period,2021-06-30,month,-15963400468,2021-08-03
2239.3,Change of Net Asset Value due to subscription/redemption during the period,2021-06-30,ytd,-121794705470,2021-07-02
2239.3.1,Change of Net Asset Value due to subscription during the period,2021-06-30,month,38632433532,2021-08-03
2239.3.1,Change of Net Asset Value due to subscription during the period,2021-06-30,ytd,231951419332,2021-07-02
2239.3.2,Change of Net Asset Value due to redemption during the period,2021-06-30,month,-54595834000,2021-08-03
2239.3.2,Change of Net Asset Value due to redemption during the period,2021-06-30,ytd,-353746124802,2021-07-02
2243,Net Asset Value at the end of period,2021-06-30,month,815644329563,2021-08-03
2243,Net Asset Value at the end of period,2021-06-30,ytd,815644329563,2021-07-02
2244,Average annual profit (only applicable to annual report),2021-06-30,month,0,2021-08-03
2244,Average annual profit (only applicable to annual report),2021-06-30,ytd,0,2021-07-02
2245,Average annual rate of return (only applicable to annual report),2021-06-30,month,0,2021-08-03
2245,Average annual rate of return (only applicable to annual report),2021-06-30,ytd,0,2021-07-02
,Change of Net Asset Value of the Fund during the period,2021-07-31,month,38503989130,2021-09-06
,Change of Net Asset Value of the Fund during the period,2021-07-31,ytd,-51542666608,2021-08-03
,Other Expenses,2021-07-31,month,0,2021-09-06
,Other Expenses,2021-07-31,month,5000000,2021-09-06
,Other Expenses,2021-07-31,ytd,0,2021-08-03
,Other Expenses,2021-07-31,ytd,30000000,2021-08-03
,Other incomes,2021-07-31,month,0,2021-09-06
,Other incomes,2021-07-31,ytd,0,2021-08-03
2220,Income from Investment Activities,2021-07-31,month,5728346538,2021-09-06
2220,Income from Investment Activities,2021-07-31,ytd,40959486034,2021-08-03
2221,"Dividend income, interest income from bonds",2021-07-31,month,2808514807,2021-09-06
2221,"Dividend income, interest income from bonds",2021-07-31,ytd,20468335961,2021-08-03
2221.1,Dividends income,2021-07-31,month,0,2021-09-06
2221.1,Dividends income,2021-07-31,ytd,0,2021-08-03
2221.2,Interest income from bonds,2021-07-31,month,2808514807,2021-09-06
2221.2,Interest income from bonds,2021-07-31,ytd,20468335961,2021-08-03
2222,Interest income,2021-07-31,month,2919831731,2021-09-06
2222,Interest income,2021-07-31,ytd,20491150073,2021-08-03
2222.1,Interest income from bank deposits,2021-07-31,month,280205704,2021-09-06
2222.1,Interest income from bank deposits,2021-07-31,ytd,2477092540,2021-08-03
2222.2,Interest income from Certificates of Deposit,2021-07-31,month,2639626027,2021-09-06
2222.2,Interest income from Certificates of Deposit,2021-07-31,ytd,18014057533,2021-08-03
2222.3,Interest income from reverse repo contracts,2021-07-31,month,0,2021-09-06
2222.3,Interest income from reverse repo contracts,2021-07-31,ytd,0,2021-08-03
2223.1,Other investment incomes,2021-07-31,month,0,2021-09-06
2223.1,Other investment incomes,2021-07-31,ytd,0,2021-08-03
2223.3,"Provision expense for bad debts from dividends, interest income and written off bad debts from dividends, interest income",2021-07-31,month,0,2021-09-06
2223.3,"Provision expense for bad debts from dividends, interest income and written off bad debts from dividends, interest income",2021-07-31,ytd,0,2021-08-03
2224,Expenses,2021-07-31,month,977658881,2021-09-06
2224,Expenses,2021-07-31,ytd,6731290829,2021-08-03
2225,Management Fee paid to Fund Management Company,2021-07-31,month,854837735,2021-09-06
2225,Management Fee paid to Fund Management Company,2021-07-31,ytd,5706903187,2021-08-03
2226,"Custody fee, Supervising fee paid to Supervising Bank/VSD",2021-07-31,month,60545640,2021-09-06
2226,"Custody fee, Supervising fee paid to Supervising Bank/VSD",2021-07-31,ytd,448944780,2021-08-03
2226.1,Custodian service - Safe Custody Fee,2021-07-31,month,28494590,2021-09-06
2226.1,Custodian service - Safe Custody Fee,2021-07-31,ytd,210370752,2021-08-03
2226.2,Custodian service - Transaction fee,2021-07-31,month,200000,2021-09-06
2226.2,Custodian service - Transaction fee,2021-07-31,ytd,3400000,2021-08-03
2226.3,"Custodian service -  Depository fee, Position and Margin management fee paid to VSD",2021-07-31,month,507000,2021-09-06
2226.3,"Custodian service -  Depository fee, Position and Margin management fee paid to VSD",2021-07-31,ytd,3766200,2021-08-03
2226.4,Supervisory fee,2021-07-31,month,31344050,2021-09-06
2226.4,Supervisory fee,2021-07-31,ytd,231407828,2021-08-03
2227,"Fund Administration Fee, and other fees paid to relevant Fund's service providers",2021-07-31,month,34508038,2021-09-06
2227,"Fund Administration Fee, and other fees paid to relevant Fund's service providers",2021-07-31,ytd,250555871,2021-08-03
2227.1,Fund Administration Fee,2021-07-31,month,23508038,2021-09-06
2227.1,Fund Administration Fee,2021-07-31,ytd,173555871,2021-08-03
2227.2,Transfer Agency Fee,2021-07-31,month,11000000,2021-09-06
2227.2,Transfer Agency Fee,2021-07-31,ytd,77000000,2021-08-03
2228,Audit fee,2021-07-31,month,10885035,2021-09-06
2228,Audit fee,2021-07-31,ytd,67069419,2021-08-03
2229,"Legal consultancy expenses, price feed fee, other valid expenses, remuneration paid to Fund's Board of Representatives",2021-07-31,month,9764383,2021-09-06
2229,"Legal consultancy expenses, price feed fee, other valid expenses, remuneration paid to Fund's Board of Representatives",2021-07-31,ytd,110927397,2021-08-03
2229.1,Remuneration of Fund's Board of Representatives,2021-07-31,month,9764383,2021-09-06
2229.1,Remuneration of Fund's Board of Representatives,2021-07-31,ytd,68227397,2021-08-03
2229.2,Price feed fee,2021-07-31,month,0,2021-09-06
2229.2,Price feed fee,2021-07-31,ytd,42700000,2021-08-03
2229.3,Legal consultancy expenses,2021-07-31,month,0,2021-09-06
2229.3,Legal consultancy expenses,2021-07-31,ytd,0,2021-08-03
2230,"Fee for drafting, printing, distribution of prospectus, summarised prospectus, financial statements, transaction confirmations, account statements and other documents to investors; information disclosure fee; fee for organising annual general meeting, board of representatives meeting",2021-07-31,month,0,2021-09-06
2230,"Fee for drafting, printing, distribution of prospectus, summarised prospectus, financial statements, transaction confirmations, account statements and other documents to investors; information disclosure fee; fee for organising annual general meeting, board of representatives meeting",2021-07-31,ytd,4895660,2021-08-03
2230.1,Meeting expenses,2021-07-31,month,0,2021-09-06
2230.1,Meeting expenses,2021-07-31,ytd,4895660,2021-08-03
2230.2,Annual report expenses,2021-07-31,month,0,2021-09-06
2230.2,Annual report expenses,2021-07-31,ytd,0,2021-08-03
2230.3,"Fund's Board of Representatives meeting, travelling expenses",2021-07-31,month,0,2021-09-06
2230.3,"Fund's Board of Representatives meeting, travelling expenses",2021-07-31,ytd,0,2021-08-03
2230.4,Expenses of information disclosure of the Fund,2021-07-31,month,0,2021-09-06
2230.4,Expenses of information disclosure of the Fund,2021-07-31,ytd,0,2021-08-03
2230.5,"Designing, printing, posting... expenses",2021-07-31,month,0,2021-09-06
2230.5,"Designing, printing, posting... expenses",2021-07-31,ytd,0,2021-08-03
2231,Expenses related to execution of Fund’s asset transactions,2021-07-31,month,5000000,2021-09-06
2231,Expenses related to execution of Fund’s asset transactions,2021-07-31,ytd,125688115,2021-08-03
2231.1,Brokerage fee,2021-07-31,month,0,2021-09-06
2231.1,Brokerage fee,2021-07-31,ytd,94788115,2021-08-03
2231.2,Clearing settlement fee,2021-07-31,month,0,2021-09-06
2231.2,Clearing settlement fee,2021-07-31,ytd,900000,2021-08-03
2232,Other expenses,2021-07-31,month,2118050,2021-09-06
2232,Other expenses,2021-07-31,ytd,16306400,2021-08-03
2232.1,Set up Expenses,2021-07-31,month,0,2021-09-06
2232.1,Set up Expenses,2021-07-31,ytd,0,2021-08-03
2232.2,"Listing, registration fees",2021-07-31,month,0,2021-09-06
2232.2,"Listing, registration fees",2021-07-31,ytd,0,2021-08-03
2232.3,Annual management fee paid to SSC,2021-07-31,month,0,2021-09-06
2232.3,Annual management fee paid to SSC,2021-07-31,ytd,0,2021-08-03
2232.4,Bank charges,2021-07-31,month,2118050,2021-09-06
2232.4,Bank charges,2021-07-31,ytd,15206400,2021-08-03
2232.5,Borrowing expense,2021-07-31,month,0,2021-09-06
2232.5,Borrowing expense,2021-07-31,ytd,0,2021-08-03
2232.7,Fee paid to VSD for getting the list of investors,2021-07-31,month,0,2021-09-06
2232.7,Fee paid to VSD for getting the list of investors,2021-07-31,ytd,1100000,2021-08-03
2233,Net Income from Investment Activities (= I - II),2021-07-31,month,4750687657,2021-09-06
2233,Net Income from Investment Activities (= I - II),2021-07-31,ytd,34228195205,2021-08-03
2234,Gain / (Loss) from Investment Activities,2021-07-31,month,8860247,2021-09-06
2234,Gain / (Loss) from Investment Activities,2021-07-31,ytd,2279402431,2021-08-03
2235,Realised Gain / (Loss) from disposal of investment or real estate transfer,2021-07-31,month,-139753,2021-09-06
2235,Realised Gain / (Loss) from disposal of investment or real estate transfer,2021-07-31,ytd,3284388725,2021-08-03
2236,Unrealised Gain / (Loss) due to market price,2021-07-31,month,9000000,2021-09-06
2236,Unrealised Gain / (Loss) due to market price,2021-07-31,ytd,-1004986294,2021-08-03
2237,Change of Net Asset Value of the Fund due to investment activities during the period (= III + IV),2021-07-31,month,4759547904,2021-09-06
2237,Change of Net Asset Value of the Fund due to investment activities during the period (= III + IV),2021-07-31,ytd,36507597636,2021-08-03
2238,Net Asset Value at the beginning of period,2021-07-31,month,815644329563,2021-09-06
2238,Net Asset Value at the beginning of period,2021-07-31,ytd,905690985301,2021-08-03
2239.1,Change of Net Asset Value due to investment activities during the period,2021-07-31,month,4759547904,2021-09-06
2239.1,Change of Net Asset Value due to investment activities during the period,2021-07-31,ytd,36507597636,2021-08-03
2239.2,Change of Net Asset Value due to  dividends payment to investors during the period,2021-07-31,month,0,2021-09-06
2239.2,Change of Net Asset Value due to  dividends payment to investors during the period,2021-07-31,ytd,0,2021-08-03
2239.3,Change of Net Asset Value due to subscription/redemption during the period,2021-07-31,month,33744441226,2021-09-06
2239.3,Change of Net Asset Value due to subscription/redemption during the period,2021-07-31,ytd,-88050264244,2021-08-03
2239.3.1,Change of Net Asset Value due to subscription during the period,2021-07-31,month,69073937177,2021-09-06
2239.3.1,Change of Net Asset Value due to subscription during the period,2021-07-31,ytd,301025356509,2021-08-03
2239.3.2,Change of Net Asset Value due to redemption during the period,2021-07-31,month,-35329495951,2021-09-06
2239.3.2,Change of Net Asset Value due to redemption during the period,2021-07-31,ytd,-389075620753,2021-08-03
2243,Net Asset Value at the end of period,2021-07-31,month,854148318693,2021-09-06
2243,Net Asset Value at the end of period,2021-07-31,ytd,854148318693,2021-08-03
2244,Average annual profit (only applicable to annual report),2021-07-31,month,0,2021-09-06
2244,Average annual profit (only applicable to annual report),2021-07-31,ytd,0,2021-08-03
2245,Average annual rate of return (only applicable to annual report),2021-07-31,month,0,2021-09-06
2245,Average annual rate of return (only applicable to annual report),2021-07-31,ytd,0,2021-08-03
,Change of Net Asset Value of the Fund during the period,2021-08-31,month,26537339643,2021-10-04
,Change of Net Asset Value of the Fund during the period,2021-08-31,ytd,-25005326965,2021-09-06
,Other Expenses,2021-08-31,month,0,2021-10-04
,Other Expenses,2021-08-31,ytd,0,2021-09-06
,Other Expenses,2021-08-31,ytd,30000000,2021-09-06
,Other incomes,2021-08-31,month,0,2021-10-04
,Other incomes,2021-08-31,ytd,0,2021-09-06
2220,Income from Investment Activities,2021-08-31,month,5829915289,2021-10-04
2220,Income from Investment Activities,2021-08-31,ytd,46789401323,2021-09-06
2221,"Dividend income, interest income from bonds",2021-08-31,month,2960794747,2021-10-04
2221,"Dividend income, interest income from bonds",2021-08-31,ytd,23429130708,2021-09-06
2221.1,Dividends income,2021-08-31,month,0,2021-10-04
2221.1,Dividends income,2021-08-31,ytd,0,2021-09-06
2221.2,Interest income from bonds,2021-08-31,month,2960794747,2021-10-04
2221.2,Interest income from bonds,2021-08-31,ytd,23429130708,2021-09-06
2222,Interest income,2021-08-31,month,2869120542,2021-10-04
2222,Interest income,2021-08-31,ytd,23360270615,2021-09-06
2222.1,Interest income from bank deposits,2021-08-31,month,386699994,2021-10-04
2222.1,Interest income from bank deposits,2021-08-31,ytd,2863792534,2021-09-06
2222.2,Interest income from Certificates of Deposit,2021-08-31,month,2482420548,2021-10-04
2222.2,Interest income from Certificates of Deposit,2021-08-31,ytd,20496478081,2021-09-06
2222.3,Interest income from reverse repo contracts,2021-08-31,month,0,2021-10-04
2222.3,Interest income from reverse repo contracts,2021-08-31,ytd,0,2021-09-06
2223.1,Other investment incomes,2021-08-31,month,0,2021-10-04
2223.1,Other investment incomes,2021-08-31,ytd,0,2021-09-06
2223.3,"Provision expense for bad debts from dividends, interest income and written off bad debts from dividends, interest income",2021-08-31,month,0,2021-10-04
2223.3,"Provision expense for bad debts from dividends, interest income and written off bad debts from dividends, interest income",2021-08-31,ytd,0,2021-09-06
2224,Expenses,2021-08-31,month,1023080833,2021-10-04
2224,Expenses,2021-08-31,ytd,7754371662,2021-09-06
2225,Management Fee paid to Fund Management Company,2021-08-31,month,882445455,2021-10-04
2225,Management Fee paid to Fund Management Company,2021-08-31,ytd,6589348642,2021-09-06
2226,"Custody fee, Supervising fee paid to Supervising Bank/VSD",2021-08-31,month,62485183,2021-10-04
2226,"Custody fee, Supervising fee paid to Supervising Bank/VSD",2021-08-31,ytd,511429963,2021-09-06
2226.1,Custodian service - Safe Custody Fee,2021-08-31,month,29414849,2021-10-04
2226.1,Custodian service - Safe Custody Fee,2021-08-31,ytd,239785601,2021-09-06
2226.2,Custodian service - Transaction fee,2021-08-31,month,300000,2021-10-04
2226.2,Custodian service - Transaction fee,2021-08-31,ytd,3700000,2021-09-06
2226.3,"Custodian service -  Depository fee, Position and Margin management fee paid to VSD",2021-08-31,month,414000,2021-10-04
2226.3,"Custodian service -  Depository fee, Position and Margin management fee paid to VSD",2021-08-31,ytd,4180200,2021-09-06
2226.4,Supervisory fee,2021-08-31,month,32356334,2021-10-04
2226.4,Supervisory fee,2021-08-31,ytd,263764162,2021-09-06
2227,"Fund Administration Fee, and other fees paid to relevant Fund's service providers",2021-08-31,month,35267250,2021-10-04
2227,"Fund Administration Fee, and other fees paid to relevant Fund's service providers",2021-08-31,ytd,285823121,2021-09-06
2227.1,Fund Administration Fee,2021-08-31,month,24267250,2021-10-04
2227.1,Fund Administration Fee,2021-08-31,ytd,197823121,2021-09-06
2227.2,Transfer Agency Fee,2021-08-31,month,11000000,2021-10-04
2227.2,Transfer Agency Fee,2021-08-31,ytd,88000000,2021-09-06
2228,Audit fee,2021-08-31,month,10927111,2021-10-04
2228,Audit fee,2021-08-31,ytd,77996530,2021-09-06
2229,"Legal consultancy expenses, price feed fee, other valid expenses, remuneration paid to Fund's Board of Representatives",2021-08-31,month,9764384,2021-10-04
2229,"Legal consultancy expenses, price feed fee, other valid expenses, remuneration paid to Fund's Board of Representatives",2021-08-31,ytd,120691781,2021-09-06
2229.1,Remuneration of Fund's Board of Representatives,2021-08-31,month,9764384,2021-10-04
2229.1,Remuneration of Fund's Board of Representatives,2021-08-31,ytd,77991781,2021-09-06
2229.2,Price feed fee,2021-08-31,month,0,2021-10-04
2229.2,Price feed fee,2021-08-31,ytd,42700000,2021-09-06
2229.3,Legal consultancy expenses,2021-08-31,month,0,2021-10-04
2229.3,Legal consultancy expenses,2021-08-31,ytd,0,2021-09-06
2230,"Fee for drafting, printing, distribution of prospectus, summarised prospectus, financial statements, transaction confirmations, account statements and other documents to investors; information disclosure fee; fee for organising annual general meeting, board of representatives meeting",2021-08-31,month,0,2021-10-04
2230,"Fee for drafting, printing, distribution of prospectus, summarised prospectus, financial statements, transaction confirmations, account statements and other documents to investors; information disclosure fee; fee for organising annual general meeting, board of representatives meeting",2021-08-31,ytd,4895660,2021-09-06
2230.1,Meeting expenses,2021-08-31,month,0,2021-10-04
2230.1,Meeting expenses,2021-08-31,ytd,4895660,2021-09-06
2230.2,Annual report expenses,2021-08-31,month,0,2021-10-04
2230.2,Annual report expenses,2021-08-31,ytd,0,2021-09-06
2230.3,"Fund's Board of Representatives meeting, travelling expenses",2021-08-31,month,0,2021-10-04
2230.3,"Fund's Board of Representatives meeting, travelling expenses",2021-08-31,ytd,0,2021-09-06
2230.4,Expenses of information disclosure of the Fund,2021-08-31,month,0,2021-10-04
2230.4,Expenses of information disclosure of the Fund,2021-08-31,ytd,0,2021-09-06
2230.5,"Designing, printing, posting... expenses",2021-08-31,month,0,2021-10-04
2230.5,"Designing, printing, posting... expenses",2021-08-31,ytd,0,2021-09-06
2231,Expenses related to execution of Fund’s asset transactions,2021-08-31,month,20121800,2021-10-04
2231,Expenses related to execution of Fund’s asset transactions,2021-08-31,ytd,145809915,2021-09-06
2231.1,Brokerage fee,2021-08-31,month,20121800,2021-10-04
2231.1,Brokerage fee,2021-08-31,ytd,114909915,2021-09-06
2231.2,Clearing settlement fee,2021-08-31,month,0,2021-10-04
2231.2,Clearing settlement fee,2021-08-31,ytd,900000,2021-09-06
2232,Other expenses,2021-08-31,month,2069650,2021-10-04
2232,Other expenses,2021-08-31,ytd,18376050,2021-09-06
2232.1,Set up Expenses,2021-08-31,month,0,2021-10-04
2232.1,Set up Expenses,2021-08-31,ytd,0,2021-09-06
2232.2,"Listing, registration fees",2021-08-31,month,0,2021-10-04
2232.2,"Listing, registration fees",2021-08-31,ytd,0,2021-09-06
2232.3,Annual management fee paid to SSC,2021-08-31,month,0,2021-10-04
2232.3,Annual management fee paid to SSC,2021-08-31,ytd,0,2021-09-06
2232.4,Bank charges,2021-08-31,month,2069650,2021-10-04
2232.4,Bank charges,2021-08-31,ytd,17276050,2021-09-06
2232.5,Borrowing expense,2021-08-31,month,0,2021-10-04
2232.5,Borrowing expense,2021-08-31,ytd,0,2021-09-06
2232.7,Fee paid to VSD for getting the list of investors,2021-08-31,month,0,2021-10-04
2232.7,Fee paid to VSD for getting the list of investors,2021-08-31,ytd,1100000,2021-09-06
2233,Net Income from Investment Activities (= I - II),2021-08-31,month,4806834456,2021-10-04
2233,Net Income from Investment Activities (= I - II),2021-08-31,ytd,39035029661,2021-09-06
2234,Gain / (Loss) from Investment Activities,2021-08-31,month,-210527397,2021-10-04
2234,Gain / (Loss) from Investment Activities,2021-08-31,ytd,2068875034,2021-09-06
2235,Realised Gain / (Loss) from disposal of investment or real estate transfer,2021-08-31,month,-38390411,2021-10-04
2235,Realised Gain / (Loss) from disposal of investment or real estate transfer,2021-08-31,ytd,3245998314,2021-09-06
2236,Unrealised Gain / (Loss) due to market price,2021-08-31,month,-172136986,2021-10-04
2236,Unrealised Gain / (Loss) due to market price,2021-08-31,ytd,-1177123280,2021-09-06
2237,Change of Net Asset Value of the Fund due to investment activities during the period (= III + IV),2021-08-31,month,4596307059,2021-10-04
2237,Change of Net Asset Value of the Fund due to investment activities during the period (= III + IV),2021-08-31,ytd,41103904695,2021-09-06
2238,Net Asset Value at the beginning of period,2021-08-31,month,854148318693,2021-10-04
2238,Net Asset Value at the beginning of period,2021-08-31,ytd,905690985301,2021-09-06
2239.1,Change of Net Asset Value due to investment activities during the period,2021-08-31,month,4596307059,2021-10-04
2239.1,Change of Net Asset Value due to investment activities during the period,2021-08-31,ytd,41103904695,2021-09-06
2239.2,Change of Net Asset Value due to  dividends payment to investors during the period,2021-08-31,month,0,2021-10-04
2239.2,Change of Net Asset Value due to  dividends payment to investors during the period,2021-08-31,ytd,0,2021-09-06
2239.3,Change of Net Asset Value due to subscription/redemption during the period,2021-08-31,month,21941032584,2021-10-04
2239.3,Change of Net Asset Value due to subscription/redemption during the period,2021-08-31,ytd,-66109231660,2021-09-06
2239.3.1,Change of Net Asset Value due to subscription during the period,2021-08-31,month,59087381354,2021-10-04
2239.3.1,Change of Net Asset Value due to subscription during the period,2021-08-31,ytd,360112737863,2021-09-06
2239.3.2,Change of Net Asset Value due to redemption during the period,2021-08-31,month,-37146348770,2021-10-04
2239.3.2,Change of Net Asset Value due to redemption during the period,2021-08-31,ytd,-426221969523,2021-09-06
2243,Net Asset Value at the end of period,2021-08-31,month,880685658336,2021-10-04
2243,Net Asset Value at the end of period,2021-08-31,ytd,880685658336,2021-09-06
2244,Average annual profit (only applicable to annual report),2021-08-31,month,0,2021-10-04
2244,Average annual profit (only applicable to annual report),2021-08-31,ytd,0,2021-09-06
2245,Average annual rate of return (only applicable to annual report),2021-08-31,month,0,2021-10-04
2245,Average annual rate of return (only applicable to annual report),2021-08-31,ytd,0,2021-09-06
,Change of Net Asset Value of the Fund during the period,2021-09-30,month,73849876295,2021-11-02
,Change of Net Asset Value of the Fund during the period,2021-09-30,ytd,48844549330,2021-10-04
,Other Expenses,2021-09-30,month,0,2021-11-02
,Other Expenses,2021-09-30,month,5000000,2021-11-02
,Other Expenses,2021-09-30,ytd,0,2021-10-04
,Other Expenses,2021-09-30,ytd,35000000,2021-10-04
,Other incomes,2021-09-30,month,0,2021-11-02
,Other incomes,2021-09-30,ytd,0,2021-10-04
2220,Income from Investment Activities,2021-09-30,month,5792242533,2021-11-02
2220,Income from Investment Activities,2021-09-30,ytd,52581643856,2021-10-04
2221,"Dividend income, interest income from bonds",2021-09-30,month,2886712329,2021-11-02
2221,"Dividend income, interest income from bonds",2021-09-30,ytd,26315843037,2021-10-04
2221.1,Dividends income,2021-09-30,month,0,2021-11-02
2221.1,Dividends income,2021-09-30,ytd,0,2021-10-04
2221.2,Interest income from bonds,2021-09-30,month,2886712329,2021-11-02
2221.2,Interest income from bonds,2021-09-30,ytd,26315843037,2021-10-04
2222,Interest income,2021-09-30,month,2905530204,2021-11-02
2222,Interest income,2021-09-30,ytd,26265800819,2021-10-04
2222.1,Interest income from bank deposits,2021-09-30,month,579622670,2021-11-02
2222.1,Interest income from bank deposits,2021-09-30,ytd,3443415204,2021-10-04
2222.2,Interest income from Certificates of Deposit,2021-09-30,month,2325907534,2021-11-02
2222.2,Interest income from Certificates of Deposit,2021-09-30,ytd,22822385615,2021-10-04
2222.3,Interest income from reverse repo contracts,2021-09-30,month,0,2021-11-02
2222.3,Interest income from reverse repo contracts,2021-09-30,ytd,0,2021-10-04
2223.1,Other investment incomes,2021-09-30,month,0,2021-11-02
2223.1,Other investment incomes,2021-09-30,ytd,0,2021-10-04
2223.3,"Provision expense for bad debts from dividends, interest income and written off bad debts from dividends, interest income",2021-09-30,month,0,2021-11-02
2223.3,"Provision expense for bad debts from dividends, interest income and written off bad debts from dividends, interest income",2021-09-30,ytd,0,2021-10-04
2224,Expenses,2021-09-30,month,1076524045,2021-11-02
2224,Expenses,2021-09-30,ytd,8830895707,2021-10-04
2225,Management Fee paid to Fund Management Company,2021-09-30,month,924901923,2021-11-02
2225,Management Fee paid to Fund Management Company,2021-09-30,ytd,7514250565,2021-10-04
2226,"Custody fee, Supervising fee paid to Supervising Bank/VSD",2021-09-30,month,65270934,2021-11-02
2226,"Custody fee, Supervising fee paid to Supervising Bank/VSD",2021-09-30,ytd,576700897,2021-10-04
2226.1,Custodian service - Safe Custody Fee,2021-09-30,month,30830064,2021-11-02
2226.1,Custodian service - Safe Custody Fee,2021-09-30,ytd,270615665,2021-10-04
2226.2,Custodian service - Transaction fee,2021-09-30,month,100000,2021-11-02
2226.2,Custodian service - Transaction fee,2021-09-30,ytd,3800000,2021-10-04
2226.3,"Custodian service -  Depository fee, Position and Margin management fee paid to VSD",2021-09-30,month,427800,2021-11-02
2226.3,"Custodian service -  Depository fee, Position and Margin management fee paid to VSD",2021-09-30,ytd,4608000,2021-10-04
2226.4,Supervisory fee,2021-09-30,month,33913070,2021-11-02
2226.4,Supervisory fee,2021-09-30,ytd,297677232,2021-10-04
2227,"Fund Administration Fee, and other fees paid to relevant Fund's service providers",2021-09-30,month,36434803,2021-11-02
2227,"Fund Administration Fee, and other fees paid to relevant Fund's service providers",2021-09-30,ytd,322257924,2021-10-04
2227.1,Fund Administration Fee,2021-09-30,month,25434803,2021-11-02
2227.1,Fund Administration Fee,2021-09-30,ytd,223257924,2021-10-04
2227.2,Transfer Agency Fee,2021-09-30,month,11000000,2021-11-02
2227.2,Transfer Agency Fee,2021-09-30,ytd,99000000,2021-10-04
2228,Audit fee,2021-09-30,month,10574624,2021-11-02
2228,Audit fee,2021-09-30,ytd,88571154,2021-10-04
2229,"Legal consultancy expenses, price feed fee, other valid expenses, remuneration paid to Fund's Board of Representatives",2021-09-30,month,29289726,2021-11-02
2229,"Legal consultancy expenses, price feed fee, other valid expenses, remuneration paid to Fund's Board of Representatives",2021-09-30,ytd,149981507,2021-10-04
2229.1,Remuneration of Fund's Board of Representatives,2021-09-30,month,9739726,2021-11-02
2229.1,Remuneration of Fund's Board of Representatives,2021-09-30,ytd,87731507,2021-10-04
2229.2,Price feed fee,2021-09-30,month,19550000,2021-11-02
2229.2,Price feed fee,2021-09-30,ytd,62250000,2021-10-04
2229.3,Legal consultancy expenses,2021-09-30,month,0,2021-11-02
2229.3,Legal consultancy expenses,2021-09-30,ytd,0,2021-10-04
2230,"Fee for drafting, printing, distribution of prospectus, summarised prospectus, financial statements, transaction confirmations, account statements and other documents to investors; information disclosure fee; fee for organising annual general meeting, board of representatives meeting",2021-09-30,month,0,2021-11-02
2230,"Fee for drafting, printing, distribution of prospectus, summarised prospectus, financial statements, transaction confirmations, account statements and other documents to investors; information disclosure fee; fee for organising annual general meeting, board of representatives meeting",2021-09-30,ytd,4895660,2021-10-04
2230.1,Meeting expenses,2021-09-30,month,0,2021-11-02
2230.1,Meeting expenses,2021-09-30,ytd,4895660,2021-10-04
2230.2,Annual report expenses,2021-09-30,month,0,2021-11-02
2230.2,Annual report expenses,2021-09-30,ytd,0,2021-10-04
2230.3,"Fund's Board of Representatives meeting, travelling expenses",2021-09-30,month,0,2021-11-02
2230.3,"Fund's Board of Representatives meeting, travelling expenses",2021-09-30,ytd,0,2021-10-04
2230.4,Expenses of information disclosure of the Fund,2021-09-30,month,0,2021-11-02
2230.4,Expenses of information disclosure of the Fund,2021-09-30,ytd,0,2021-10-04
2230.5,"Designing, printing, posting... expenses",2021-09-30,month,0,2021-11-02
2230.5,"Designing, printing, posting... expenses",2021-09-30,ytd,0,2021-10-04
2231,Expenses related to execution of Fund’s asset transactions,2021-09-30,month,6551285,2021-11-02
2231,Expenses related to execution of Fund’s asset transactions,2021-09-30,ytd,152361200,2021-10-04
2231.1,Brokerage fee,2021-09-30,month,1551285,2021-11-02
2231.1,Brokerage fee,2021-09-30,ytd,116461200,2021-10-04
2231.2,Clearing settlement fee,2021-09-30,month,0,2021-11-02
2231.2,Clearing settlement fee,2021-09-30,ytd,900000,2021-10-04
2232,Other expenses,2021-09-30,month,3500750,2021-11-02
2232,Other expenses,2021-09-30,ytd,21876800,2021-10-04
2232.1,Set up Expenses,2021-09-30,month,0,2021-11-02
2232.1,Set up Expenses,2021-09-30,ytd,0,2021-10-04
2232.2,"Listing, registration fees",2021-09-30,month,0,2021-11-02
2232.2,"Listing, registration fees",2021-09-30,ytd,0,2021-10-04
2232.3,Annual management fee paid to SSC,2021-09-30,month,0,2021-11-02
2232.3,Annual management fee paid to SSC,2021-09-30,ytd,0,2021-10-04
2232.4,Bank charges,2021-09-30,month,3500750,2021-11-02
2232.4,Bank charges,2021-09-30,ytd,20776800,2021-10-04
2232.5,Borrowing expense,2021-09-30,month,0,2021-11-02
2232.5,Borrowing expense,2021-09-30,ytd,0,2021-10-04
2232.7,Fee paid to VSD for getting the list of investors,2021-09-30,month,0,2021-11-02
2232.7,Fee paid to VSD for getting the list of investors,2021-09-30,ytd,1100000,2021-10-04
2233,Net Income from Investment Activities (= I - II),2021-09-30,month,4715718488,2021-11-02
2233,Net Income from Investment Activities (= I - II),2021-09-30,ytd,43750748149,2021-10-04
2234,Gain / (Loss) from Investment Activities,2021-09-30,month,118724658,2021-11-02
2234,Gain / (Loss) from Investment Activities,2021-09-30,ytd,2187599692,2021-10-04
2235,Realised Gain / (Loss) from disposal of investment or real estate transfer,2021-09-30,month,118756698,2021-11-02
2235,Realised Gain / (Loss) from disposal of investment or real estate transfer,2021-09-30,ytd,3364755012,2021-10-04
2236,Unrealised Gain / (Loss) due to market price,2021-09-30,month,-32040,2021-11-02
2236,Unrealised Gain / (Loss) due to market price,2021-09-30,ytd,-1177155320,2021-10-04
2237,Change of Net Asset Value of the Fund due to investment activities during the period (= III + IV),2021-09-30,month,4834443146,2021-11-02
2237,Change of Net Asset Value of the Fund due to investment activities during the period (= III + IV),2021-09-30,ytd,45938347841,2021-10-04
2238,Net Asset Value at the beginning of period,2021-09-30,month,880685658336,2021-11-02
2238,Net Asset Value at the beginning of period,2021-09-30,ytd,905690985301,2021-10-04
2239.1,Change of Net Asset Value due to investment activities during the period,2021-09-30,month,4834443146,2021-11-02
2239.1,Change of Net Asset Value due to investment activities during the period,2021-09-30,ytd,45938347841,2021-10-04
2239.2,Change of Net Asset Value due to  dividends payment to investors during the period,2021-09-30,month,0,2021-11-02
2239.2,Change of Net Asset Value due to  dividends payment to investors during the period,2021-09-30,ytd,0,2021-10-04
2239.3,Change of Net Asset Value due to subscription/redemption during the period,2021-09-30,month,69015433149,2021-11-02
2239.3,Change of Net Asset Value due to subscription/redemption during the period,2021-09-30,ytd,2906201489,2021-10-04
2239.3.1,Change of Net Asset Value due to subscription during the period,2021-09-30,month,110769688704,2021-11-02
2239.3.1,Change of Net Asset Value due to subscription during the period,2021-09-30,ytd,470882426567,2021-10-04
2239.3.2,Change of Net Asset Value due to redemption during the period,2021-09-30,month,-41754255555,2021-11-02
2239.3.2,Change of Net Asset Value due to redemption during the period,2021-09-30,ytd,-467976225078,2021-10-04
2243,Net Asset Value at the end of period,2021-09-30,month,954535534631,2021-11-02
2243,Net Asset Value at the end of period,2021-09-30,ytd,954535534631,2021-10-04
2244,Average annual profit (only applicable to annual report),2021-09-30,month,0,2021-11-02
2244,Average annual profit (only applicable to annual report),2021-09-30,ytd,0,2021-10-04
2245,Average annual rate of return (only applicable to annual report),2021-09-30,month,0,2021-11-02
2245,Average annual rate of return (only applicable to annual report),2021-09-30,ytd,0,2021-10-04
,Change of Net Asset Value of the Fund during the period,2021-10-31,month,-13232457145,2021-12-03
,Change of Net Asset Value of the Fund during the period,2021-10-31,ytd,35612092185,2021-11-02
,Other Expenses,2021-10-31,month,0,2021-12-03
,Other Expenses,2021-10-31,month,15000000,2021-12-03
,Other Expenses,2021-10-31,ytd,0,2021-11-02
,Other Expenses,2021-10-31,ytd,50000000,2021-11-02
,Other incomes,2021-10-31,month,0,2021-12-03
,Other incomes,2021-10-31,ytd,0,2021-11-02
2220,Income from Investment Activities,2021-10-31,month,5767824101,2021-12-03
2220,Income from Investment Activities,2021-10-31,ytd,58349467957,2021-11-02
2221,"Dividend income, interest income from bonds",2021-10-31,month,2857684931,2021-12-03
2221,"Dividend income, interest income from bonds",2021-10-31,ytd,29173527968,2021-11-02
2221.1,Dividends income,2021-10-31,month,0,2021-12-03
2221.1,Dividends income,2021-10-31,ytd,0,2021-11-02
2221.2,Interest income from bonds,2021-10-31,month,2857684931,2021-12-03
2221.2,Interest income from bonds,2021-10-31,ytd,29173527968,2021-11-02
2222,Interest income,2021-10-31,month,2910139170,2021-12-03
2222,Interest income,2021-10-31,ytd,29175939989,2021-11-02
2222.1,Interest income from bank deposits,2021-10-31,month,529804240,2021-12-03
2222.1,Interest income from bank deposits,2021-10-31,ytd,3973219444,2021-11-02
2222.2,Interest income from Certificates of Deposit,2021-10-31,month,2380334930,2021-12-03
2222.2,Interest income from Certificates of Deposit,2021-10-31,ytd,25202720545,2021-11-02
2222.3,Interest income from reverse repo contracts,2021-10-31,month,0,2021-12-03
2222.3,Interest income from reverse repo contracts,2021-10-31,ytd,0,2021-11-02
2223.1,Other investment incomes,2021-10-31,month,0,2021-12-03
2223.1,Other investment incomes,2021-10-31,ytd,0,2021-11-02
2223.3,"Provision expense for bad debts from dividends, interest income and written off bad debts from dividends, interest income",2021-10-31,month,0,2021-12-03
2223.3,"Provision expense for bad debts from dividends, interest income and written off bad debts from dividends, interest income",2021-10-31,ytd,0,2021-11-02
2224,Expenses,2021-10-31,month,1104341530,2021-12-03
2224,Expenses,2021-10-31,ytd,9935237237,2021-11-02
2225,Management Fee paid to Fund Management Company,2021-10-31,month,960567733,2021-12-03
2225,Management Fee paid to Fund Management Company,2021-10-31,ytd,8474818298,2021-11-02
2226,"Custody fee, Supervising fee paid to Supervising Bank/VSD",2021-10-31,month,68033541,2021-12-03
2226,"Custody fee, Supervising fee paid to Supervising Bank/VSD",2021-10-31,ytd,644734438,2021-11-02
2226.1,Custodian service - Safe Custody Fee,2021-10-31,month,32018924,2021-12-03
2226.1,Custodian service - Safe Custody Fee,2021-10-31,ytd,302634589,2021-11-02
2226.2,Custodian service - Transaction fee,2021-10-31,month,300000,2021-12-03
2226.2,Custodian service - Transaction fee,2021-10-31,ytd,4100000,2021-11-02
2226.3,"Custodian service -  Depository fee, Position and Margin management fee paid to VSD",2021-10-31,month,493800,2021-12-03
2226.3,"Custodian service -  Depository fee, Position and Margin management fee paid to VSD",2021-10-31,ytd,5101800,2021-11-02
2226.4,Supervisory fee,2021-10-31,month,35220817,2021-12-03
2226.4,Supervisory fee,2021-10-31,ytd,332898049,2021-11-02
2227,"Fund Administration Fee, and other fees paid to relevant Fund's service providers",2021-10-31,month,37415612,2021-12-03
2227,"Fund Administration Fee, and other fees paid to relevant Fund's service providers",2021-10-31,ytd,359673536,2021-11-02
2227.1,Fund Administration Fee,2021-10-31,month,26415612,2021-12-03
2227.1,Fund Administration Fee,2021-10-31,ytd,249673536,2021-11-02
2227.2,Transfer Agency Fee,2021-10-31,month,11000000,2021-12-03
2227.2,Transfer Agency Fee,2021-10-31,ytd,110000000,2021-11-02
2228,Audit fee,2021-10-31,month,10927111,2021-12-03
2228,Audit fee,2021-10-31,ytd,99498265,2021-11-02
2229,"Legal consultancy expenses, price feed fee, other valid expenses, remuneration paid to Fund's Board of Representatives",2021-10-31,month,9764383,2021-12-03
2229,"Legal consultancy expenses, price feed fee, other valid expenses, remuneration paid to Fund's Board of Representatives",2021-10-31,ytd,159745890,2021-11-02
2229.1,Remuneration of Fund's Board of Representatives,2021-10-31,month,9764383,2021-12-03
2229.1,Remuneration of Fund's Board of Representatives,2021-10-31,ytd,97495890,2021-11-02
2229.2,Price feed fee,2021-10-31,month,0,2021-12-03
2229.2,Price feed fee,2021-10-31,ytd,62250000,2021-11-02
2229.3,Legal consultancy expenses,2021-10-31,month,0,2021-12-03
2229.3,Legal consultancy expenses,2021-10-31,ytd,0,2021-11-02
2230,"Fee for drafting, printing, distribution of prospectus, summarised prospectus, financial statements, transaction confirmations, account statements and other documents to investors; information disclosure fee; fee for organising annual general meeting, board of representatives meeting",2021-10-31,month,0,2021-12-03
2230,"Fee for drafting, printing, distribution of prospectus, summarised prospectus, financial statements, transaction confirmations, account statements and other documents to investors; information disclosure fee; fee for organising annual general meeting, board of representatives meeting",2021-10-31,ytd,4895660,2021-11-02
2230.1,Meeting expenses,2021-10-31,month,0,2021-12-03
2230.1,Meeting expenses,2021-10-31,ytd,4895660,2021-11-02
2230.2,Annual report expenses,2021-10-31,month,0,2021-12-03
2230.2,Annual report expenses,2021-10-31,ytd,0,2021-11-02
2230.3,"Fund's Board of Representatives meeting, travelling expenses",2021-10-31,month,0,2021-12-03
2230.3,"Fund's Board of Representatives meeting, travelling expenses",2021-10-31,ytd,0,2021-11-02
2230.4,Expenses of information disclosure of the Fund,2021-10-31,month,0,2021-12-03
2230.4,Expenses of information disclosure of the Fund,2021-10-31,ytd,0,2021-11-02
2230.5,"Designing, printing, posting... expenses",2021-10-31,month,0,2021-12-03
2230.5,"Designing, printing, posting... expenses",2021-10-31,ytd,0,2021-11-02
2231,Expenses related to execution of Fund’s asset transactions,2021-10-31,month,15030000,2021-12-03
2231,Expenses related to execution of Fund’s asset transactions,2021-10-31,ytd,167391200,2021-11-02
2231.1,Brokerage fee,2021-10-31,month,0,2021-12-03
2231.1,Brokerage fee,2021-10-31,ytd,116461200,2021-11-02
2231.2,Clearing settlement fee,2021-10-31,month,30000,2021-12-03
2231.2,Clearing settlement fee,2021-10-31,ytd,930000,2021-11-02
2232,Other expenses,2021-10-31,month,2603150,2021-12-03
2232,Other expenses,2021-10-31,ytd,24479950,2021-11-02
2232.1,Set up Expenses,2021-10-31,month,0,2021-12-03
2232.1,Set up Expenses,2021-10-31,ytd,0,2021-11-02
2232.2,"Listing, registration fees",2021-10-31,month,0,2021-12-03
2232.2,"Listing, registration fees",2021-10-31,ytd,0,2021-11-02
2232.3,Annual management fee paid to SSC,2021-10-31,month,0,2021-12-03
2232.3,Annual management fee paid to SSC,2021-10-31,ytd,0,2021-11-02
2232.4,Bank charges,2021-10-31,month,2603150,2021-12-03
2232.4,Bank charges,2021-10-31,ytd,23379950,2021-11-02
2232.5,Borrowing expense,2021-10-31,month,0,2021-12-03
2232.5,Borrowing expense,2021-10-31,ytd,0,2021-11-02
2232.7,Fee paid to VSD for getting the list of investors,2021-10-31,month,0,2021-12-03
2232.7,Fee paid to VSD for getting the list of investors,2021-10-31,ytd,1100000,2021-11-02
2233,Net Income from Investment Activities (= I - II),2021-10-31,month,4663482571,2021-12-03
2233,Net Income from Investment Activities (= I - II),2021-10-31,ytd,48414230720,2021-11-02
2234,Gain / (Loss) from Investment Activities,2021-10-31,month,727141095,2021-12-03
2234,Gain / (Loss) from Investment Activities,2021-10-31,ytd,2914740787,2021-11-02
2235,Realised Gain / (Loss) from disposal of investment or real estate transfer,2021-10-31,month,727141708,2021-12-03
2235,Realised Gain / (Loss) from disposal of investment or real estate transfer,2021-10-31,ytd,4091896720,2021-11-02
2236,Unrealised Gain / (Loss) due to market price,2021-10-31,month,-613,2021-12-03
2236,Unrealised Gain / (Loss) due to market price,2021-10-31,ytd,-1177155933,2021-11-02
2237,Change of Net Asset Value of the Fund due to investment activities during the period (= III + IV),2021-10-31,month,5390623666,2021-12-03
2237,Change of Net Asset Value of the Fund due to investment activities during the period (= III + IV),2021-10-31,ytd,51328971507,2021-11-02
2238,Net Asset Value at the beginning of period,2021-10-31,month,954535534631,2021-12-03
2238,Net Asset Value at the beginning of period,2021-10-31,ytd,905690985301,2021-11-02
2239.1,Change of Net Asset Value due to investment activities during the period,2021-10-31,month,5390623666,2021-12-03
2239.1,Change of Net Asset Value due to investment activities during the period,2021-10-31,ytd,51328971507,2021-11-02
2239.2,Change of Net Asset Value due to  dividends payment to investors during the period,2021-10-31,month,0,2021-12-03
2239.2,Change of Net Asset Value due to  dividends payment to investors during the period,2021-10-31,ytd,0,2021-11-02
2239.3,Change of Net Asset Value due to subscription/redemption during the period,2021-10-31,month,-18623080811,2021-12-03
2239.3,Change of Net Asset Value due to subscription/redemption during the period,2021-10-31,ytd,-15716879322,2021-11-02
2239.3.1,Change of Net Asset Value due to subscription during the period,2021-10-31,month,61448835488,2021-12-03
2239.3.1,Change of Net Asset Value due to subscription during the period,2021-10-31,ytd,532331262055,2021-11-02
2239.3.2,Change of Net Asset Value due to redemption during the period,2021-10-31,month,-80071916299,2021-12-03
2239.3.2,Change of Net Asset Value due to redemption during the period,2021-10-31,ytd,-548048141377,2021-11-02
2243,Net Asset Value at the end of period,2021-10-31,month,941303077486,2021-12-03
2243,Net Asset Value at the end of period,2021-10-31,ytd,941303077486,2021-11-02
2244,Average annual profit (only applicable to annual report),2021-10-31,month,0,2021-12-03
2244,Average annual profit (only applicable to annual report),2021-10-31,ytd,0,2021-11-02
2245,Average annual rate of return (only applicable to annual report),2021-10-31,month,0,2021-12-03
2245,Average annual rate of return (only applicable to annual report),2021-10-31,ytd,0,2021-11-02
,Change of Net Asset Value of the Fund during the period,2021-11-30,month,-55298474138,2022-01-05
,Change of Net Asset Value of the Fund during the period,2021-11-30,ytd,-19686381953,2021-12-03
,Other Expenses,2021-11-30,month,0,2022-01-05
,Other Expenses,2021-11-30,month,30000000,2022-01-05
,Other Expenses,2021-11-30,ytd,0,2021-12-03
,Other Expenses,2021-11-30,ytd,80000000,2021-12-03
,Other incomes,2021-11-30,month,307397260,2022-01-05
,Other incomes,2021-11-30,ytd,307397260,2021-12-03
2220,Income from Investment Activities,2021-11-30,month,5979928822,2022-01-05
2220,Income from Investment Activities,2021-11-30,ytd,64329396779,2021-12-03
2221,"Dividend income, interest income from bonds",2021-11-30,month,3008537590,2022-01-05
2221,"Dividend income, interest income from bonds",2021-11-30,ytd,32182065558,2021-12-03
2221.1,Dividends income,2021-11-30,month,0,2022-01-05
2221.1,Dividends income,2021-11-30,ytd,0,2021-12-03
2221.2,Interest income from bonds,2021-11-30,month,3008537590,2022-01-05
2221.2,Interest income from bonds,2021-11-30,ytd,32182065558,2021-12-03
2222,Interest income,2021-11-30,month,2663993972,2022-01-05
2222,Interest income,2021-11-30,ytd,31839933961,2021-12-03
2222.1,Interest income from bank deposits,2021-11-30,month,316822738,2022-01-05
2222.1,Interest income from bank deposits,2021-11-30,ytd,4290042182,2021-12-03
2222.2,Interest income from Certificates of Deposit,2021-11-30,month,2347171234,2022-01-05
2222.2,Interest income from Certificates of Deposit,2021-11-30,ytd,27549891779,2021-12-03
2222.3,Interest income from reverse repo contracts,2021-11-30,month,0,2022-01-05
2222.3,Interest income from reverse repo contracts,2021-11-30,ytd,0,2021-12-03
2223.1,Other investment incomes,2021-11-30,month,0,2022-01-05
2223.1,Other investment incomes,2021-11-30,ytd,0,2021-12-03
2223.3,"Provision expense for bad debts from dividends, interest income and written off bad debts from dividends, interest income",2021-11-30,month,0,2022-01-05
2223.3,"Provision expense for bad debts from dividends, interest income and written off bad debts from dividends, interest income",2021-11-30,ytd,0,2021-12-03
2224,Expenses,2021-11-30,month,1055124445,2022-01-05
2224,Expenses,2021-11-30,ytd,10990361682,2021-12-03
2225,Management Fee paid to Fund Management Company,2021-11-30,month,890689907,2022-01-05
2225,Management Fee paid to Fund Management Company,2021-11-30,ytd,9365508205,2021-12-03
2226,"Custody fee, Supervising fee paid to Supervising Bank/VSD",2021-11-30,month,63538493,2022-01-05
2226,"Custody fee, Supervising fee paid to Supervising Bank/VSD",2021-11-30,ytd,708272931,2021-12-03
2226.1,Custodian service - Safe Custody Fee,2021-11-30,month,29689664,2022-01-05
2226.1,Custodian service - Safe Custody Fee,2021-11-30,ytd,332324253,2021-12-03
2226.2,Custodian service - Transaction fee,2021-11-30,month,700000,2022-01-05
2226.2,Custodian service - Transaction fee,2021-11-30,ytd,4800000,2021-12-03
2226.3,"Custodian service -  Depository fee, Position and Margin management fee paid to VSD",2021-11-30,month,490200,2022-01-05
2226.3,"Custodian service -  Depository fee, Position and Margin management fee paid to VSD",2021-11-30,ytd,5592000,2021-12-03
2226.4,Supervisory fee,2021-11-30,month,32658629,2022-01-05
2226.4,Supervisory fee,2021-11-30,ytd,365556678,2021-12-03
2227,"Fund Administration Fee, and other fees paid to relevant Fund's service providers",2021-11-30,month,35493973,2022-01-05
2227,"Fund Administration Fee, and other fees paid to relevant Fund's service providers",2021-11-30,ytd,395167509,2021-12-03
2227.1,Fund Administration Fee,2021-11-30,month,24493973,2022-01-05
2227.1,Fund Administration Fee,2021-11-30,ytd,274167509,2021-12-03
2227.2,Transfer Agency Fee,2021-11-30,month,11000000,2022-01-05
2227.2,Transfer Agency Fee,2021-11-30,ytd,121000000,2021-12-03
2228,Audit fee,2021-11-30,month,10574624,2022-01-05
2228,Audit fee,2021-11-30,ytd,110072889,2021-12-03
2229,"Legal consultancy expenses, price feed fee, other valid expenses, remuneration paid to Fund's Board of Representatives",2021-11-30,month,9739726,2022-01-05
2229,"Legal consultancy expenses, price feed fee, other valid expenses, remuneration paid to Fund's Board of Representatives",2021-11-30,ytd,169485616,2021-12-03
2229.1,Remuneration of Fund's Board of Representatives,2021-11-30,month,9739726,2022-01-05
2229.1,Remuneration of Fund's Board of Representatives,2021-11-30,ytd,107235616,2021-12-03
2229.2,Price feed fee,2021-11-30,month,0,2022-01-05
2229.2,Price feed fee,2021-11-30,ytd,62250000,2021-12-03
2229.3,Legal consultancy expenses,2021-11-30,month,0,2022-01-05
2229.3,Legal consultancy expenses,2021-11-30,ytd,0,2021-12-03
2230,"Fee for drafting, printing, distribution of prospectus, summarised prospectus, financial statements, transaction confirmations, account statements and other documents to investors; information disclosure fee; fee for organising annual general meeting, board of representatives meeting",2021-11-30,month,0,2022-01-05
2230,"Fee for drafting, printing, distribution of prospectus, summarised prospectus, financial statements, transaction confirmations, account statements and other documents to investors; information disclosure fee; fee for organising annual general meeting, board of representatives meeting",2021-11-30,ytd,4895660,2021-12-03
2230.1,Meeting expenses,2021-11-30,month,0,2022-01-05
2230.1,Meeting expenses,2021-11-30,ytd,4895660,2021-12-03
2230.2,Annual report expenses,2021-11-30,month,0,2022-01-05
2230.2,Annual report expenses,2021-11-30,ytd,0,2021-12-03
2230.3,"Fund's Board of Representatives meeting, travelling expenses",2021-11-30,month,0,2022-01-05
2230.3,"Fund's Board of Representatives meeting, travelling expenses",2021-11-30,ytd,0,2021-12-03
2230.4,Expenses of information disclosure of the Fund,2021-11-30,month,0,2022-01-05
2230.4,Expenses of information disclosure of the Fund,2021-11-30,ytd,0,2021-12-03
2230.5,"Designing, printing, posting... expenses",2021-11-30,month,0,2022-01-05
2230.5,"Designing, printing, posting... expenses",2021-11-30,ytd,0,2021-12-03
2231,Expenses related to execution of Fund’s asset transactions,2021-11-30,month,42460372,2022-01-05
2231,Expenses related to execution of Fund’s asset transactions,2021-11-30,ytd,209851572,2021-12-03
2231.1,Brokerage fee,2021-11-30,month,12460372,2022-01-05
2231.1,Brokerage fee,2021-11-30,ytd,128921572,2021-12-03
2231.2,Clearing settlement fee,2021-11-30,month,0,2022-01-05
2231.2,Clearing settlement fee,2021-11-30,ytd,930000,2021-12-03
2232,Other expenses,2021-11-30,month,2627350,2022-01-05
2232,Other expenses,2021-11-30,ytd,27107300,2021-12-03
2232.1,Set up Expenses,2021-11-30,month,0,2022-01-05
2232.1,Set up Expenses,2021-11-30,ytd,0,2021-12-03
2232.2,"Listing, registration fees",2021-11-30,month,0,2022-01-05
2232.2,"Listing, registration fees",2021-11-30,ytd,0,2021-12-03
2232.3,Annual management fee paid to SSC,2021-11-30,month,0,2022-01-05
2232.3,Annual management fee paid to SSC,2021-11-30,ytd,0,2021-12-03
2232.4,Bank charges,2021-11-30,month,2627350,2022-01-05
2232.4,Bank charges,2021-11-30,ytd,26007300,2021-12-03
2232.5,Borrowing expense,2021-11-30,month,0,2022-01-05
2232.5,Borrowing expense,2021-11-30,ytd,0,2021-12-03
2232.7,Fee paid to VSD for getting the list of investors,2021-11-30,month,0,2022-01-05
2232.7,Fee paid to VSD for getting the list of investors,2021-11-30,ytd,1100000,2021-12-03
2233,Net Income from Investment Activities (= I - II),2021-11-30,month,4924804377,2022-01-05
2233,Net Income from Investment Activities (= I - II),2021-11-30,ytd,53339035097,2021-12-03
2234,Gain / (Loss) from Investment Activities,2021-11-30,month,-6212574,2022-01-05
2234,Gain / (Loss) from Investment Activities,2021-11-30,ytd,2908528213,2021-12-03
2235,Realised Gain / (Loss) from disposal of investment or real estate transfer,2021-11-30,month,572695611,2022-01-05
2235,Realised Gain / (Loss) from disposal of investment or real estate transfer,2021-11-30,ytd,4664592331,2021-12-03
2236,Unrealised Gain / (Loss) due to market price,2021-11-30,month,-578908185,2022-01-05
2236,Unrealised Gain / (Loss) due to market price,2021-11-30,ytd,-1756064118,2021-12-03
2237,Change of Net Asset Value of the Fund due to investment activities during the period (= III + IV),2021-11-30,month,4918591803,2022-01-05
2237,Change of Net Asset Value of the Fund due to investment activities during the period (= III + IV),2021-11-30,ytd,56247563310,2021-12-03
2238,Net Asset Value at the beginning of period,2021-11-30,month,941303077486,2022-01-05
2238,Net Asset Value at the beginning of period,2021-11-30,ytd,905690985301,2021-12-03
2239.1,Change of Net Asset Value due to investment activities during the period,2021-11-30,month,4918591803,2022-01-05
2239.1,Change of Net Asset Value due to investment activities during the period,2021-11-30,ytd,56247563310,2021-12-03
2239.2,Change of Net Asset Value due to  dividends payment to investors during the period,2021-11-30,month,0,2022-01-05
2239.2,Change of Net Asset Value due to  dividends payment to investors during the period,2021-11-30,ytd,0,2021-12-03
2239.3,Change of Net Asset Value due to subscription/redemption during the period,2021-11-30,month,-60217065941,2022-01-05
2239.3,Change of Net Asset Value due to subscription/redemption during the period,2021-11-30,ytd,-75933945263,2021-12-03
2239.3.1,Change of Net Asset Value due to subscription during the period,2021-11-30,month,12683829655,2022-01-05
2239.3.1,Change of Net Asset Value due to subscription during the period,2021-11-30,ytd,545015091710,2021-12-03
2239.3.2,Change of Net Asset Value due to redemption during the period,2021-11-30,month,-72900895596,2022-01-05
2239.3.2,Change of Net Asset Value due to redemption during the period,2021-11-30,ytd,-620949036973,2021-12-03
2243,Net Asset Value at the end of period,2021-11-30,month,886004603348,2022-01-05
2243,Net Asset Value at the end of period,2021-11-30,ytd,886004603348,2021-12-03
2244,Average annual profit (only applicable to annual report),2021-11-30,month,0,2022-01-05
2244,Average annual profit (only applicable to annual report),2021-11-30,ytd,0,2021-12-03
2245,Average annual rate of return (only applicable to annual report),2021-11-30,month,0,2022-01-05
2245,Average annual rate of return (only applicable to annual report),2021-11-30,ytd,0,2021-12-03
,Change of Net Asset Value of the Fund during the period,2021-12-31,month,-57980577117,2022-02-08
,Change of Net Asset Value of the Fund during the period,2021-12-31,ytd,-77666959070,2022-01-05
,Of which:,2021-12-31,month,0,2022-02-08
,Other Expenses,2021-12-31,month,0,2022-02-08
,Other Expenses,2021-12-31,month,22500000,2022-02-08
,Other Expenses,2021-12-31,ytd,0,2022-01-05
,Other Expenses,2021-12-31,ytd,102500000,2022-01-05
,Other incomes,2021-12-31,month,0,2022-02-08
,Other incomes,2021-12-31,ytd,307397260,2022-01-05
2220,Income from Investment Activities,2021-12-31,month,5974799354,2022-02-08
2220,Income from Investment Activities,2021-12-31,ytd,70304196133,2022-01-05
2221,"Dividend income, interest income from bonds",2021-12-31,month,3792094996,2022-02-08
2221,"Dividend income, interest income from bonds",2021-12-31,ytd,35974160554,2022-01-05
2221.1,Dividends income,2021-12-31,month,0,2022-02-08
2221.1,Dividends income,2021-12-31,ytd,0,2022-01-05
2221.2,Interest income from bonds,2021-12-31,month,3792094996,2022-02-08
2221.2,Interest income from bonds,2021-12-31,ytd,35974160554,2022-01-05
2222,Interest income,2021-12-31,month,2182704358,2022-02-08
2222,Interest income,2021-12-31,ytd,34022638319,2022-01-05
2222.1,Interest income from bank deposits,2021-12-31,month,112951618,2022-02-08
2222.1,Interest income from bank deposits,2021-12-31,ytd,4402993800,2022-01-05
2222.2,Interest income from Certificates of Deposit,2021-12-31,month,2069752740,2022-02-08
2222.2,Interest income from Certificates of Deposit,2021-12-31,ytd,29619644519,2022-01-05
2222.3,Interest income from reverse repo contracts,2021-12-31,month,0,2022-02-08
2222.3,Interest income from reverse repo contracts,2021-12-31,ytd,0,2022-01-05
2223.1,Other investment incomes,2021-12-31,month,0,2022-02-08
2223.1,Other investment incomes,2021-12-31,ytd,0,2022-01-05
2223.3,"Provision expense for bad debts from dividends, interest income and written off bad debts from dividends, interest income",2021-12-31,month,0,2022-02-08
2223.3,"Provision expense for bad debts from dividends, interest income and written off bad debts from dividends, interest income",2021-12-31,ytd,0,2022-01-05
2224,Expenses,2021-12-31,month,1068216208,2022-02-08
2224,Expenses,2021-12-31,ytd,12058577890,2022-01-05
2225,Management Fee paid to Fund Management Company,2021-12-31,month,880754411,2022-02-08
2225,Management Fee paid to Fund Management Company,2021-12-31,ytd,10246262616,2022-01-05
2226,"Custody fee, Supervising fee paid to Supervising Bank/VSD",2021-12-31,month,63455008,2022-02-08
2226,"Custody fee, Supervising fee paid to Supervising Bank/VSD",2021-12-31,ytd,771727939,2022-01-05
2226.1,Custodian service - Safe Custody Fee,2021-12-31,month,29358480,2022-02-08
2226.1,Custodian service - Safe Custody Fee,2021-12-31,ytd,361682733,2022-01-05
2226.2,Custodian service - Transaction fee,2021-12-31,month,1300000,2022-02-08
2226.2,Custodian service - Transaction fee,2021-12-31,ytd,6100000,2022-01-05
2226.3,"Custodian service -  Depository fee, Position and Margin management fee paid to VSD",2021-12-31,month,502200,2022-02-08
2226.3,"Custodian service -  Depository fee, Position and Margin management fee paid to VSD",2021-12-31,ytd,6094200,2022-01-05
2226.4,Supervisory fee,2021-12-31,month,32294328,2022-02-08
2226.4,Supervisory fee,2021-12-31,ytd,397851006,2022-01-05
2227,"Fund Administration Fee, and other fees paid to relevant Fund's service providers",2021-12-31,month,35220746,2022-02-08
2227,"Fund Administration Fee, and other fees paid to relevant Fund's service providers",2021-12-31,ytd,430388255,2022-01-05
2227.1,Fund Administration Fee,2021-12-31,month,24220746,2022-02-08
2227.1,Fund Administration Fee,2021-12-31,ytd,298388255,2022-01-05
2227.2,Transfer Agency Fee,2021-12-31,month,11000000,2022-02-08
2227.2,Transfer Agency Fee,2021-12-31,ytd,132000000,2022-01-05
2228,Audit fee,2021-12-31,month,10927111,2022-02-08
2228,Audit fee,2021-12-31,ytd,121000000,2022-01-05
2229,"Legal consultancy expenses, price feed fee, other valid expenses, remuneration paid to Fund's Board of Representatives",2021-12-31,month,31839384,2022-02-08
2229,"Legal consultancy expenses, price feed fee, other valid expenses, remuneration paid to Fund's Board of Representatives",2021-12-31,ytd,201325000,2022-01-05
2229.1,Remuneration of Fund's Board of Representatives,2021-12-31,month,9764384,2022-02-08
2229.1,Remuneration of Fund's Board of Representatives,2021-12-31,ytd,117000000,2022-01-05
2229.2,Price feed fee,2021-12-31,month,22075000,2022-02-08
2229.2,Price feed fee,2021-12-31,ytd,84325000,2022-01-05
2229.3,Legal consultancy expenses,2021-12-31,month,0,2022-02-08
2229.3,Legal consultancy expenses,2021-12-31,ytd,0,2022-01-05
2230,"Fee for drafting, printing, distribution of prospectus, summarised prospectus, financial statements, transaction confirmations, account statements and other documents to investors; information disclosure fee; fee for organising annual general meeting, board of representatives meeting",2021-12-31,month,0,2022-02-08
2230,"Fee for drafting, printing, distribution of prospectus, summarised prospectus, financial statements, transaction confirmations, account statements and other documents to investors; information disclosure fee; fee for organising annual general meeting, board of representatives meeting",2021-12-31,ytd,4895660,2022-01-05
2230.1,Meeting expenses,2021-12-31,month,0,2022-02-08
2230.1,Meeting expenses,2021-12-31,ytd,4895660,2022-01-05
2230.2,Annual report expenses,2021-12-31,month,0,2022-02-08
2230.2,Annual report expenses,2021-12-31,ytd,0,2022-01-05
2230.3,"Fund's Board of Representatives meeting, travelling expenses",2021-12-31,month,0,2022-02-08
2230.3,"Fund's Board of Representatives meeting, travelling expenses",2021-12-31,ytd,0,2022-01-05
2230.4,Expenses of information disclosure of the Fund,2021-12-31,month,0,2022-02-08
2230.4,Expenses of information disclosure of the Fund,2021-12-31,ytd,0,2022-01-05
2230.5,"Designing, printing, posting... expenses",2021-12-31,month,0,2022-02-08
2230.5,"Designing, printing, posting... expenses",2021-12-31,ytd,0,2022-01-05
2231,Expenses related to execution of Fund’s asset transactions,2021-12-31,month,45428298,2022-02-08
2231,Expenses related to execution of Fund’s asset transactions,2021-12-31,ytd,255279870,2022-01-05
2231.1,Brokerage fee,2021-12-31,month,22928298,2022-02-08
2231.1,Brokerage fee,2021-12-31,ytd,151849870,2022-01-05
2231.2,Clearing settlement fee,2021-12-31,month,0,2022-02-08
2231.2,Clearing settlement fee,2021-12-31,ytd,930000,2022-01-05
2232,Other expenses,2021-12-31,month,591250,2022-02-08
2232,Other expenses,2021-12-31,ytd,27698550,2022-01-05
2232.1,Set up Expenses,2021-12-31,month,0,2022-02-08
2232.1,Set up Expenses,2021-12-31,ytd,0,2022-01-05
2232.2,"Listing, registration fees",2021-12-31,month,0,2022-02-08
2232.2,"Listing, registration fees",2021-12-31,ytd,0,2022-01-05
2232.3,Annual management fee paid to SSC,2021-12-31,month,0,2022-02-08
2232.3,Annual management fee paid to SSC,2021-12-31,ytd,0,2022-01-05
2232.4,Bank charges,2021-12-31,month,591250,2022-02-08
2232.4,Bank charges,2021-12-31,ytd,26598550,2022-01-05
2232.5,Borrowing expense,2021-12-31,month,0,2022-02-08
2232.5,Borrowing expense,2021-12-31,ytd,0,2022-01-05
2232.7,Fee paid to VSD for getting the list of investors,2021-12-31,month,0,2022-02-08
2232.7,Fee paid to VSD for getting the list of investors,2021-12-31,ytd,1100000,2022-01-05
2233,Net Income from Investment Activities (= I - II),2021-12-31,month,4906583146,2022-02-08
2233,Net Income from Investment Activities (= I - II),2021-12-31,ytd,58245618243,2022-01-05
2234,Gain / (Loss) from Investment Activities,2021-12-31,month,2636418438,2022-02-08
2234,Gain / (Loss) from Investment Activities,2021-12-31,ytd,5544946651,2022-01-05
2235,Realised Gain / (Loss) from disposal of investment or real estate transfer,2021-12-31,month,2085486824,2022-02-08
2235,Realised Gain / (Loss) from disposal of investment or real estate transfer,2021-12-31,ytd,6750079155,2022-01-05
2236,Unrealised Gain / (Loss) due to market price,2021-12-31,month,550931614,2022-02-08
2236,Unrealised Gain / (Loss) due to market price,2021-12-31,ytd,-1205132504,2022-01-05
2237,Change of Net Asset Value of the Fund due to investment activities during the period (= III + IV),2021-12-31,month,7543001584,2022-02-08
2237,Change of Net Asset Value of the Fund due to investment activities during the period (= III + IV),2021-12-31,ytd,63790564894,2022-01-05
2238,Net Asset Value at the beginning of period,2021-12-31,month,886004603348,2022-02-08
2238,Net Asset Value at the beginning of period,2021-12-31,ytd,905690985301,2022-01-05
2239.1,Change of Net Asset Value due to investment activities during the period,2021-12-31,month,7543001584,2022-02-08
2239.1,Change of Net Asset Value due to investment activities during the period,2021-12-31,ytd,63790564894,2022-01-05
2239.2,Change of Net Asset Value due to  dividends payment to investors during the period,2021-12-31,month,0,2022-02-08
2239.2,Change of Net Asset Value due to  dividends payment to investors during the period,2021-12-31,ytd,0,2022-01-05
2239.3,Change of Net Asset Value due to subscription/redemption during the period,2021-12-31,month,-65523578701,2022-02-08
2239.3,Change of Net Asset Value due to subscription/redemption during the period,2021-12-31,ytd,-141457523964,2022-01-05
2239.3.1,Change of Net Asset Value due to subscription during the period,2021-12-31,month,11469453352,2022-02-08
2239.3.1,Change of Net Asset Value due to subscription during the period,2021-12-31,ytd,556484545062,2022-01-05
2239.3.2,Change of Net Asset Value due to redemption during the period,2021-12-31,month,-76993032053,2022-02-08
2239.3.2,Change of Net Asset Value due to redemption during the period,2021-12-31,ytd,-697942069026,2022-01-05
2243,Net Asset Value at the end of period,2021-12-31,month,828024026231,2022-02-08
2243,Net Asset Value at the end of period,2021-12-31,ytd,828024026231,2022-01-05
2244,Average annual profit (only applicable to annual report),2021-12-31,month,0,2022-02-08
2244,Average annual profit (only applicable to annual report),2021-12-31,ytd,0,2022-01-05
2245,Average annual rate of return (only applicable to annual report),2021-12-31,month,0,2022-02-08
2245,Average annual rate of return (only applicable to annual report),2021-12-31,ytd,0,2022-01-05
,Change of Net Asset Value of the Fund during the period,2022-01-31,month,87393496143,2022-03-02
,Change of Net Asset Value of the Fund during the period,2022-01-31,ytd,87393496143,2022-02-08
,Of which:,2022-01-31,month,0,2022-03-02
,Of which:,2022-01-31,ytd,0,2022-02-08
,Other Expenses,2022-01-31,month,0,2022-03-02
,Other Expenses,2022-01-31,ytd,0,2022-02-08
,Other incomes,2022-01-31,month,0,2022-03-02
,Other incomes,2022-01-31,ytd,0,2022-02-08
2220,Income from Investment Activities,2022-01-31,month,6216048924,2022-03-02
2220,Income from Investment Activities,2022-01-31,ytd,6216048924,2022-02-08
2221,"Dividend income, interest income from bonds",2022-01-31,month,4424487390,2022-03-02
2221,"Dividend income, interest income from bonds",2022-01-31,ytd,4424487390,2022-02-08
2221.1,Dividends income,2022-01-31,month,0,2022-03-02
2221.1,Dividends income,2022-01-31,ytd,0,2022-02-08
2221.2,Interest income from bonds,2022-01-31,month,4424487390,2022-03-02
2221.2,Interest income from bonds,2022-01-31,ytd,4424487390,2022-02-08
2222,Interest income,2022-01-31,month,1791561534,2022-03-02
2222,Interest income,2022-01-31,ytd,1791561534,2022-02-08
2222.1,Interest income from bank deposits,2022-01-31,month,94873863,2022-03-02
2222.1,Interest income from bank deposits,2022-01-31,ytd,94873863,2022-02-08
2222.2,Interest income from Certificates of Deposit,2022-01-31,month,1696687671,2022-03-02
2222.2,Interest income from Certificates of Deposit,2022-01-31,ytd,1696687671,2022-02-08
2222.3,Interest income from reverse repo contracts,2022-01-31,month,0,2022-03-02
2222.3,Interest income from reverse repo contracts,2022-01-31,ytd,0,2022-02-08
2223.1,Other investment incomes,2022-01-31,month,0,2022-03-02
2223.1,Other investment incomes,2022-01-31,ytd,0,2022-02-08
2223.3,"Provision expense for bad debts from dividends, interest income and written off bad debts from dividends, interest income",2022-01-31,month,0,2022-03-02
2223.3,"Provision expense for bad debts from dividends, interest income and written off bad debts from dividends, interest income",2022-01-31,ytd,0,2022-02-08
2224,Expenses,2022-01-31,month,1075653717,2022-03-02
2224,Expenses,2022-01-31,ytd,1075653717,2022-02-08
2225,Management Fee paid to Fund Management Company,2022-01-31,month,918902574,2022-03-02
2225,Management Fee paid to Fund Management Company,2022-01-31,ytd,918902574,2022-02-08
2226,"Custody fee, Supervising fee paid to Supervising Bank/VSD",2022-01-31,month,65885037,2022-03-02
2226,"Custody fee, Supervising fee paid to Supervising Bank/VSD",2022-01-31,ytd,65885037,2022-02-08
2226.1,Custodian service - Safe Custody Fee,2022-01-31,month,30630085,2022-03-02
2226.1,Custodian service - Safe Custody Fee,2022-01-31,ytd,30630085,2022-02-08
2226.2,Custodian service - Transaction fee,2022-01-31,month,1000000,2022-03-02
2226.2,Custodian service - Transaction fee,2022-01-31,ytd,1000000,2022-02-08
2226.3,"Custodian service -  Depository fee, Position and Margin management fee paid to VSD",2022-01-31,month,561857,2022-03-02
2226.3,"Custodian service -  Depository fee, Position and Margin management fee paid to VSD",2022-01-31,ytd,561857,2022-02-08
2226.4,Supervisory fee,2022-01-31,month,33693095,2022-03-02
2226.4,Supervisory fee,2022-01-31,ytd,33693095,2022-02-08
2227,"Fund Administration Fee, and other fees paid to relevant Fund's service providers",2022-01-31,month,36269821,2022-03-02
2227,"Fund Administration Fee, and other fees paid to relevant Fund's service providers",2022-01-31,ytd,36269821,2022-02-08
2227.1,Fund Administration Fee,2022-01-31,month,25269821,2022-03-02
2227.1,Fund Administration Fee,2022-01-31,ytd,25269821,2022-02-08
2227.2,Transfer Agency Fee,2022-01-31,month,11000000,2022-03-02
2227.2,Transfer Agency Fee,2022-01-31,ytd,11000000,2022-02-08
2228,Audit fee,2022-01-31,month,9622740,2022-03-02
2228,Audit fee,2022-01-31,ytd,9622740,2022-02-08
2229,"Legal consultancy expenses, price feed fee, other valid expenses, remuneration paid to Fund's Board of Representatives",2022-01-31,month,9764384,2022-03-02
2229,"Legal consultancy expenses, price feed fee, other valid expenses, remuneration paid to Fund's Board of Representatives",2022-01-31,ytd,9764384,2022-02-08
2229.1,Remuneration of Fund's Board of Representatives,2022-01-31,month,9764384,2022-03-02
2229.1,Remuneration of Fund's Board of Representatives,2022-01-31,ytd,9764384,2022-02-08
2229.2,Price feed fee,2022-01-31,month,0,2022-03-02
2229.2,Price feed fee,2022-01-31,ytd,0,2022-02-08
2229.3,Legal consultancy expenses,2022-01-31,month,0,2022-03-02
2229.3,Legal consultancy expenses,2022-01-31,ytd,0,2022-02-08
2230,"Fee for drafting, printing, distribution of prospectus, summarised prospectus, financial statements, transaction confirmations, account statements and other documents to investors; information disclosure fee; fee for organising annual general meeting, board of representatives meeting",2022-01-31,month,8256512,2022-03-02
2230,"Fee for drafting, printing, distribution of prospectus, summarised prospectus, financial statements, transaction confirmations, account statements and other documents to investors; information disclosure fee; fee for organising annual general meeting, board of representatives meeting",2022-01-31,ytd,8256512,2022-02-08
2230.1,Meeting expenses,2022-01-31,month,8256512,2022-03-02
2230.1,Meeting expenses,2022-01-31,ytd,8256512,2022-02-08
2230.2,Annual report expenses,2022-01-31,month,0,2022-03-02
2230.2,Annual report expenses,2022-01-31,ytd,0,2022-02-08
2230.3,"Fund's Board of Representatives meeting, travelling expenses",2022-01-31,month,0,2022-03-02
2230.3,"Fund's Board of Representatives meeting, travelling expenses",2022-01-31,ytd,0,2022-02-08
2230.4,Expenses of information disclosure of the Fund,2022-01-31,month,0,2022-03-02
2230.4,Expenses of information disclosure of the Fund,2022-01-31,ytd,0,2022-02-08
2230.5,"Designing, printing, posting... expenses",2022-01-31,month,0,2022-03-02
2230.5,"Designing, printing, posting... expenses",2022-01-31,ytd,0,2022-02-08
2231,Expenses related to execution of Fund’s asset transactions,2022-01-31,month,22633260,2022-03-02
2231,Expenses related to execution of Fund’s asset transactions,2022-01-31,ytd,22633260,2022-02-08
2231.1,Brokerage fee,2022-01-31,month,22531260,2022-03-02
2231.1,Brokerage fee,2022-01-31,ytd,22531260,2022-02-08
2231.2,Clearing settlement fee,2022-01-31,month,102000,2022-03-02
2231.2,Clearing settlement fee,2022-01-31,ytd,102000,2022-02-08
2232,Other expenses,2022-01-31,month,4319389,2022-03-02
2232,Other expenses,2022-01-31,ytd,4319389,2022-02-08
2232.1,Set up Expenses,2022-01-31,month,0,2022-03-02
2232.1,Set up Expenses,2022-01-31,ytd,0,2022-02-08
2232.2,"Listing, registration fees",2022-01-31,month,0,2022-03-02
2232.2,"Listing, registration fees",2022-01-31,ytd,0,2022-02-08
2232.3,Annual management fee paid to SSC,2022-01-31,month,0,2022-03-02
2232.3,Annual management fee paid to SSC,2022-01-31,ytd,0,2022-02-08
2232.4,Bank charges,2022-01-31,month,3219389,2022-03-02
2232.4,Bank charges,2022-01-31,ytd,3219389,2022-02-08
2232.5,Borrowing expense,2022-01-31,month,0,2022-03-02
2232.5,Borrowing expense,2022-01-31,ytd,0,2022-02-08
2232.7,Fee paid to VSD for getting the list of investors,2022-01-31,month,1100000,2022-03-02
2232.7,Fee paid to VSD for getting the list of investors,2022-01-31,ytd,1100000,2022-02-08
2233,Net Income from Investment Activities (= I - II),2022-01-31,month,5140395207,2022-03-02
2233,Net Income from Investment Activities (= I - II),2022-01-31,ytd,5140395207,2022-02-08
2234,Gain / (Loss) from Investment Activities,2022-01-31,month,-1185481910,2022-03-02
2234,Gain / (Loss) from Investment Activities,2022-01-31,ytd,-1185481910,2022-02-08
2235,Realised Gain / (Loss) from disposal of investment or real estate transfer,2022-01-31,month,-585527032,2022-03-02
2235,Realised Gain / (Loss) from disposal of investment or real estate transfer,2022-01-31,ytd,-585527032,2022-02-08
2236,Unrealised Gain / (Loss) due to market price,2022-01-31,month,-599954878,2022-03-02
2236,Unrealised Gain / (Loss) due to market price,2022-01-31,ytd,-599954878,2022-02-08
2237,Change of Net Asset Value of the Fund due to investment activities during the period (= III + IV),2022-01-31,month,3954913297,2022-03-02
2237,Change of Net Asset Value of the Fund due to investment activities during the period (= III + IV),2022-01-31,ytd,3954913297,2022-02-08
2238,Net Asset Value at the beginning of period,2022-01-31,month,828024026231,2022-03-02
2238,Net Asset Value at the beginning of period,2022-01-31,ytd,828024026231,2022-02-08
2239.1,Change of Net Asset Value due to investment activities during the period,2022-01-31,month,3954913297,2022-03-02
2239.1,Change of Net Asset Value due to investment activities during the period,2022-01-31,ytd,3954913297,2022-02-08
2239.2,Change of Net Asset Value due to  dividends payment to investors during the period,2022-01-31,month,0,2022-03-02
2239.2,Change of Net Asset Value due to  dividends payment to investors during the period,2022-01-31,ytd,0,2022-02-08
2239.3,Change of Net Asset Value due to subscription/redemption during the period,2022-01-31,month,83438582846,2022-03-02
2239.3,Change of Net Asset Value due to subscription/redemption during the period,2022-01-31,ytd,83438582846,2022-02-08
2239.3.1,Change of Net Asset Value due to subscription during the period,2022-01-31,month,123766855847,2022-03-02
2239.3.1,Change of Net Asset Value due to subscription during the period,2022-01-31,ytd,123766855847,2022-02-08
2239.3.2,Change of Net Asset Value due to redemption during the period,2022-01-31,month,-40328273001,2022-03-02
2239.3.2,Change of Net Asset Value due to redemption during the period,2022-01-31,ytd,-40328273001,2022-02-08
2243,Net Asset Value at the end of period,2022-01-31,month,915417522374,2022-03-02
2243,Net Asset Value at the end of period,2022-01-31,ytd,915417522374,2022-02-08
2244,Average annual profit (only applicable to annual report),2022-01-31,month,0,2022-03-02
2244,Average annual profit (only applicable to annual report),2022-01-31,ytd,0,2022-02-08
2245,Average annual rate of return (only applicable to annual report),2022-01-31,month,0,2022-03-02
2245,Average annual rate of return (only applicable to annual report),2022-01-31,ytd,0,2022-02-08
,Change of Net Asset Value of the Fund during the period,2022-02-28,month,-16888646282,2022-04-04
,Change of Net Asset Value of the Fund during the period,2022-02-28,ytd,70504849861,2022-03-02
,Of which:,2022-02-28,month,0,2022-04-04
,Of which:,2022-02-28,ytd,0,2022-03-02
,Other Expenses,2022-02-28,month,0,2022-04-04
,Other Expenses,2022-02-28,ytd,0,2022-03-02
,Other incomes,2022-02-28,month,563945205,2022-04-04
,Other incomes,2022-02-28,ytd,563945205,2022-03-02
2220,Income from Investment Activities,2022-02-28,month,5914456991,2022-04-04
2220,Income from Investment Activities,2022-02-28,ytd,12130505915,2022-03-02
2221,"Dividend income, interest income from bonds",2022-02-28,month,3889985310,2022-04-04
2221,"Dividend income, interest income from bonds",2022-02-28,ytd,8314472700,2022-03-02
2221.1,Dividends income,2022-02-28,month,0,2022-04-04
2221.1,Dividends income,2022-02-28,ytd,0,2022-03-02
2221.2,Interest income from bonds,2022-02-28,month,3889985310,2022-04-04
2221.2,Interest income from bonds,2022-02-28,ytd,8314472700,2022-03-02
2222,Interest income,2022-02-28,month,1460526476,2022-04-04
2222,Interest income,2022-02-28,ytd,3252088010,2022-03-02
2222.1,Interest income from bank deposits,2022-02-28,month,213107297,2022-04-04
2222.1,Interest income from bank deposits,2022-02-28,ytd,307981160,2022-03-02
2222.2,Interest income from Certificates of Deposit,2022-02-28,month,1247419179,2022-04-04
2222.2,Interest income from Certificates of Deposit,2022-02-28,ytd,2944106850,2022-03-02
2222.3,Interest income from reverse repo contracts,2022-02-28,month,0,2022-04-04
2222.3,Interest income from reverse repo contracts,2022-02-28,ytd,0,2022-03-02
2223.1,Other investment incomes,2022-02-28,month,0,2022-04-04
2223.1,Other investment incomes,2022-02-28,ytd,0,2022-03-02
2223.3,"Provision expense for bad debts from dividends, interest income and written off bad debts from dividends, interest income",2022-02-28,month,0,2022-04-04
2223.3,"Provision expense for bad debts from dividends, interest income and written off bad debts from dividends, interest income",2022-02-28,ytd,0,2022-03-02
2224,Expenses,2022-02-28,month,977111806,2022-04-04
2224,Expenses,2022-02-28,ytd,2052765523,2022-03-02
2225,Management Fee paid to Fund Management Company,2022-02-28,month,837737035,2022-04-04
2225,Management Fee paid to Fund Management Company,2022-02-28,ytd,1756639609,2022-03-02
2226,"Custody fee, Supervising fee paid to Supervising Bank/VSD",2022-02-28,month,59543510,2022-04-04
2226,"Custody fee, Supervising fee paid to Supervising Bank/VSD",2022-02-28,ytd,125428547,2022-03-02
2226.1,Custodian service - Safe Custody Fee,2022-02-28,month,27924568,2022-04-04
2226.1,Custodian service - Safe Custody Fee,2022-02-28,ytd,58554653,2022-03-02
2226.2,Custodian service - Transaction fee,2022-02-28,month,200000,2022-04-04
2226.2,Custodian service - Transaction fee,2022-02-28,ytd,1200000,2022-03-02
2226.3,"Custodian service -  Depository fee, Position and Margin management fee paid to VSD",2022-02-28,month,701917,2022-04-04
2226.3,"Custodian service -  Depository fee, Position and Margin management fee paid to VSD",2022-02-28,ytd,1263774,2022-03-02
2226.4,Supervisory fee,2022-02-28,month,30717025,2022-04-04
2226.4,Supervisory fee,2022-02-28,ytd,64410120,2022-03-02
2227,"Fund Administration Fee, and other fees paid to relevant Fund's service providers",2022-02-28,month,34037768,2022-04-04
2227,"Fund Administration Fee, and other fees paid to relevant Fund's service providers",2022-02-28,ytd,70307589,2022-03-02
2227.1,Fund Administration Fee,2022-02-28,month,23037768,2022-04-04
2227.1,Fund Administration Fee,2022-02-28,ytd,48307589,2022-03-02
2227.2,Transfer Agency Fee,2022-02-28,month,11000000,2022-04-04
2227.2,Transfer Agency Fee,2022-02-28,ytd,22000000,2022-03-02
2228,Audit fee,2022-02-28,month,8691507,2022-04-04
2228,Audit fee,2022-02-28,ytd,18314247,2022-03-02
2229,"Legal consultancy expenses, price feed fee, other valid expenses, remuneration paid to Fund's Board of Representatives",2022-02-28,month,9690411,2022-04-04
2229,"Legal consultancy expenses, price feed fee, other valid expenses, remuneration paid to Fund's Board of Representatives",2022-02-28,ytd,19454795,2022-03-02
2229.1,Remuneration of Fund's Board of Representatives,2022-02-28,month,9690411,2022-04-04
2229.1,Remuneration of Fund's Board of Representatives,2022-02-28,ytd,19454795,2022-03-02
2229.2,Price feed fee,2022-02-28,month,0,2022-04-04
2229.2,Price feed fee,2022-02-28,ytd,0,2022-03-02
2229.3,Legal consultancy expenses,2022-02-28,month,0,2022-04-04
2229.3,Legal consultancy expenses,2022-02-28,ytd,0,2022-03-02
2230,"Fee for drafting, printing, distribution of prospectus, summarised prospectus, financial statements, transaction confirmations, account statements and other documents to investors; information disclosure fee; fee for organising annual general meeting, board of representatives meeting",2022-02-28,month,12215000,2022-04-04
2230,"Fee for drafting, printing, distribution of prospectus, summarised prospectus, financial statements, transaction confirmations, account statements and other documents to investors; information disclosure fee; fee for organising annual general meeting, board of representatives meeting",2022-02-28,ytd,20471512,2022-03-02
2230.1,Meeting expenses,2022-02-28,month,12215000,2022-04-04
2230.1,Meeting expenses,2022-02-28,ytd,20471512,2022-03-02
2230.2,Annual report expenses,2022-02-28,month,0,2022-04-04
2230.2,Annual report expenses,2022-02-28,ytd,0,2022-03-02
2230.3,"Fund's Board of Representatives meeting, travelling expenses",2022-02-28,month,0,2022-04-04
2230.3,"Fund's Board of Representatives meeting, travelling expenses",2022-02-28,ytd,0,2022-03-02
2230.4,Expenses of information disclosure of the Fund,2022-02-28,month,0,2022-04-04
2230.4,Expenses of information disclosure of the Fund,2022-02-28,ytd,0,2022-03-02
2230.5,"Designing, printing, posting... expenses",2022-02-28,month,0,2022-04-04
2230.5,"Designing, printing, posting... expenses",2022-02-28,ytd,0,2022-03-02
2231,Expenses related to execution of Fund’s asset transactions,2022-02-28,month,7578525,2022-04-04
2231,Expenses related to execution of Fund’s asset transactions,2022-02-28,ytd,30211785,2022-03-02
2231.1,Brokerage fee,2022-02-28,month,7578525,2022-04-04
2231.1,Brokerage fee,2022-02-28,ytd,30109785,2022-03-02
2231.2,Clearing settlement fee,2022-02-28,month,0,2022-04-04
2231.2,Clearing settlement fee,2022-02-28,ytd,102000,2022-03-02
2232,Other expenses,2022-02-28,month,7618050,2022-04-04
2232,Other expenses,2022-02-28,ytd,11937439,2022-03-02
2232.1,Set up Expenses,2022-02-28,month,0,2022-04-04
2232.1,Set up Expenses,2022-02-28,ytd,0,2022-03-02
2232.2,"Listing, registration fees",2022-02-28,month,0,2022-04-04
2232.2,"Listing, registration fees",2022-02-28,ytd,0,2022-03-02
2232.3,Annual management fee paid to SSC,2022-02-28,month,0,2022-04-04
2232.3,Annual management fee paid to SSC,2022-02-28,ytd,0,2022-03-02
2232.4,Bank charges,2022-02-28,month,7618050,2022-04-04
2232.4,Bank charges,2022-02-28,ytd,10837439,2022-03-02
2232.5,Borrowing expense,2022-02-28,month,0,2022-04-04
2232.5,Borrowing expense,2022-02-28,ytd,0,2022-03-02
2232.7,Fee paid to VSD for getting the list of investors,2022-02-28,month,0,2022-04-04
2232.7,Fee paid to VSD for getting the list of investors,2022-02-28,ytd,1100000,2022-03-02
2233,Net Income from Investment Activities (= I - II),2022-02-28,month,4937345185,2022-04-04
2233,Net Income from Investment Activities (= I - II),2022-02-28,ytd,10077740392,2022-03-02
2234,Gain / (Loss) from Investment Activities,2022-02-28,month,238734247,2022-04-04
2234,Gain / (Loss) from Investment Activities,2022-02-28,ytd,-946747663,2022-03-02
2235,Realised Gain / (Loss) from disposal of investment or real estate transfer,2022-02-28,month,0,2022-04-04
2235,Realised Gain / (Loss) from disposal of investment or real estate transfer,2022-02-28,ytd,-585527032,2022-03-02
2236,Unrealised Gain / (Loss) due to market price,2022-02-28,month,238734247,2022-04-04
2236,Unrealised Gain / (Loss) due to market price,2022-02-28,ytd,-361220631,2022-03-02
2237,Change of Net Asset Value of the Fund due to investment activities during the period (= III + IV),2022-02-28,month,5176079432,2022-04-04
2237,Change of Net Asset Value of the Fund due to investment activities during the period (= III + IV),2022-02-28,ytd,9130992729,2022-03-02
2238,Net Asset Value at the beginning of period,2022-02-28,month,915417522374,2022-04-04
2238,Net Asset Value at the beginning of period,2022-02-28,ytd,828024026231,2022-03-02
2239.1,Change of Net Asset Value due to investment activities during the period,2022-02-28,month,5176079432,2022-04-04
2239.1,Change of Net Asset Value due to investment activities during the period,2022-02-28,ytd,9130992729,2022-03-02
2239.2,Change of Net Asset Value due to  dividends payment to investors during the period,2022-02-28,month,0,2022-04-04
2239.2,Change of Net Asset Value due to  dividends payment to investors during the period,2022-02-28,ytd,0,2022-03-02
2239.3,Change of Net Asset Value due to subscription/redemption during the period,2022-02-28,month,-22064725714,2022-04-04
2239.3,Change of Net Asset Value due to subscription/redemption during the period,2022-02-28,ytd,61373857132,2022-03-02
2239.3.1,Change of Net Asset Value due to subscription during the period,2022-02-28,month,25518001632,2022-04-04
2239.3.1,Change of Net Asset Value due to subscription during the period,2022-02-28,ytd,149284857479,2022-03-02
2239.3.2,Change of Net Asset Value due to redemption during the period,2022-02-28,month,-47582727346,2022-04-04
2239.3.2,Change of Net Asset Value due to redemption during the period,2022-02-28,ytd,-87911000347,2022-03-02
2243,Net Asset Value at the end of period,2022-02-28,month,898528876092,2022-04-04
2243,Net Asset Value at the end of period,2022-02-28,ytd,898528876092,2022-03-02
2244,Average annual profit (only applicable to annual report),2022-02-28,month,0,2022-04-04
2244,Average annual profit (only applicable to annual report),2022-02-28,ytd,0,2022-03-02
2245,Average annual rate of return (only applicable to annual report),2022-02-28,month,0,2022-04-04
2245,Average annual rate of return (only applicable to annual report),2022-02-28,ytd,0,2022-03-02
,Change of Net Asset Value of the Fund during the period,2022-03-31,month,-48934031950,2022-05-05
,Change of Net Asset Value of the Fund during the period,2022-03-31,ytd,21570817911,2022-04-04
,Of which:,2022-03-31,month,0,2022-05-05
,Of which:,2022-03-31,ytd,0,2022-04-04
,Other Expenses,2022-03-31,month,0,2022-05-05
,Other Expenses,2022-03-31,ytd,0,2022-04-04
,Other incomes,2022-03-31,month,0,2022-05-05
,Other incomes,2022-03-31,ytd,563945205,2022-04-04
2220,Income from Investment Activities,2022-03-31,month,6297430783,2022-05-05
2220,Income from Investment Activities,2022-03-31,ytd,18427936698,2022-04-04
2221,"Dividend income, interest income from bonds",2022-03-31,month,4874652690,2022-05-05
2221,"Dividend income, interest income from bonds",2022-03-31,ytd,13189125390,2022-04-04
2221.1,Dividends income,2022-03-31,month,0,2022-05-05
2221.1,Dividends income,2022-03-31,ytd,0,2022-04-04
2221.2,Interest income from bonds,2022-03-31,month,4874652690,2022-05-05
2221.2,Interest income from bonds,2022-03-31,ytd,13189125390,2022-04-04
2222,Interest income,2022-03-31,month,1422778093,2022-05-05
2222,Interest income,2022-03-31,ytd,4674866103,2022-04-04
2222.1,Interest income from bank deposits,2022-03-31,month,155473984,2022-05-05
2222.1,Interest income from bank deposits,2022-03-31,ytd,463455144,2022-04-04
2222.2,Interest income from Certificates of Deposit,2022-03-31,month,1267304109,2022-05-05
2222.2,Interest income from Certificates of Deposit,2022-03-31,ytd,4211410959,2022-04-04
2222.3,Interest income from reverse repo contracts,2022-03-31,month,0,2022-05-05
2222.3,Interest income from reverse repo contracts,2022-03-31,ytd,0,2022-04-04
2223.1,Other investment incomes,2022-03-31,month,0,2022-05-05
2223.1,Other investment incomes,2022-03-31,ytd,0,2022-04-04
2223.3,"Provision expense for bad debts from dividends, interest income and written off bad debts from dividends, interest income",2022-03-31,month,0,2022-05-05
2223.3,"Provision expense for bad debts from dividends, interest income and written off bad debts from dividends, interest income",2022-03-31,ytd,0,2022-04-04
2224,Expenses,2022-03-31,month,1052184900,2022-05-05
2224,Expenses,2022-03-31,ytd,3104950423,2022-04-04
2225,Management Fee paid to Fund Management Company,2022-03-31,month,888155159,2022-05-05
2225,Management Fee paid to Fund Management Company,2022-03-31,ytd,2644794768,2022-04-04
2226,"Custody fee, Supervising fee paid to Supervising Bank/VSD",2022-03-31,month,63601015,2022-05-05
2226,"Custody fee, Supervising fee paid to Supervising Bank/VSD",2022-03-31,ytd,189029562,2022-04-04
2226.1,Custodian service - Safe Custody Fee,2022-03-31,month,29605172,2022-05-05
2226.1,Custodian service - Safe Custody Fee,2022-03-31,ytd,88159825,2022-04-04
2226.2,Custodian service - Transaction fee,2022-03-31,month,600000,2022-05-05
2226.2,Custodian service - Transaction fee,2022-03-31,ytd,1800000,2022-04-04
2226.3,"Custodian service -  Depository fee, Position and Margin management fee paid to VSD",2022-03-31,month,830154,2022-05-05
2226.3,"Custodian service -  Depository fee, Position and Margin management fee paid to VSD",2022-03-31,ytd,2093928,2022-04-04
2226.4,Supervisory fee,2022-03-31,month,32565689,2022-05-05
2226.4,Supervisory fee,2022-03-31,ytd,96975809,2022-04-04
2227,"Fund Administration Fee, and other fees paid to relevant Fund's service providers",2022-03-31,month,35424267,2022-05-05
2227,"Fund Administration Fee, and other fees paid to relevant Fund's service providers",2022-03-31,ytd,105731856,2022-04-04
2227.1,Fund Administration Fee,2022-03-31,month,24424267,2022-05-05
2227.1,Fund Administration Fee,2022-03-31,ytd,72731856,2022-04-04
2227.2,Transfer Agency Fee,2022-03-31,month,11000000,2022-05-05
2227.2,Transfer Agency Fee,2022-03-31,ytd,33000000,2022-04-04
2228,Audit fee,2022-03-31,month,9622739,2022-05-05
2228,Audit fee,2022-03-31,ytd,27936986,2022-04-04
2229,"Legal consultancy expenses, price feed fee, other valid expenses, remuneration paid to Fund's Board of Representatives",2022-03-31,month,9764383,2022-05-05
2229,"Legal consultancy expenses, price feed fee, other valid expenses, remuneration paid to Fund's Board of Representatives",2022-03-31,ytd,29219178,2022-04-04
2229.1,Remuneration of Fund's Board of Representatives,2022-03-31,month,9764383,2022-05-05
2229.1,Remuneration of Fund's Board of Representatives,2022-03-31,ytd,29219178,2022-04-04
2229.2,Price feed fee,2022-03-31,month,0,2022-05-05
2229.2,Price feed fee,2022-03-31,ytd,0,2022-04-04
2229.3,Legal consultancy expenses,2022-03-31,month,0,2022-05-05
2229.3,Legal consultancy expenses,2022-03-31,ytd,0,2022-04-04
2230,"Fee for drafting, printing, distribution of prospectus, summarised prospectus, financial statements, transaction confirmations, account statements and other documents to investors; information disclosure fee; fee for organising annual general meeting, board of representatives meeting",2022-03-31,month,0,2022-05-05
2230,"Fee for drafting, printing, distribution of prospectus, summarised prospectus, financial statements, transaction confirmations, account statements and other documents to investors; information disclosure fee; fee for organising annual general meeting, board of representatives meeting",2022-03-31,ytd,20471512,2022-04-04
2230.1,Meeting expenses,2022-03-31,month,0,2022-05-05
2230.1,Meeting expenses,2022-03-31,ytd,20471512,2022-04-04
2230.2,Annual report expenses,2022-03-31,month,0,2022-05-05
2230.2,Annual report expenses,2022-03-31,ytd,0,2022-04-04
2230.3,"Fund's Board of Representatives meeting, travelling expenses",2022-03-31,month,0,2022-05-05
2230.3,"Fund's Board of Representatives meeting, travelling expenses",2022-03-31,ytd,0,2022-04-04
2230.4,Expenses of information disclosure of the Fund,2022-03-31,month,0,2022-05-05
2230.4,Expenses of information disclosure of the Fund,2022-03-31,ytd,0,2022-04-04
2230.5,"Designing, printing, posting... expenses",2022-03-31,month,0,2022-05-05
2230.5,"Designing, printing, posting... expenses",2022-03-31,ytd,0,2022-04-04
2231,Expenses related to execution of Fund’s asset transactions,2022-03-31,month,38553687,2022-05-05
2231,Expenses related to execution of Fund’s asset transactions,2022-03-31,ytd,68765472,2022-04-04
2231.1,Brokerage fee,2022-03-31,month,38553687,2022-05-05
2231.1,Brokerage fee,2022-03-31,ytd,68663472,2022-04-04
2231.2,Clearing settlement fee,2022-03-31,month,0,2022-05-05
2231.2,Clearing settlement fee,2022-03-31,ytd,102000,2022-04-04
2232,Other expenses,2022-03-31,month,7063650,2022-05-05
2232,Other expenses,2022-03-31,ytd,19001089,2022-04-04
2232.1,Set up Expenses,2022-03-31,month,0,2022-05-05
2232.1,Set up Expenses,2022-03-31,ytd,0,2022-04-04
2232.2,"Listing, registration fees",2022-03-31,month,0,2022-05-05
2232.2,"Listing, registration fees",2022-03-31,ytd,0,2022-04-04
2232.3,Annual management fee paid to SSC,2022-03-31,month,0,2022-05-05
2232.3,Annual management fee paid to SSC,2022-03-31,ytd,0,2022-04-04
2232.4,Bank charges,2022-03-31,month,7063650,2022-05-05
2232.4,Bank charges,2022-03-31,ytd,17901089,2022-04-04
2232.5,Borrowing expense,2022-03-31,month,0,2022-05-05
2232.5,Borrowing expense,2022-03-31,ytd,0,2022-04-04
2232.7,Fee paid to VSD for getting the list of investors,2022-03-31,month,0,2022-05-05
2232.7,Fee paid to VSD for getting the list of investors,2022-03-31,ytd,1100000,2022-04-04
2233,Net Income from Investment Activities (= I - II),2022-03-31,month,5245245883,2022-05-05
2233,Net Income from Investment Activities (= I - II),2022-03-31,ytd,15322986275,2022-04-04
2234,Gain / (Loss) from Investment Activities,2022-03-31,month,196725786,2022-05-05
2234,Gain / (Loss) from Investment Activities,2022-03-31,ytd,-750021877,2022-04-04
2235,Realised Gain / (Loss) from disposal of investment or real estate transfer,2022-03-31,month,349943575,2022-05-05
2235,Realised Gain / (Loss) from disposal of investment or real estate transfer,2022-03-31,ytd,-235583457,2022-04-04
2236,Unrealised Gain / (Loss) due to market price,2022-03-31,month,-153217789,2022-05-05
2236,Unrealised Gain / (Loss) due to market price,2022-03-31,ytd,-514438420,2022-04-04
2237,Change of Net Asset Value of the Fund due to investment activities during the period (= III + IV),2022-03-31,month,5441971669,2022-05-05
2237,Change of Net Asset Value of the Fund due to investment activities during the period (= III + IV),2022-03-31,ytd,14572964398,2022-04-04
2238,Net Asset Value at the beginning of period,2022-03-31,month,898528876092,2022-05-05
2238,Net Asset Value at the beginning of period,2022-03-31,ytd,828024026231,2022-04-04
2239.1,Change of Net Asset Value due to investment activities during the period,2022-03-31,month,5441971669,2022-05-05
2239.1,Change of Net Asset Value due to investment activities during the period,2022-03-31,ytd,14572964398,2022-04-04
2239.2,Change of Net Asset Value due to  dividends payment to investors during the period,2022-03-31,month,0,2022-05-05
2239.2,Change of Net Asset Value due to  dividends payment to investors during the period,2022-03-31,ytd,0,2022-04-04
2239.3,Change of Net Asset Value due to subscription/redemption during the period,2022-03-31,month,-54376003619,2022-05-05
2239.3,Change of Net Asset Value due to subscription/redemption during the period,2022-03-31,ytd,6997853513,2022-04-04
2239.3.1,Change of Net Asset Value due to subscription during the period,2022-03-31,month,12346889294,2022-05-05
2239.3.1,Change of Net Asset Value due to subscription during the period,2022-03-31,ytd,161631746773,2022-04-04
2239.3.2,Change of Net Asset Value due to redemption during the period,2022-03-31,month,-66722892913,2022-05-05
2239.3.2,Change of Net Asset Value due to redemption during the period,2022-03-31,ytd,-154633893260,2022-04-04
2243,Net Asset Value at the end of period,2022-03-31,month,849594844142,2022-05-05
2243,Net Asset Value at the end of period,2022-03-31,ytd,849594844142,2022-04-04
2244,Average annual profit (only applicable to annual report),2022-03-31,month,0,2022-05-05
2244,Average annual profit (only applicable to annual report),2022-03-31,ytd,0,2022-04-04
2245,Average annual rate of return (only applicable to annual report),2022-03-31,month,0,2022-05-05
2245,Average annual rate of return (only applicable to annual report),2022-03-31,ytd,0,2022-04-04
,Change of Net Asset Value of the Fund during the period,2022-04-30,month,-19976171875,2022-06-01
,Change of Net Asset Value of the Fund during the period,2022-04-30,ytd,1594646036,2022-05-05
,Of which:,2022-04-30,month,,2022-05-05
,Of which:,2022-04-30,ytd,,2022-05-05
,Other Expenses,2022-04-30,month,0,2022-06-01
,Other Expenses,2022-04-30,month,25000000,2022-06-01
,Other Expenses,2022-04-30,ytd,0,2022-05-05
,Other Expenses,2022-04-30,ytd,25000000,2022-05-05
,Other incomes,2022-04-30,month,0,2022-06-01
,Other incomes,2022-04-30,ytd,563945205,2022-05-05
2220,Income from Investment Activities,2022-04-30,month,6058506082,2022-06-01
2220,Income from Investment Activities,2022-04-30,ytd,24486442780,2022-05-05
2221,"Dividend income, interest income from bonds",2022-04-30,month,5091921028,2022-06-01
2221,"Dividend income, interest income from bonds",2022-04-30,ytd,18281046418,2022-05-05
2221.1,Dividends income,2022-04-30,month,,2022-06-01
2221.1,Dividends income,2022-04-30,ytd,0,2022-05-05
2221.2,Interest income from bonds,2022-04-30,month,5091921028,2022-06-01
2221.2,Interest income from bonds,2022-04-30,ytd,18281046418,2022-05-05
2222,Interest income,2022-04-30,month,966585054,2022-06-01
2222,Interest income,2022-04-30,ytd,5641451157,2022-05-05
2222.1,Interest income from bank deposits,2022-04-30,month,159516562,2022-06-01
2222.1,Interest income from bank deposits,2022-04-30,ytd,622971706,2022-05-05
2222.2,Interest income from Certificates of Deposit,2022-04-30,month,807068492,2022-06-01
2222.2,Interest income from Certificates of Deposit,2022-04-30,ytd,5018479451,2022-05-05
2222.3,Interest income from reverse repo contracts,2022-04-30,month,0,2022-06-01
2222.3,Interest income from reverse repo contracts,2022-04-30,ytd,0,2022-05-05
2223.1,Other investment incomes,2022-04-30,month,0,2022-06-01
2223.1,Other investment incomes,2022-04-30,ytd,0,2022-05-05
2223.3,"Provision expense for bad debts from dividends, interest income and written off bad debts from dividends, interest income",2022-04-30,month,0,2022-06-01
2223.3,"Provision expense for bad debts from dividends, interest income and written off bad debts from dividends, interest income",2022-04-30,ytd,0,2022-05-05
2224,Expenses,2022-04-30,month,1000834479,2022-06-01
2224,Expenses,2022-04-30,ytd,4105784902,2022-05-05
2225,Management Fee paid to Fund Management Company,2022-04-30,month,827975851,2022-06-01
2225,Management Fee paid to Fund Management Company,2022-04-30,ytd,3472770619,2022-05-05
2226,"Custody fee, Supervising fee paid to Supervising Bank/VSD",2022-04-30,month,59700540,2022-06-01
2226,"Custody fee, Supervising fee paid to Supervising Bank/VSD",2022-04-30,ytd,248730102,2022-05-05
2226.1,Custodian service - Safe Custody Fee,2022-04-30,month,27599195,2022-06-01
2226.1,Custodian service - Safe Custody Fee,2022-04-30,ytd,115759020,2022-05-05
2226.2,Custodian service - Transaction fee,2022-04-30,month,1000000,2022-06-01
2226.2,Custodian service - Transaction fee,2022-04-30,ytd,2800000,2022-05-05
2226.3,"Custodian service -  Depository fee, Position and Margin management fee paid to VSD",2022-04-30,month,742230,2022-06-01
2226.3,"Custodian service -  Depository fee, Position and Margin management fee paid to VSD",2022-04-30,ytd,2836158,2022-05-05
2226.4,Supervisory fee,2022-04-30,month,30359115,2022-06-01
2226.4,Supervisory fee,2022-04-30,ytd,127334924,2022-05-05
2227,"Fund Administration Fee, and other fees paid to relevant Fund's service providers",2022-04-30,month,33769336,2022-06-01
2227,"Fund Administration Fee, and other fees paid to relevant Fund's service providers",2022-04-30,ytd,139501192,2022-05-05
2227.1,Fund Administration Fee,2022-04-30,month,22769336,2022-06-01
2227.1,Fund Administration Fee,2022-04-30,ytd,95501192,2022-05-05
2227.2,Transfer Agency Fee,2022-04-30,month,11000000,2022-06-01
2227.2,Transfer Agency Fee,2022-04-30,ytd,44000000,2022-05-05
2228,Audit fee,2022-04-30,month,9312329,2022-06-01
2228,Audit fee,2022-04-30,ytd,37249315,2022-05-05
2229,"Legal consultancy expenses, price feed fee, other valid expenses, remuneration paid to Fund's Board of Representatives",2022-04-30,month,9739726,2022-06-01
2229,"Legal consultancy expenses, price feed fee, other valid expenses, remuneration paid to Fund's Board of Representatives",2022-04-30,ytd,38958904,2022-05-05
2229.1,Remuneration of Fund's Board of Representatives,2022-04-30,month,9739726,2022-06-01
2229.1,Remuneration of Fund's Board of Representatives,2022-04-30,ytd,38958904,2022-05-05
2229.2,Price feed fee,2022-04-30,month,0,2022-06-01
2229.2,Price feed fee,2022-04-30,ytd,0,2022-05-05
2229.3,Legal consultancy expenses,2022-04-30,month,0,2022-06-01
2229.3,Legal consultancy expenses,2022-04-30,ytd,0,2022-05-05
2230,"Fee for drafting, printing, distribution of prospectus, summarised prospectus, financial statements, transaction confirmations, account statements and other documents to investors; information disclosure fee; fee for organising annual general meeting, board of representatives meeting",2022-04-30,month,0,2022-06-01
2230,"Fee for drafting, printing, distribution of prospectus, summarised prospectus, financial statements, transaction confirmations, account statements and other documents to investors; information disclosure fee; fee for organising annual general meeting, board of representatives meeting",2022-04-30,ytd,20471512,2022-05-05
2230.1,Meeting expenses,2022-04-30,month,0,2022-06-01
2230.1,Meeting expenses,2022-04-30,ytd,20471512,2022-05-05
2230.2,Annual report expenses,2022-04-30,month,0,2022-06-01
2230.2,Annual report expenses,2022-04-30,ytd,0,2022-05-05
2230.3,"Fund's Board of Representatives meeting, travelling expenses",2022-04-30,month,0,2022-06-01
2230.3,"Fund's Board of Representatives meeting, travelling expenses",2022-04-30,ytd,0,2022-05-05
2230.4,Expenses of information disclosure of the Fund,2022-04-30,month,0,2022-06-01
2230.4,Expenses of information disclosure of the Fund,2022-04-30,ytd,0,2022-05-05
2230.5,"Designing, printing, posting... expenses",2022-04-30,month,0,2022-06-01
2230.5,"Designing, printing, posting... expenses",2022-04-30,ytd,0,2022-05-05
2231,Expenses related to execution of Fund’s asset transactions,2022-04-30,month,50696847,2022-06-01
2231,Expenses related to execution of Fund’s asset transactions,2022-04-30,ytd,119462319,2022-05-05
2231.1,Brokerage fee,2022-04-30,month,25516847,2022-06-01
2231.1,Brokerage fee,2022-04-30,ytd,94180319,2022-05-05
2231.2,Clearing settlement fee,2022-04-30,month,180000,2022-06-01
2231.2,Clearing settlement fee,2022-04-30,ytd,282000,2022-05-05
2232,Other expenses,2022-04-30,month,9639850,2022-06-01
2232,Other expenses,2022-04-30,ytd,28640939,2022-05-05
2232.1,Set up Expenses,2022-04-30,month,0,2022-06-01
2232.1,Set up Expenses,2022-04-30,ytd,0,2022-05-05
2232.2,"Listing, registration fees",2022-04-30,month,0,2022-06-01
2232.2,"Listing, registration fees",2022-04-30,ytd,0,2022-05-05
2232.3,Annual management fee paid to SSC,2022-04-30,month,0,2022-06-01
2232.3,Annual management fee paid to SSC,2022-04-30,ytd,0,2022-05-05
2232.4,Bank charges,2022-04-30,month,8539850,2022-06-01
2232.4,Bank charges,2022-04-30,ytd,26440939,2022-05-05
2232.5,Borrowing expense,2022-04-30,month,0,2022-06-01
2232.5,Borrowing expense,2022-04-30,ytd,0,2022-05-05
2232.7,Fee paid to VSD for getting the list of investors,2022-04-30,month,1100000,2022-06-01
2232.7,Fee paid to VSD for getting the list of investors,2022-04-30,ytd,2200000,2022-05-05
2233,Net Income from Investment Activities (= I - II),2022-04-30,month,5057671603,2022-06-01
2233,Net Income from Investment Activities (= I - II),2022-04-30,ytd,20380657878,2022-05-05
2234,Gain / (Loss) from Investment Activities,2022-04-30,month,1589270992,2022-06-01
2234,Gain / (Loss) from Investment Activities,2022-04-30,ytd,839249115,2022-05-05
2235,Realised Gain / (Loss) from disposal of investment or real estate transfer,2022-04-30,month,962707076,2022-06-01
2235,Realised Gain / (Loss) from disposal of investment or real estate transfer,2022-04-30,ytd,727123619,2022-05-05
2236,Unrealised Gain / (Loss) due to market price,2022-04-30,month,626563916,2022-06-01
2236,Unrealised Gain / (Loss) due to market price,2022-04-30,ytd,112125496,2022-05-05
2237,Change of Net Asset Value of the Fund due to investment activities during the period (= III + IV),2022-04-30,month,6646942595,2022-06-01
2237,Change of Net Asset Value of the Fund due to investment activities during the period (= III + IV),2022-04-30,ytd,21219906993,2022-05-05
2238,Net Asset Value at the beginning of period,2022-04-30,month,849594844142,2022-06-01
2238,Net Asset Value at the beginning of period,2022-04-30,ytd,828024026231,2022-05-05
2239.1,Change of Net Asset Value due to investment activities during the period,2022-04-30,month,6646942595,2022-06-01
2239.1,Change of Net Asset Value due to investment activities during the period,2022-04-30,ytd,21219906993,2022-05-05
2239.2,Change of Net Asset Value due to  dividends payment to investors during the period,2022-04-30,month,0,2022-06-01
2239.2,Change of Net Asset Value due to  dividends payment to investors during the period,2022-04-30,ytd,0,2022-05-05
2239.3,Change of Net Asset Value due to subscription/redemption during the period,2022-04-30,month,-26623114470,2022-06-01
2239.3,Change of Net Asset Value due to subscription/redemption during the period,2022-04-30,ytd,-19625260957,2022-05-05
2239.3.1,Change of Net Asset Value due to subscription during the period,2022-04-30,month,18253275864,2022-06-01
2239.3.1,Change of Net Asset Value due to subscription during the period,2022-04-30,ytd,179885022637,2022-05-05
2239.3.2,Change of Net Asset Value due to redemption during the period,2022-04-30,month,-44876390334,2022-06-01
2239.3.2,Change of Net Asset Value due to redemption during the period,2022-04-30,ytd,-199510283594,2022-05-05
2243,Net Asset Value at the end of period,2022-04-30,month,829618672267,2022-06-01
2243,Net Asset Value at the end of period,2022-04-30,ytd,829618672267,2022-05-05
2244,Average annual profit (only applicable to annual report),2022-04-30,month,0,2022-06-01
2244,Average annual profit (only applicable to annual report),2022-04-30,ytd,0,2022-05-05
2245,Average annual rate of return (only applicable to annual report),2022-04-30,month,0,2022-06-01
2245,Average annual rate of return (only applicable to annual report),2022-04-30,ytd,0,2022-05-05
,Change of Net Asset Value of the Fund during the period,2022-05-31,month,-9189319836,2022-07-01
,Change of Net Asset Value of the Fund during the period,2022-05-31,ytd,-7594673800,2022-06-01
,Other Expenses,2022-05-31,month,0,2022-07-01
,Other Expenses,2022-05-31,ytd,0,2022-06-01
,Other Expenses,2022-05-31,ytd,25000000,2022-06-01
,Other incomes,2022-05-31,month,0,2022-07-01
,Other incomes,2022-05-31,ytd,563945205,2022-06-01
2220,Income from Investment Activities,2022-05-31,month,6358308441,2022-07-01
2220,Income from Investment Activities,2022-05-31,ytd,30844751221,2022-06-01
2221,"Dividend income, interest income from bonds",2022-05-31,month,5436749700,2022-07-01
2221,"Dividend income, interest income from bonds",2022-05-31,ytd,23717796118,2022-06-01
2221.1,Dividends income,2022-05-31,month,,2022-07-01
2221.1,Dividends income,2022-05-31,ytd,0,2022-06-01
2221.2,Interest income from bonds,2022-05-31,month,5436749700,2022-07-01
2221.2,Interest income from bonds,2022-05-31,ytd,23717796118,2022-06-01
2222,Interest income,2022-05-31,month,921558741,2022-07-01
2222,Interest income,2022-05-31,ytd,6563009898,2022-06-01
2222.1,Interest income from bank deposits,2022-05-31,month,183295726,2022-07-01
2222.1,Interest income from bank deposits,2022-05-31,ytd,806267432,2022-06-01
2222.2,Interest income from Certificates of Deposit,2022-05-31,month,738263015,2022-07-01
2222.2,Interest income from Certificates of Deposit,2022-05-31,ytd,5756742466,2022-06-01
2222.3,Interest income from reverse repo contracts,2022-05-31,month,0,2022-07-01
2222.3,Interest income from reverse repo contracts,2022-05-31,ytd,0,2022-06-01
2223.1,Other investment incomes,2022-05-31,month,0,2022-07-01
2223.1,Other investment incomes,2022-05-31,ytd,0,2022-06-01
2223.3,"Provision expense for bad debts from dividends, interest income and written off bad debts from dividends, interest income",2022-05-31,month,0,2022-07-01
2223.3,"Provision expense for bad debts from dividends, interest income and written off bad debts from dividends, interest income",2022-05-31,ytd,0,2022-06-01
2224,Expenses,2022-05-31,month,1022911558,2022-07-01
2224,Expenses,2022-05-31,ytd,5128696460,2022-06-01
2225,Management Fee paid to Fund Management Company,2022-05-31,month,845267141,2022-07-01
2225,Management Fee paid to Fund Management Company,2022-05-31,ytd,4318037760,2022-06-01
2226,"Custody fee, Supervising fee paid to Supervising Bank/VSD",2022-05-31,month,60570077,2022-07-01
2226,"Custody fee, Supervising fee paid to Supervising Bank/VSD",2022-05-31,ytd,309300179,2022-06-01
2226.1,Custodian service - Safe Custody Fee,2022-05-31,month,28175572,2022-07-01
2226.1,Custodian service - Safe Custody Fee,2022-05-31,ytd,143934592,2022-06-01
2226.2,Custodian service - Transaction fee,2022-05-31,month,500000,2022-07-01
2226.2,Custodian service - Transaction fee,2022-05-31,ytd,3300000,2022-06-01
2226.3,"Custodian service -  Depository fee, Position and Margin management fee paid to VSD",2022-05-31,month,901375,2022-07-01
2226.3,"Custodian service -  Depository fee, Position and Margin management fee paid to VSD",2022-05-31,ytd,3737533,2022-06-01
2226.4,Supervisory fee,2022-05-31,month,30993130,2022-07-01
2226.4,Supervisory fee,2022-05-31,ytd,158328054,2022-06-01
2227,"Fund Administration Fee, and other fees paid to relevant Fund's service providers",2022-05-31,month,34244846,2022-07-01
2227,"Fund Administration Fee, and other fees paid to relevant Fund's service providers",2022-05-31,ytd,173746038,2022-06-01
2227.1,Fund Administration Fee,2022-05-31,month,23244846,2022-07-01
2227.1,Fund Administration Fee,2022-05-31,ytd,118746038,2022-06-01
2227.2,Transfer Agency Fee,2022-05-31,month,11000000,2022-07-01
2227.2,Transfer Agency Fee,2022-05-31,ytd,55000000,2022-06-01
2228,Audit fee,2022-05-31,month,10574740,2022-07-01
2228,Audit fee,2022-05-31,ytd,47824055,2022-06-01
2229,"Legal consultancy expenses, price feed fee, other valid expenses, remuneration paid to Fund's Board of Representatives",2022-05-31,month,22264384,2022-07-01
2229,"Legal consultancy expenses, price feed fee, other valid expenses, remuneration paid to Fund's Board of Representatives",2022-05-31,ytd,61223288,2022-06-01
2229.1,Remuneration of Fund's Board of Representatives,2022-05-31,month,9764384,2022-07-01
2229.1,Remuneration of Fund's Board of Representatives,2022-05-31,ytd,48723288,2022-06-01
2229.2,Price feed fee,2022-05-31,month,12500000,2022-07-01
2229.2,Price feed fee,2022-05-31,ytd,12500000,2022-06-01
2229.3,Legal consultancy expenses,2022-05-31,month,0,2022-07-01
2229.3,Legal consultancy expenses,2022-05-31,ytd,0,2022-06-01
2230,"Fee for drafting, printing, distribution of prospectus, summarised prospectus, financial statements, transaction confirmations, account statements and other documents to investors; information disclosure fee; fee for organising annual general meeting, board of representatives meeting",2022-05-31,month,38144000,2022-07-01
2230,"Fee for drafting, printing, distribution of prospectus, summarised prospectus, financial statements, transaction confirmations, account statements and other documents to investors; information disclosure fee; fee for organising annual general meeting, board of representatives meeting",2022-05-31,ytd,58615512,2022-06-01
2230.1,Meeting expenses,2022-05-31,month,38144000,2022-07-01
2230.1,Meeting expenses,2022-05-31,ytd,58615512,2022-06-01
2230.2,Annual report expenses,2022-05-31,month,0,2022-07-01
2230.2,Annual report expenses,2022-05-31,ytd,0,2022-06-01
2230.3,"Fund's Board of Representatives meeting, travelling expenses",2022-05-31,month,0,2022-07-01
2230.3,"Fund's Board of Representatives meeting, travelling expenses",2022-05-31,ytd,0,2022-06-01
2230.4,Expenses of information disclosure of the Fund,2022-05-31,month,0,2022-07-01
2230.4,Expenses of information disclosure of the Fund,2022-05-31,ytd,0,2022-06-01
2230.5,"Designing, printing, posting... expenses",2022-05-31,month,0,2022-07-01
2230.5,"Designing, printing, posting... expenses",2022-05-31,ytd,0,2022-06-01
2231,Expenses related to execution of Fund’s asset transactions,2022-05-31,month,4366920,2022-07-01
2231,Expenses related to execution of Fund’s asset transactions,2022-05-31,ytd,123829239,2022-06-01
2231.1,Brokerage fee,2022-05-31,month,4102920,2022-07-01
2231.1,Brokerage fee,2022-05-31,ytd,98283239,2022-06-01
2231.2,Clearing settlement fee,2022-05-31,month,264000,2022-07-01
2231.2,Clearing settlement fee,2022-05-31,ytd,546000,2022-06-01
2232,Other expenses,2022-05-31,month,7479450,2022-07-01
2232,Other expenses,2022-05-31,ytd,36120389,2022-06-01
2232.1,Set up Expenses,2022-05-31,month,0,2022-07-01
2232.1,Set up Expenses,2022-05-31,ytd,0,2022-06-01
2232.2,"Listing, registration fees",2022-05-31,month,0,2022-07-01
2232.2,"Listing, registration fees",2022-05-31,ytd,0,2022-06-01
2232.3,Annual management fee paid to SSC,2022-05-31,month,0,2022-07-01
2232.3,Annual management fee paid to SSC,2022-05-31,ytd,0,2022-06-01
2232.4,Bank charges,2022-05-31,month,7479450,2022-07-01
2232.4,Bank charges,2022-05-31,ytd,33920389,2022-06-01
2232.5,Borrowing expense,2022-05-31,month,0,2022-07-01
2232.5,Borrowing expense,2022-05-31,ytd,0,2022-06-01
2232.7,Fee paid to VSD for getting the list of investors,2022-05-31,month,0,2022-07-01
2232.7,Fee paid to VSD for getting the list of investors,2022-05-31,ytd,2200000,2022-06-01
2233,Net Income from Investment Activities (= I - II),2022-05-31,month,5335396883,2022-07-01
2233,Net Income from Investment Activities (= I - II),2022-05-31,ytd,25716054761,2022-06-01
2234,Gain / (Loss) from Investment Activities,2022-05-31,month,-470841285,2022-07-01
2234,Gain / (Loss) from Investment Activities,2022-05-31,ytd,368407830,2022-06-01
2235,Realised Gain / (Loss) from disposal of investment or real estate transfer,2022-05-31,month,53402055,2022-07-01
2235,Realised Gain / (Loss) from disposal of investment or real estate transfer,2022-05-31,ytd,780525674,2022-06-01
2236,Unrealised Gain / (Loss) due to market price,2022-05-31,month,-524243340,2022-07-01
2236,Unrealised Gain / (Loss) due to market price,2022-05-31,ytd,-412117844,2022-06-01
2237,Change of Net Asset Value of the Fund due to investment activities during the period (= III + IV),2022-05-31,month,4864555598,2022-07-01
2237,Change of Net Asset Value of the Fund due to investment activities during the period (= III + IV),2022-05-31,ytd,26084462591,2022-06-01
2238,Net Asset Value at the beginning of period,2022-05-31,month,829618672267,2022-07-01
2238,Net Asset Value at the beginning of period,2022-05-31,ytd,828024026231,2022-06-01
2239.1,Change of Net Asset Value due to investment activities during the period,2022-05-31,month,4864555598,2022-07-01
2239.1,Change of Net Asset Value due to investment activities during the period,2022-05-31,ytd,26084462591,2022-06-01
2239.2,Change of Net Asset Value due to  dividends payment to investors during the period,2022-05-31,month,0,2022-07-01
2239.2,Change of Net Asset Value due to  dividends payment to investors during the period,2022-05-31,ytd,0,2022-06-01
2239.3,Change of Net Asset Value due to subscription/redemption during the period,2022-05-31,month,-14053875434,2022-07-01
2239.3,Change of Net Asset Value due to subscription/redemption during the period,2022-05-31,ytd,-33679136391,2022-06-01
2239.3.1,Change of Net Asset Value due to subscription during the period,2022-05-31,month,14961414098,2022-07-01
2239.3.1,Change of Net Asset Value due to subscription during the period,2022-05-31,ytd,194846436735,2022-06-01
2239.3.2,Change of Net Asset Value due to redemption during the period,2022-05-31,month,-29015289532,2022-07-01
2239.3.2,Change of Net Asset Value due to redemption during the period,2022-05-31,ytd,-228525573126,2022-06-01
2243,Net Asset Value at the end of period,2022-05-31,month,820429352431,2022-07-01
2243,Net Asset Value at the end of period,2022-05-31,ytd,820429352431,2022-06-01
2244,Average annual profit (only applicable to annual report),2022-05-31,month,0,2022-07-01
2244,Average annual profit (only applicable to annual report),2022-05-31,ytd,0,2022-06-01
2245,Average annual rate of return (only applicable to annual report),2022-05-31,month,0,2022-07-01
2245,Average annual rate of return (only applicable to annual report),2022-05-31,ytd,0,2022-06-01
,Change of Net Asset Value of the Fund during the period,2022-06-30,month,-5892730846,2022-08-01
,Change of Net Asset Value of the Fund during the period,2022-06-30,ytd,-13487404646,2022-07-01
,Other Expenses,2022-06-30,month,0,2022-08-01
,Other Expenses,2022-06-30,month,22000000,2022-08-01
,Other Expenses,2022-06-30,ytd,0,2022-07-01
,Other Expenses,2022-06-30,ytd,47000000,2022-07-01
,Other incomes,2022-06-30,month,0,2022-08-01
,Other incomes,2022-06-30,ytd,563945205,2022-07-01
2220,Income from Investment Activities,2022-06-30,month,6062135935,2022-08-01
2220,Income from Investment Activities,2022-06-30,ytd,36906887156,2022-07-01
2221,"Dividend income, interest income from bonds",2022-06-30,month,5230561871,2022-08-01
2221,"Dividend income, interest income from bonds",2022-06-30,ytd,28948357989,2022-07-01
2221.1,Dividends income,2022-06-30,month,0,2022-08-01
2221.1,Dividends income,2022-06-30,ytd,0,2022-07-01
2221.2,Interest income from bonds,2022-06-30,month,5230561871,2022-08-01
2221.2,Interest income from bonds,2022-06-30,ytd,28948357989,2022-07-01
2222,Interest income,2022-06-30,month,831574064,2022-08-01
2222,Interest income,2022-06-30,ytd,7394583962,2022-07-01
2222.1,Interest income from bank deposits,2022-06-30,month,134094612,2022-08-01
2222.1,Interest income from bank deposits,2022-06-30,ytd,940362044,2022-07-01
2222.2,Interest income from Certificates of Deposit,2022-06-30,month,697479452,2022-08-01
2222.2,Interest income from Certificates of Deposit,2022-06-30,ytd,6454221918,2022-07-01
2222.3,Interest income from reverse repo contracts,2022-06-30,month,0,2022-08-01
2222.3,Interest income from reverse repo contracts,2022-06-30,ytd,0,2022-07-01
2223.1,Other investment incomes,2022-06-30,month,0,2022-08-01
2223.1,Other investment incomes,2022-06-30,ytd,0,2022-07-01
2223.3,"Provision expense for bad debts from dividends, interest income and written off bad debts from dividends, interest income",2022-06-30,month,0,2022-08-01
2223.3,"Provision expense for bad debts from dividends, interest income and written off bad debts from dividends, interest income",2022-06-30,ytd,0,2022-07-01
2224,Expenses,2022-06-30,month,986905835,2022-08-01
2224,Expenses,2022-06-30,ytd,6115602295,2022-07-01
2225,Management Fee paid to Fund Management Company,2022-06-30,month,807006413,2022-08-01
2225,Management Fee paid to Fund Management Company,2022-06-30,ytd,5125044173,2022-07-01
2226,"Custody fee, Supervising fee paid to Supervising Bank/VSD",2022-06-30,month,58288503,2022-08-01
2226,"Custody fee, Supervising fee paid to Supervising Bank/VSD",2022-06-30,ytd,367588682,2022-07-01
2226.1,Custodian service - Safe Custody Fee,2022-06-30,month,26900215,2022-08-01
2226.1,Custodian service - Safe Custody Fee,2022-06-30,ytd,170834807,2022-07-01
2226.2,Custodian service - Transaction fee,2022-06-30,month,900000,2022-08-01
2226.2,Custodian service - Transaction fee,2022-06-30,ytd,4200000,2022-07-01
2226.3,"Custodian service -  Depository fee, Position and Margin management fee paid to VSD",2022-06-30,month,898053,2022-08-01
2226.3,"Custodian service -  Depository fee, Position and Margin management fee paid to VSD",2022-06-30,ytd,4635586,2022-07-01
2226.4,Supervisory fee,2022-06-30,month,29590235,2022-08-01
2226.4,Supervisory fee,2022-06-30,ytd,187918289,2022-07-01
2227,"Fund Administration Fee, and other fees paid to relevant Fund's service providers",2022-06-30,month,33192676,2022-08-01
2227,"Fund Administration Fee, and other fees paid to relevant Fund's service providers",2022-06-30,ytd,206938714,2022-07-01
2227.1,Fund Administration Fee,2022-06-30,month,22192676,2022-08-01
2227.1,Fund Administration Fee,2022-06-30,ytd,140938714,2022-07-01
2227.2,Transfer Agency Fee,2022-06-30,month,11000000,2022-08-01
2227.2,Transfer Agency Fee,2022-06-30,ytd,66000000,2022-07-01
2228,Audit fee,2022-06-30,month,10688964,2022-08-01
2228,Audit fee,2022-06-30,ytd,58513019,2022-07-01
2229,"Legal consultancy expenses, price feed fee, other valid expenses, remuneration paid to Fund's Board of Representatives",2022-06-30,month,22785833,2022-08-01
2229,"Legal consultancy expenses, price feed fee, other valid expenses, remuneration paid to Fund's Board of Representatives",2022-06-30,ytd,84009121,2022-07-01
2229.1,Remuneration of Fund's Board of Representatives,2022-06-30,month,6319165,2022-08-01
2229.1,Remuneration of Fund's Board of Representatives,2022-06-30,ytd,55042453,2022-07-01
2229.2,Price feed fee,2022-06-30,month,16466668,2022-08-01
2229.2,Price feed fee,2022-06-30,ytd,28966668,2022-07-01
2229.3,Legal consultancy expenses,2022-06-30,month,0,2022-08-01
2229.3,Legal consultancy expenses,2022-06-30,ytd,0,2022-07-01
2230,"Fee for drafting, printing, distribution of prospectus, summarised prospectus, financial statements, transaction confirmations, account statements and other documents to investors; information disclosure fee; fee for organising annual general meeting, board of representatives meeting",2022-06-30,month,0,2022-08-01
2230,"Fee for drafting, printing, distribution of prospectus, summarised prospectus, financial statements, transaction confirmations, account statements and other documents to investors; information disclosure fee; fee for organising annual general meeting, board of representatives meeting",2022-06-30,ytd,58615512,2022-07-01
2230.1,Meeting expenses,2022-06-30,month,0,2022-08-01
2230.1,Meeting expenses,2022-06-30,ytd,58615512,2022-07-01
2230.2,Annual report expenses,2022-06-30,month,0,2022-08-01
2230.2,Annual report expenses,2022-06-30,ytd,0,2022-07-01
2230.3,"Fund's Board of Representatives meeting, travelling expenses",2022-06-30,month,0,2022-08-01
2230.3,"Fund's Board of Representatives meeting, travelling expenses",2022-06-30,ytd,0,2022-07-01
2230.4,Expenses of information disclosure of the Fund,2022-06-30,month,0,2022-08-01
2230.4,Expenses of information disclosure of the Fund,2022-06-30,ytd,0,2022-07-01
2230.5,"Designing, printing, posting... expenses",2022-06-30,month,0,2022-08-01
2230.5,"Designing, printing, posting... expenses",2022-06-30,ytd,0,2022-07-01
2231,Expenses related to execution of Fund’s asset transactions,2022-06-30,month,45124021,2022-08-01
2231,Expenses related to execution of Fund’s asset transactions,2022-06-30,ytd,168953260,2022-07-01
2231.1,Brokerage fee,2022-06-30,month,23124021,2022-08-01
2231.1,Brokerage fee,2022-06-30,ytd,121407260,2022-07-01
2231.2,Clearing settlement fee,2022-06-30,month,0,2022-08-01
2231.2,Clearing settlement fee,2022-06-30,ytd,546000,2022-07-01
2232,Other expenses,2022-06-30,month,9819425,2022-08-01
2232,Other expenses,2022-06-30,ytd,45939814,2022-07-01
2232.1,Set up Expenses,2022-06-30,month,0,2022-08-01
2232.1,Set up Expenses,2022-06-30,ytd,0,2022-07-01
2232.2,"Listing, registration fees",2022-06-30,month,0,2022-08-01
2232.2,"Listing, registration fees",2022-06-30,ytd,0,2022-07-01
2232.3,Annual management fee paid to SSC,2022-06-30,month,0,2022-08-01
2232.3,Annual management fee paid to SSC,2022-06-30,ytd,0,2022-07-01
2232.4,Bank charges,2022-06-30,month,9819425,2022-08-01
2232.4,Bank charges,2022-06-30,ytd,43739814,2022-07-01
2232.5,Borrowing expense,2022-06-30,month,0,2022-08-01
2232.5,Borrowing expense,2022-06-30,ytd,0,2022-07-01
2232.7,Fee paid to VSD for getting the list of investors,2022-06-30,month,0,2022-08-01
2232.7,Fee paid to VSD for getting the list of investors,2022-06-30,ytd,2200000,2022-07-01
2233,Net Income from Investment Activities (= I - II),2022-06-30,month,5075230100,2022-08-01
2233,Net Income from Investment Activities (= I - II),2022-06-30,ytd,30791284861,2022-07-01
2234,Gain / (Loss) from Investment Activities,2022-06-30,month,-98094348,2022-08-01
2234,Gain / (Loss) from Investment Activities,2022-06-30,ytd,270313482,2022-07-01
2235,Realised Gain / (Loss) from disposal of investment or real estate transfer,2022-06-30,month,28685385,2022-08-01
2235,Realised Gain / (Loss) from disposal of investment or real estate transfer,2022-06-30,ytd,809211059,2022-07-01
2236,Unrealised Gain / (Loss) due to market price,2022-06-30,month,-126779733,2022-08-01
2236,Unrealised Gain / (Loss) due to market price,2022-06-30,ytd,-538897577,2022-07-01
2237,Change of Net Asset Value of the Fund due to investment activities during the period (= III + IV),2022-06-30,month,4977135752,2022-08-01
2237,Change of Net Asset Value of the Fund due to investment activities during the period (= III + IV),2022-06-30,ytd,31061598343,2022-07-01
2238,Net Asset Value at the beginning of period,2022-06-30,month,820429352431,2022-08-01
2238,Net Asset Value at the beginning of period,2022-06-30,ytd,828024026231,2022-07-01
2239.1,Change of Net Asset Value due to investment activities during the period,2022-06-30,month,4977135752,2022-08-01
2239.1,Change of Net Asset Value due to investment activities during the period,2022-06-30,ytd,31061598343,2022-07-01
2239.2,Change of Net Asset Value due to  dividends payment to investors during the period,2022-06-30,month,0,2022-08-01
2239.2,Change of Net Asset Value due to  dividends payment to investors during the period,2022-06-30,ytd,0,2022-07-01
2239.3,Change of Net Asset Value due to subscription/redemption during the period,2022-06-30,month,-10869866598,2022-08-01
2239.3,Change of Net Asset Value due to subscription/redemption during the period,2022-06-30,ytd,-44549002989,2022-07-01
2239.3.1,Change of Net Asset Value due to subscription during the period,2022-06-30,month,12922890541,2022-08-01
2239.3.1,Change of Net Asset Value due to subscription during the period,2022-06-30,ytd,207769327276,2022-07-01
2239.3.2,Change of Net Asset Value due to redemption during the period,2022-06-30,month,-23792757139,2022-08-01
2239.3.2,Change of Net Asset Value due to redemption during the period,2022-06-30,ytd,-252318330265,2022-07-01
2243,Net Asset Value at the end of period,2022-06-30,month,814536621585,2022-08-01
2243,Net Asset Value at the end of period,2022-06-30,ytd,814536621585,2022-07-01
2244,Average annual profit (only applicable to annual report),2022-06-30,month,0,2022-08-01
2244,Average annual profit (only applicable to annual report),2022-06-30,ytd,0,2022-07-01
2245,Average annual rate of return (only applicable to annual report),2022-06-30,month,0,2022-08-01
2245,Average annual rate of return (only applicable to annual report),2022-06-30,ytd,0,2022-07-01
,Change of Net Asset Value of the Fund during the period,2022-07-31,month,3495795683,2022-09-05
,Change of Net Asset Value of the Fund during the period,2022-07-31,ytd,-9991608963,2022-08-01
,Other Expenses,2022-07-31,month,0,2022-09-05
,Other Expenses,2022-07-31,ytd,0,2022-08-01
,Other Expenses,2022-07-31,ytd,47000000,2022-08-01
,Other incomes,2022-07-31,month,0,2022-09-05
,Other incomes,2022-07-31,ytd,563945205,2022-08-01
2220,Income from Investment Activities,2022-07-31,month,6222581857,2022-09-05
2220,Income from Investment Activities,2022-07-31,ytd,43129469013,2022-08-01
2221,"Dividend income, interest income from bonds",2022-07-31,month,5371972507,2022-09-05
2221,"Dividend income, interest income from bonds",2022-07-31,ytd,34320330496,2022-08-01
2221.1,Dividends income,2022-07-31,month,0,2022-09-05
2221.1,Dividends income,2022-07-31,ytd,0,2022-08-01
2221.2,Interest income from bonds,2022-07-31,month,5371972507,2022-09-05
2221.2,Interest income from bonds,2022-07-31,ytd,34320330496,2022-08-01
2222,Interest income,2022-07-31,month,850609350,2022-09-05
2222,Interest income,2022-07-31,ytd,8245193312,2022-08-01
2222.1,Interest income from bank deposits,2022-07-31,month,160579214,2022-09-05
2222.1,Interest income from bank deposits,2022-07-31,ytd,1100941258,2022-08-01
2222.2,Interest income from Certificates of Deposit,2022-07-31,month,690030136,2022-09-05
2222.2,Interest income from Certificates of Deposit,2022-07-31,ytd,7144252054,2022-08-01
2222.3,Interest income from reverse repo contracts,2022-07-31,month,0,2022-09-05
2222.3,Interest income from reverse repo contracts,2022-07-31,ytd,0,2022-08-01
2223.1,Other investment incomes,2022-07-31,month,0,2022-09-05
2223.1,Other investment incomes,2022-07-31,ytd,0,2022-08-01
2223.3,"Provision expense for bad debts from dividends, interest income and written off bad debts from dividends, interest income",2022-07-31,month,0,2022-09-05
2223.3,"Provision expense for bad debts from dividends, interest income and written off bad debts from dividends, interest income",2022-07-31,ytd,0,2022-08-01
2224,Expenses,2022-07-31,month,1021240056,2022-09-05
2224,Expenses,2022-07-31,ytd,7136842351,2022-08-01
2225,Management Fee paid to Fund Management Company,2022-07-31,month,830396726,2022-09-05
2225,Management Fee paid to Fund Management Company,2022-07-31,ytd,5955440899,2022-08-01
2226,"Custody fee, Supervising fee paid to Supervising Bank/VSD",2022-07-31,month,59460129,2022-09-05
2226,"Custody fee, Supervising fee paid to Supervising Bank/VSD",2022-07-31,ytd,427048811,2022-08-01
2226.1,Custodian service - Safe Custody Fee,2022-07-31,month,27679891,2022-09-05
2226.1,Custodian service - Safe Custody Fee,2022-07-31,ytd,198514698,2022-08-01
2226.2,Custodian service - Transaction fee,2022-07-31,month,400000,2022-09-05
2226.2,Custodian service - Transaction fee,2022-07-31,ytd,4600000,2022-08-01
2226.3,"Custodian service -  Depository fee, Position and Margin management fee paid to VSD",2022-07-31,month,932358,2022-09-05
2226.3,"Custodian service -  Depository fee, Position and Margin management fee paid to VSD",2022-07-31,ytd,5567944,2022-08-01
2226.4,Supervisory fee,2022-07-31,month,30447880,2022-09-05
2226.4,Supervisory fee,2022-07-31,ytd,218366169,2022-08-01
2227,"Fund Administration Fee, and other fees paid to relevant Fund's service providers",2022-07-31,month,33835910,2022-09-05
2227,"Fund Administration Fee, and other fees paid to relevant Fund's service providers",2022-07-31,ytd,240774624,2022-08-01
2227.1,Fund Administration Fee,2022-07-31,month,22835910,2022-09-05
2227.1,Fund Administration Fee,2022-07-31,ytd,163774624,2022-08-01
2227.2,Transfer Agency Fee,2022-07-31,month,11000000,2022-09-05
2227.2,Transfer Agency Fee,2022-07-31,ytd,77000000,2022-08-01
2228,Audit fee,2022-07-31,month,11045263,2022-09-05
2228,Audit fee,2022-07-31,ytd,69558282,2022-08-01
2229,"Legal consultancy expenses, price feed fee, other valid expenses, remuneration paid to Fund's Board of Representatives",2022-07-31,month,51563138,2022-09-05
2229,"Legal consultancy expenses, price feed fee, other valid expenses, remuneration paid to Fund's Board of Representatives",2022-07-31,ytd,135572259,2022-08-01
2229.1,Remuneration of Fund's Board of Representatives,2022-07-31,month,6329804,2022-09-05
2229.1,Remuneration of Fund's Board of Representatives,2022-07-31,ytd,61372257,2022-08-01
2229.2,Price feed fee,2022-07-31,month,45233334,2022-09-05
2229.2,Price feed fee,2022-07-31,ytd,74200002,2022-08-01
2229.3,Legal consultancy expenses,2022-07-31,month,0,2022-09-05
2229.3,Legal consultancy expenses,2022-07-31,ytd,0,2022-08-01
2230,"Fee for drafting, printing, distribution of prospectus, summarised prospectus, financial statements, transaction confirmations, account statements and other documents to investors; information disclosure fee; fee for organising annual general meeting, board of representatives meeting",2022-07-31,month,1939140,2022-09-05
2230,"Fee for drafting, printing, distribution of prospectus, summarised prospectus, financial statements, transaction confirmations, account statements and other documents to investors; information disclosure fee; fee for organising annual general meeting, board of representatives meeting",2022-07-31,ytd,60554652,2022-08-01
2230.1,Meeting expenses,2022-07-31,month,1939140,2022-09-05
2230.1,Meeting expenses,2022-07-31,ytd,60554652,2022-08-01
2230.2,Annual report expenses,2022-07-31,month,0,2022-09-05
2230.2,Annual report expenses,2022-07-31,ytd,0,2022-08-01
2230.3,"Fund's Board of Representatives meeting, travelling expenses",2022-07-31,month,0,2022-09-05
2230.3,"Fund's Board of Representatives meeting, travelling expenses",2022-07-31,ytd,0,2022-08-01
2230.4,Expenses of information disclosure of the Fund,2022-07-31,month,0,2022-09-05
2230.4,Expenses of information disclosure of the Fund,2022-07-31,ytd,0,2022-08-01
2230.5,"Designing, printing, posting... expenses",2022-07-31,month,0,2022-09-05
2230.5,"Designing, printing, posting... expenses",2022-07-31,ytd,0,2022-08-01
2231,Expenses related to execution of Fund’s asset transactions,2022-07-31,month,24908700,2022-09-05
2231,Expenses related to execution of Fund’s asset transactions,2022-07-31,ytd,193861960,2022-08-01
2231.1,Brokerage fee,2022-07-31,month,24728700,2022-09-05
2231.1,Brokerage fee,2022-07-31,ytd,146135960,2022-08-01
2231.2,Clearing settlement fee,2022-07-31,month,180000,2022-09-05
2231.2,Clearing settlement fee,2022-07-31,ytd,726000,2022-08-01
2232,Other expenses,2022-07-31,month,8091050,2022-09-05
2232,Other expenses,2022-07-31,ytd,54030864,2022-08-01
2232.1,Set up Expenses,2022-07-31,month,0,2022-09-05
2232.1,Set up Expenses,2022-07-31,ytd,0,2022-08-01
2232.2,"Listing, registration fees",2022-07-31,month,0,2022-09-05
2232.2,"Listing, registration fees",2022-07-31,ytd,0,2022-08-01
2232.3,Annual management fee paid to SSC,2022-07-31,month,0,2022-09-05
2232.3,Annual management fee paid to SSC,2022-07-31,ytd,0,2022-08-01
2232.4,Bank charges,2022-07-31,month,8091050,2022-09-05
2232.4,Bank charges,2022-07-31,ytd,51830864,2022-08-01
2232.5,Borrowing expense,2022-07-31,month,0,2022-09-05
2232.5,Borrowing expense,2022-07-31,ytd,0,2022-08-01
2232.7,Fee paid to VSD for getting the list of investors,2022-07-31,month,0,2022-09-05
2232.7,Fee paid to VSD for getting the list of investors,2022-07-31,ytd,2200000,2022-08-01
2233,Net Income from Investment Activities (= I - II),2022-07-31,month,5201341801,2022-09-05
2233,Net Income from Investment Activities (= I - II),2022-07-31,ytd,35992626662,2022-08-01
2234,Gain / (Loss) from Investment Activities,2022-07-31,month,839031847,2022-09-05
2234,Gain / (Loss) from Investment Activities,2022-07-31,ytd,1109345329,2022-08-01
2235,Realised Gain / (Loss) from disposal of investment or real estate transfer,2022-07-31,month,478737506,2022-09-05
2235,Realised Gain / (Loss) from disposal of investment or real estate transfer,2022-07-31,ytd,1287948565,2022-08-01
2236,Unrealised Gain / (Loss) due to market price,2022-07-31,month,360294341,2022-09-05
2236,Unrealised Gain / (Loss) due to market price,2022-07-31,ytd,-178603236,2022-08-01
2237,Change of Net Asset Value of the Fund due to investment activities during the period (= III + IV),2022-07-31,month,6040373648,2022-09-05
2237,Change of Net Asset Value of the Fund due to investment activities during the period (= III + IV),2022-07-31,ytd,37101971991,2022-08-01
2238,Net Asset Value at the beginning of period,2022-07-31,month,814536621585,2022-09-05
2238,Net Asset Value at the beginning of period,2022-07-31,ytd,828024026231,2022-08-01
2239.1,Change of Net Asset Value due to investment activities during the period,2022-07-31,month,6040373648,2022-09-05
2239.1,Change of Net Asset Value due to investment activities during the period,2022-07-31,ytd,37101971991,2022-08-01
2239.2,Change of Net Asset Value due to  dividends payment to investors during the period,2022-07-31,month,0,2022-09-05
2239.2,Change of Net Asset Value due to  dividends payment to investors during the period,2022-07-31,ytd,0,2022-08-01
2239.3,Change of Net Asset Value due to subscription/redemption during the period,2022-07-31,month,-2544577965,2022-09-05
2239.3,Change of Net Asset Value due to subscription/redemption during the period,2022-07-31,ytd,-47093580954,2022-08-01
2239.3.1,Change of Net Asset Value due to subscription during the period,2022-07-31,month,13241683226,2022-09-05
2239.3.1,Change of Net Asset Value due to subscription during the period,2022-07-31,ytd,221011010502,2022-08-01
2239.3.2,Change of Net Asset Value due to redemption during the period,2022-07-31,month,-15786261191,2022-09-05
2239.3.2,Change of Net Asset Value due to redemption during the period,2022-07-31,ytd,-268104591456,2022-08-01
2243,Net Asset Value at the end of period,2022-07-31,month,818032417268,2022-09-05
2243,Net Asset Value at the end of period,2022-07-31,ytd,818032417268,2022-08-01
2244,Average annual profit (only applicable to annual report),2022-07-31,month,0,2022-09-05
2244,Average annual profit (only applicable to annual report),2022-07-31,ytd,0,2022-08-01
2245,Average annual rate of return (only applicable to annual report),2022-07-31,month,0,2022-09-05
2245,Average annual rate of return (only applicable to annual report),2022-07-31,ytd,0,2022-08-01
,Change of Net Asset Value of the Fund during the period,2022-08-31,month,3047221819,2022-10-03
,Change of Net Asset Value of the Fund during the period,2022-08-31,ytd,-6944387144,2022-09-05
,Other Expenses,2022-08-31,month,0,2022-10-03
,Other Expenses,2022-08-31,month,15000000,2022-10-03
,Other Expenses,2022-08-31,ytd,0,2022-09-05
,Other Expenses,2022-08-31,ytd,62000000,2022-09-05
,Other incomes,2022-08-31,month,0,2022-10-03
,Other incomes,2022-08-31,ytd,563945205,2022-09-05
2220,Income from Investment Activities,2022-08-31,month,6366472962,2022-10-03
2220,Income from Investment Activities,2022-08-31,ytd,49495941975,2022-09-05
2221,"Dividend income, interest income from bonds",2022-08-31,month,5629925221,2022-10-03
2221,"Dividend income, interest income from bonds",2022-08-31,ytd,39950255717,2022-09-05
2221.1,Dividends income,2022-08-31,month,0,2022-10-03
2221.1,Dividends income,2022-08-31,ytd,0,2022-09-05
2221.2,Interest income from bonds,2022-08-31,month,5629925221,2022-10-03
2221.2,Interest income from bonds,2022-08-31,ytd,39950255717,2022-09-05
2222,Interest income,2022-08-31,month,736547741,2022-10-03
2222,Interest income,2022-08-31,ytd,8981741053,2022-09-05
2222.1,Interest income from bank deposits,2022-08-31,month,157931302,2022-10-03
2222.1,Interest income from bank deposits,2022-08-31,ytd,1258872560,2022-09-05
2222.2,Interest income from Certificates of Deposit,2022-08-31,month,578616439,2022-10-03
2222.2,Interest income from Certificates of Deposit,2022-08-31,ytd,7722868493,2022-09-05
2222.3,Interest income from reverse repo contracts,2022-08-31,month,0,2022-10-03
2222.3,Interest income from reverse repo contracts,2022-08-31,ytd,0,2022-09-05
2223.1,Other investment incomes,2022-08-31,month,0,2022-10-03
2223.1,Other investment incomes,2022-08-31,ytd,0,2022-09-05
2223.3,"Provision expense for bad debts from dividends, interest income and written off bad debts from dividends, interest income",2022-08-31,month,0,2022-10-03
2223.3,"Provision expense for bad debts from dividends, interest income and written off bad debts from dividends, interest income",2022-08-31,ytd,0,2022-09-05
2224,Expenses,2022-08-31,month,979627305,2022-10-03
2224,Expenses,2022-08-31,ytd,8116469656,2022-09-05
2225,Management Fee paid to Fund Management Company,2022-08-31,month,837235556,2022-10-03
2225,Management Fee paid to Fund Management Company,2022-08-31,ytd,6792676455,2022-09-05
2226,"Custody fee, Supervising fee paid to Supervising Bank/VSD",2022-08-31,month,60496890,2022-10-03
2226,"Custody fee, Supervising fee paid to Supervising Bank/VSD",2022-08-31,ytd,487545701,2022-09-05
2226.1,Custodian service - Safe Custody Fee,2022-08-31,month,27907852,2022-10-03
2226.1,Custodian service - Safe Custody Fee,2022-08-31,ytd,226422550,2022-09-05
2226.2,Custodian service - Transaction fee,2022-08-31,month,1000000,2022-10-03
2226.2,Custodian service - Transaction fee,2022-08-31,ytd,5600000,2022-09-05
2226.3,"Custodian service -  Depository fee, Position and Margin management fee paid to VSD",2022-08-31,month,890401,2022-10-03
2226.3,"Custodian service -  Depository fee, Position and Margin management fee paid to VSD",2022-08-31,ytd,6458345,2022-09-05
2226.4,Supervisory fee,2022-08-31,month,30698637,2022-10-03
2226.4,Supervisory fee,2022-08-31,ytd,249064806,2022-09-05
2227,"Fund Administration Fee, and other fees paid to relevant Fund's service providers",2022-08-31,month,34023977,2022-10-03
2227,"Fund Administration Fee, and other fees paid to relevant Fund's service providers",2022-08-31,ytd,274798601,2022-09-05
2227.1,Fund Administration Fee,2022-08-31,month,23023977,2022-10-03
2227.1,Fund Administration Fee,2022-08-31,ytd,186798601,2022-09-05
2227.2,Transfer Agency Fee,2022-08-31,month,11000000,2022-10-03
2227.2,Transfer Agency Fee,2022-08-31,ytd,88000000,2022-09-05
2228,Audit fee,2022-08-31,month,11045263,2022-10-03
2228,Audit fee,2022-08-31,ytd,80603545,2022-09-05
2229,"Legal consultancy expenses, price feed fee, other valid expenses, remuneration paid to Fund's Board of Representatives",2022-08-31,month,6329804,2022-10-03
2229,"Legal consultancy expenses, price feed fee, other valid expenses, remuneration paid to Fund's Board of Representatives",2022-08-31,ytd,141902063,2022-09-05
2229.1,Remuneration of Fund's Board of Representatives,2022-08-31,month,6329804,2022-10-03
2229.1,Remuneration of Fund's Board of Representatives,2022-08-31,ytd,67702061,2022-09-05
2229.2,Price feed fee,2022-08-31,month,0,2022-10-03
2229.2,Price feed fee,2022-08-31,ytd,74200002,2022-09-05
2229.3,Legal consultancy expenses,2022-08-31,month,0,2022-10-03
2229.3,Legal consultancy expenses,2022-08-31,ytd,0,2022-09-05
2230,"Fee for drafting, printing, distribution of prospectus, summarised prospectus, financial statements, transaction confirmations, account statements and other documents to investors; information disclosure fee; fee for organising annual general meeting, board of representatives meeting",2022-08-31,month,0,2022-10-03
2230,"Fee for drafting, printing, distribution of prospectus, summarised prospectus, financial statements, transaction confirmations, account statements and other documents to investors; information disclosure fee; fee for organising annual general meeting, board of representatives meeting",2022-08-31,ytd,60554652,2022-09-05
2230.1,Meeting expenses,2022-08-31,month,0,2022-10-03
2230.1,Meeting expenses,2022-08-31,ytd,60554652,2022-09-05
2230.2,Annual report expenses,2022-08-31,month,0,2022-10-03
2230.2,Annual report expenses,2022-08-31,ytd,0,2022-09-05
2230.3,"Fund's Board of Representatives meeting, travelling expenses",2022-08-31,month,0,2022-10-03
2230.3,"Fund's Board of Representatives meeting, travelling expenses",2022-08-31,ytd,0,2022-09-05
2230.4,Expenses of information disclosure of the Fund,2022-08-31,month,0,2022-10-03
2230.4,Expenses of information disclosure of the Fund,2022-08-31,ytd,0,2022-09-05
2230.5,"Designing, printing, posting... expenses",2022-08-31,month,0,2022-10-03
2230.5,"Designing, printing, posting... expenses",2022-08-31,ytd,0,2022-09-05
2231,Expenses related to execution of Fund’s asset transactions,2022-08-31,month,22143790,2022-10-03
2231,Expenses related to execution of Fund’s asset transactions,2022-08-31,ytd,216005750,2022-09-05
2231.1,Brokerage fee,2022-08-31,month,6993790,2022-10-03
2231.1,Brokerage fee,2022-08-31,ytd,153129750,2022-09-05
2231.2,Clearing settlement fee,2022-08-31,month,150000,2022-10-03
2231.2,Clearing settlement fee,2022-08-31,ytd,876000,2022-09-05
2232,Other expenses,2022-08-31,month,8352025,2022-10-03
2232,Other expenses,2022-08-31,ytd,62382889,2022-09-05
2232.1,Set up Expenses,2022-08-31,month,0,2022-10-03
2232.1,Set up Expenses,2022-08-31,ytd,0,2022-09-05
2232.2,"Listing, registration fees",2022-08-31,month,0,2022-10-03
2232.2,"Listing, registration fees",2022-08-31,ytd,0,2022-09-05
2232.3,Annual management fee paid to SSC,2022-08-31,month,0,2022-10-03
2232.3,Annual management fee paid to SSC,2022-08-31,ytd,0,2022-09-05
2232.4,Bank charges,2022-08-31,month,8352025,2022-10-03
2232.4,Bank charges,2022-08-31,ytd,60182889,2022-09-05
2232.5,Borrowing expense,2022-08-31,month,0,2022-10-03
2232.5,Borrowing expense,2022-08-31,ytd,0,2022-09-05
2232.7,Fee paid to VSD for getting the list of investors,2022-08-31,month,0,2022-10-03
2232.7,Fee paid to VSD for getting the list of investors,2022-08-31,ytd,2200000,2022-09-05
2233,Net Income from Investment Activities (= I - II),2022-08-31,month,5386845657,2022-10-03
2233,Net Income from Investment Activities (= I - II),2022-08-31,ytd,41379472319,2022-09-05
2234,Gain / (Loss) from Investment Activities,2022-08-31,month,441436560,2022-10-03
2234,Gain / (Loss) from Investment Activities,2022-08-31,ytd,1550781889,2022-09-05
2235,Realised Gain / (Loss) from disposal of investment or real estate transfer,2022-08-31,month,293133083,2022-10-03
2235,Realised Gain / (Loss) from disposal of investment or real estate transfer,2022-08-31,ytd,1581081648,2022-09-05
2236,Unrealised Gain / (Loss) due to market price,2022-08-31,month,148303477,2022-10-03
2236,Unrealised Gain / (Loss) due to market price,2022-08-31,ytd,-30299759,2022-09-05
2237,Change of Net Asset Value of the Fund due to investment activities during the period (= III + IV),2022-08-31,month,5828282217,2022-10-03
2237,Change of Net Asset Value of the Fund due to investment activities during the period (= III + IV),2022-08-31,ytd,42930254208,2022-09-05
2238,Net Asset Value at the beginning of period,2022-08-31,month,818032417268,2022-10-03
2238,Net Asset Value at the beginning of period,2022-08-31,ytd,828024026231,2022-09-05
2239.1,Change of Net Asset Value due to investment activities during the period,2022-08-31,month,5828282217,2022-10-03
2239.1,Change of Net Asset Value due to investment activities during the period,2022-08-31,ytd,42930254208,2022-09-05
2239.2,Change of Net Asset Value due to  dividends payment to investors during the period,2022-08-31,month,0,2022-10-03
2239.2,Change of Net Asset Value due to  dividends payment to investors during the period,2022-08-31,ytd,0,2022-09-05
2239.3,Change of Net Asset Value due to subscription/redemption during the period,2022-08-31,month,-2781060398,2022-10-03
2239.3,Change of Net Asset Value due to subscription/redemption during the period,2022-08-31,ytd,-49874641352,2022-09-05
2239.3.1,Change of Net Asset Value due to subscription during the period,2022-08-31,month,11265545296,2022-10-03
2239.3.1,Change of Net Asset Value due to subscription during the period,2022-08-31,ytd,232276555798,2022-09-05
2239.3.2,Change of Net Asset Value due to redemption during the period,2022-08-31,month,-14046605694,2022-10-03
2239.3.2,Change of Net Asset Value due to redemption during the period,2022-08-31,ytd,-282151197150,2022-09-05
2243,Net Asset Value at the end of period,2022-08-31,month,821079639087,2022-10-03
2243,Net Asset Value at the end of period,2022-08-31,ytd,821079639087,2022-09-05
2244,Average annual profit (only applicable to annual report),2022-08-31,month,0,2022-10-03
2244,Average annual profit (only applicable to annual report),2022-08-31,ytd,0,2022-09-05
2245,Average annual rate of return (only applicable to annual report),2022-08-31,month,0,2022-10-03
2245,Average annual rate of return (only applicable to annual report),2022-08-31,ytd,0,2022-09-05
,Change of Net Asset Value of the Fund during the period,2022-09-30,month,-3844195076,2022-11-01
,Change of Net Asset Value of the Fund during the period,2022-09-30,ytd,-10788582220,2022-10-03
,Other Expenses,2022-09-30,month,0,2022-11-01
,Other Expenses,2022-09-30,ytd,0,2022-10-03
,Other Expenses,2022-09-30,ytd,62000000,2022-10-03
,Other incomes,2022-09-30,month,0,2022-11-01
,Other incomes,2022-09-30,ytd,563945205,2022-10-03
2220,Income from Investment Activities,2022-09-30,month,6221328179,2022-11-01
2220,Income from Investment Activities,2022-09-30,ytd,55717270154,2022-10-03
2221,"Dividend income, interest income from bonds",2022-09-30,month,5533298333,2022-11-01
2221,"Dividend income, interest income from bonds",2022-09-30,ytd,45483554050,2022-10-03
2221.1,Dividends income,2022-09-30,month,0,2022-11-01
2221.1,Dividends income,2022-09-30,ytd,0,2022-10-03
2221.2,Interest income from bonds,2022-09-30,month,5533298333,2022-11-01
2221.2,Interest income from bonds,2022-09-30,ytd,45483554050,2022-10-03
2222,Interest income,2022-09-30,month,688029846,2022-11-01
2222,Interest income,2022-09-30,ytd,9669770899,2022-10-03
2222.1,Interest income from bank deposits,2022-09-30,month,151112037,2022-11-01
2222.1,Interest income from bank deposits,2022-09-30,ytd,1409984597,2022-10-03
2222.2,Interest income from Certificates of Deposit,2022-09-30,month,536917809,2022-11-01
2222.2,Interest income from Certificates of Deposit,2022-09-30,ytd,8259786302,2022-10-03
2222.3,Interest income from reverse repo contracts,2022-09-30,month,0,2022-11-01
2222.3,Interest income from reverse repo contracts,2022-09-30,ytd,0,2022-10-03
2223.1,Other investment incomes,2022-09-30,month,0,2022-11-01
2223.1,Other investment incomes,2022-09-30,ytd,0,2022-10-03
2223.3,"Provision expense for bad debts from dividends, interest income and written off bad debts from dividends, interest income",2022-09-30,month,0,2022-11-01
2223.3,"Provision expense for bad debts from dividends, interest income and written off bad debts from dividends, interest income",2022-09-30,ytd,0,2022-10-03
2224,Expenses,2022-09-30,month,927918750,2022-11-01
2224,Expenses,2022-09-30,ytd,9044388406,2022-10-03
2225,Management Fee paid to Fund Management Company,2022-09-30,month,809874548,2022-11-01
2225,Management Fee paid to Fund Management Company,2022-09-30,ytd,7602551003,2022-10-03
2226,"Custody fee, Supervising fee paid to Supervising Bank/VSD",2022-09-30,month,57917046,2022-11-01
2226,"Custody fee, Supervising fee paid to Supervising Bank/VSD",2022-09-30,ytd,545462747,2022-10-03
2226.1,Custodian service - Safe Custody Fee,2022-09-30,month,26995818,2022-11-01
2226.1,Custodian service - Safe Custody Fee,2022-09-30,ytd,253418368,2022-10-03
2226.2,Custodian service - Transaction fee,2022-09-30,month,300000,2022-11-01
2226.2,Custodian service - Transaction fee,2022-09-30,ytd,5900000,2022-10-03
2226.3,"Custodian service -  Depository fee, Position and Margin management fee paid to VSD",2022-09-30,month,925828,2022-11-01
2226.3,"Custodian service -  Depository fee, Position and Margin management fee paid to VSD",2022-09-30,ytd,7384173,2022-10-03
2226.4,Supervisory fee,2022-09-30,month,29695400,2022-11-01
2226.4,Supervisory fee,2022-09-30,ytd,278760206,2022-10-03
2227,"Fund Administration Fee, and other fees paid to relevant Fund's service providers",2022-09-30,month,33271550,2022-11-01
2227,"Fund Administration Fee, and other fees paid to relevant Fund's service providers",2022-09-30,ytd,308070151,2022-10-03
2227.1,Fund Administration Fee,2022-09-30,month,22271550,2022-11-01
2227.1,Fund Administration Fee,2022-09-30,ytd,209070151,2022-10-03
2227.2,Transfer Agency Fee,2022-09-30,month,11000000,2022-11-01
2227.2,Transfer Agency Fee,2022-09-30,ytd,99000000,2022-10-03
2228,Audit fee,2022-09-30,month,10688965,2022-11-01
2228,Audit fee,2022-09-30,ytd,91292510,2022-10-03
2229,"Legal consultancy expenses, price feed fee, other valid expenses, remuneration paid to Fund's Board of Representatives",2022-09-30,month,6319166,2022-11-01
2229,"Legal consultancy expenses, price feed fee, other valid expenses, remuneration paid to Fund's Board of Representatives",2022-09-30,ytd,148221229,2022-10-03
2229.1,Remuneration of Fund's Board of Representatives,2022-09-30,month,6319166,2022-11-01
2229.1,Remuneration of Fund's Board of Representatives,2022-09-30,ytd,74021227,2022-10-03
2229.2,Price feed fee,2022-09-30,month,0,2022-11-01
2229.2,Price feed fee,2022-09-30,ytd,74200002,2022-10-03
2229.3,Legal consultancy expenses,2022-09-30,month,0,2022-11-01
2229.3,Legal consultancy expenses,2022-09-30,ytd,0,2022-10-03
2230,"Fee for drafting, printing, distribution of prospectus, summarised prospectus, financial statements, transaction confirmations, account statements and other documents to investors; information disclosure fee; fee for organising annual general meeting, board of representatives meeting",2022-09-30,month,0,2022-11-01
2230,"Fee for drafting, printing, distribution of prospectus, summarised prospectus, financial statements, transaction confirmations, account statements and other documents to investors; information disclosure fee; fee for organising annual general meeting, board of representatives meeting",2022-09-30,ytd,60554652,2022-10-03
2230.1,Meeting expenses,2022-09-30,month,0,2022-11-01
2230.1,Meeting expenses,2022-09-30,ytd,60554652,2022-10-03
2230.2,Annual report expenses,2022-09-30,month,0,2022-11-01
2230.2,Annual report expenses,2022-09-30,ytd,0,2022-10-03
2230.3,"Fund's Board of Representatives meeting, travelling expenses",2022-09-30,month,0,2022-11-01
2230.3,"Fund's Board of Representatives meeting, travelling expenses",2022-09-30,ytd,0,2022-10-03
2230.4,Expenses of information disclosure of the Fund,2022-09-30,month,0,2022-11-01
2230.4,Expenses of information disclosure of the Fund,2022-09-30,ytd,0,2022-10-03
2230.5,"Designing, printing, posting... expenses",2022-09-30,month,0,2022-11-01
2230.5,"Designing, printing, posting... expenses",2022-09-30,ytd,0,2022-10-03
2231,Expenses related to execution of Fund’s asset transactions,2022-09-30,month,0,2022-11-01
2231,Expenses related to execution of Fund’s asset transactions,2022-09-30,ytd,216005750,2022-10-03
2231.1,Brokerage fee,2022-09-30,month,0,2022-11-01
2231.1,Brokerage fee,2022-09-30,ytd,153129750,2022-10-03
2231.2,Clearing settlement fee,2022-09-30,month,0,2022-11-01
2231.2,Clearing settlement fee,2022-09-30,ytd,876000,2022-10-03
2232,Other expenses,2022-09-30,month,9847475,2022-11-01
2232,Other expenses,2022-09-30,ytd,72230364,2022-10-03
2232.1,Set up Expenses,2022-09-30,month,0,2022-11-01
2232.1,Set up Expenses,2022-09-30,ytd,0,2022-10-03
2232.2,"Listing, registration fees",2022-09-30,month,0,2022-11-01
2232.2,"Listing, registration fees",2022-09-30,ytd,0,2022-10-03
2232.3,Annual management fee paid to SSC,2022-09-30,month,0,2022-11-01
2232.3,Annual management fee paid to SSC,2022-09-30,ytd,0,2022-10-03
2232.4,Bank charges,2022-09-30,month,9847475,2022-11-01
2232.4,Bank charges,2022-09-30,ytd,70030364,2022-10-03
2232.5,Borrowing expense,2022-09-30,month,0,2022-11-01
2232.5,Borrowing expense,2022-09-30,ytd,0,2022-10-03
2232.7,Fee paid to VSD for getting the list of investors,2022-09-30,month,0,2022-11-01
2232.7,Fee paid to VSD for getting the list of investors,2022-09-30,ytd,2200000,2022-10-03
2233,Net Income from Investment Activities (= I - II),2022-09-30,month,5293409429,2022-11-01
2233,Net Income from Investment Activities (= I - II),2022-09-30,ytd,46672881748,2022-10-03
2234,Gain / (Loss) from Investment Activities,2022-09-30,month,-474545084,2022-11-01
2234,Gain / (Loss) from Investment Activities,2022-09-30,ytd,1076236805,2022-10-03
2235,Realised Gain / (Loss) from disposal of investment or real estate transfer,2022-09-30,month,0,2022-11-01
2235,Realised Gain / (Loss) from disposal of investment or real estate transfer,2022-09-30,ytd,1581081648,2022-10-03
2236,Unrealised Gain / (Loss) due to market price,2022-09-30,month,-474545084,2022-11-01
2236,Unrealised Gain / (Loss) due to market price,2022-09-30,ytd,-504844843,2022-10-03
2237,Change of Net Asset Value of the Fund due to investment activities during the period (= III + IV),2022-09-30,month,4818864345,2022-11-01
2237,Change of Net Asset Value of the Fund due to investment activities during the period (= III + IV),2022-09-30,ytd,47749118553,2022-10-03
2238,Net Asset Value at the beginning of period,2022-09-30,month,821079639087,2022-11-01
2238,Net Asset Value at the beginning of period,2022-09-30,ytd,828024026231,2022-10-03
2239.1,Change of Net Asset Value due to investment activities during the period,2022-09-30,month,4818864345,2022-11-01
2239.1,Change of Net Asset Value due to investment activities during the period,2022-09-30,ytd,47749118553,2022-10-03
2239.2,Change of Net Asset Value due to  dividends payment to investors during the period,2022-09-30,month,0,2022-11-01
2239.2,Change of Net Asset Value due to  dividends payment to investors during the period,2022-09-30,ytd,0,2022-10-03
2239.3,Change of Net Asset Value due to subscription/redemption during the period,2022-09-30,month,-8663059421,2022-11-01
2239.3,Change of Net Asset Value due to subscription/redemption during the period,2022-09-30,ytd,-58537700773,2022-10-03
2239.3.1,Change of Net Asset Value due to subscription during the period,2022-09-30,month,8815639320,2022-11-01
2239.3.1,Change of Net Asset Value due to subscription during the period,2022-09-30,ytd,241092195118,2022-10-03
2239.3.2,Change of Net Asset Value due to redemption during the period,2022-09-30,month,-17478698741,2022-11-01
2239.3.2,Change of Net Asset Value due to redemption during the period,2022-09-30,ytd,-299629895891,2022-10-03
2243,Net Asset Value at the end of period,2022-09-30,month,817235444011,2022-11-01
2243,Net Asset Value at the end of period,2022-09-30,ytd,817235444011,2022-10-03
2244,Average annual profit (only applicable to annual report),2022-09-30,month,0,2022-11-01
2244,Average annual profit (only applicable to annual report),2022-09-30,ytd,0,2022-10-03
2245,Average annual rate of return (only applicable to annual report),2022-09-30,month,0,2022-11-01
2245,Average annual rate of return (only applicable to annual report),2022-09-30,ytd,0,2022-10-03
,Change of Net Asset Value of the Fund during the period,2022-10-31,month,-186150771890,2022-12-01
,Change of Net Asset Value of the Fund during the period,2022-10-31,ytd,-196939354110,2022-11-01
,Other Expenses,2022-10-31,month,0,2022-12-01
,Other Expenses,2022-10-31,month,5000000,2022-12-01
,Other Expenses,2022-10-31,ytd,0,2022-11-01
,Other Expenses,2022-10-31,ytd,67000000,2022-11-01
,Other incomes,2022-10-31,month,0,2022-12-01
,Other incomes,2022-10-31,ytd,563945205,2022-11-01
2220,Income from Investment Activities,2022-10-31,month,5553676082,2022-12-01
2220,Income from Investment Activities,2022-10-31,ytd,61270946236,2022-11-01
2221,"Dividend income, interest income from bonds",2022-10-31,month,5036243547,2022-12-01
2221,"Dividend income, interest income from bonds",2022-10-31,ytd,50519797597,2022-11-01
2221.1,Dividends income,2022-10-31,month,0,2022-12-01
2221.1,Dividends income,2022-10-31,ytd,0,2022-11-01
2221.2,Interest income from bonds,2022-10-31,month,5036243547,2022-12-01
2221.2,Interest income from bonds,2022-10-31,ytd,50519797597,2022-11-01
2222,Interest income,2022-10-31,month,517432535,2022-12-01
2222,Interest income,2022-10-31,ytd,10187203434,2022-11-01
2222.1,Interest income from bank deposits,2022-10-31,month,115528427,2022-12-01
2222.1,Interest income from bank deposits,2022-10-31,ytd,1525513024,2022-11-01
2222.2,Interest income from Certificates of Deposit,2022-10-31,month,401904108,2022-12-01
2222.2,Interest income from Certificates of Deposit,2022-10-31,ytd,8661690410,2022-11-01
2222.3,Interest income from reverse repo contracts,2022-10-31,month,0,2022-12-01
2222.3,Interest income from reverse repo contracts,2022-10-31,ytd,0,2022-11-01
2223.1,Other investment incomes,2022-10-31,month,0,2022-12-01
2223.1,Other investment incomes,2022-10-31,ytd,0,2022-11-01
2223.3,"Provision expense for bad debts from dividends, interest income and written off bad debts from dividends, interest income",2022-10-31,month,0,2022-12-01
2223.3,"Provision expense for bad debts from dividends, interest income and written off bad debts from dividends, interest income",2022-10-31,ytd,0,2022-11-01
2224,Expenses,2022-10-31,month,844161162,2022-12-01
2224,Expenses,2022-10-31,ytd,9888549568,2022-11-01
2225,Management Fee paid to Fund Management Company,2022-10-31,month,690680256,2022-12-01
2225,Management Fee paid to Fund Management Company,2022-10-31,ytd,8293231259,2022-11-01
2226,"Custody fee, Supervising fee paid to Supervising Bank/VSD",2022-10-31,month,50438302,2022-12-01
2226,"Custody fee, Supervising fee paid to Supervising Bank/VSD",2022-10-31,ytd,595901049,2022-11-01
2226.1,Custodian service - Safe Custody Fee,2022-10-31,month,23022676,2022-12-01
2226.1,Custodian service - Safe Custody Fee,2022-10-31,ytd,276441044,2022-11-01
2226.2,Custodian service - Transaction fee,2022-10-31,month,1100000,2022-12-01
2226.2,Custodian service - Transaction fee,2022-10-31,ytd,7000000,2022-11-01
2226.3,"Custodian service -  Depository fee, Position and Margin management fee paid to VSD",2022-10-31,month,990682,2022-12-01
2226.3,"Custodian service -  Depository fee, Position and Margin management fee paid to VSD",2022-10-31,ytd,8374855,2022-11-01
2226.4,Supervisory fee,2022-10-31,month,25324944,2022-12-01
2226.4,Supervisory fee,2022-10-31,ytd,304085150,2022-11-01
2227,"Fund Administration Fee, and other fees paid to relevant Fund's service providers",2022-10-31,month,29993707,2022-12-01
2227,"Fund Administration Fee, and other fees paid to relevant Fund's service providers",2022-10-31,ytd,338063858,2022-11-01
2227.1,Fund Administration Fee,2022-10-31,month,18993707,2022-12-01
2227.1,Fund Administration Fee,2022-10-31,ytd,228063858,2022-11-01
2227.2,Transfer Agency Fee,2022-10-31,month,11000000,2022-12-01
2227.2,Transfer Agency Fee,2022-10-31,ytd,110000000,2022-11-01
2228,Audit fee,2022-10-31,month,11045263,2022-12-01
2228,Audit fee,2022-10-31,ytd,102337773,2022-11-01
2229,"Legal consultancy expenses, price feed fee, other valid expenses, remuneration paid to Fund's Board of Representatives",2022-10-31,month,6329804,2022-12-01
2229,"Legal consultancy expenses, price feed fee, other valid expenses, remuneration paid to Fund's Board of Representatives",2022-10-31,ytd,154551033,2022-11-01
2229.1,Remuneration of Fund's Board of Representatives,2022-10-31,month,6329804,2022-12-01
2229.1,Remuneration of Fund's Board of Representatives,2022-10-31,ytd,80351031,2022-11-01
2229.2,Price feed fee,2022-10-31,month,0,2022-12-01
2229.2,Price feed fee,2022-10-31,ytd,74200002,2022-11-01
2229.3,Legal consultancy expenses,2022-10-31,month,0,2022-12-01
2229.3,Legal consultancy expenses,2022-10-31,ytd,0,2022-11-01
2230,"Fee for drafting, printing, distribution of prospectus, summarised prospectus, financial statements, transaction confirmations, account statements and other documents to investors; information disclosure fee; fee for organising annual general meeting, board of representatives meeting",2022-10-31,month,0,2022-12-01
2230,"Fee for drafting, printing, distribution of prospectus, summarised prospectus, financial statements, transaction confirmations, account statements and other documents to investors; information disclosure fee; fee for organising annual general meeting, board of representatives meeting",2022-10-31,ytd,60554652,2022-11-01
2230.1,Meeting expenses,2022-10-31,month,0,2022-12-01
2230.1,Meeting expenses,2022-10-31,ytd,60554652,2022-11-01
2230.2,Annual report expenses,2022-10-31,month,0,2022-12-01
2230.2,Annual report expenses,2022-10-31,ytd,0,2022-11-01
2230.3,"Fund's Board of Representatives meeting, travelling expenses",2022-10-31,month,0,2022-12-01
2230.3,"Fund's Board of Representatives meeting, travelling expenses",2022-10-31,ytd,0,2022-11-01
2230.4,Expenses of information disclosure of the Fund,2022-10-31,month,0,2022-12-01
2230.4,Expenses of information disclosure of the Fund,2022-10-31,ytd,0,2022-11-01
2230.5,"Designing, printing, posting... expenses",2022-10-31,month,0,2022-12-01
2230.5,"Designing, printing, posting... expenses",2022-10-31,ytd,0,2022-11-01
2231,Expenses related to execution of Fund’s asset transactions,2022-10-31,month,46440705,2022-12-01
2231,Expenses related to execution of Fund’s asset transactions,2022-10-31,ytd,262446455,2022-11-01
2231.1,Brokerage fee,2022-10-31,month,41440705,2022-12-01
2231.1,Brokerage fee,2022-10-31,ytd,194570455,2022-11-01
2231.2,Clearing settlement fee,2022-10-31,month,0,2022-12-01
2231.2,Clearing settlement fee,2022-10-31,ytd,876000,2022-11-01
2232,Other expenses,2022-10-31,month,9233125,2022-12-01
2232,Other expenses,2022-10-31,ytd,81463489,2022-11-01
2232.1,Set up Expenses,2022-10-31,month,0,2022-12-01
2232.1,Set up Expenses,2022-10-31,ytd,0,2022-11-01
2232.2,"Listing, registration fees",2022-10-31,month,0,2022-12-01
2232.2,"Listing, registration fees",2022-10-31,ytd,0,2022-11-01
2232.3,Annual management fee paid to SSC,2022-10-31,month,0,2022-12-01
2232.3,Annual management fee paid to SSC,2022-10-31,ytd,0,2022-11-01
2232.4,Bank charges,2022-10-31,month,9233125,2022-12-01
2232.4,Bank charges,2022-10-31,ytd,79263489,2022-11-01
2232.5,Borrowing expense,2022-10-31,month,0,2022-12-01
2232.5,Borrowing expense,2022-10-31,ytd,0,2022-11-01
2232.7,Fee paid to VSD for getting the list of investors,2022-10-31,month,0,2022-12-01
2232.7,Fee paid to VSD for getting the list of investors,2022-10-31,ytd,2200000,2022-11-01
2233,Net Income from Investment Activities (= I - II),2022-10-31,month,4709514920,2022-12-01
2233,Net Income from Investment Activities (= I - II),2022-10-31,ytd,51382396668,2022-11-01
2234,Gain / (Loss) from Investment Activities,2022-10-31,month,-754669073,2022-12-01
2234,Gain / (Loss) from Investment Activities,2022-10-31,ytd,321567732,2022-11-01
2235,Realised Gain / (Loss) from disposal of investment or real estate transfer,2022-10-31,month,-992653496,2022-12-01
2235,Realised Gain / (Loss) from disposal of investment or real estate transfer,2022-10-31,ytd,588428152,2022-11-01
2236,Unrealised Gain / (Loss) due to market price,2022-10-31,month,237984423,2022-12-01
2236,Unrealised Gain / (Loss) due to market price,2022-10-31,ytd,-266860420,2022-11-01
2237,Change of Net Asset Value of the Fund due to investment activities during the period (= III + IV),2022-10-31,month,3954845847,2022-12-01
2237,Change of Net Asset Value of the Fund due to investment activities during the period (= III + IV),2022-10-31,ytd,51703964400,2022-11-01
2238,Net Asset Value at the beginning of period,2022-10-31,month,817235444011,2022-12-01
2238,Net Asset Value at the beginning of period,2022-10-31,ytd,828024026231,2022-11-01
2239.1,Change of Net Asset Value due to investment activities during the period,2022-10-31,month,3954845847,2022-12-01
2239.1,Change of Net Asset Value due to investment activities during the period,2022-10-31,ytd,51703964400,2022-11-01
2239.2,Change of Net Asset Value due to  dividends payment to investors during the period,2022-10-31,month,0,2022-12-01
2239.2,Change of Net Asset Value due to  dividends payment to investors during the period,2022-10-31,ytd,0,2022-11-01
2239.3,Change of Net Asset Value due to subscription/redemption during the period,2022-10-31,month,-190105617737,2022-12-01
2239.3,Change of Net Asset Value due to subscription/redemption during the period,2022-10-31,ytd,-248643318510,2022-11-01
2239.3.1,Change of Net Asset Value due to subscription during the period,2022-10-31,month,8568168070,2022-12-01
2239.3.1,Change of Net Asset Value due to subscription during the period,2022-10-31,ytd,249660363188,2022-11-01
2239.3.2,Change of Net Asset Value due to redemption during the period,2022-10-31,month,-198673785807,2022-12-01
2239.3.2,Change of Net Asset Value due to redemption during the period,2022-10-31,ytd,-498303681698,2022-11-01
2243,Net Asset Value at the end of period,2022-10-31,month,631084672121,2022-12-01
2243,Net Asset Value at the end of period,2022-10-31,ytd,631084672121,2022-11-01
2244,Average annual profit (only applicable to annual report),2022-10-31,month,0,2022-12-01
2244,Average annual profit (only applicable to annual report),2022-10-31,ytd,0,2022-11-01
2245,Average annual rate of return (only applicable to annual report),2022-10-31,month,0,2022-12-01
2245,Average annual rate of return (only applicable to annual report),2022-10-31,ytd,0,2022-11-01
,Change of Net Asset Value of the Fund during the period,2022-11-30,month,-93497104352,2022-12-01
,Change of Net Asset Value of the Fund during the period,2022-11-30,ytd,-290436458462,2022-12-01
,Other Expenses,2022-11-30,month,0,2023-01-04
,Other Expenses,2022-11-30,month,10000000,2023-01-04
,Other Expenses,2022-11-30,ytd,0,2022-12-01
,Other Expenses,2022-11-30,ytd,77000000,2022-12-01
,Other incomes,2022-11-30,month,0,2023-01-04
,Other incomes,2022-11-30,ytd,563945205,2022-12-01
2220,Income from Investment Activities,2022-11-30,month,4599080065,2023-01-04
2220,Income from Investment Activities,2022-11-30,ytd,65870026301,2022-12-01
2221,"Dividend income, interest income from bonds",2022-11-30,month,4126778610,2023-01-04
2221,"Dividend income, interest income from bonds",2022-11-30,ytd,54646576207,2022-12-01
2221.1,Dividends income,2022-11-30,month,0,2023-01-04
2221.1,Dividends income,2022-11-30,ytd,0,2022-12-01
2221.2,Interest income from bonds,2022-11-30,month,4126778610,2023-01-04
2221.2,Interest income from bonds,2022-11-30,ytd,54646576207,2022-12-01
2222,Interest income,2022-11-30,month,472301455,2023-01-04
2222,Interest income,2022-11-30,ytd,10659504889,2022-12-01
2222.1,Interest income from bank deposits,2022-11-30,month,87232961,2023-01-04
2222.1,Interest income from bank deposits,2022-11-30,ytd,1612745985,2022-12-01
2222.2,Interest income from Certificates of Deposit,2022-11-30,month,385068494,2023-01-04
2222.2,Interest income from Certificates of Deposit,2022-11-30,ytd,9046758904,2022-12-01
2222.3,Interest income from reverse repo contracts,2022-11-30,month,0,2023-01-04
2222.3,Interest income from reverse repo contracts,2022-11-30,ytd,0,2022-12-01
2223,Income from rental property (not applicable),2022-11-30,month,0,2023-01-04
2223.1,Other investment incomes,2022-11-30,month,0,2023-01-04
2223.1,Other investment incomes,2022-11-30,ytd,0,2022-12-01
2223.3,"Provision expense for bad debts from dividends, interest income and written off bad debts from dividends, interest income",2022-11-30,month,0,2023-01-04
2223.3,"Provision expense for bad debts from dividends, interest income and written off bad debts from dividends, interest income",2022-11-30,ytd,0,2022-12-01
2224,Expenses,2022-11-30,month,742375367,2023-01-04
2224,Expenses,2022-11-30,ytd,10630924935,2022-12-01
2225,Management Fee paid to Fund Management Company,2022-11-30,month,590298011,2023-01-04
2225,Management Fee paid to Fund Management Company,2022-11-30,ytd,8883529270,2022-12-01
2226,"Custody fee, Supervising fee paid to Supervising Bank/VSD",2022-11-30,month,42700731,2023-01-04
2226,"Custody fee, Supervising fee paid to Supervising Bank/VSD",2022-11-30,ytd,638601780,2022-12-01
2226.1,Custodian service - Safe Custody Fee,2022-11-30,month,19676602,2023-01-04
2226.1,Custodian service - Safe Custody Fee,2022-11-30,ytd,296117646,2022-12-01
2226.2,Custodian service - Transaction fee,2022-11-30,month,400000,2023-01-04
2226.2,Custodian service - Transaction fee,2022-11-30,ytd,7400000,2022-12-01
2226.3,"Custodian service -  Depository fee, Position and Margin management fee paid to VSD",2022-11-30,month,979869,2023-01-04
2226.3,"Custodian service -  Depository fee, Position and Margin management fee paid to VSD",2022-11-30,ytd,9354724,2022-12-01
2226.4,Supervisory fee,2022-11-30,month,21644260,2023-01-04
2226.4,Supervisory fee,2022-11-30,ytd,325729410,2022-12-01
2227,"Fund Administration Fee, and other fees paid to relevant Fund's service providers",2022-11-30,month,27233194,2023-01-04
2227,"Fund Administration Fee, and other fees paid to relevant Fund's service providers",2022-11-30,ytd,365297052,2022-12-01
2227.1,Fund Administration Fee,2022-11-30,month,16233194,2023-01-04
2227.1,Fund Administration Fee,2022-11-30,ytd,244297052,2022-12-01
2227.2,Transfer Agency Fee,2022-11-30,month,11000000,2023-01-04
2227.2,Transfer Agency Fee,2022-11-30,ytd,121000000,2022-12-01
2228,Audit fee,2022-11-30,month,10688964,2023-01-04
2228,Audit fee,2022-11-30,ytd,113026737,2022-12-01
2229,"Legal consultancy expenses, price feed fee, other valid expenses, remuneration paid to Fund's Board of Representatives",2022-11-30,month,37385832,2023-01-04
2229,"Legal consultancy expenses, price feed fee, other valid expenses, remuneration paid to Fund's Board of Representatives",2022-11-30,ytd,191936865,2022-12-01
2229.1,Remuneration of Fund's Board of Representatives,2022-11-30,month,6319165,2023-01-04
2229.1,Remuneration of Fund's Board of Representatives,2022-11-30,ytd,86670196,2022-12-01
2229.2,Price feed fee,2022-11-30,month,31066667,2023-01-04
2229.2,Price feed fee,2022-11-30,ytd,105266669,2022-12-01
2229.3,Legal consultancy expenses,2022-11-30,month,0,2023-01-04
2229.3,Legal consultancy expenses,2022-11-30,ytd,0,2022-12-01
2230,"Fee for drafting, printing, distribution of prospectus, summarised prospectus, financial statements, transaction confirmations, account statements and other documents to investors; information disclosure fee; fee for organising annual general meeting, board of representatives meeting",2022-11-30,month,0,2023-01-04
2230,"Fee for drafting, printing, distribution of prospectus, summarised prospectus, financial statements, transaction confirmations, account statements and other documents to investors; information disclosure fee; fee for organising annual general meeting, board of representatives meeting",2022-11-30,ytd,60554652,2022-12-01
2230.1,Meeting expenses,2022-11-30,month,0,2023-01-04
2230.1,Meeting expenses,2022-11-30,ytd,60554652,2022-12-01
2230.2,Annual report expenses,2022-11-30,month,0,2023-01-04
2230.2,Annual report expenses,2022-11-30,ytd,0,2022-12-01
2230.3,"Fund's Board of Representatives meeting, travelling expenses",2022-11-30,month,0,2023-01-04
2230.3,"Fund's Board of Representatives meeting, travelling expenses",2022-11-30,ytd,0,2022-12-01
2230.4,Expenses of information disclosure of the Fund,2022-11-30,month,0,2023-01-04
2230.4,Expenses of information disclosure of the Fund,2022-11-30,ytd,0,2022-12-01
2230.5,"Designing, printing, posting... expenses",2022-11-30,month,0,2023-01-04
2230.5,"Designing, printing, posting... expenses",2022-11-30,ytd,0,2022-12-01
2231,Expenses related to execution of Fund’s asset transactions,2022-11-30,month,24599285,2023-01-04
2231,Expenses related to execution of Fund’s asset transactions,2022-11-30,ytd,287045740,2022-12-01
2231,Real Estate Management Service fee (not applicable),2022-11-30,month,0,2023-01-04
2231.1,Brokerage fee,2022-11-30,month,14150175,2023-01-04
2231.1,Brokerage fee,2022-11-30,ytd,208720630,2022-12-01
2231.2,Clearing settlement fee,2022-11-30,month,449110,2023-01-04
2231.2,Clearing settlement fee,2022-11-30,ytd,1325110,2022-12-01
2232,Other expenses,2022-11-30,month,9469350,2023-01-04
2232,Other expenses,2022-11-30,ytd,90932839,2022-12-01
2232,Real estate valuation service fees (not applicable),2022-11-30,month,0,2023-01-04
2232.1,Set up Expenses,2022-11-30,month,0,2023-01-04
2232.1,Set up Expenses,2022-11-30,ytd,0,2022-12-01
2232.2,"Listing, registration fees",2022-11-30,month,0,2023-01-04
2232.2,"Listing, registration fees",2022-11-30,ytd,0,2022-12-01
2232.3,Annual management fee paid to SSC,2022-11-30,month,0,2023-01-04
2232.3,Annual management fee paid to SSC,2022-11-30,ytd,0,2022-12-01
2232.4,Bank charges,2022-11-30,month,9469350,2023-01-04
2232.4,Bank charges,2022-11-30,ytd,88732839,2022-12-01
2232.5,Borrowing expense,2022-11-30,month,0,2023-01-04
2232.5,Borrowing expense,2022-11-30,ytd,0,2022-12-01
2232.7,Fee paid to VSD for getting the list of investors,2022-11-30,month,0,2023-01-04
2232.7,Fee paid to VSD for getting the list of investors,2022-11-30,ytd,2200000,2022-12-01
2233,Net Income from Investment Activities (= I - II),2022-11-30,month,3856704698,2023-01-04
2233,Net Income from Investment Activities (= I - II),2022-11-30,ytd,55239101366,2022-12-01
2234,Gain / (Loss) from Investment Activities,2022-11-30,month,-11493518904,2023-01-04
2234,Gain / (Loss) from Investment Activities,2022-11-30,ytd,-11171951172,2022-12-01
2235,Realised Gain / (Loss) from disposal of investment or real estate transfer,2022-11-30,month,-11787321066,2023-01-04
2235,Realised Gain / (Loss) from disposal of investment or real estate transfer,2022-11-30,ytd,-11198892914,2022-12-01
2236,Unrealised Gain / (Loss) due to market price,2022-11-30,month,293802162,2023-01-04
2236,Unrealised Gain / (Loss) due to market price,2022-11-30,ytd,26941742,2022-12-01
2237,Change of Net Asset Value of the Fund due to investment activities during the period (= III + IV),2022-11-30,month,-7636814206,2023-01-04
2237,Change of Net Asset Value of the Fund due to investment activities during the period (= III + IV),2022-11-30,ytd,44067150194,2022-12-01
2238,Net Asset Value at the beginning of period,2022-11-30,month,631084672121,2023-01-04
2238,Net Asset Value at the beginning of period,2022-11-30,ytd,828024026231,2022-12-01
2239,"Change of Net Asset Value of the Fund during the period, of which",2022-11-30,month,-93497104352,2023-01-04
2239.1,Change of Net Asset Value due to investment activities during the period,2022-11-30,month,-7636814206,2023-01-04
2239.1,Change of Net Asset Value due to investment activities during the period,2022-11-30,ytd,44067150194,2022-12-01
2239.2,Change of Net Asset Value due to  dividends payment to investors during the period,2022-11-30,month,0,2023-01-04
2239.2,Change of Net Asset Value due to  dividends payment to investors during the period,2022-11-30,ytd,0,2022-12-01
2239.3,Change of Net Asset Value due to subscription/redemption during the period,2022-11-30,month,-85860290146,2023-01-04
2239.3,Change of Net Asset Value due to subscription/redemption during the period,2022-11-30,ytd,-334503608656,2022-12-01
2239.3.1,Change of Net Asset Value due to subscription during the period,2022-11-30,month,8022888594,2023-01-04
2239.3.1,Change of Net Asset Value due to subscription during the period,2022-11-30,ytd,257683251782,2022-12-01
2239.3.2,Change of Net Asset Value due to redemption during the period,2022-11-30,month,-93883178740,2023-01-04
2239.3.2,Change of Net Asset Value due to redemption during the period,2022-11-30,ytd,-592186860438,2022-12-01
2243,Net Asset Value at the end of period,2022-11-30,month,537587567769,2023-01-04
2243,Net Asset Value at the end of period,2022-11-30,ytd,537587567769,2022-12-01
2244,Average annual profit (only applicable to annual report),2022-11-30,month,0,2023-01-04
2244,Average annual profit (only applicable to annual report),2022-11-30,ytd,0,2022-12-01
2245,Average annual rate of return (only applicable to annual report),2022-11-30,month,0,2023-01-04
2245,Average annual rate of return (only applicable to annual report),2022-11-30,ytd,0,2022-12-01
,Other Expenses,2022-12-31,month,0,2023-01-04
,Other Expenses,2022-12-31,month,5000000,2023-01-04
,Other Expenses,2022-12-31,ytd,0,2023-01-04
,Other Expenses,2022-12-31,ytd,82000000,2023-01-04
,Other incomes,2022-12-31,month,0,2023-01-04
,Other incomes,2022-12-31,ytd,563945205,2023-01-04
2220,Income from Investment Activities,2022-12-31,month,3280750543,2023-02-01
2220,Income from Investment Activities,2022-12-31,ytd,69150776844,2023-01-04
2221,"Dividend income, interest income from bonds",2022-12-31,month,2571454442,2023-02-01
2221,"Dividend income, interest income from bonds",2022-12-31,ytd,57218030649,2023-01-04
2221.1,Dividends income,2022-12-31,month,0,2023-02-01
2221.1,Dividends income,2022-12-31,ytd,0,2023-01-04
2221.2,Interest income from bonds,2022-12-31,month,2571454442,2023-02-01
2221.2,Interest income from bonds,2022-12-31,ytd,57218030649,2023-01-04
2222,Interest income,2022-12-31,month,709296101,2023-02-01
2222,Interest income,2022-12-31,ytd,11368800990,2023-01-04
2222.1,Interest income from bank deposits,2022-12-31,month,700200211,2023-02-01
2222.1,Interest income from bank deposits,2022-12-31,ytd,2312946196,2023-01-04
2222.2,Interest income from Certificates of Deposit,2022-12-31,month,9095890,2023-02-01
2222.2,Interest income from Certificates of Deposit,2022-12-31,ytd,9055854794,2023-01-04
2222.3,Interest income from reverse repo contracts,2022-12-31,month,0,2023-02-01
2222.3,Interest income from reverse repo contracts,2022-12-31,ytd,0,2023-01-04
2223,Income from rental property (not applicable),2022-12-31,month,0,2023-02-01
2223,Income from rental property (not applicable),2022-12-31,ytd,0,2023-01-04
2223,Other incomes,2022-12-31,month,0,2023-02-01
2223.1,Other investment incomes,2022-12-31,month,0,2023-02-01
2223.1,Other investment incomes,2022-12-31,ytd,0,2023-01-04
2223.2,Other incomes,2022-12-31,month,0,2023-02-01
2223.3,"Provision expense for bad debts from dividends, interest income and written off bad debts from dividends, interest income",2022-12-31,month,0,2023-02-01
2223.3,"Provision expense for bad debts from dividends, interest income and written off bad debts from dividends, interest income",2022-12-31,ytd,0,2023-01-04
2224,Expenses,2022-12-31,month,633382784,2023-02-01
2224,Expenses,2022-12-31,ytd,11264307719,2023-01-04
2225,Management Fee paid to Fund Management Company,2022-12-31,month,466811916,2023-02-01
2225,Management Fee paid to Fund Management Company,2022-12-31,ytd,9350341186,2023-01-04
2226,"Custody fee, Supervising fee paid to Supervising Bank/VSD",2022-12-31,month,34570244,2023-02-01
2226,"Custody fee, Supervising fee paid to Supervising Bank/VSD",2022-12-31,ytd,673172024,2023-01-04
2226.1,Custodian service - Safe Custody Fee,2022-12-31,month,15602809,2023-02-01
2226.1,Custodian service - Safe Custody Fee,2022-12-31,ytd,311720455,2023-01-04
2226.2,Custodian service - Transaction fee,2022-12-31,month,900000,2023-02-01
2226.2,Custodian service - Transaction fee,2022-12-31,ytd,8300000,2023-01-04
2226.3,"Custodian service -  Depository fee, Position and Margin management fee paid to VSD",2022-12-31,month,904346,2023-02-01
2226.3,"Custodian service -  Depository fee, Position and Margin management fee paid to VSD",2022-12-31,ytd,10259070,2023-01-04
2226.4,Supervisory fee,2022-12-31,month,17163089,2023-02-01
2226.4,Supervisory fee,2022-12-31,ytd,342892499,2023-01-04
2227,"Fund Administration Fee, and other fees paid to relevant Fund's service providers",2022-12-31,month,23837327,2023-02-01
2227,"Fund Administration Fee, and other fees paid to relevant Fund's service providers",2022-12-31,ytd,389134379,2023-01-04
2227.1,Fund Administration Fee,2022-12-31,month,12837327,2023-02-01
2227.1,Fund Administration Fee,2022-12-31,ytd,257134379,2023-01-04
2227.2,Transfer Agency Fee,2022-12-31,month,11000000,2023-02-01
2227.2,Transfer Agency Fee,2022-12-31,ytd,132000000,2023-01-04
2228,Audit fee,2022-12-31,month,11045263,2023-02-01
2228,Audit fee,2022-12-31,ytd,124072000,2023-01-04
2229,"Legal consultancy expenses, price feed fee, other valid expenses, remuneration paid to Fund's Board of Representatives",2022-12-31,month,37696471,2023-02-01
2229,"Legal consultancy expenses, price feed fee, other valid expenses, remuneration paid to Fund's Board of Representatives",2022-12-31,ytd,229633336,2023-01-04
2229.1,Remuneration of Fund's Board of Representatives,2022-12-31,month,6329804,2023-02-01
2229.1,Remuneration of Fund's Board of Representatives,2022-12-31,ytd,93000000,2023-01-04
2229.2,Price feed fee,2022-12-31,month,31366667,2023-02-01
2229.2,Price feed fee,2022-12-31,ytd,136633336,2023-01-04
2229.3,Legal consultancy expenses,2022-12-31,month,0,2023-02-01
2229.3,Legal consultancy expenses,2022-12-31,ytd,0,2023-01-04
2230,"Fee for drafting, printing, distribution of prospectus, summarised prospectus, financial statements, transaction confirmations, account statements and other documents to investors; information disclosure fee; fee for organising annual general meeting, board of representatives meeting",2022-12-31,month,0,2023-02-01
2230,"Fee for drafting, printing, distribution of prospectus, summarised prospectus, financial statements, transaction confirmations, account statements and other documents to investors; information disclosure fee; fee for organising annual general meeting, board of representatives meeting",2022-12-31,ytd,60554652,2023-01-04
2230.1,Meeting expenses,2022-12-31,month,0,2023-02-01
2230.1,Meeting expenses,2022-12-31,ytd,60554652,2023-01-04
2230.2,Annual report expenses,2022-12-31,month,0,2023-02-01
2230.2,Annual report expenses,2022-12-31,ytd,0,2023-01-04
2230.3,"Fund's Board of Representatives meeting, travelling expenses",2022-12-31,month,0,2023-02-01
2230.3,"Fund's Board of Representatives meeting, travelling expenses",2022-12-31,ytd,0,2023-01-04
2230.4,Expenses of information disclosure of the Fund,2022-12-31,month,0,2023-02-01
2230.4,Expenses of information disclosure of the Fund,2022-12-31,ytd,0,2023-01-04
2230.5,"Designing, printing, posting... expenses",2022-12-31,month,0,2023-02-01
2230.5,"Designing, printing, posting... expenses",2022-12-31,ytd,0,2023-01-04
2231,Expenses related to execution of Fund’s asset transactions,2022-12-31,month,43986988,2023-02-01
2231,Expenses related to execution of Fund’s asset transactions,2022-12-31,ytd,331032728,2023-01-04
2231,Real Estate Management Service fee (not applicable),2022-12-31,month,0,2023-02-01
2231,Real Estate Management Service fee (not applicable),2022-12-31,ytd,0,2023-01-04
2231.1,Brokerage fee,2022-12-31,month,38680988,2023-02-01
2231.1,Brokerage fee,2022-12-31,ytd,247401618,2023-01-04
2231.2,Clearing settlement fee,2022-12-31,month,306000,2023-02-01
2231.2,Clearing settlement fee,2022-12-31,ytd,1631110,2023-01-04
2231.3,Other Expenses,2022-12-31,month,5000000,2023-02-01
2232,Other expenses,2022-12-31,month,15434575,2023-02-01
2232,Other expenses,2022-12-31,ytd,106367414,2023-01-04
2232,Real estate valuation service fees (not applicable),2022-12-31,month,0,2023-02-01
2232,Real estate valuation service fees (not applicable),2022-12-31,ytd,0,2023-01-04
2232.1,Set up Expenses,2022-12-31,month,0,2023-02-01
2232.1,Set up Expenses,2022-12-31,ytd,0,2023-01-04
2232.2,"Listing, registration fees",2022-12-31,month,0,2023-02-01
2232.2,"Listing, registration fees",2022-12-31,ytd,0,2023-01-04
2232.3,Annual management fee paid to SSC,2022-12-31,month,7500000,2023-02-01
2232.3,Annual management fee paid to SSC,2022-12-31,ytd,7500000,2023-01-04
2232.4,Bank charges,2022-12-31,month,7934575,2023-02-01
2232.4,Bank charges,2022-12-31,ytd,96667414,2023-01-04
2232.5,Borrowing expense,2022-12-31,month,0,2023-02-01
2232.5,Borrowing expense,2022-12-31,ytd,0,2023-01-04
2232.6,Other Expenses,2022-12-31,month,0,2023-02-01
2232.7,Fee paid to VSD for getting the list of investors,2022-12-31,month,0,2023-02-01
2232.7,Fee paid to VSD for getting the list of investors,2022-12-31,ytd,2200000,2023-01-04
2233,Net Income from Investment Activities (= I - II),2022-12-31,month,2647367759,2023-02-01
2233,Net Income from Investment Activities (= I - II),2022-12-31,ytd,57886469125,2023-01-04
2234,Gain / (Loss) from Investment Activities,2022-12-31,month,-5777350170,2023-02-01
2234,Gain / (Loss) from Investment Activities,2022-12-31,ytd,-16949301342,2023-01-04
2235,Realised Gain / (Loss) from disposal of investment or real estate transfer,2022-12-31,month,-5870378101,2023-02-01
2235,Realised Gain / (Loss) from disposal of investment or real estate transfer,2022-12-31,ytd,-17069271015,2023-01-04
2236,Unrealised Gain / (Loss) due to market price,2022-12-31,month,93027931,2023-02-01
2236,Unrealised Gain / (Loss) due to market price,2022-12-31,ytd,119969673,2023-01-04
2237,Change of Net Asset Value of the Fund due to investment activities during the period (= III + IV),2022-12-31,month,-3129982411,2023-02-01
2237,Change of Net Asset Value of the Fund due to investment activities during the period (= III + IV),2022-12-31,ytd,40937167783,2023-01-04
2238,Net Asset Value at the beginning of period,2022-12-31,month,537587567769,2023-02-01
2238,Net Asset Value at the beginning of period,2022-12-31,ytd,828024026231,2023-01-04
2239,"Change of Net Asset Value of the Fund during the period, of which",2022-12-31,month,-102722670669,2023-02-01
2239,"Change of Net Asset Value of the Fund during the period, of which",2022-12-31,ytd,-393159129131,2023-01-04
2239.1,Change of Net Asset Value due to investment activities during the period,2022-12-31,month,-3129982411,2023-02-01
2239.1,Change of Net Asset Value due to investment activities during the period,2022-12-31,ytd,40937167783,2023-01-04
2239.2,Change of Net Asset Value due to  dividends payment to investors during the period,2022-12-31,month,0,2023-02-01
2239.2,Change of Net Asset Value due to  dividends payment to investors during the period,2022-12-31,ytd,0,2023-01-04
2239.3,Change of Net Asset Value due to subscription/redemption during the period,2022-12-31,month,-99592688258,2023-02-01
2239.3,Change of Net Asset Value due to subscription/redemption during the period,2022-12-31,ytd,-434096296914,2023-01-04
2239.3.1,Change of Net Asset Value due to subscription during the period,2022-12-31,month,5072976850,2023-02-01
2239.3.1,Change of Net Asset Value due to subscription during the period,2022-12-31,ytd,262756228632,2023-01-04
2239.3.2,Change of Net Asset Value due to redemption during the period,2022-12-31,month,-104665665108,2023-02-01
2239.3.2,Change of Net Asset Value due to redemption during the period,2022-12-31,ytd,-696852525546,2023-01-04
2243,Net Asset Value at the end of period,2022-12-31,month,434864897100,2023-02-01
2243,Net Asset Value at the end of period,2022-12-31,ytd,434864897100,2023-01-04
2244,Average annual profit (only applicable to annual report),2022-12-31,month,0,2023-02-01
2244,Average annual profit (only applicable to annual report),2022-12-31,ytd,0,2023-01-04
2245,Average annual rate of return (only applicable to annual report),2022-12-31,month,0,2023-02-01
2245,Average annual rate of return (only applicable to annual report),2022-12-31,ytd,0,2023-01-04
2220,Income from Investment Activities,2023-01-31,month,3252407529,2023-03-03
2220,Income from Investment Activities,2023-01-31,ytd,3252407529,2023-02-01
2221,"Dividend income, interest income from bonds",2023-01-31,month,2602297616,2023-03-03
2221,"Dividend income, interest income from bonds",2023-01-31,ytd,2602297616,2023-02-01
2221.1,Dividends income,2023-01-31,month,0,2023-03-03
2221.1,Dividends income,2023-01-31,ytd,0,2023-02-01
2221.2,Interest income from bonds,2023-01-31,month,2602297616,2023-03-03
2221.2,Interest income from bonds,2023-01-31,ytd,2602297616,2023-02-01
2222,Interest income,2023-01-31,month,650109913,2023-03-03
2222,Interest income,2023-01-31,ytd,650109913,2023-02-01
2222.1,Interest income from bank deposits,2023-01-31,month,650109913,2023-03-03
2222.1,Interest income from bank deposits,2023-01-31,ytd,650109913,2023-02-01
2222.2,Interest income from Certificates of Deposit,2023-01-31,month,0,2023-03-03
2222.2,Interest income from Certificates of Deposit,2023-01-31,ytd,0,2023-02-01
2222.3,Interest income from reverse repo contracts,2023-01-31,month,0,2023-03-03
2222.3,Interest income from reverse repo contracts,2023-01-31,ytd,0,2023-02-01
2223,Income from rental property (not applicable),2023-01-31,month,0,2023-03-03
2223,Income from rental property (not applicable),2023-01-31,ytd,0,2023-02-01
2223,Other incomes,2023-01-31,month,0,2023-03-03
2223,Other incomes,2023-01-31,ytd,0,2023-02-01
2223.1,Other investment incomes,2023-01-31,month,0,2023-03-03
2223.1,Other investment incomes,2023-01-31,ytd,0,2023-02-01
2223.2,Other incomes,2023-01-31,month,0,2023-03-03
2223.2,Other incomes,2023-01-31,ytd,0,2023-02-01
2223.3,"Provision expense for bad debts from dividends, interest income and written off bad debts from dividends, interest income",2023-01-31,month,0,2023-03-03
2223.3,"Provision expense for bad debts from dividends, interest income and written off bad debts from dividends, interest income",2023-01-31,ytd,0,2023-02-01
2224,Expenses,2023-01-31,month,554292889,2023-03-03
2224,Expenses,2023-01-31,ytd,554292889,2023-02-01
2225,Management Fee paid to Fund Management Company,2023-01-31,month,440828449,2023-03-03
2225,Management Fee paid to Fund Management Company,2023-01-31,ytd,440828449,2023-02-01
2226,"Custody fee, Supervising fee paid to Supervising Bank/VSD",2023-01-31,month,33047177,2023-03-03
2226,"Custody fee, Supervising fee paid to Supervising Bank/VSD",2023-01-31,ytd,33047177,2023-02-01
2226.1,Custodian service - Safe Custody Fee,2023-01-31,month,15000000,2023-03-03
2226.1,Custodian service - Safe Custody Fee,2023-01-31,ytd,15000000,2023-02-01
2226.2,Custodian service - Transaction fee,2023-01-31,month,800000,2023-03-03
2226.2,Custodian service - Transaction fee,2023-01-31,ytd,800000,2023-02-01
2226.3,"Custodian service -  Depository fee, Position and Margin management fee paid to VSD",2023-01-31,month,747177,2023-03-03
2226.3,"Custodian service -  Depository fee, Position and Margin management fee paid to VSD",2023-01-31,ytd,747177,2023-02-01
2226.4,Supervisory fee,2023-01-31,month,16500000,2023-03-03
2226.4,Supervisory fee,2023-01-31,ytd,16500000,2023-02-01
2227,"Fund Administration Fee, and other fees paid to relevant Fund's service providers",2023-01-31,month,23122782,2023-03-03
2227,"Fund Administration Fee, and other fees paid to relevant Fund's service providers",2023-01-31,ytd,23122782,2023-02-01
2227.1,Fund Administration Fee,2023-01-31,month,12122782,2023-03-03
2227.1,Fund Administration Fee,2023-01-31,ytd,12122782,2023-02-01
2227.2,Transfer Agency Fee,2023-01-31,month,11000000,2023-03-03
2227.2,Transfer Agency Fee,2023-01-31,ytd,11000000,2023-02-01
2228,Audit fee,2023-01-31,month,10650411,2023-03-03
2228,Audit fee,2023-01-31,ytd,10650411,2023-02-01
2229,"Legal consultancy expenses, price feed fee, other valid expenses, remuneration paid to Fund's Board of Representatives",2023-01-31,month,14604033,2023-03-03
2229,"Legal consultancy expenses, price feed fee, other valid expenses, remuneration paid to Fund's Board of Representatives",2023-01-31,ytd,14604033,2023-02-01
2229.1,Remuneration of Fund's Board of Representatives,2023-01-31,month,6509589,2023-03-03
2229.1,Remuneration of Fund's Board of Representatives,2023-01-31,ytd,6509589,2023-02-01
2229.2,Price feed fee,2023-01-31,month,8094444,2023-03-03
2229.2,Price feed fee,2023-01-31,ytd,8094444,2023-02-01
2229.3,Legal consultancy expenses,2023-01-31,month,0,2023-03-03
2229.3,Legal consultancy expenses,2023-01-31,ytd,0,2023-02-01
2230,"Fee for drafting, printing, distribution of prospectus, summarised prospectus, financial statements, transaction confirmations, account statements and other documents to investors; information disclosure fee; fee for organising annual general meeting, board of representatives meeting",2023-01-31,month,0,2023-03-03
2230,"Fee for drafting, printing, distribution of prospectus, summarised prospectus, financial statements, transaction confirmations, account statements and other documents to investors; information disclosure fee; fee for organising annual general meeting, board of representatives meeting",2023-01-31,ytd,0,2023-02-01
2230.1,Meeting expenses,2023-01-31,month,0,2023-03-03
2230.1,Meeting expenses,2023-01-31,ytd,0,2023-02-01
2230.2,Annual report expenses,2023-01-31,month,0,2023-03-03
2230.2,Annual report expenses,2023-01-31,ytd,0,2023-02-01
2230.3,"Fund's Board of Representatives meeting, travelling expenses",2023-01-31,month,0,2023-03-03
2230.3,"Fund's Board of Representatives meeting, travelling expenses",2023-01-31,ytd,0,2023-02-01
2230.4,Expenses of information disclosure of the Fund,2023-01-31,month,0,2023-03-03
2230.4,Expenses of information disclosure of the Fund,2023-01-31,ytd,0,2023-02-01
2230.5,"Designing, printing, posting... expenses",2023-01-31,month,0,2023-03-03
2230.5,"Designing, printing, posting... expenses",2023-01-31,ytd,0,2023-02-01
2231,Expenses related to execution of Fund’s asset transactions,2023-01-31,month,17078851,2023-03-03
2231,Expenses related to execution of Fund’s asset transactions,2023-01-31,ytd,17078851,2023-02-01
2231,Real Estate Management Service fee (not applicable),2023-01-31,month,0,2023-03-03
2231,Real Estate Management Service fee (not applicable),2023-01-31,ytd,0,2023-02-01
2231.1,Brokerage fee,2023-01-31,month,6611510,2023-03-03
2231.1,Brokerage fee,2023-01-31,ytd,6611510,2023-02-01
2231.2,Clearing settlement fee,2023-01-31,month,467341,2023-03-03
2231.2,Clearing settlement fee,2023-01-31,ytd,467341,2023-02-01
2231.3,Other Expenses,2023-01-31,month,10000000,2023-03-03
2231.3,Other Expenses,2023-01-31,ytd,10000000,2023-02-01
2232,Other expenses,2023-01-31,month,14961186,2023-03-03
2232,Other expenses,2023-01-31,ytd,14961186,2023-02-01
2232,Real estate valuation service fees (not applicable),2023-01-31,month,0,2023-03-03
2232,Real estate valuation service fees (not applicable),2023-01-31,ytd,0,2023-02-01
2232.1,Set up Expenses,2023-01-31,month,0,2023-03-03
2232.1,Set up Expenses,2023-01-31,ytd,0,2023-02-01
2232.2,"Listing, registration fees",2023-01-31,month,0,2023-03-03
2232.2,"Listing, registration fees",2023-01-31,ytd,0,2023-02-01
2232.3,Annual management fee paid to SSC,2023-01-31,month,636986,2023-03-03
2232.3,Annual management fee paid to SSC,2023-01-31,ytd,636986,2023-02-01
2232.4,Bank charges,2023-01-31,month,14324200,2023-03-03
2232.4,Bank charges,2023-01-31,ytd,14324200,2023-02-01
2232.5,Borrowing expense,2023-01-31,month,0,2023-03-03
2232.5,Borrowing expense,2023-01-31,ytd,0,2023-02-01
2232.6,Other Expenses,2023-01-31,month,0,2023-03-03
2232.6,Other Expenses,2023-01-31,ytd,0,2023-02-01
2232.7,Fee paid to VSD for getting the list of investors,2023-01-31,month,0,2023-03-03
2232.7,Fee paid to VSD for getting the list of investors,2023-01-31,ytd,0,2023-02-01
2233,Net Income from Investment Activities (= I - II),2023-01-31,month,2698114640,2023-03-03
2233,Net Income from Investment Activities (= I - II),2023-01-31,ytd,2698114640,2023-02-01
2234,Gain / (Loss) from Investment Activities,2023-01-31,month,-1744026602,2023-03-03
2234,Gain / (Loss) from Investment Activities,2023-01-31,ytd,-1744026602,2023-02-01
2235,Realised Gain / (Loss) from disposal of investment or real estate transfer,2023-01-31,month,-1164140785,2023-03-03
2235,Realised Gain / (Loss) from disposal of investment or real estate transfer,2023-01-31,ytd,-1164140785,2023-02-01
2236,Unrealised Gain / (Loss) due to market price,2023-01-31,month,-579885817,2023-03-03
2236,Unrealised Gain / (Loss) due to market price,2023-01-31,ytd,-579885817,2023-02-01
2237,Change of Net Asset Value of the Fund due to investment activities during the period (= III + IV),2023-01-31,month,954088038,2023-03-03
2237,Change of Net Asset Value of the Fund due to investment activities during the period (= III + IV),2023-01-31,ytd,954088038,2023-02-01
2238,Net Asset Value at the beginning of period,2023-01-31,month,434864897100,2023-03-03
2238,Net Asset Value at the beginning of period,2023-01-31,ytd,434864897100,2023-02-01
2239,"Change of Net Asset Value of the Fund during the period, of which",2023-01-31,month,-4703619242,2023-03-03
2239,"Change of Net Asset Value of the Fund during the period, of which",2023-01-31,ytd,-4703619242,2023-02-01
2239.1,Change of Net Asset Value due to investment activities during the period,2023-01-31,month,954088038,2023-03-03
2239.1,Change of Net Asset Value due to investment activities during the period,2023-01-31,ytd,954088038,2023-02-01
2239.2,Change of Net Asset Value due to  dividends payment to investors during the period,2023-01-31,month,0,2023-03-03
2239.2,Change of Net Asset Value due to  dividends payment to investors during the period,2023-01-31,ytd,0,2023-02-01
2239.3,Change of Net Asset Value due to subscription/redemption during the period,2023-01-31,month,-5657707280,2023-03-03
2239.3,Change of Net Asset Value due to subscription/redemption during the period,2023-01-31,ytd,-5657707280,2023-02-01
2239.3.1,Change of Net Asset Value due to subscription during the period,2023-01-31,month,1051837791,2023-03-03
2239.3.1,Change of Net Asset Value due to subscription during the period,2023-01-31,ytd,1051837791,2023-02-01
2239.3.2,Change of Net Asset Value due to redemption during the period,2023-01-31,month,-6709545071,2023-03-03
2239.3.2,Change of Net Asset Value due to redemption during the period,2023-01-31,ytd,-6709545071,2023-02-01
2243,Net Asset Value at the end of period,2023-01-31,month,430161277858,2023-03-03
2243,Net Asset Value at the end of period,2023-01-31,ytd,430161277858,2023-02-01
2244,Average annual profit (only applicable to annual report),2023-01-31,month,0,2023-03-03
2244,Average annual profit (only applicable to annual report),2023-01-31,ytd,0,2023-02-01
2245,Average annual rate of return (only applicable to annual report),2023-01-31,month,0,2023-03-03
2245,Average annual rate of return (only applicable to annual report),2023-01-31,ytd,0,2023-02-01
2220,Income from Investment Activities,2023-02-28,month,2855429109,2023-04-04
2220,Income from Investment Activities,2023-02-28,ytd,6107836638,2023-03-03
2221,"Dividend income, interest income from bonds",2023-02-28,month,2302166760,2023-04-04
2221,"Dividend income, interest income from bonds",2023-02-28,ytd,4904464376,2023-03-03
2221.1,Dividends income,2023-02-28,month,0,2023-04-04
2221.1,Dividends income,2023-02-28,ytd,0,2023-03-03
2221.2,Interest income from bonds,2023-02-28,month,2302166760,2023-04-04
2221.2,Interest income from bonds,2023-02-28,ytd,4904464376,2023-03-03
2222,Interest income,2023-02-28,month,553262349,2023-04-04
2222,Interest income,2023-02-28,ytd,1203372262,2023-03-03
2222.1,Interest income from bank deposits,2023-02-28,month,553262349,2023-04-04
2222.1,Interest income from bank deposits,2023-02-28,ytd,1203372262,2023-03-03
2222.2,Interest income from Certificates of Deposit,2023-02-28,month,0,2023-04-04
2222.2,Interest income from Certificates of Deposit,2023-02-28,ytd,0,2023-03-03
2222.3,Interest income from reverse repo contracts,2023-02-28,month,0,2023-04-04
2222.3,Interest income from reverse repo contracts,2023-02-28,ytd,0,2023-03-03
2223,Income from rental property (not applicable),2023-02-28,month,0,2023-04-04
2223,Income from rental property (not applicable),2023-02-28,ytd,0,2023-03-03
2223,Other incomes,2023-02-28,month,0,2023-04-04
2223,Other incomes,2023-02-28,ytd,0,2023-03-03
2223.1,Other investment incomes,2023-02-28,month,0,2023-04-04
2223.1,Other investment incomes,2023-02-28,ytd,0,2023-03-03
2223.2,Other incomes,2023-02-28,month,0,2023-04-04
2223.2,Other incomes,2023-02-28,ytd,0,2023-03-03
2223.3,"Provision expense for bad debts from dividends, interest income and written off bad debts from dividends, interest income",2023-02-28,month,0,2023-04-04
2223.3,"Provision expense for bad debts from dividends, interest income and written off bad debts from dividends, interest income",2023-02-28,ytd,0,2023-03-03
2224,Expenses,2023-02-28,month,489219440,2023-04-04
2224,Expenses,2023-02-28,ytd,1043512329,2023-03-03
2225,Management Fee paid to Fund Management Company,2023-02-28,month,382250352,2023-04-04
2225,Management Fee paid to Fund Management Company,2023-02-28,ytd,823078801,2023-03-03
2226,"Custody fee, Supervising fee paid to Supervising Bank/VSD",2023-02-28,month,32420113,2023-04-04
2226,"Custody fee, Supervising fee paid to Supervising Bank/VSD",2023-02-28,ytd,65467290,2023-03-03
2226.1,Custodian service - Safe Custody Fee,2023-02-28,month,15000000,2023-04-04
2226.1,Custodian service - Safe Custody Fee,2023-02-28,ytd,30000000,2023-03-03
2226.2,Custodian service - Transaction fee,2023-02-28,month,500000,2023-04-04
2226.2,Custodian service - Transaction fee,2023-02-28,ytd,1300000,2023-03-03
2226.3,"Custodian service -  Depository fee, Position and Margin management fee paid to VSD",2023-02-28,month,420113,2023-04-04
2226.3,"Custodian service -  Depository fee, Position and Margin management fee paid to VSD",2023-02-28,ytd,1167290,2023-03-03
2226.4,Supervisory fee,2023-02-28,month,16500000,2023-04-04
2226.4,Supervisory fee,2023-02-28,ytd,33000000,2023-03-03
2227,"Fund Administration Fee, and other fees paid to relevant Fund's service providers",2023-02-28,month,22000000,2023-04-04
2227,"Fund Administration Fee, and other fees paid to relevant Fund's service providers",2023-02-28,ytd,45122782,2023-03-03
2227.1,Fund Administration Fee,2023-02-28,month,11000000,2023-04-04
2227.1,Fund Administration Fee,2023-02-28,ytd,23122782,2023-03-03
2227.2,Transfer Agency Fee,2023-02-28,month,11000000,2023-04-04
2227.2,Transfer Agency Fee,2023-02-28,ytd,22000000,2023-03-03
2228,Audit fee,2023-02-28,month,9619726,2023-04-04
2228,Audit fee,2023-02-28,ytd,20270137,2023-03-03
2229,"Legal consultancy expenses, price feed fee, other valid expenses, remuneration paid to Fund's Board of Representatives",2023-02-28,month,13771386,2023-04-04
2229,"Legal consultancy expenses, price feed fee, other valid expenses, remuneration paid to Fund's Board of Representatives",2023-02-28,ytd,28375419,2023-03-03
2229.1,Remuneration of Fund's Board of Representatives,2023-02-28,month,6460274,2023-04-04
2229.1,Remuneration of Fund's Board of Representatives,2023-02-28,ytd,12969863,2023-03-03
2229.2,Price feed fee,2023-02-28,month,7311112,2023-04-04
2229.2,Price feed fee,2023-02-28,ytd,15405556,2023-03-03
2229.3,Legal consultancy expenses,2023-02-28,month,0,2023-04-04
2229.3,Legal consultancy expenses,2023-02-28,ytd,0,2023-03-03
2230,"Fee for drafting, printing, distribution of prospectus, summarised prospectus, financial statements, transaction confirmations, account statements and other documents to investors; information disclosure fee; fee for organising annual general meeting, board of representatives meeting",2023-02-28,month,0,2023-04-04
2230,"Fee for drafting, printing, distribution of prospectus, summarised prospectus, financial statements, transaction confirmations, account statements and other documents to investors; information disclosure fee; fee for organising annual general meeting, board of representatives meeting",2023-02-28,ytd,0,2023-03-03
2230.1,Meeting expenses,2023-02-28,month,0,2023-04-04
2230.1,Meeting expenses,2023-02-28,ytd,0,2023-03-03
2230.2,Annual report expenses,2023-02-28,month,0,2023-04-04
2230.2,Annual report expenses,2023-02-28,ytd,0,2023-03-03
2230.3,"Fund's Board of Representatives meeting, travelling expenses",2023-02-28,month,0,2023-04-04
2230.3,"Fund's Board of Representatives meeting, travelling expenses",2023-02-28,ytd,0,2023-03-03
2230.4,Expenses of information disclosure of the Fund,2023-02-28,month,0,2023-04-04
2230.4,Expenses of information disclosure of the Fund,2023-02-28,ytd,0,2023-03-03
2230.5,"Designing, printing, posting... expenses",2023-02-28,month,0,2023-04-04
2230.5,"Designing, printing, posting... expenses",2023-02-28,ytd,0,2023-03-03
2231,Expenses related to execution of Fund’s asset transactions,2023-02-28,month,18678670,2023-04-04
2231,Expenses related to execution of Fund’s asset transactions,2023-02-28,ytd,35757521,2023-03-03
2231,Real Estate Management Service fee (not applicable),2023-02-28,month,0,2023-04-04
2231,Real Estate Management Service fee (not applicable),2023-02-28,ytd,0,2023-03-03
2231.1,Brokerage fee,2023-02-28,month,2678670,2023-04-04
2231.1,Brokerage fee,2023-02-28,ytd,9290180,2023-03-03
2231.2,Clearing settlement fee,2023-02-28,month,0,2023-04-04
2231.2,Clearing settlement fee,2023-02-28,ytd,467341,2023-03-03
2231.3,Other Expenses,2023-02-28,month,16000000,2023-04-04
2231.3,Other Expenses,2023-02-28,ytd,26000000,2023-03-03
2232,Other expenses,2023-02-28,month,10479193,2023-04-04
2232,Other expenses,2023-02-28,ytd,25440379,2023-03-03
2232,Real estate valuation service fees (not applicable),2023-02-28,month,0,2023-04-04
2232,Real estate valuation service fees (not applicable),2023-02-28,ytd,0,2023-03-03
2232.1,Set up Expenses,2023-02-28,month,0,2023-04-04
2232.1,Set up Expenses,2023-02-28,ytd,0,2023-03-03
2232.2,"Listing, registration fees",2023-02-28,month,0,2023-04-04
2232.2,"Listing, registration fees",2023-02-28,ytd,0,2023-03-03
2232.3,Annual management fee paid to SSC,2023-02-28,month,575343,2023-04-04
2232.3,Annual management fee paid to SSC,2023-02-28,ytd,1212329,2023-03-03
2232.4,Bank charges,2023-02-28,month,9903850,2023-04-04
2232.4,Bank charges,2023-02-28,ytd,24228050,2023-03-03
2232.5,Borrowing expense,2023-02-28,month,0,2023-04-04
2232.5,Borrowing expense,2023-02-28,ytd,0,2023-03-03
2232.6,Other Expenses,2023-02-28,month,0,2023-04-04
2232.6,Other Expenses,2023-02-28,ytd,0,2023-03-03
2232.7,Fee paid to VSD for getting the list of investors,2023-02-28,month,0,2023-04-04
2232.7,Fee paid to VSD for getting the list of investors,2023-02-28,ytd,0,2023-03-03
2233,Net Income from Investment Activities (= I - II),2023-02-28,month,2366209669,2023-04-04
2233,Net Income from Investment Activities (= I - II),2023-02-28,ytd,5064324309,2023-03-03
2234,Gain / (Loss) from Investment Activities,2023-02-28,month,356099256,2023-04-04
2234,Gain / (Loss) from Investment Activities,2023-02-28,ytd,-1387927346,2023-03-03
2235,Realised Gain / (Loss) from disposal of investment or real estate transfer,2023-02-28,month,-17527398,2023-04-04
2235,Realised Gain / (Loss) from disposal of investment or real estate transfer,2023-02-28,ytd,-1181668183,2023-03-03
2236,Unrealised Gain / (Loss) due to market price,2023-02-28,month,373626654,2023-04-04
2236,Unrealised Gain / (Loss) due to market price,2023-02-28,ytd,-206259163,2023-03-03
2237,Change of Net Asset Value of the Fund due to investment activities during the period (= III + IV),2023-02-28,month,2722308925,2023-04-04
2237,Change of Net Asset Value of the Fund due to investment activities during the period (= III + IV),2023-02-28,ytd,3676396963,2023-03-03
2238,Net Asset Value at the beginning of period,2023-02-28,month,430161277858,2023-04-04
2238,Net Asset Value at the beginning of period,2023-02-28,ytd,434864897100,2023-03-03
2239,"Change of Net Asset Value of the Fund during the period, of which",2023-02-28,month,-28287828433,2023-04-04
2239,"Change of Net Asset Value of the Fund during the period, of which",2023-02-28,ytd,-32991447675,2023-03-03
2239.1,Change of Net Asset Value due to investment activities during the period,2023-02-28,month,2722308925,2023-04-04
2239.1,Change of Net Asset Value due to investment activities during the period,2023-02-28,ytd,3676396963,2023-03-03
2239.2,Change of Net Asset Value due to  dividends payment to investors during the period,2023-02-28,month,0,2023-04-04
2239.2,Change of Net Asset Value due to  dividends payment to investors during the period,2023-02-28,ytd,0,2023-03-03
2239.3,Change of Net Asset Value due to subscription/redemption during the period,2023-02-28,month,-31010137358,2023-04-04
2239.3,Change of Net Asset Value due to subscription/redemption during the period,2023-02-28,ytd,-36667844638,2023-03-03
2239.3.1,Change of Net Asset Value due to subscription during the period,2023-02-28,month,1498673683,2023-04-04
2239.3.1,Change of Net Asset Value due to subscription during the period,2023-02-28,ytd,2550511474,2023-03-03
2239.3.2,Change of Net Asset Value due to redemption during the period,2023-02-28,month,-32508811041,2023-04-04
2239.3.2,Change of Net Asset Value due to redemption during the period,2023-02-28,ytd,-39218356112,2023-03-03
2243,Net Asset Value at the end of period,2023-02-28,month,401873449425,2023-04-04
2243,Net Asset Value at the end of period,2023-02-28,ytd,401873449425,2023-03-03
2244,Average annual profit (only applicable to annual report),2023-02-28,month,0,2023-04-04
2244,Average annual profit (only applicable to annual report),2023-02-28,ytd,0,2023-03-03
2245,Average annual rate of return (only applicable to annual report),2023-02-28,month,0,2023-04-04
2245,Average annual rate of return (only applicable to annual report),2023-02-28,ytd,0,2023-03-03
2220,Income from Investment Activities,2023-03-31,month,3140109688,2023-05-05
2220,Income from Investment Activities,2023-03-31,ytd,9247946326,2023-04-04
2221,"Dividend income, interest income from bonds",2023-03-31,month,2696291344,2023-05-05
2221,"Dividend income, interest income from bonds",2023-03-31,ytd,7600755720,2023-04-04
2221.1,Dividends income,2023-03-31,month,0,2023-05-05
2221.1,Dividends income,2023-03-31,ytd,0,2023-04-04
2221.2,Interest income from bonds,2023-03-31,month,2696291344,2023-05-05
2221.2,Interest income from bonds,2023-03-31,ytd,7600755720,2023-04-04
2222,Interest income,2023-03-31,month,443818344,2023-05-05
2222,Interest income,2023-03-31,ytd,1647190606,2023-04-04
2222.1,Interest income from bank deposits,2023-03-31,month,443818344,2023-05-05
2222.1,Interest income from bank deposits,2023-03-31,ytd,1647190606,2023-04-04
2222.2,Interest income from Certificates of Deposit,2023-03-31,month,0,2023-05-05
2222.2,Interest income from Certificates of Deposit,2023-03-31,ytd,0,2023-04-04
2222.3,Interest income from reverse repo contracts,2023-03-31,month,0,2023-05-05
2222.3,Interest income from reverse repo contracts,2023-03-31,ytd,0,2023-04-04
2223,Income from rental property (not applicable),2023-03-31,month,0,2023-05-05
2223,Income from rental property (not applicable),2023-03-31,ytd,0,2023-04-04
2223,Other incomes,2023-03-31,month,0,2023-05-05
2223,Other incomes,2023-03-31,ytd,0,2023-04-04
2223.1,Other investment incomes,2023-03-31,month,0,2023-05-05
2223.1,Other investment incomes,2023-03-31,ytd,0,2023-04-04
2223.2,Other incomes,2023-03-31,month,0,2023-05-05
2223.2,Other incomes,2023-03-31,ytd,0,2023-04-04
2223.3,"Provision expense for bad debts from dividends, interest income and written off bad debts from dividends, interest income",2023-03-31,month,0,2023-05-05
2223.3,"Provision expense for bad debts from dividends, interest income and written off bad debts from dividends, interest income",2023-03-31,ytd,0,2023-04-04
2224,Expenses,2023-03-31,month,514348349,2023-05-05
2224,Expenses,2023-03-31,ytd,1557860678,2023-04-04
2225,Management Fee paid to Fund Management Company,2023-03-31,month,396022220,2023-05-05
2225,Management Fee paid to Fund Management Company,2023-03-31,ytd,1219101021,2023-04-04
2226,"Custody fee, Supervising fee paid to Supervising Bank/VSD",2023-03-31,month,33087104,2023-05-05
2226,"Custody fee, Supervising fee paid to Supervising Bank/VSD",2023-03-31,ytd,98554394,2023-04-04
2226.1,Custodian service - Safe Custody Fee,2023-03-31,month,15000000,2023-05-05
2226.1,Custodian service - Safe Custody Fee,2023-03-31,ytd,45000000,2023-04-04
2226.2,Custodian service - Transaction fee,2023-03-31,month,1100000,2023-05-05
2226.2,Custodian service - Transaction fee,2023-03-31,ytd,2400000,2023-04-04
2226.3,"Custodian service -  Depository fee, Position and Margin management fee paid to VSD",2023-03-31,month,487104,2023-05-05
2226.3,"Custodian service -  Depository fee, Position and Margin management fee paid to VSD",2023-03-31,ytd,1654394,2023-04-04
2226.4,Supervisory fee,2023-03-31,month,16500000,2023-05-05
2226.4,Supervisory fee,2023-03-31,ytd,49500000,2023-04-04
2227,"Fund Administration Fee, and other fees paid to relevant Fund's service providers",2023-03-31,month,22073538,2023-05-05
2227,"Fund Administration Fee, and other fees paid to relevant Fund's service providers",2023-03-31,ytd,67196320,2023-04-04
2227.1,Fund Administration Fee,2023-03-31,month,11073538,2023-05-05
2227.1,Fund Administration Fee,2023-03-31,ytd,34196320,2023-04-04
2227.2,Transfer Agency Fee,2023-03-31,month,11000000,2023-05-05
2227.2,Transfer Agency Fee,2023-03-31,ytd,33000000,2023-04-04
2228,Audit fee,2023-03-31,month,15754360,2023-05-05
2228,Audit fee,2023-03-31,ytd,36024497,2023-04-04
2229,"Legal consultancy expenses, price feed fee, other valid expenses, remuneration paid to Fund's Board of Representatives",2023-03-31,month,14604033,2023-05-05
2229,"Legal consultancy expenses, price feed fee, other valid expenses, remuneration paid to Fund's Board of Representatives",2023-03-31,ytd,42979452,2023-04-04
2229.1,Remuneration of Fund's Board of Representatives,2023-03-31,month,6509589,2023-05-05
2229.1,Remuneration of Fund's Board of Representatives,2023-03-31,ytd,19479452,2023-04-04
2229.2,Price feed fee,2023-03-31,month,8094444,2023-05-05
2229.2,Price feed fee,2023-03-31,ytd,23500000,2023-04-04
2229.3,Legal consultancy expenses,2023-03-31,month,0,2023-05-05
2229.3,Legal consultancy expenses,2023-03-31,ytd,0,2023-04-04
2230,"Fee for drafting, printing, distribution of prospectus, summarised prospectus, financial statements, transaction confirmations, account statements and other documents to investors; information disclosure fee; fee for organising annual general meeting, board of representatives meeting",2023-03-31,month,0,2023-05-05
2230,"Fee for drafting, printing, distribution of prospectus, summarised prospectus, financial statements, transaction confirmations, account statements and other documents to investors; information disclosure fee; fee for organising annual general meeting, board of representatives meeting",2023-03-31,ytd,0,2023-04-04
2230.1,Meeting expenses,2023-03-31,month,0,2023-05-05
2230.1,Meeting expenses,2023-03-31,ytd,0,2023-04-04
2230.2,Annual report expenses,2023-03-31,month,0,2023-05-05
2230.2,Annual report expenses,2023-03-31,ytd,0,2023-04-04
2230.3,"Fund's Board of Representatives meeting, travelling expenses",2023-03-31,month,0,2023-05-05
2230.3,"Fund's Board of Representatives meeting, travelling expenses",2023-03-31,ytd,0,2023-04-04
2230.4,Expenses of information disclosure of the Fund,2023-03-31,month,0,2023-05-05
2230.4,Expenses of information disclosure of the Fund,2023-03-31,ytd,0,2023-04-04
2230.5,"Designing, printing, posting... expenses",2023-03-31,month,0,2023-05-05
2230.5,"Designing, printing, posting... expenses",2023-03-31,ytd,0,2023-04-04
2231,Expenses related to execution of Fund’s asset transactions,2023-03-31,month,22816258,2023-05-05
2231,Expenses related to execution of Fund’s asset transactions,2023-03-31,ytd,58573779,2023-04-04
2231,Real Estate Management Service fee (not applicable),2023-03-31,month,0,2023-05-05
2231,Real Estate Management Service fee (not applicable),2023-03-31,ytd,0,2023-04-04
2231.1,Brokerage fee,2023-03-31,month,13866739,2023-05-05
2231.1,Brokerage fee,2023-03-31,ytd,23156919,2023-04-04
2231.2,Clearing settlement fee,2023-03-31,month,45000,2023-05-05
2231.2,Clearing settlement fee,2023-03-31,ytd,512341,2023-04-04
2231.3,Other Expenses,2023-03-31,month,8904519,2023-05-05
2231.3,Other Expenses,2023-03-31,ytd,34904519,2023-04-04
2232,Other expenses,2023-03-31,month,9990836,2023-05-05
2232,Other expenses,2023-03-31,ytd,35431215,2023-04-04
2232,Real estate valuation service fees (not applicable),2023-03-31,month,0,2023-05-05
2232,Real estate valuation service fees (not applicable),2023-03-31,ytd,0,2023-04-04
2232.1,Set up Expenses,2023-03-31,month,0,2023-05-05
2232.1,Set up Expenses,2023-03-31,ytd,0,2023-04-04
2232.2,"Listing, registration fees",2023-03-31,month,0,2023-05-05
2232.2,"Listing, registration fees",2023-03-31,ytd,0,2023-04-04
2232.3,Annual management fee paid to SSC,2023-03-31,month,636986,2023-05-05
2232.3,Annual management fee paid to SSC,2023-03-31,ytd,1849315,2023-04-04
2232.4,Bank charges,2023-03-31,month,9353850,2023-05-05
2232.4,Bank charges,2023-03-31,ytd,33581900,2023-04-04
2232.5,Borrowing expense,2023-03-31,month,0,2023-05-05
2232.5,Borrowing expense,2023-03-31,ytd,0,2023-04-04
2232.6,Other Expenses,2023-03-31,month,0,2023-05-05
2232.6,Other Expenses,2023-03-31,ytd,0,2023-04-04
2232.7,Fee paid to VSD for getting the list of investors,2023-03-31,month,0,2023-05-05
2232.7,Fee paid to VSD for getting the list of investors,2023-03-31,ytd,0,2023-04-04
2233,Net Income from Investment Activities (= I - II),2023-03-31,month,2625761339,2023-05-05
2233,Net Income from Investment Activities (= I - II),2023-03-31,ytd,7690085648,2023-04-04
2234,Gain / (Loss) from Investment Activities,2023-03-31,month,552943559,2023-05-05
2234,Gain / (Loss) from Investment Activities,2023-03-31,ytd,-834983787,2023-04-04
2235,Realised Gain / (Loss) from disposal of investment or real estate transfer,2023-03-31,month,403470986,2023-05-05
2235,Realised Gain / (Loss) from disposal of investment or real estate transfer,2023-03-31,ytd,-778197197,2023-04-04
2236,Unrealised Gain / (Loss) due to market price,2023-03-31,month,149472573,2023-05-05
2236,Unrealised Gain / (Loss) due to market price,2023-03-31,ytd,-56786590,2023-04-04
2237,Change of Net Asset Value of the Fund due to investment activities during the period (= III + IV),2023-03-31,month,3178704898,2023-05-05
2237,Change of Net Asset Value of the Fund due to investment activities during the period (= III + IV),2023-03-31,ytd,6855101861,2023-04-04
2238,Net Asset Value at the beginning of period,2023-03-31,month,401873449425,2023-05-05
2238,Net Asset Value at the beginning of period,2023-03-31,ytd,434864897100,2023-04-04
2239,"Change of Net Asset Value of the Fund during the period, of which",2023-03-31,month,-13444157214,2023-05-05
2239,"Change of Net Asset Value of the Fund during the period, of which",2023-03-31,ytd,-46435604889,2023-04-04
2239.1,Change of Net Asset Value due to investment activities during the period,2023-03-31,month,3178704898,2023-05-05
2239.1,Change of Net Asset Value due to investment activities during the period,2023-03-31,ytd,6855101861,2023-04-04
2239.2,Change of Net Asset Value due to  dividends payment to investors during the period,2023-03-31,month,0,2023-05-05
2239.2,Change of Net Asset Value due to  dividends payment to investors during the period,2023-03-31,ytd,0,2023-04-04
2239.3,Change of Net Asset Value due to subscription/redemption during the period,2023-03-31,month,-16622862112,2023-05-05
2239.3,Change of Net Asset Value due to subscription/redemption during the period,2023-03-31,ytd,-53290706750,2023-04-04
2239.3.1,Change of Net Asset Value due to subscription during the period,2023-03-31,month,1696807577,2023-05-05
2239.3.1,Change of Net Asset Value due to subscription during the period,2023-03-31,ytd,4247319051,2023-04-04
2239.3.2,Change of Net Asset Value due to redemption during the period,2023-03-31,month,-18319669689,2023-05-05
2239.3.2,Change of Net Asset Value due to redemption during the period,2023-03-31,ytd,-57538025801,2023-04-04
2243,Net Asset Value at the end of period,2023-03-31,month,388429292211,2023-05-05
2243,Net Asset Value at the end of period,2023-03-31,ytd,388429292211,2023-04-04
2244,Average annual profit (only applicable to annual report),2023-03-31,month,0,2023-05-05
2244,Average annual profit (only applicable to annual report),2023-03-31,ytd,0,2023-04-04
2245,Average annual rate of return (only applicable to annual report),2023-03-31,month,0,2023-05-05
2245,Average annual rate of return (only applicable to annual report),2023-03-31,ytd,0,2023-04-04
2220,Income from Investment Activities,2023-04-30,month,3125921584,2023-06-03
2220,Income from Investment Activities,2023-04-30,ytd,12373867910,2023-05-05
2221,"Dividend income, interest income from bonds",2023-04-30,month,2692158761,2023-06-03
2221,"Dividend income, interest income from bonds",2023-04-30,ytd,10292914481,2023-05-05
2221.1,Dividends income,2023-04-30,month,0,2023-06-03
2221.1,Dividends income,2023-04-30,ytd,0,2023-05-05
2221.2,Interest income from bonds,2023-04-30,month,2692158761,2023-06-03
2221.2,Interest income from bonds,2023-04-30,ytd,10292914481,2023-05-05
2222,Interest income,2023-04-30,month,433762823,2023-06-03
2222,Interest income,2023-04-30,ytd,2080953429,2023-05-05
2222.1,Interest income from bank deposits,2023-04-30,month,433762823,2023-06-03
2222.1,Interest income from bank deposits,2023-04-30,ytd,2080953429,2023-05-05
2222.2,Interest income from Certificates of Deposit,2023-04-30,month,0,2023-06-03
2222.2,Interest income from Certificates of Deposit,2023-04-30,ytd,0,2023-05-05
2222.3,Interest income from reverse repo contracts,2023-04-30,month,0,2023-06-03
2222.3,Interest income from reverse repo contracts,2023-04-30,ytd,0,2023-05-05
2223,Income from rental property (not applicable),2023-04-30,month,0,2023-06-03
2223,Income from rental property (not applicable),2023-04-30,ytd,0,2023-05-05
2223,Other incomes,2023-04-30,month,0,2023-06-03
2223,Other incomes,2023-04-30,ytd,0,2023-05-05
2223.1,Other investment incomes,2023-04-30,month,0,2023-06-03
2223.1,Other investment incomes,2023-04-30,ytd,0,2023-05-05
2223.2,Other incomes,2023-04-30,month,0,2023-06-03
2223.2,Other incomes,2023-04-30,ytd,0,2023-05-05
2223.3,"Provision expense for bad debts from dividends, interest income and written off bad debts from dividends, interest income",2023-04-30,month,0,2023-06-03
2223.3,"Provision expense for bad debts from dividends, interest income and written off bad debts from dividends, interest income",2023-04-30,ytd,0,2023-05-05
2224,Expenses,2023-04-30,month,482275518,2023-06-03
2224,Expenses,2023-04-30,ytd,2040136196,2023-05-05
2225,Management Fee paid to Fund Management Company,2023-04-30,month,382216351,2023-06-03
2225,Management Fee paid to Fund Management Company,2023-04-30,ytd,1601317372,2023-05-05
2226,"Custody fee, Supervising fee paid to Supervising Bank/VSD",2023-04-30,month,32654294,2023-06-03
2226,"Custody fee, Supervising fee paid to Supervising Bank/VSD",2023-04-30,ytd,131208688,2023-05-05
2226.1,Custodian service - Safe Custody Fee,2023-04-30,month,15000000,2023-06-03
2226.1,Custodian service - Safe Custody Fee,2023-04-30,ytd,60000000,2023-05-05
2226.2,Custodian service - Transaction fee,2023-04-30,month,700000,2023-06-03
2226.2,Custodian service - Transaction fee,2023-04-30,ytd,3100000,2023-05-05
2226.3,"Custodian service -  Depository fee, Position and Margin management fee paid to VSD",2023-04-30,month,454294,2023-06-03
2226.3,"Custodian service -  Depository fee, Position and Margin management fee paid to VSD",2023-04-30,ytd,2108688,2023-05-05
2226.4,Supervisory fee,2023-04-30,month,16500000,2023-06-03
2226.4,Supervisory fee,2023-04-30,ytd,66000000,2023-05-05
2227,"Fund Administration Fee, and other fees paid to relevant Fund's service providers",2023-04-30,month,22000000,2023-06-03
2227,"Fund Administration Fee, and other fees paid to relevant Fund's service providers",2023-04-30,ytd,89196320,2023-05-05
2227.1,Fund Administration Fee,2023-04-30,month,11000000,2023-06-03
2227.1,Fund Administration Fee,2023-04-30,ytd,45196320,2023-05-05
2227.2,Transfer Agency Fee,2023-04-30,month,11000000,2023-06-03
2227.2,Transfer Agency Fee,2023-04-30,ytd,44000000,2023-05-05
2228,Audit fee,2023-04-30,month,10306849,2023-06-03
2228,Audit fee,2023-04-30,ytd,46331346,2023-05-05
2229,"Legal consultancy expenses, price feed fee, other valid expenses, remuneration paid to Fund's Board of Representatives",2023-04-30,month,14240404,2023-06-03
2229,"Legal consultancy expenses, price feed fee, other valid expenses, remuneration paid to Fund's Board of Representatives",2023-04-30,ytd,57219856,2023-05-05
2229.1,Remuneration of Fund's Board of Representatives,2023-04-30,month,6493151,2023-06-03
2229.1,Remuneration of Fund's Board of Representatives,2023-04-30,ytd,25972603,2023-05-05
2229.2,Price feed fee,2023-04-30,month,7747253,2023-06-03
2229.2,Price feed fee,2023-04-30,ytd,31247253,2023-05-05
2229.3,Legal consultancy expenses,2023-04-30,month,0,2023-06-03
2229.3,Legal consultancy expenses,2023-04-30,ytd,0,2023-05-05
2230,"Fee for drafting, printing, distribution of prospectus, summarised prospectus, financial statements, transaction confirmations, account statements and other documents to investors; information disclosure fee; fee for organising annual general meeting, board of representatives meeting",2023-04-30,month,0,2023-06-03
2230,"Fee for drafting, printing, distribution of prospectus, summarised prospectus, financial statements, transaction confirmations, account statements and other documents to investors; information disclosure fee; fee for organising annual general meeting, board of representatives meeting",2023-04-30,ytd,0,2023-05-05
2230.1,Meeting expenses,2023-04-30,month,0,2023-06-03
2230.1,Meeting expenses,2023-04-30,ytd,0,2023-05-05
2230.2,Annual report expenses,2023-04-30,month,0,2023-06-03
2230.2,Annual report expenses,2023-04-30,ytd,0,2023-05-05
2230.3,"Fund's Board of Representatives meeting, travelling expenses",2023-04-30,month,0,2023-06-03
2230.3,"Fund's Board of Representatives meeting, travelling expenses",2023-04-30,ytd,0,2023-05-05
2230.4,Expenses of information disclosure of the Fund,2023-04-30,month,0,2023-06-03
2230.4,Expenses of information disclosure of the Fund,2023-04-30,ytd,0,2023-05-05
2230.5,"Designing, printing, posting... expenses",2023-04-30,month,0,2023-06-03
2230.5,"Designing, printing, posting... expenses",2023-04-30,ytd,0,2023-05-05
2231,Expenses related to execution of Fund’s asset transactions,2023-04-30,month,10901632,2023-06-03
2231,Expenses related to execution of Fund’s asset transactions,2023-04-30,ytd,69475411,2023-05-05
2231,Real Estate Management Service fee (not applicable),2023-04-30,month,0,2023-06-03
2231,Real Estate Management Service fee (not applicable),2023-04-30,ytd,0,2023-05-05
2231.1,Brokerage fee,2023-04-30,month,10802632,2023-06-03
2231.1,Brokerage fee,2023-04-30,ytd,33959551,2023-05-05
2231.2,Clearing settlement fee,2023-04-30,month,99000,2023-06-03
2231.2,Clearing settlement fee,2023-04-30,ytd,611341,2023-05-05
2231.3,Other Expenses,2023-04-30,month,0,2023-06-03
2231.3,Other Expenses,2023-04-30,ytd,34904519,2023-05-05
2232,Other expenses,2023-04-30,month,9955988,2023-06-03
2232,Other expenses,2023-04-30,ytd,45387203,2023-05-05
2232,Real estate valuation service fees (not applicable),2023-04-30,month,0,2023-06-03
2232,Real estate valuation service fees (not applicable),2023-04-30,ytd,0,2023-05-05
2232.1,Set up Expenses,2023-04-30,month,0,2023-06-03
2232.1,Set up Expenses,2023-04-30,ytd,0,2023-05-05
2232.2,"Listing, registration fees",2023-04-30,month,0,2023-06-03
2232.2,"Listing, registration fees",2023-04-30,ytd,0,2023-05-05
2232.3,Annual management fee paid to SSC,2023-04-30,month,616438,2023-06-03
2232.3,Annual management fee paid to SSC,2023-04-30,ytd,2465753,2023-05-05
2232.4,Bank charges,2023-04-30,month,8239550,2023-06-03
2232.4,Bank charges,2023-04-30,ytd,41821450,2023-05-05
2232.5,Borrowing expense,2023-04-30,month,0,2023-06-03
2232.5,Borrowing expense,2023-04-30,ytd,0,2023-05-05
2232.6,Other Expenses,2023-04-30,month,0,2023-06-03
2232.6,Other Expenses,2023-04-30,ytd,0,2023-05-05
2232.7,Fee paid to VSD for getting the list of investors,2023-04-30,month,1100000,2023-06-03
2232.7,Fee paid to VSD for getting the list of investors,2023-04-30,ytd,1100000,2023-05-05
2233,Net Income from Investment Activities (= I - II),2023-04-30,month,2643646066,2023-06-03
2233,Net Income from Investment Activities (= I - II),2023-04-30,ytd,10333731714,2023-05-05
2234,Gain / (Loss) from Investment Activities,2023-04-30,month,-125919917,2023-06-03
2234,Gain / (Loss) from Investment Activities,2023-04-30,ytd,-960903704,2023-05-05
2235,Realised Gain / (Loss) from disposal of investment or real estate transfer,2023-04-30,month,-7475890,2023-06-03
2235,Realised Gain / (Loss) from disposal of investment or real estate transfer,2023-04-30,ytd,-785673087,2023-05-05
2236,Unrealised Gain / (Loss) due to market price,2023-04-30,month,-118444027,2023-06-03
2236,Unrealised Gain / (Loss) due to market price,2023-04-30,ytd,-175230617,2023-05-05
2237,Change of Net Asset Value of the Fund due to investment activities during the period (= III + IV),2023-04-30,month,2517726149,2023-06-03
2237,Change of Net Asset Value of the Fund due to investment activities during the period (= III + IV),2023-04-30,ytd,9372828010,2023-05-05
2238,Net Asset Value at the beginning of period,2023-04-30,month,388429292211,2023-06-03
2238,Net Asset Value at the beginning of period,2023-04-30,ytd,434864897100,2023-05-05
2239,"Change of Net Asset Value of the Fund during the period, of which",2023-04-30,month,-2100765275,2023-06-03
2239,"Change of Net Asset Value of the Fund during the period, of which",2023-04-30,ytd,-48536370164,2023-05-05
2239.1,Change of Net Asset Value due to investment activities during the period,2023-04-30,month,2517726149,2023-06-03
2239.1,Change of Net Asset Value due to investment activities during the period,2023-04-30,ytd,9372828010,2023-05-05
2239.2,Change of Net Asset Value due to  dividends payment to investors during the period,2023-04-30,month,0,2023-06-03
2239.2,Change of Net Asset Value due to  dividends payment to investors during the period,2023-04-30,ytd,0,2023-05-05
2239.3,Change of Net Asset Value due to subscription/redemption during the period,2023-04-30,month,-4618491424,2023-06-03
2239.3,Change of Net Asset Value due to subscription/redemption during the period,2023-04-30,ytd,-57909198174,2023-05-05
2239.3.1,Change of Net Asset Value due to subscription during the period,2023-04-30,month,1091218576,2023-06-03
2239.3.1,Change of Net Asset Value due to subscription during the period,2023-04-30,ytd,5338537627,2023-05-05
2239.3.2,Change of Net Asset Value due to redemption during the period,2023-04-30,month,-5709710000,2023-06-03
2239.3.2,Change of Net Asset Value due to redemption during the period,2023-04-30,ytd,-63247735801,2023-05-05
2243,Net Asset Value at the end of period,2023-04-30,month,386328526936,2023-06-03
2243,Net Asset Value at the end of period,2023-04-30,ytd,386328526936,2023-05-05
2244,Average annual profit (only applicable to annual report),2023-04-30,month,0,2023-06-03
2244,Average annual profit (only applicable to annual report),2023-04-30,ytd,0,2023-05-05
2245,Average annual rate of return (only applicable to annual report),2023-04-30,month,0,2023-06-03
2245,Average annual rate of return (only applicable to annual report),2023-04-30,ytd,0,2023-05-05
2220,Income from Investment Activities,2023-05-31,month,3240969360,2023-07-04
2220,Income from Investment Activities,2023-05-31,ytd,15614837270,2023-06-03
2221,"Dividend income, interest income from bonds",2023-05-31,month,2838986580,2023-07-04
2221,"Dividend income, interest income from bonds",2023-05-31,ytd,13131901061,2023-06-03
2221.1,Dividends income,2023-05-31,month,0,2023-07-04
2221.1,Dividends income,2023-05-31,ytd,0,2023-06-03
2221.2,Interest income from bonds,2023-05-31,month,2838986580,2023-07-04
2221.2,Interest income from bonds,2023-05-31,ytd,13131901061,2023-06-03
2222,Interest income,2023-05-31,month,401982780,2023-07-04
2222,Interest income,2023-05-31,ytd,2482936209,2023-06-03
2222.1,Interest income from bank deposits,2023-05-31,month,401982780,2023-07-04
2222.1,Interest income from bank deposits,2023-05-31,ytd,2482936209,2023-06-03
2222.2,Interest income from Certificates of Deposit,2023-05-31,month,0,2023-07-04
2222.2,Interest income from Certificates of Deposit,2023-05-31,ytd,0,2023-06-03
2222.3,Interest income from reverse repo contracts,2023-05-31,month,0,2023-07-04
2222.3,Interest income from reverse repo contracts,2023-05-31,ytd,0,2023-06-03
2223,Income from rental property (not applicable),2023-05-31,month,0,2023-07-04
2223,Income from rental property (not applicable),2023-05-31,ytd,0,2023-06-03
2223,Other incomes,2023-05-31,month,0,2023-07-04
2223,Other incomes,2023-05-31,ytd,0,2023-06-03
2223.1,Other investment incomes,2023-05-31,month,0,2023-07-04
2223.1,Other investment incomes,2023-05-31,ytd,0,2023-06-03
2223.2,Other incomes,2023-05-31,month,0,2023-07-04
2223.2,Other incomes,2023-05-31,ytd,0,2023-06-03
2223.3,"Provision expense for bad debts from dividends, interest income and written off bad debts from dividends, interest income",2023-05-31,month,0,2023-07-04
2223.3,"Provision expense for bad debts from dividends, interest income and written off bad debts from dividends, interest income",2023-05-31,ytd,0,2023-06-03
2224,Expenses,2023-05-31,month,511233984,2023-07-04
2224,Expenses,2023-05-31,ytd,2551370180,2023-06-03
2225,Management Fee paid to Fund Management Company,2023-05-31,month,395077966,2023-07-04
2225,Management Fee paid to Fund Management Company,2023-05-31,ytd,1996395338,2023-06-03
2226,"Custody fee, Supervising fee paid to Supervising Bank/VSD",2023-05-31,month,32909898,2023-07-04
2226,"Custody fee, Supervising fee paid to Supervising Bank/VSD",2023-05-31,ytd,164118586,2023-06-03
2226.1,Custodian service - Safe Custody Fee,2023-05-31,month,15000000,2023-07-04
2226.1,Custodian service - Safe Custody Fee,2023-05-31,ytd,75000000,2023-06-03
2226.2,Custodian service - Transaction fee,2023-05-31,month,900000,2023-07-04
2226.2,Custodian service - Transaction fee,2023-05-31,ytd,4000000,2023-06-03
2226.3,"Custodian service -  Depository fee, Position and Margin management fee paid to VSD",2023-05-31,month,509898,2023-07-04
2226.3,"Custodian service -  Depository fee, Position and Margin management fee paid to VSD",2023-05-31,ytd,2618586,2023-06-03
2226.4,Supervisory fee,2023-05-31,month,16500000,2023-07-04
2226.4,Supervisory fee,2023-05-31,ytd,82500000,2023-06-03
2227,"Fund Administration Fee, and other fees paid to relevant Fund's service providers",2023-05-31,month,22000000,2023-07-04
2227,"Fund Administration Fee, and other fees paid to relevant Fund's service providers",2023-05-31,ytd,111196320,2023-06-03
2227.1,Fund Administration Fee,2023-05-31,month,11000000,2023-07-04
2227.1,Fund Administration Fee,2023-05-31,ytd,56196320,2023-06-03
2227.2,Transfer Agency Fee,2023-05-31,month,11000000,2023-07-04
2227.2,Transfer Agency Fee,2023-05-31,ytd,55000000,2023-06-03
2228,Audit fee,2023-05-31,month,10650411,2023-07-04
2228,Audit fee,2023-05-31,ytd,56981757,2023-06-03
2229,"Legal consultancy expenses, price feed fee, other valid expenses, remuneration paid to Fund's Board of Representatives",2023-05-31,month,14515083,2023-07-04
2229,"Legal consultancy expenses, price feed fee, other valid expenses, remuneration paid to Fund's Board of Representatives",2023-05-31,ytd,71734939,2023-06-03
2229.1,Remuneration of Fund's Board of Representatives,2023-05-31,month,6509589,2023-07-04
2229.1,Remuneration of Fund's Board of Representatives,2023-05-31,ytd,32482192,2023-06-03
2229.2,Price feed fee,2023-05-31,month,8005494,2023-07-04
2229.2,Price feed fee,2023-05-31,ytd,39252747,2023-06-03
2229.3,Legal consultancy expenses,2023-05-31,month,0,2023-07-04
2229.3,Legal consultancy expenses,2023-05-31,ytd,0,2023-06-03
2230,"Fee for drafting, printing, distribution of prospectus, summarised prospectus, financial statements, transaction confirmations, account statements and other documents to investors; information disclosure fee; fee for organising annual general meeting, board of representatives meeting",2023-05-31,month,1172353,2023-07-04
2230,"Fee for drafting, printing, distribution of prospectus, summarised prospectus, financial statements, transaction confirmations, account statements and other documents to investors; information disclosure fee; fee for organising annual general meeting, board of representatives meeting",2023-05-31,ytd,1172353,2023-06-03
2230.1,Meeting expenses,2023-05-31,month,1172353,2023-07-04
2230.1,Meeting expenses,2023-05-31,ytd,1172353,2023-06-03
2230.2,Annual report expenses,2023-05-31,month,0,2023-07-04
2230.2,Annual report expenses,2023-05-31,ytd,0,2023-06-03
2230.3,"Fund's Board of Representatives meeting, travelling expenses",2023-05-31,month,0,2023-07-04
2230.3,"Fund's Board of Representatives meeting, travelling expenses",2023-05-31,ytd,0,2023-06-03
2230.4,Expenses of information disclosure of the Fund,2023-05-31,month,0,2023-07-04
2230.4,Expenses of information disclosure of the Fund,2023-05-31,ytd,0,2023-06-03
2230.5,"Designing, printing, posting... expenses",2023-05-31,month,0,2023-07-04
2230.5,"Designing, printing, posting... expenses",2023-05-31,ytd,0,2023-06-03
2231,Expenses related to execution of Fund’s asset transactions,2023-05-31,month,26499236,2023-07-04
2231,Expenses related to execution of Fund’s asset transactions,2023-05-31,ytd,95974647,2023-06-03
2231,Real Estate Management Service fee (not applicable),2023-05-31,month,0,2023-07-04
2231,Real Estate Management Service fee (not applicable),2023-05-31,ytd,0,2023-06-03
2231.1,Brokerage fee,2023-05-31,month,23327236,2023-07-04
2231.1,Brokerage fee,2023-05-31,ytd,57286787,2023-06-03
2231.2,Clearing settlement fee,2023-05-31,month,72000,2023-07-04
2231.2,Clearing settlement fee,2023-05-31,ytd,683341,2023-06-03
2231.3,Other Expenses,2023-05-31,month,3100000,2023-07-04
2231.3,Other Expenses,2023-05-31,ytd,38004519,2023-06-03
2232,Other expenses,2023-05-31,month,8409037,2023-07-04
2232,Other expenses,2023-05-31,ytd,53796240,2023-06-03
2232,Real estate valuation service fees (not applicable),2023-05-31,month,0,2023-07-04
2232,Real estate valuation service fees (not applicable),2023-05-31,ytd,0,2023-06-03
2232.1,Set up Expenses,2023-05-31,month,0,2023-07-04
2232.1,Set up Expenses,2023-05-31,ytd,0,2023-06-03
2232.2,"Listing, registration fees",2023-05-31,month,0,2023-07-04
2232.2,"Listing, registration fees",2023-05-31,ytd,0,2023-06-03
2232.3,Annual management fee paid to SSC,2023-05-31,month,636987,2023-07-04
2232.3,Annual management fee paid to SSC,2023-05-31,ytd,3102740,2023-06-03
2232.4,Bank charges,2023-05-31,month,7772050,2023-07-04
2232.4,Bank charges,2023-05-31,ytd,49593500,2023-06-03
2232.5,Borrowing expense,2023-05-31,month,0,2023-07-04
2232.5,Borrowing expense,2023-05-31,ytd,0,2023-06-03
2232.6,Other Expenses,2023-05-31,month,0,2023-07-04
2232.6,Other Expenses,2023-05-31,ytd,0,2023-06-03
2232.7,Fee paid to VSD for getting the list of investors,2023-05-31,month,0,2023-07-04
2232.7,Fee paid to VSD for getting the list of investors,2023-05-31,ytd,1100000,2023-06-03
2233,Net Income from Investment Activities (= I - II),2023-05-31,month,2729735376,2023-07-04
2233,Net Income from Investment Activities (= I - II),2023-05-31,ytd,13063467090,2023-06-03
2234,Gain / (Loss) from Investment Activities,2023-05-31,month,330030477,2023-07-04
2234,Gain / (Loss) from Investment Activities,2023-05-31,ytd,-630873227,2023-06-03
2235,Realised Gain / (Loss) from disposal of investment or real estate transfer,2023-05-31,month,377890051,2023-07-04
2235,Realised Gain / (Loss) from disposal of investment or real estate transfer,2023-05-31,ytd,-407783036,2023-06-03
2236,Unrealised Gain / (Loss) due to market price,2023-05-31,month,-47859574,2023-07-04
2236,Unrealised Gain / (Loss) due to market price,2023-05-31,ytd,-223090191,2023-06-03
2237,Change of Net Asset Value of the Fund due to investment activities during the period (= III + IV),2023-05-31,month,3059765853,2023-07-04
2237,Change of Net Asset Value of the Fund due to investment activities during the period (= III + IV),2023-05-31,ytd,12432593863,2023-06-03
2238,Net Asset Value at the beginning of period,2023-05-31,month,386328526936,2023-07-04
2238,Net Asset Value at the beginning of period,2023-05-31,ytd,434864897100,2023-06-03
2239,"Change of Net Asset Value of the Fund during the period, of which",2023-05-31,month,851957185,2023-07-04
2239,"Change of Net Asset Value of the Fund during the period, of which",2023-05-31,ytd,-47684412979,2023-06-03
2239.1,Change of Net Asset Value due to investment activities during the period,2023-05-31,month,3059765853,2023-07-04
2239.1,Change of Net Asset Value due to investment activities during the period,2023-05-31,ytd,12432593863,2023-06-03
2239.2,Change of Net Asset Value due to  dividends payment to investors during the period,2023-05-31,month,0,2023-07-04
2239.2,Change of Net Asset Value due to  dividends payment to investors during the period,2023-05-31,ytd,0,2023-06-03
2239.3,Change of Net Asset Value due to subscription/redemption during the period,2023-05-31,month,-2207808668,2023-07-04
2239.3,Change of Net Asset Value due to subscription/redemption during the period,2023-05-31,ytd,-60117006842,2023-06-03
2239.3.1,Change of Net Asset Value due to subscription during the period,2023-05-31,month,1149480768,2023-07-04
2239.3.1,Change of Net Asset Value due to subscription during the period,2023-05-31,ytd,6488018395,2023-06-03
2239.3.2,Change of Net Asset Value due to redemption during the period,2023-05-31,month,-3357289436,2023-07-04
2239.3.2,Change of Net Asset Value due to redemption during the period,2023-05-31,ytd,-66605025237,2023-06-03
2243,Net Asset Value at the end of period,2023-05-31,month,387180484121,2023-07-04
2243,Net Asset Value at the end of period,2023-05-31,ytd,387180484121,2023-06-03
2244,Average annual profit (only applicable to annual report),2023-05-31,month,0,2023-07-04
2244,Average annual profit (only applicable to annual report),2023-05-31,ytd,0,2023-06-03
2245,Average annual rate of return (only applicable to annual report),2023-05-31,month,0,2023-07-04
2245,Average annual rate of return (only applicable to annual report),2023-05-31,ytd,0,2023-06-03
2220,Income from Investment Activities,2023-06-30,month,2984711021,2023-08-02
2220,Income from Investment Activities,2023-06-30,ytd,18599548291,2023-07-04
2221,"Dividend income, interest income from bonds",2023-06-30,month,2654296594,2023-08-02
2221,"Dividend income, interest income from bonds",2023-06-30,ytd,15786197655,2023-07-04
2221.1,Dividends income,2023-06-30,month,0,2023-08-02
2221.1,Dividends income,2023-06-30,ytd,0,2023-07-04
2221.2,Interest income from bonds,2023-06-30,month,2654296594,2023-08-02
2221.2,Interest income from bonds,2023-06-30,ytd,15786197655,2023-07-04
2222,Interest income,2023-06-30,month,330414427,2023-08-02
2222,Interest income,2023-06-30,ytd,2813350636,2023-07-04
2222.1,Interest income from bank deposits,2023-06-30,month,221921276,2023-08-02
2222.1,Interest income from bank deposits,2023-06-30,ytd,2704857485,2023-07-04
2222.2,Interest income from Certificates of Deposit,2023-06-30,month,108493151,2023-08-02
2222.2,Interest income from Certificates of Deposit,2023-06-30,ytd,108493151,2023-07-04
2222.3,Interest income from reverse repo contracts,2023-06-30,month,0,2023-08-02
2222.3,Interest income from reverse repo contracts,2023-06-30,ytd,0,2023-07-04
2223,Income from rental property (not applicable),2023-06-30,month,0,2023-08-02
2223,Income from rental property (not applicable),2023-06-30,ytd,0,2023-07-04
2223,Other incomes,2023-06-30,month,0,2023-08-02
2223,Other incomes,2023-06-30,ytd,0,2023-07-04
2223.1,Other investment incomes,2023-06-30,month,0,2023-08-02
2223.1,Other investment incomes,2023-06-30,ytd,0,2023-07-04
2223.2,Other incomes,2023-06-30,month,0,2023-08-02
2223.2,Other incomes,2023-06-30,ytd,0,2023-07-04
2223.3,"Provision expense for bad debts from dividends, interest income and written off bad debts from dividends, interest income",2023-06-30,month,0,2023-08-02
2223.3,"Provision expense for bad debts from dividends, interest income and written off bad debts from dividends, interest income",2023-06-30,ytd,0,2023-07-04
2224,Expenses,2023-06-30,month,533933470,2023-08-02
2224,Expenses,2023-06-30,ytd,3085303650,2023-07-04
2225,Management Fee paid to Fund Management Company,2023-06-30,month,384012671,2023-08-02
2225,Management Fee paid to Fund Management Company,2023-06-30,ytd,2380408009,2023-07-04
2226,"Custody fee, Supervising fee paid to Supervising Bank/VSD",2023-06-30,month,33699652,2023-08-02
2226,"Custody fee, Supervising fee paid to Supervising Bank/VSD",2023-06-30,ytd,197818238,2023-07-04
2226.1,Custodian service - Safe Custody Fee,2023-06-30,month,15000000,2023-08-02
2226.1,Custodian service - Safe Custody Fee,2023-06-30,ytd,90000000,2023-07-04
2226.2,Custodian service - Transaction fee,2023-06-30,month,1700000,2023-08-02
2226.2,Custodian service - Transaction fee,2023-06-30,ytd,5700000,2023-07-04
2226.3,"Custodian service -  Depository fee, Position and Margin management fee paid to VSD",2023-06-30,month,499652,2023-08-02
2226.3,"Custodian service -  Depository fee, Position and Margin management fee paid to VSD",2023-06-30,ytd,3118238,2023-07-04
2226.4,Supervisory fee,2023-06-30,month,16500000,2023-08-02
2226.4,Supervisory fee,2023-06-30,ytd,99000000,2023-07-04
2227,"Fund Administration Fee, and other fees paid to relevant Fund's service providers",2023-06-30,month,22000000,2023-08-02
2227,"Fund Administration Fee, and other fees paid to relevant Fund's service providers",2023-06-30,ytd,133196320,2023-07-04
2227.1,Fund Administration Fee,2023-06-30,month,11000000,2023-08-02
2227.1,Fund Administration Fee,2023-06-30,ytd,67196320,2023-07-04
2227.2,Transfer Agency Fee,2023-06-30,month,11000000,2023-08-02
2227.2,Transfer Agency Fee,2023-06-30,ytd,66000000,2023-07-04
2228,Audit fee,2023-06-30,month,11498516,2023-08-02
2228,Audit fee,2023-06-30,ytd,68480273,2023-07-04
2229,"Legal consultancy expenses, price feed fee, other valid expenses, remuneration paid to Fund's Board of Representatives",2023-06-30,month,14240403,2023-08-02
2229,"Legal consultancy expenses, price feed fee, other valid expenses, remuneration paid to Fund's Board of Representatives",2023-06-30,ytd,85975342,2023-07-04
2229.1,Remuneration of Fund's Board of Representatives,2023-06-30,month,6493150,2023-08-02
2229.1,Remuneration of Fund's Board of Representatives,2023-06-30,ytd,38975342,2023-07-04
2229.2,Price feed fee,2023-06-30,month,7747253,2023-08-02
2229.2,Price feed fee,2023-06-30,ytd,47000000,2023-07-04
2229.3,Legal consultancy expenses,2023-06-30,month,0,2023-08-02
2229.3,Legal consultancy expenses,2023-06-30,ytd,0,2023-07-04
2230,"Fee for drafting, printing, distribution of prospectus, summarised prospectus, financial statements, transaction confirmations, account statements and other documents to investors; information disclosure fee; fee for organising annual general meeting, board of representatives meeting",2023-06-30,month,2162373,2023-08-02
2230,"Fee for drafting, printing, distribution of prospectus, summarised prospectus, financial statements, transaction confirmations, account statements and other documents to investors; information disclosure fee; fee for organising annual general meeting, board of representatives meeting",2023-06-30,ytd,3334726,2023-07-04
2230.1,Meeting expenses,2023-06-30,month,2162373,2023-08-02
2230.1,Meeting expenses,2023-06-30,ytd,3334726,2023-07-04
2230.2,Annual report expenses,2023-06-30,month,0,2023-08-02
2230.2,Annual report expenses,2023-06-30,ytd,0,2023-07-04
2230.3,"Fund's Board of Representatives meeting, travelling expenses",2023-06-30,month,0,2023-08-02
2230.3,"Fund's Board of Representatives meeting, travelling expenses",2023-06-30,ytd,0,2023-07-04
2230.4,Expenses of information disclosure of the Fund,2023-06-30,month,0,2023-08-02
2230.4,Expenses of information disclosure of the Fund,2023-06-30,ytd,0,2023-07-04
2230.5,"Designing, printing, posting... expenses",2023-06-30,month,0,2023-08-02
2230.5,"Designing, printing, posting... expenses",2023-06-30,ytd,0,2023-07-04
2231,Expenses related to execution of Fund’s asset transactions,2023-06-30,month,57070067,2023-08-02
2231,Expenses related to execution of Fund’s asset transactions,2023-06-30,ytd,153044714,2023-07-04
2231,Real Estate Management Service fee (not applicable),2023-06-30,month,0,2023-08-02
2231,Real Estate Management Service fee (not applicable),2023-06-30,ytd,0,2023-07-04
2231.1,Brokerage fee,2023-06-30,month,50730610,2023-08-02
2231.1,Brokerage fee,2023-06-30,ytd,108017397,2023-07-04
2231.2,Clearing settlement fee,2023-06-30,month,258000,2023-08-02
2231.2,Clearing settlement fee,2023-06-30,ytd,941341,2023-07-04
2231.3,Other Expenses,2023-06-30,month,6081457,2023-08-02
2231.3,Other Expenses,2023-06-30,ytd,44085976,2023-07-04
2232,Other expenses,2023-06-30,month,9249788,2023-08-02
2232,Other expenses,2023-06-30,ytd,63046028,2023-07-04
2232,Real estate valuation service fees (not applicable),2023-06-30,month,0,2023-08-02
2232,Real estate valuation service fees (not applicable),2023-06-30,ytd,0,2023-07-04
2232.1,Set up Expenses,2023-06-30,month,0,2023-08-02
2232.1,Set up Expenses,2023-06-30,ytd,0,2023-07-04
2232.2,"Listing, registration fees",2023-06-30,month,0,2023-08-02
2232.2,"Listing, registration fees",2023-06-30,ytd,0,2023-07-04
2232.3,Annual management fee paid to SSC,2023-06-30,month,616438,2023-08-02
2232.3,Annual management fee paid to SSC,2023-06-30,ytd,3719178,2023-07-04
2232.4,Bank charges,2023-06-30,month,8633350,2023-08-02
2232.4,Bank charges,2023-06-30,ytd,58226850,2023-07-04
2232.5,Borrowing expense,2023-06-30,month,0,2023-08-02
2232.5,Borrowing expense,2023-06-30,ytd,0,2023-07-04
2232.6,Other Expenses,2023-06-30,month,0,2023-08-02
2232.6,Other Expenses,2023-06-30,ytd,0,2023-07-04
2232.7,Fee paid to VSD for getting the list of investors,2023-06-30,month,0,2023-08-02
2232.7,Fee paid to VSD for getting the list of investors,2023-06-30,ytd,1100000,2023-07-04
2233,Net Income from Investment Activities (= I - II),2023-06-30,month,2450777551,2023-08-02
2233,Net Income from Investment Activities (= I - II),2023-06-30,ytd,15514244641,2023-07-04
2234,Gain / (Loss) from Investment Activities,2023-06-30,month,661966119,2023-08-02
2234,Gain / (Loss) from Investment Activities,2023-06-30,ytd,31092892,2023-07-04
2235,Realised Gain / (Loss) from disposal of investment or real estate transfer,2023-06-30,month,267082773,2023-08-02
2235,Realised Gain / (Loss) from disposal of investment or real estate transfer,2023-06-30,ytd,-140700263,2023-07-04
2236,Unrealised Gain / (Loss) due to market price,2023-06-30,month,394883346,2023-08-02
2236,Unrealised Gain / (Loss) due to market price,2023-06-30,ytd,171793155,2023-07-04
2237,Change of Net Asset Value of the Fund due to investment activities during the period (= III + IV),2023-06-30,month,3112743670,2023-08-02
2237,Change of Net Asset Value of the Fund due to investment activities during the period (= III + IV),2023-06-30,ytd,15545337533,2023-07-04
2238,Net Asset Value at the beginning of period,2023-06-30,month,387180484121,2023-08-02
2238,Net Asset Value at the beginning of period,2023-06-30,ytd,434864897100,2023-07-04
2239,"Change of Net Asset Value of the Fund during the period, of which",2023-06-30,month,3267619300,2023-08-02
2239,"Change of Net Asset Value of the Fund during the period, of which",2023-06-30,ytd,-44416793679,2023-07-04
2239.1,Change of Net Asset Value due to investment activities during the period,2023-06-30,month,3112743670,2023-08-02
2239.1,Change of Net Asset Value due to investment activities during the period,2023-06-30,ytd,15545337533,2023-07-04
2239.2,Change of Net Asset Value due to  dividends payment to investors during the period,2023-06-30,month,0,2023-08-02
2239.2,Change of Net Asset Value due to  dividends payment to investors during the period,2023-06-30,ytd,0,2023-07-04
2239.3,Change of Net Asset Value due to subscription/redemption during the period,2023-06-30,month,154875630,2023-08-02
2239.3,Change of Net Asset Value due to subscription/redemption during the period,2023-06-30,ytd,-59962131212,2023-07-04
2239.3.1,Change of Net Asset Value due to subscription during the period,2023-06-30,month,1958478535,2023-08-02
2239.3.1,Change of Net Asset Value due to subscription during the period,2023-06-30,ytd,8446496930,2023-07-04
2239.3.2,Change of Net Asset Value due to redemption during the period,2023-06-30,month,-1803602905,2023-08-02
2239.3.2,Change of Net Asset Value due to redemption during the period,2023-06-30,ytd,-68408628142,2023-07-04
2243,Net Asset Value at the end of period,2023-06-30,month,390448103421,2023-08-02
2243,Net Asset Value at the end of period,2023-06-30,ytd,390448103421,2023-07-04
2244,Average annual profit (only applicable to annual report),2023-06-30,month,0,2023-08-02
2244,Average annual profit (only applicable to annual report),2023-06-30,ytd,0,2023-07-04
2245,Average annual rate of return (only applicable to annual report),2023-06-30,month,0,2023-08-02
2245,Average annual rate of return (only applicable to annual report),2023-06-30,ytd,0,2023-07-04
2220,Income from Investment Activities,2023-07-31,month,2998459724,2023-09-05
2220,Income from Investment Activities,2023-07-31,ytd,21598008015,2023-08-02
2221,"Dividend income, interest income from bonds",2023-07-31,month,2666649121,2023-09-05
2221,"Dividend income, interest income from bonds",2023-07-31,ytd,18452846776,2023-08-02
2221.1,Dividends income,2023-07-31,month,0,2023-09-05
2221.1,Dividends income,2023-07-31,ytd,0,2023-08-02
2221.2,Interest income from bonds,2023-07-31,month,2666649121,2023-09-05
2221.2,Interest income from bonds,2023-07-31,ytd,18452846776,2023-08-02
2222,Interest income,2023-07-31,month,331810603,2023-09-05
2222,Interest income,2023-07-31,ytd,3145161239,2023-08-02
2222.1,Interest income from bank deposits,2023-07-31,month,144413343,2023-09-05
2222.1,Interest income from bank deposits,2023-07-31,ytd,2849270828,2023-08-02
2222.2,Interest income from Certificates of Deposit,2023-07-31,month,187397260,2023-09-05
2222.2,Interest income from Certificates of Deposit,2023-07-31,ytd,295890411,2023-08-02
2222.3,Interest income from reverse repo contracts,2023-07-31,month,0,2023-09-05
2222.3,Interest income from reverse repo contracts,2023-07-31,ytd,0,2023-08-02
2223,Income from rental property (not applicable),2023-07-31,month,0,2023-09-05
2223,Income from rental property (not applicable),2023-07-31,ytd,0,2023-08-02
2223,Other incomes,2023-07-31,month,0,2023-09-05
2223,Other incomes,2023-07-31,ytd,0,2023-08-02
2223.1,Other investment incomes,2023-07-31,month,0,2023-09-05
2223.1,Other investment incomes,2023-07-31,ytd,0,2023-08-02
2223.2,Other incomes,2023-07-31,month,0,2023-09-05
2223.2,Other incomes,2023-07-31,ytd,0,2023-08-02
2223.3,"Provision expense for bad debts from dividends, interest income and written off bad debts from dividends, interest income",2023-07-31,month,0,2023-09-05
2223.3,"Provision expense for bad debts from dividends, interest income and written off bad debts from dividends, interest income",2023-07-31,ytd,0,2023-08-02
2224,Expenses,2023-07-31,month,524800585,2023-09-05
2224,Expenses,2023-07-31,ytd,3610104235,2023-08-02
2225,Management Fee paid to Fund Management Company,2023-07-31,month,393806946,2023-09-05
2225,Management Fee paid to Fund Management Company,2023-07-31,ytd,2774214955,2023-08-02
2226,"Custody fee, Supervising fee paid to Supervising Bank/VSD",2023-07-31,month,33877474,2023-09-05
2226,"Custody fee, Supervising fee paid to Supervising Bank/VSD",2023-07-31,ytd,231695712,2023-08-02
2226.1,Custodian service - Safe Custody Fee,2023-07-31,month,15000000,2023-09-05
2226.1,Custodian service - Safe Custody Fee,2023-07-31,ytd,105000000,2023-08-02
2226.2,Custodian service - Transaction fee,2023-07-31,month,1100000,2023-09-05
2226.2,Custodian service - Transaction fee,2023-07-31,ytd,6800000,2023-08-02
2226.3,"Custodian service -  Depository fee, Position and Margin management fee paid to VSD",2023-07-31,month,1277474,2023-09-05
2226.3,"Custodian service -  Depository fee, Position and Margin management fee paid to VSD",2023-07-31,ytd,4395712,2023-08-02
2226.4,Supervisory fee,2023-07-31,month,16500000,2023-09-05
2226.4,Supervisory fee,2023-07-31,ytd,115500000,2023-08-02
2227,"Fund Administration Fee, and other fees paid to relevant Fund's service providers",2023-07-31,month,22000000,2023-09-05
2227,"Fund Administration Fee, and other fees paid to relevant Fund's service providers",2023-07-31,ytd,155196320,2023-08-02
2227.1,Fund Administration Fee,2023-07-31,month,11000000,2023-09-05
2227.1,Fund Administration Fee,2023-07-31,ytd,78196320,2023-08-02
2227.2,Transfer Agency Fee,2023-07-31,month,11000000,2023-09-05
2227.2,Transfer Agency Fee,2023-07-31,ytd,77000000,2023-08-02
2228,Audit fee,2023-07-31,month,15268119,2023-09-05
2228,Audit fee,2023-07-31,ytd,83748392,2023-08-02
2229,"Legal consultancy expenses, price feed fee, other valid expenses, remuneration paid to Fund's Board of Representatives",2023-07-31,month,14428068,2023-09-05
2229,"Legal consultancy expenses, price feed fee, other valid expenses, remuneration paid to Fund's Board of Representatives",2023-07-31,ytd,100403410,2023-08-02
2229.1,Remuneration of Fund's Board of Representatives,2023-07-31,month,6509590,2023-09-05
2229.1,Remuneration of Fund's Board of Representatives,2023-07-31,ytd,45484932,2023-08-02
2229.2,Price feed fee,2023-07-31,month,7918478,2023-09-05
2229.2,Price feed fee,2023-07-31,ytd,54918478,2023-08-02
2229.3,Legal consultancy expenses,2023-07-31,month,0,2023-09-05
2229.3,Legal consultancy expenses,2023-07-31,ytd,0,2023-08-02
2230,"Fee for drafting, printing, distribution of prospectus, summarised prospectus, financial statements, transaction confirmations, account statements and other documents to investors; information disclosure fee; fee for organising annual general meeting, board of representatives meeting",2023-07-31,month,2737826,2023-09-05
2230,"Fee for drafting, printing, distribution of prospectus, summarised prospectus, financial statements, transaction confirmations, account statements and other documents to investors; information disclosure fee; fee for organising annual general meeting, board of representatives meeting",2023-07-31,ytd,6072552,2023-08-02
2230.1,Meeting expenses,2023-07-31,month,2737826,2023-09-05
2230.1,Meeting expenses,2023-07-31,ytd,6072552,2023-08-02
2230.2,Annual report expenses,2023-07-31,month,0,2023-09-05
2230.2,Annual report expenses,2023-07-31,ytd,0,2023-08-02
2230.3,"Fund's Board of Representatives meeting, travelling expenses",2023-07-31,month,0,2023-09-05
2230.3,"Fund's Board of Representatives meeting, travelling expenses",2023-07-31,ytd,0,2023-08-02
2230.4,Expenses of information disclosure of the Fund,2023-07-31,month,0,2023-09-05
2230.4,Expenses of information disclosure of the Fund,2023-07-31,ytd,0,2023-08-02
2230.5,"Designing, printing, posting... expenses",2023-07-31,month,0,2023-09-05
2230.5,"Designing, printing, posting... expenses",2023-07-31,ytd,0,2023-08-02
2231,Expenses related to execution of Fund’s asset transactions,2023-07-31,month,29273116,2023-09-05
2231,Expenses related to execution of Fund’s asset transactions,2023-07-31,ytd,182317830,2023-08-02
2231,Real Estate Management Service fee (not applicable),2023-07-31,month,0,2023-09-05
2231,Real Estate Management Service fee (not applicable),2023-07-31,ytd,0,2023-08-02
2231.1,Brokerage fee,2023-07-31,month,28967116,2023-09-05
2231.1,Brokerage fee,2023-07-31,ytd,136984513,2023-08-02
2231.2,Clearing settlement fee,2023-07-31,month,306000,2023-09-05
2231.2,Clearing settlement fee,2023-07-31,ytd,1247341,2023-08-02
2231.3,Other Expenses,2023-07-31,month,0,2023-09-05
2231.3,Other Expenses,2023-07-31,ytd,44085976,2023-08-02
2232,Other expenses,2023-07-31,month,13409036,2023-09-05
2232,Other expenses,2023-07-31,ytd,76455064,2023-08-02
2232,Real estate valuation service fees (not applicable),2023-07-31,month,0,2023-09-05
2232,Real estate valuation service fees (not applicable),2023-07-31,ytd,0,2023-08-02
2232.1,Set up Expenses,2023-07-31,month,0,2023-09-05
2232.1,Set up Expenses,2023-07-31,ytd,0,2023-08-02
2232.2,"Listing, registration fees",2023-07-31,month,0,2023-09-05
2232.2,"Listing, registration fees",2023-07-31,ytd,0,2023-08-02
2232.3,Annual management fee paid to SSC,2023-07-31,month,5636986,2023-09-05
2232.3,Annual management fee paid to SSC,2023-07-31,ytd,9356164,2023-08-02
2232.4,Bank charges,2023-07-31,month,7772050,2023-09-05
2232.4,Bank charges,2023-07-31,ytd,65998900,2023-08-02
2232.5,Borrowing expense,2023-07-31,month,0,2023-09-05
2232.5,Borrowing expense,2023-07-31,ytd,0,2023-08-02
2232.6,Other Expenses,2023-07-31,month,0,2023-09-05
2232.6,Other Expenses,2023-07-31,ytd,0,2023-08-02
2232.7,Fee paid to VSD for getting the list of investors,2023-07-31,month,0,2023-09-05
2232.7,Fee paid to VSD for getting the list of investors,2023-07-31,ytd,1100000,2023-08-02
2233,Net Income from Investment Activities (= I - II),2023-07-31,month,2473659139,2023-09-05
2233,Net Income from Investment Activities (= I - II),2023-07-31,ytd,17987903780,2023-08-02
2234,Gain / (Loss) from Investment Activities,2023-07-31,month,750975776,2023-09-05
2234,Gain / (Loss) from Investment Activities,2023-07-31,ytd,782068668,2023-08-02
2235,Realised Gain / (Loss) from disposal of investment or real estate transfer,2023-07-31,month,366107092,2023-09-05
2235,Realised Gain / (Loss) from disposal of investment or real estate transfer,2023-07-31,ytd,225406829,2023-08-02
2236,Unrealised Gain / (Loss) due to market price,2023-07-31,month,384868684,2023-09-05
2236,Unrealised Gain / (Loss) due to market price,2023-07-31,ytd,556661839,2023-08-02
2237,Change of Net Asset Value of the Fund due to investment activities during the period (= III + IV),2023-07-31,month,3224634915,2023-09-05
2237,Change of Net Asset Value of the Fund due to investment activities during the period (= III + IV),2023-07-31,ytd,18769972448,2023-08-02
2238,Net Asset Value at the beginning of period,2023-07-31,month,390448103421,2023-09-05
2238,Net Asset Value at the beginning of period,2023-07-31,ytd,434864897100,2023-08-02
2239,"Change of Net Asset Value of the Fund during the period, of which",2023-07-31,month,-1330570283,2023-09-05
2239,"Change of Net Asset Value of the Fund during the period, of which",2023-07-31,ytd,-45747363962,2023-08-02
2239.1,Change of Net Asset Value due to investment activities during the period,2023-07-31,month,3224634915,2023-09-05
2239.1,Change of Net Asset Value due to investment activities during the period,2023-07-31,ytd,18769972448,2023-08-02
2239.2,Change of Net Asset Value due to  dividends payment to investors during the period,2023-07-31,month,0,2023-09-05
2239.2,Change of Net Asset Value due to  dividends payment to investors during the period,2023-07-31,ytd,0,2023-08-02
2239.3,Change of Net Asset Value due to subscription/redemption during the period,2023-07-31,month,-4555205198,2023-09-05
2239.3,Change of Net Asset Value due to subscription/redemption during the period,2023-07-31,ytd,-64517336410,2023-08-02
2239.3.1,Change of Net Asset Value due to subscription during the period,2023-07-31,month,1561943268,2023-09-05
2239.3.1,Change of Net Asset Value due to subscription during the period,2023-07-31,ytd,10008440198,2023-08-02
2239.3.2,Change of Net Asset Value due to redemption during the period,2023-07-31,month,-6117148466,2023-09-05
2239.3.2,Change of Net Asset Value due to redemption during the period,2023-07-31,ytd,-74525776608,2023-08-02
2243,Net Asset Value at the end of period,2023-07-31,month,389117533138,2023-09-05
2243,Net Asset Value at the end of period,2023-07-31,ytd,389117533138,2023-08-02
2244,Average annual profit (only applicable to annual report),2023-07-31,month,0,2023-09-05
2244,Average annual profit (only applicable to annual report),2023-07-31,ytd,0,2023-08-02
2245,Average annual rate of return (only applicable to annual report),2023-07-31,month,0,2023-09-05
2245,Average annual rate of return (only applicable to annual report),2023-07-31,ytd,0,2023-08-02
2220,Income from Investment Activities,2023-08-31,month,3117934973,2023-10-02
2220,Income from Investment Activities,2023-08-31,ytd,24715942988,2023-09-05
2221,"Dividend income, interest income from bonds",2023-08-31,month,2623899278,2023-10-02
2221,"Dividend income, interest income from bonds",2023-08-31,ytd,21076746054,2023-09-05
2221.1,Dividends income,2023-08-31,month,0,2023-10-02
2221.1,Dividends income,2023-08-31,ytd,0,2023-09-05
2221.2,Interest income from bonds,2023-08-31,month,2623899278,2023-10-02
2221.2,Interest income from bonds,2023-08-31,ytd,21076746054,2023-09-05
2222,Interest income,2023-08-31,month,494035695,2023-10-02
2222,Interest income,2023-08-31,ytd,3639196934,2023-09-05
2222.1,Interest income from bank deposits,2023-08-31,month,167049394,2023-10-02
2222.1,Interest income from bank deposits,2023-08-31,ytd,3016320222,2023-09-05
2222.2,Interest income from Certificates of Deposit,2023-08-31,month,326986301,2023-10-02
2222.2,Interest income from Certificates of Deposit,2023-08-31,ytd,622876712,2023-09-05
2222.3,Interest income from reverse repo contracts,2023-08-31,month,0,2023-10-02
2222.3,Interest income from reverse repo contracts,2023-08-31,ytd,0,2023-09-05
2223,Income from rental property (not applicable),2023-08-31,month,0,2023-10-02
2223,Income from rental property (not applicable),2023-08-31,ytd,0,2023-09-05
2223,Other incomes,2023-08-31,month,0,2023-10-02
2223,Other incomes,2023-08-31,ytd,0,2023-09-05
2223.1,Other investment incomes,2023-08-31,month,0,2023-10-02
2223.1,Other investment incomes,2023-08-31,ytd,0,2023-09-05
2223.2,Other incomes,2023-08-31,month,0,2023-10-02
2223.2,Other incomes,2023-08-31,ytd,0,2023-09-05
2223.3,"Provision expense for bad debts from dividends, interest income and written off bad debts from dividends, interest income",2023-08-31,month,0,2023-10-02
2223.3,"Provision expense for bad debts from dividends, interest income and written off bad debts from dividends, interest income",2023-08-31,ytd,0,2023-09-05
2224,Expenses,2023-08-31,month,521101181,2023-10-02
2224,Expenses,2023-08-31,ytd,4131205416,2023-09-05
2225,Management Fee paid to Fund Management Company,2023-08-31,month,399270907,2023-10-02
2225,Management Fee paid to Fund Management Company,2023-08-31,ytd,3173485862,2023-09-05
2226,"Custody fee, Supervising fee paid to Supervising Bank/VSD",2023-08-31,month,32591528,2023-10-02
2226,"Custody fee, Supervising fee paid to Supervising Bank/VSD",2023-08-31,ytd,264287240,2023-09-05
2226.1,Custodian service - Safe Custody Fee,2023-08-31,month,15000000,2023-10-02
2226.1,Custodian service - Safe Custody Fee,2023-08-31,ytd,120000000,2023-09-05
2226.2,Custodian service - Transaction fee,2023-08-31,month,600000,2023-10-02
2226.2,Custodian service - Transaction fee,2023-08-31,ytd,7400000,2023-09-05
2226.3,"Custodian service -  Depository fee, Position and Margin management fee paid to VSD",2023-08-31,month,491528,2023-10-02
2226.3,"Custodian service -  Depository fee, Position and Margin management fee paid to VSD",2023-08-31,ytd,4887240,2023-09-05
2226.4,Supervisory fee,2023-08-31,month,16500000,2023-10-02
2226.4,Supervisory fee,2023-08-31,ytd,132000000,2023-09-05
2227,"Fund Administration Fee, and other fees paid to relevant Fund's service providers",2023-08-31,month,22024315,2023-10-02
2227,"Fund Administration Fee, and other fees paid to relevant Fund's service providers",2023-08-31,ytd,177220635,2023-09-05
2227.1,Fund Administration Fee,2023-08-31,month,11024315,2023-10-02
2227.1,Fund Administration Fee,2023-08-31,ytd,89220635,2023-09-05
2227.2,Transfer Agency Fee,2023-08-31,month,11000000,2023-10-02
2227.2,Transfer Agency Fee,2023-08-31,ytd,88000000,2023-09-05
2228,Audit fee,2023-08-31,month,15268120,2023-10-02
2228,Audit fee,2023-08-31,ytd,99016512,2023-09-05
2229,"Legal consultancy expenses, price feed fee, other valid expenses, remuneration paid to Fund's Board of Representatives",2023-08-31,month,14428068,2023-10-02
2229,"Legal consultancy expenses, price feed fee, other valid expenses, remuneration paid to Fund's Board of Representatives",2023-08-31,ytd,114831478,2023-09-05
2229.1,Remuneration of Fund's Board of Representatives,2023-08-31,month,6509589,2023-10-02
2229.1,Remuneration of Fund's Board of Representatives,2023-08-31,ytd,51994521,2023-09-05
2229.2,Price feed fee,2023-08-31,month,7918479,2023-10-02
2229.2,Price feed fee,2023-08-31,ytd,62836957,2023-09-05
2229.3,Legal consultancy expenses,2023-08-31,month,0,2023-10-02
2229.3,Legal consultancy expenses,2023-08-31,ytd,0,2023-09-05
2230,"Fee for drafting, printing, distribution of prospectus, summarised prospectus, financial statements, transaction confirmations, account statements and other documents to investors; information disclosure fee; fee for organising annual general meeting, board of representatives meeting",2023-08-31,month,2737826,2023-10-02
2230,"Fee for drafting, printing, distribution of prospectus, summarised prospectus, financial statements, transaction confirmations, account statements and other documents to investors; information disclosure fee; fee for organising annual general meeting, board of representatives meeting",2023-08-31,ytd,8810378,2023-09-05
2230.1,Meeting expenses,2023-08-31,month,2737826,2023-10-02
2230.1,Meeting expenses,2023-08-31,ytd,8810378,2023-09-05
2230.2,Annual report expenses,2023-08-31,month,0,2023-10-02
2230.2,Annual report expenses,2023-08-31,ytd,0,2023-09-05
2230.3,"Fund's Board of Representatives meeting, travelling expenses",2023-08-31,month,0,2023-10-02
2230.3,"Fund's Board of Representatives meeting, travelling expenses",2023-08-31,ytd,0,2023-09-05
2230.4,Expenses of information disclosure of the Fund,2023-08-31,month,0,2023-10-02
2230.4,Expenses of information disclosure of the Fund,2023-08-31,ytd,0,2023-09-05
2230.5,"Designing, printing, posting... expenses",2023-08-31,month,0,2023-10-02
2230.5,"Designing, printing, posting... expenses",2023-08-31,ytd,0,2023-09-05
2231,Expenses related to execution of Fund’s asset transactions,2023-08-31,month,25461680,2023-10-02
2231,Expenses related to execution of Fund’s asset transactions,2023-08-31,ytd,207779510,2023-09-05
2231,Real Estate Management Service fee (not applicable),2023-08-31,month,0,2023-10-02
2231,Real Estate Management Service fee (not applicable),2023-08-31,ytd,0,2023-09-05
2231.1,Brokerage fee,2023-08-31,month,25224680,2023-10-02
2231.1,Brokerage fee,2023-08-31,ytd,162209193,2023-09-05
2231.2,Clearing settlement fee,2023-08-31,month,237000,2023-10-02
2231.2,Clearing settlement fee,2023-08-31,ytd,1484341,2023-09-05
2231.3,Other Expenses,2023-08-31,month,0,2023-10-02
2231.3,Other Expenses,2023-08-31,ytd,44085976,2023-09-05
2232,Other expenses,2023-08-31,month,9318737,2023-10-02
2232,Other expenses,2023-08-31,ytd,85773801,2023-09-05
2232,Real estate valuation service fees (not applicable),2023-08-31,month,0,2023-10-02
2232,Real estate valuation service fees (not applicable),2023-08-31,ytd,0,2023-09-05
2232.1,Set up Expenses,2023-08-31,month,0,2023-10-02
2232.1,Set up Expenses,2023-08-31,ytd,0,2023-09-05
2232.2,"Listing, registration fees",2023-08-31,month,0,2023-10-02
2232.2,"Listing, registration fees",2023-08-31,ytd,0,2023-09-05
2232.3,Annual management fee paid to SSC,2023-08-31,month,636987,2023-10-02
2232.3,Annual management fee paid to SSC,2023-08-31,ytd,9993151,2023-09-05
2232.4,Bank charges,2023-08-31,month,8681750,2023-10-02
2232.4,Bank charges,2023-08-31,ytd,74680650,2023-09-05
2232.5,Borrowing expense,2023-08-31,month,0,2023-10-02
2232.5,Borrowing expense,2023-08-31,ytd,0,2023-09-05
2232.6,Other Expenses,2023-08-31,month,0,2023-10-02
2232.6,Other Expenses,2023-08-31,ytd,0,2023-09-05
2232.7,Fee paid to VSD for getting the list of investors,2023-08-31,month,0,2023-10-02
2232.7,Fee paid to VSD for getting the list of investors,2023-08-31,ytd,1100000,2023-09-05
2233,Net Income from Investment Activities (= I - II),2023-08-31,month,2596833792,2023-10-02
2233,Net Income from Investment Activities (= I - II),2023-08-31,ytd,20584737572,2023-09-05
2234,Gain / (Loss) from Investment Activities,2023-08-31,month,232854536,2023-10-02
2234,Gain / (Loss) from Investment Activities,2023-08-31,ytd,1014923204,2023-09-05
2235,Realised Gain / (Loss) from disposal of investment or real estate transfer,2023-08-31,month,604922641,2023-10-02
2235,Realised Gain / (Loss) from disposal of investment or real estate transfer,2023-08-31,ytd,830329470,2023-09-05
2236,Unrealised Gain / (Loss) due to market price,2023-08-31,month,-372068105,2023-10-02
2236,Unrealised Gain / (Loss) due to market price,2023-08-31,ytd,184593734,2023-09-05
2237,Change of Net Asset Value of the Fund due to investment activities during the period (= III + IV),2023-08-31,month,2829688328,2023-10-02
2237,Change of Net Asset Value of the Fund due to investment activities during the period (= III + IV),2023-08-31,ytd,21599660776,2023-09-05
2238,Net Asset Value at the beginning of period,2023-08-31,month,389117533138,2023-10-02
2238,Net Asset Value at the beginning of period,2023-08-31,ytd,434864897100,2023-09-05
2239,"Change of Net Asset Value of the Fund during the period, of which",2023-08-31,month,5753308806,2023-10-02
2239,"Change of Net Asset Value of the Fund during the period, of which",2023-08-31,ytd,-39994055156,2023-09-05
2239.1,Change of Net Asset Value due to investment activities during the period,2023-08-31,month,2829688328,2023-10-02
2239.1,Change of Net Asset Value due to investment activities during the period,2023-08-31,ytd,21599660776,2023-09-05
2239.2,Change of Net Asset Value due to  dividends payment to investors during the period,2023-08-31,month,0,2023-10-02
2239.2,Change of Net Asset Value due to  dividends payment to investors during the period,2023-08-31,ytd,0,2023-09-05
2239.3,Change of Net Asset Value due to subscription/redemption during the period,2023-08-31,month,2923620478,2023-10-02
2239.3,Change of Net Asset Value due to subscription/redemption during the period,2023-08-31,ytd,-61593715932,2023-09-05
2239.3.1,Change of Net Asset Value due to subscription during the period,2023-08-31,month,4515218267,2023-10-02
2239.3.1,Change of Net Asset Value due to subscription during the period,2023-08-31,ytd,14523658465,2023-09-05
2239.3.2,Change of Net Asset Value due to redemption during the period,2023-08-31,month,-1591597789,2023-10-02
2239.3.2,Change of Net Asset Value due to redemption during the period,2023-08-31,ytd,-76117374397,2023-09-05
2243,Net Asset Value at the end of period,2023-08-31,month,394870841944,2023-10-02
2243,Net Asset Value at the end of period,2023-08-31,ytd,394870841944,2023-09-05
2244,Average annual profit (only applicable to annual report),2023-08-31,month,0,2023-10-02
2244,Average annual profit (only applicable to annual report),2023-08-31,ytd,0,2023-09-05
2245,Average annual rate of return (only applicable to annual report),2023-08-31,month,0,2023-10-02
2245,Average annual rate of return (only applicable to annual report),2023-08-31,ytd,0,2023-09-05
2220,Income from Investment Activities,2023-09-30,month,3176035800,2023-11-02
2220,Income from Investment Activities,2023-09-30,ytd,27891978788,2023-10-02
2221,"Dividend income, interest income from bonds",2023-09-30,month,2796985971,2023-11-02
2221,"Dividend income, interest income from bonds",2023-09-30,ytd,23873732025,2023-10-02
2221.1,Dividends income,2023-09-30,month,0,2023-11-02
2221.1,Dividends income,2023-09-30,ytd,0,2023-10-02
2221.2,Interest income from bonds,2023-09-30,month,2796985971,2023-11-02
2221.2,Interest income from bonds,2023-09-30,ytd,23873732025,2023-10-02
2222,Interest income,2023-09-30,month,379049829,2023-11-02
2222,Interest income,2023-09-30,ytd,4018246763,2023-10-02
2222.1,Interest income from bank deposits,2023-09-30,month,62611472,2023-11-02
2222.1,Interest income from bank deposits,2023-09-30,ytd,3078931694,2023-10-02
2222.2,Interest income from Certificates of Deposit,2023-09-30,month,316438357,2023-10-02
2222.2,Interest income from Certificates of Deposit,2023-09-30,ytd,939315069,2023-10-02
2222.2,Interest income from Money market instruments,2023-09-30,month,316438357,2023-11-02
2222.3,Interest income from reverse repo contracts,2023-09-30,month,0,2023-11-02
2222.3,Interest income from reverse repo contracts,2023-09-30,ytd,0,2023-10-02
2223,Income from rental property (not applicable),2023-09-30,month,0,2023-11-02
2223,Income from rental property (not applicable),2023-09-30,ytd,0,2023-10-02
2223,Other incomes,2023-09-30,month,0,2023-11-02
2223,Other incomes,2023-09-30,ytd,0,2023-10-02
2223.1,Other investment incomes,2023-09-30,month,0,2023-11-02
2223.1,Other investment incomes,2023-09-30,ytd,0,2023-10-02
2223.2,Other incomes,2023-09-30,month,0,2023-11-02
2223.2,Other incomes,2023-09-30,ytd,0,2023-10-02
2223.3,"Provision expense for bad debts from dividends, interest income and written off bad debts from dividends, interest income",2023-09-30,month,0,2023-11-02
2223.3,"Provision expense for bad debts from dividends, interest income and written off bad debts from dividends, interest income",2023-09-30,ytd,0,2023-10-02
2224,Expenses,2023-09-30,month,495786256,2023-11-02
2224,Expenses,2023-09-30,ytd,4626991672,2023-10-02
2225,Management Fee paid to Fund Management Company,2023-09-30,month,392887649,2023-11-02
2225,Management Fee paid to Fund Management Company,2023-09-30,ytd,3566373511,2023-10-02
2226,"Custody fee, Supervising fee paid to Supervising Bank/VSD",2023-09-30,month,32317768,2023-11-02
2226,"Custody fee, Supervising fee paid to Supervising Bank/VSD",2023-09-30,ytd,296605008,2023-10-02
2226.1,Custodian service - Safe Custody Fee,2023-09-30,month,15000000,2023-11-02
2226.1,Custodian service - Safe Custody Fee,2023-09-30,ytd,135000000,2023-10-02
2226.2,Custodian service - Transaction fee,2023-09-30,month,300000,2023-11-02
2226.2,Custodian service - Transaction fee,2023-09-30,ytd,7700000,2023-10-02
2226.3,"Custodian service -  Depository fee, Position and Margin management fee paid to VSD",2023-09-30,month,517768,2023-11-02
2226.3,"Custodian service -  Depository fee, Position and Margin management fee paid to VSD",2023-09-30,ytd,5405008,2023-10-02
2226.4,Supervisory fee,2023-09-30,month,16500000,2023-11-02
2226.4,Supervisory fee,2023-09-30,ytd,148500000,2023-10-02
2227,"Fund Administration Fee, and other fees paid to relevant Fund's service providers",2023-09-30,month,22000000,2023-11-02
2227,"Fund Administration Fee, and other fees paid to relevant Fund's service providers",2023-09-30,ytd,199220635,2023-10-02
2227.1,Fund Administration Fee,2023-09-30,month,11000000,2023-11-02
2227.1,Fund Administration Fee,2023-09-30,ytd,100220635,2023-10-02
2227.2,Transfer Agency Fee,2023-09-30,month,11000000,2023-11-02
2227.2,Transfer Agency Fee,2023-09-30,ytd,99000000,2023-10-02
2228,Audit fee,2023-09-30,month,14775599,2023-11-02
2228,Audit fee,2023-09-30,ytd,113792111,2023-10-02
2229,"Legal consultancy expenses, price feed fee, other valid expenses, remuneration paid to Fund's Board of Representatives",2023-09-30,month,14156193,2023-11-02
2229,"Legal consultancy expenses, price feed fee, other valid expenses, remuneration paid to Fund's Board of Representatives",2023-09-30,ytd,128987671,2023-10-02
2229.1,Remuneration of Fund's Board of Representatives,2023-09-30,month,6493150,2023-11-02
2229.1,Remuneration of Fund's Board of Representatives,2023-09-30,ytd,58487671,2023-10-02
2229.2,Price feed fee,2023-09-30,month,7663043,2023-11-02
2229.2,Price feed fee,2023-09-30,ytd,70500000,2023-10-02
2229.3,Legal consultancy expenses,2023-09-30,month,0,2023-11-02
2229.3,Legal consultancy expenses,2023-09-30,ytd,0,2023-10-02
2230,"Fee for drafting, printing, distribution of prospectus, summarised prospectus, financial statements, transaction confirmations, account statements and other documents to investors; information disclosure fee; fee for organising annual general meeting, board of representatives meeting",2023-09-30,month,2649509,2023-11-02
2230,"Fee for drafting, printing, distribution of prospectus, summarised prospectus, financial statements, transaction confirmations, account statements and other documents to investors; information disclosure fee; fee for organising annual general meeting, board of representatives meeting",2023-09-30,ytd,11459887,2023-10-02
2230.1,Meeting expenses,2023-09-30,month,2649509,2023-11-02
2230.1,Meeting expenses,2023-09-30,ytd,11459887,2023-10-02
2230.2,Annual report expenses,2023-09-30,month,0,2023-11-02
2230.2,Annual report expenses,2023-09-30,ytd,0,2023-10-02
2230.3,"Fund's Board of Representatives meeting, travelling expenses",2023-09-30,month,0,2023-11-02
2230.3,"Fund's Board of Representatives meeting, travelling expenses",2023-09-30,ytd,0,2023-10-02
2230.4,Expenses of information disclosure of the Fund,2023-09-30,month,0,2023-11-02
2230.4,Expenses of information disclosure of the Fund,2023-09-30,ytd,0,2023-10-02
2230.5,"Designing, printing, posting... expenses",2023-09-30,month,0,2023-11-02
2230.5,"Designing, printing, posting... expenses",2023-09-30,ytd,0,2023-10-02
2231,Expenses related to execution of Fund’s asset transactions,2023-09-30,month,8186450,2023-11-02
2231,Expenses related to execution of Fund’s asset transactions,2023-09-30,ytd,215965960,2023-10-02
2231,Real Estate Management Service fee (not applicable),2023-09-30,month,0,2023-11-02
2231,Real Estate Management Service fee (not applicable),2023-09-30,ytd,0,2023-10-02
2231.1,Brokerage fee,2023-09-30,month,4997600,2023-11-02
2231.1,Brokerage fee,2023-09-30,ytd,167206793,2023-10-02
2231.2,Clearing settlement fee,2023-09-30,month,188850,2023-11-02
2231.2,Clearing settlement fee,2023-09-30,ytd,1673191,2023-10-02
2231.3,Other Expenses,2023-09-30,month,3000000,2023-11-02
2231.3,Other Expenses,2023-09-30,ytd,47085976,2023-10-02
2232,Other expenses,2023-09-30,month,8813088,2023-11-02
2232,Other expenses,2023-09-30,ytd,94586889,2023-10-02
2232,Real estate valuation service fees (not applicable),2023-09-30,month,0,2023-11-02
2232,Real estate valuation service fees (not applicable),2023-09-30,ytd,0,2023-10-02
2232.1,Set up Expenses,2023-09-30,month,0,2023-11-02
2232.1,Set up Expenses,2023-09-30,ytd,0,2023-10-02
2232.2,"Listing, registration fees",2023-09-30,month,0,2023-11-02
2232.2,"Listing, registration fees",2023-09-30,ytd,0,2023-10-02
2232.3,Annual management fee paid to SSC,2023-09-30,month,616438,2023-11-02
2232.3,Annual management fee paid to SSC,2023-09-30,ytd,10609589,2023-10-02
2232.4,Bank charges,2023-09-30,month,8196650,2023-11-02
2232.4,Bank charges,2023-09-30,ytd,82877300,2023-10-02
2232.5,Borrowing expense,2023-09-30,month,0,2023-11-02
2232.5,Borrowing expense,2023-09-30,ytd,0,2023-10-02
2232.6,Other Expenses,2023-09-30,month,0,2023-11-02
2232.6,Other Expenses,2023-09-30,ytd,0,2023-10-02
2232.7,Fee paid to VSD for getting the list of investors,2023-09-30,month,0,2023-11-02
2232.7,Fee paid to VSD for getting the list of investors,2023-09-30,ytd,1100000,2023-10-02
2233,Net Income from Investment Activities (= I - II),2023-09-30,month,2680249544,2023-11-02
2233,Net Income from Investment Activities (= I - II),2023-09-30,ytd,23264987116,2023-10-02
2234,Gain / (Loss) from Investment Activities,2023-09-30,month,-145112535,2023-11-02
2234,Gain / (Loss) from Investment Activities,2023-09-30,ytd,869810669,2023-10-02
2235,Realised Gain / (Loss) from disposal of investment or real estate transfer,2023-09-30,month,-10246993,2023-11-02
2235,Realised Gain / (Loss) from disposal of investment or real estate transfer,2023-09-30,ytd,820082477,2023-10-02
2236,Unrealised Gain / (Loss) due to market price,2023-09-30,month,-134865542,2023-11-02
2236,Unrealised Gain / (Loss) due to market price,2023-09-30,ytd,49728192,2023-10-02
2237,Change of Net Asset Value of the Fund due to investment activities during the period (= III + IV),2023-09-30,month,2535137009,2023-11-02
2237,Change of Net Asset Value of the Fund due to investment activities during the period (= III + IV),2023-09-30,ytd,24134797785,2023-10-02
2238,Net Asset Value at the beginning of period,2023-09-30,month,394870841944,2023-11-02
2238,Net Asset Value at the beginning of period,2023-09-30,ytd,434864897100,2023-10-02
2239,"Change of Net Asset Value of the Fund during the period, of which",2023-09-30,month,5555419149,2023-11-02
2239,"Change of Net Asset Value of the Fund during the period, of which",2023-09-30,ytd,-34438636007,2023-10-02
2239.1,Change of Net Asset Value due to investment activities during the period,2023-09-30,month,2535137009,2023-11-02
2239.1,Change of Net Asset Value due to investment activities during the period,2023-09-30,ytd,24134797785,2023-10-02
2239.2,Change of Net Asset Value due to  dividends payment to investors during the period,2023-09-30,month,0,2023-11-02
2239.2,Change of Net Asset Value due to  dividends payment to investors during the period,2023-09-30,ytd,0,2023-10-02
2239.3,Change of Net Asset Value due to subscription/redemption during the period,2023-09-30,month,3020282140,2023-11-02
2239.3,Change of Net Asset Value due to subscription/redemption during the period,2023-09-30,ytd,-58573433792,2023-10-02
2239.3.1,Change of Net Asset Value due to subscription during the period,2023-09-30,month,6594408602,2023-11-02
2239.3.1,Change of Net Asset Value due to subscription during the period,2023-09-30,ytd,21118067067,2023-10-02
2239.3.2,Change of Net Asset Value due to redemption during the period,2023-09-30,month,-3574126462,2023-11-02
2239.3.2,Change of Net Asset Value due to redemption during the period,2023-09-30,ytd,-79691500859,2023-10-02
2243,Net Asset Value at the end of period,2023-09-30,month,400426261093,2023-11-02
2243,Net Asset Value at the end of period,2023-09-30,ytd,400426261093,2023-10-02
2244,Average annual profit (only applicable to annual report),2023-09-30,month,0,2023-11-02
2244,Average annual profit (only applicable to annual report),2023-09-30,ytd,0,2023-10-02
2245,Average annual rate of return (only applicable to annual report),2023-09-30,month,0,2023-11-02
2245,Average annual rate of return (only applicable to annual report),2023-09-30,ytd,0,2023-10-02
2220,Income from Investment Activities,2023-10-31,month,3403635344,2023-12-04
2220,Income from Investment Activities,2023-10-31,ytd,31295614132,2023-11-02
2221,"Dividend income, interest income from bonds",2023-10-31,month,3035265192,2023-12-04
2221,"Dividend income, interest income from bonds",2023-10-31,ytd,26908997217,2023-11-02
2221.1,Dividends income,2023-10-31,month,0,2023-12-04
2221.1,Dividends income,2023-10-31,ytd,0,2023-11-02
2221.2,Interest income from bonds,2023-10-31,month,3035265192,2023-12-04
2221.2,Interest income from bonds,2023-10-31,ytd,26908997217,2023-11-02
2222,Interest income,2023-10-31,month,368370152,2023-12-04
2222,Interest income,2023-10-31,ytd,4386616915,2023-11-02
2222.1,Interest income from bank deposits,2023-10-31,month,41383851,2023-12-04
2222.1,Interest income from bank deposits,2023-10-31,ytd,3120315545,2023-11-02
2222.2,Interest income from Money market instruments,2023-10-31,month,326986301,2023-12-04
2222.2,Interest income from Money market instruments,2023-10-31,ytd,1266301370,2023-11-02
2222.3,Interest income from reverse repo contracts,2023-10-31,month,0,2023-12-04
2222.3,Interest income from reverse repo contracts,2023-10-31,ytd,0,2023-11-02
2223,Income from rental property (not applicable),2023-10-31,month,0,2023-12-04
2223,Income from rental property (not applicable),2023-10-31,ytd,0,2023-11-02
2223,Other incomes,2023-10-31,month,0,2023-12-04
2223,Other incomes,2023-10-31,ytd,0,2023-11-02
2223.1,Other investment incomes,2023-10-31,month,0,2023-12-04
2223.1,Other investment incomes,2023-10-31,ytd,0,2023-11-02
2223.2,Other incomes,2023-10-31,month,0,2023-12-04
2223.2,Other incomes,2023-10-31,ytd,0,2023-11-02
2223.3,"Provision expense for bad debts from dividends, interest income and written off bad debts from dividends, interest income",2023-10-31,month,0,2023-12-04
2223.3,"Provision expense for bad debts from dividends, interest income and written off bad debts from dividends, interest income",2023-10-31,ytd,0,2023-11-02
2224,Expenses,2023-10-31,month,505801274,2023-12-04
2224,Expenses,2023-10-31,ytd,5132792946,2023-11-02
2225,Management Fee paid to Fund Management Company,2023-10-31,month,409490392,2023-12-04
2225,Management Fee paid to Fund Management Company,2023-10-31,ytd,3975863903,2023-11-02
2226,"Custody fee, Supervising fee paid to Supervising Bank/VSD",2023-10-31,month,32183847,2023-11-02
2226,"Custody fee, Supervising fee paid to Supervising Bank/VSD",2023-10-31,ytd,328788855,2023-11-02
2226,"Custody fee, Supervising fee paid to Supervising Bank/VSDC",2023-10-31,month,32183847,2023-12-04
2226.1,Custodian service - Safe Custody Fee,2023-10-31,month,15000000,2023-12-04
2226.1,Custodian service - Safe Custody Fee,2023-10-31,ytd,150000000,2023-11-02
2226.2,Custodian service - Transaction fee,2023-10-31,month,200000,2023-12-04
2226.2,Custodian service - Transaction fee,2023-10-31,ytd,7900000,2023-11-02
2226.3,"Custodian service -  Depository fee, Position and Margin management fee paid to VSD",2023-10-31,month,483847,2023-11-02
2226.3,"Custodian service -  Depository fee, Position and Margin management fee paid to VSD",2023-10-31,ytd,5888855,2023-11-02
2226.3,"Custodian service -  Depository fee, Position and Margin management fee paid to VSDC",2023-10-31,month,483847,2023-12-04
2226.4,Supervisory fee,2023-10-31,month,16500000,2023-12-04
2226.4,Supervisory fee,2023-10-31,ytd,165000000,2023-11-02
2227,"Fund Administration Fee, and other fees paid to relevant Fund's service providers",2023-10-31,month,22260986,2023-12-04
2227,"Fund Administration Fee, and other fees paid to relevant Fund's service providers",2023-10-31,ytd,221481621,2023-11-02
2227.1,Fund Administration Fee,2023-10-31,month,11260986,2023-12-04
2227.1,Fund Administration Fee,2023-10-31,ytd,111481621,2023-11-02
2227.2,Transfer Agency Fee,2023-10-31,month,11000000,2023-12-04
2227.2,Transfer Agency Fee,2023-10-31,ytd,110000000,2023-11-02
2228,Audit fee,2023-10-31,month,15268119,2023-12-04
2228,Audit fee,2023-10-31,ytd,129060230,2023-11-02
2229,"Legal consultancy expenses, price feed fee, other valid expenses, remuneration paid to Fund's Board of Representatives",2023-10-31,month,14428067,2023-12-04
2229,"Legal consultancy expenses, price feed fee, other valid expenses, remuneration paid to Fund's Board of Representatives",2023-10-31,ytd,143415738,2023-11-02
2229.1,Remuneration of Fund's Board of Representatives,2023-10-31,month,6509589,2023-12-04
2229.1,Remuneration of Fund's Board of Representatives,2023-10-31,ytd,64997260,2023-11-02
2229.2,Price feed fee,2023-10-31,month,7918478,2023-12-04
2229.2,Price feed fee,2023-10-31,ytd,78418478,2023-11-02
2229.3,Legal consultancy expenses,2023-10-31,month,0,2023-12-04
2229.3,Legal consultancy expenses,2023-10-31,ytd,0,2023-11-02
2230,"Fee for drafting, printing, distribution of prospectus, summarised prospectus, financial statements, transaction confirmations, account statements and other documents to investors; information disclosure fee; fee for organising annual general meeting, board of representatives meeting",2023-10-31,month,2737827,2023-12-04
2230,"Fee for drafting, printing, distribution of prospectus, summarised prospectus, financial statements, transaction confirmations, account statements and other documents to investors; information disclosure fee; fee for organising annual general meeting, board of representatives meeting",2023-10-31,ytd,14197714,2023-11-02
2230.1,Meeting expenses,2023-10-31,month,2737827,2023-12-04
2230.1,Meeting expenses,2023-10-31,ytd,14197714,2023-11-02
2230.2,Annual report expenses,2023-10-31,month,0,2023-12-04
2230.2,Annual report expenses,2023-10-31,ytd,0,2023-11-02
2230.3,"Fund's Board of Representatives meeting, travelling expenses",2023-10-31,month,0,2023-12-04
2230.3,"Fund's Board of Representatives meeting, travelling expenses",2023-10-31,ytd,0,2023-11-02
2230.4,Expenses of information disclosure of the Fund,2023-10-31,month,0,2023-12-04
2230.4,Expenses of information disclosure of the Fund,2023-10-31,ytd,0,2023-11-02
2230.5,"Designing, printing, posting... expenses",2023-10-31,month,0,2023-12-04
2230.5,"Designing, printing, posting... expenses",2023-10-31,ytd,0,2023-11-02
2231,Expenses related to execution of Fund’s asset transactions,2023-10-31,month,0,2023-12-04
2231,Expenses related to execution of Fund’s asset transactions,2023-10-31,ytd,215965960,2023-11-02
2231,Real Estate Management Service fee (not applicable),2023-10-31,month,0,2023-12-04
2231,Real Estate Management Service fee (not applicable),2023-10-31,ytd,0,2023-11-02
2231.1,Brokerage fee,2023-10-31,month,0,2023-12-04
2231.1,Brokerage fee,2023-10-31,ytd,167206793,2023-11-02
2231.2,Clearing settlement fee,2023-10-31,month,0,2023-12-04
2231.2,Clearing settlement fee,2023-10-31,ytd,1673191,2023-11-02
2231.3,Other Expenses,2023-10-31,month,0,2023-12-04
2231.3,Other Expenses,2023-10-31,ytd,47085976,2023-11-02
2232,Other expenses,2023-10-31,month,9432036,2023-12-04
2232,Other expenses,2023-10-31,ytd,104018925,2023-11-02
2232,Real estate valuation service fees (not applicable),2023-10-31,month,0,2023-12-04
2232,Real estate valuation service fees (not applicable),2023-10-31,ytd,0,2023-11-02
2232.1,Set up Expenses,2023-10-31,month,0,2023-12-04
2232.1,Set up Expenses,2023-10-31,ytd,0,2023-11-02
2232.2,"Listing, registration fees",2023-10-31,month,0,2023-12-04
2232.2,"Listing, registration fees",2023-10-31,ytd,0,2023-11-02
2232.3,Annual management fee paid to SSC,2023-10-31,month,636986,2023-12-04
2232.3,Annual management fee paid to SSC,2023-10-31,ytd,11246575,2023-11-02
2232.4,Bank charges,2023-10-31,month,8795050,2023-12-04
2232.4,Bank charges,2023-10-31,ytd,91672350,2023-11-02
2232.5,Borrowing expense,2023-10-31,month,0,2023-12-04
2232.5,Borrowing expense,2023-10-31,ytd,0,2023-11-02
2232.6,Other Expenses,2023-10-31,month,0,2023-12-04
2232.6,Other Expenses,2023-10-31,ytd,0,2023-11-02
2232.7,Fee paid to VSD for getting the list of investors,2023-10-31,month,0,2023-11-02
2232.7,Fee paid to VSD for getting the list of investors,2023-10-31,ytd,1100000,2023-11-02
2232.7,Fee paid to VSDC for getting the list of investors,2023-10-31,month,0,2023-12-04
2233,Net Income from Investment Activities (= I - II),2023-10-31,month,2897834070,2023-12-04
2233,Net Income from Investment Activities (= I - II),2023-10-31,ytd,26162821186,2023-11-02
2234,Gain / (Loss) from Investment Activities,2023-10-31,month,240408372,2023-12-04
2234,Gain / (Loss) from Investment Activities,2023-10-31,ytd,1110219041,2023-11-02
2235,Realised Gain / (Loss) from disposal of investment or real estate transfer,2023-10-31,month,0,2023-12-04
2235,Realised Gain / (Loss) from disposal of investment or real estate transfer,2023-10-31,ytd,820082477,2023-11-02
2236,Unrealised Gain / (Loss) due to market price,2023-10-31,month,240408372,2023-12-04
2236,Unrealised Gain / (Loss) due to market price,2023-10-31,ytd,290136564,2023-11-02
2237,Change of Net Asset Value of the Fund due to investment activities during the period (= III + IV),2023-10-31,month,3138242442,2023-12-04
2237,Change of Net Asset Value of the Fund due to investment activities during the period (= III + IV),2023-10-31,ytd,27273040227,2023-11-02
2238,Net Asset Value at the beginning of period,2023-10-31,month,400426261093,2023-12-04
2238,Net Asset Value at the beginning of period,2023-10-31,ytd,434864897100,2023-11-02
2239,"Change of Net Asset Value of the Fund during the period, of which",2023-10-31,month,1943811503,2023-12-04
2239,"Change of Net Asset Value of the Fund during the period, of which",2023-10-31,ytd,-32494824504,2023-11-02
2239.1,Change of Net Asset Value due to investment activities during the period,2023-10-31,month,3138242442,2023-12-04
2239.1,Change of Net Asset Value due to investment activities during the period,2023-10-31,ytd,27273040227,2023-11-02
2239.2,Change of Net Asset Value due to  dividends payment to investors during the period,2023-10-31,month,0,2023-12-04
2239.2,Change of Net Asset Value due to  dividends payment to investors during the period,2023-10-31,ytd,0,2023-11-02
2239.3,Change of Net Asset Value due to subscription/redemption during the period,2023-10-31,month,-1194430939,2023-12-04
2239.3,Change of Net Asset Value due to subscription/redemption during the period,2023-10-31,ytd,-59767864731,2023-11-02
2239.3.1,Change of Net Asset Value due to subscription during the period,2023-10-31,month,2297915567,2023-12-04
2239.3.1,Change of Net Asset Value due to subscription during the period,2023-10-31,ytd,23415982634,2023-11-02
2239.3.2,Change of Net Asset Value due to redemption during the period,2023-10-31,month,-3492346506,2023-12-04
2239.3.2,Change of Net Asset Value due to redemption during the period,2023-10-31,ytd,-83183847365,2023-11-02
2243,Net Asset Value at the end of period,2023-10-31,month,402370072596,2023-12-04
2243,Net Asset Value at the end of period,2023-10-31,ytd,402370072596,2023-11-02
2244,Average annual profit (only applicable to annual report),2023-10-31,month,0,2023-12-04
2244,Average annual profit (only applicable to annual report),2023-10-31,ytd,0,2023-11-02
2245,Average annual rate of return (only applicable to annual report),2023-10-31,month,0,2023-12-04
2245,Average annual rate of return (only applicable to annual report),2023-10-31,ytd,0,2023-11-02
2220,Income from Investment Activities,2023-11-30,month,3301332777,2024-01-02
2220,Income from Investment Activities,2023-11-30,ytd,34596946909,2023-12-04
2221,"Dividend income, interest income from bonds",2023-11-30,month,2947242417,2024-01-02
2221,"Dividend income, interest income from bonds",2023-11-30,ytd,29856239634,2023-12-04
2221.1,Dividends income,2023-11-30,month,0,2024-01-02
2221.1,Dividends income,2023-11-30,ytd,0,2023-12-04
2221.2,Interest income from bonds,2023-11-30,month,2947242417,2024-01-02
2221.2,Interest income from bonds,2023-11-30,ytd,29856239634,2023-12-04
2222,Interest income,2023-11-30,month,354090360,2024-01-02
2222,Interest income,2023-11-30,ytd,4740707275,2023-12-04
2222.1,Interest income from bank deposits,2023-11-30,month,37652004,2024-01-02
2222.1,Interest income from bank deposits,2023-11-30,ytd,3157967549,2023-12-04
2222.2,Interest income from Money market instruments,2023-11-30,month,316438356,2024-01-02
2222.2,Interest income from Money market instruments,2023-11-30,ytd,1582739726,2023-12-04
2222.3,Interest income from reverse repo contracts,2023-11-30,month,0,2024-01-02
2222.3,Interest income from reverse repo contracts,2023-11-30,ytd,0,2023-12-04
2223,Income from rental property (not applicable),2023-11-30,month,0,2024-01-02
2223,Income from rental property (not applicable),2023-11-30,ytd,0,2023-12-04
2223,Other incomes,2023-11-30,month,0,2024-01-02
2223,Other incomes,2023-11-30,ytd,0,2023-12-04
2223.1,Other investment incomes,2023-11-30,month,0,2024-01-02
2223.1,Other investment incomes,2023-11-30,ytd,0,2023-12-04
2223.2,Other incomes,2023-11-30,month,0,2024-01-02
2223.2,Other incomes,2023-11-30,ytd,0,2023-12-04
2223.3,"Provision expense for bad debts from dividends, interest income and written off bad debts from dividends, interest income",2023-11-30,month,0,2024-01-02
2223.3,"Provision expense for bad debts from dividends, interest income and written off bad debts from dividends, interest income",2023-11-30,ytd,0,2023-12-04
2224,Expenses,2023-11-30,month,506922651,2024-01-02
2224,Expenses,2023-11-30,ytd,5639715597,2023-12-04
2225,Management Fee paid to Fund Management Company,2023-11-30,month,405853090,2024-01-02
2225,Management Fee paid to Fund Management Company,2023-11-30,ytd,4381716993,2023-12-04
2226,"Custody fee, Supervising fee paid to Supervising Bank/VSDC",2023-11-30,month,32530201,2024-01-02
2226,"Custody fee, Supervising fee paid to Supervising Bank/VSDC",2023-11-30,ytd,361319056,2023-12-04
2226.1,Custodian service - Safe Custody Fee,2023-11-30,month,15000000,2024-01-02
2226.1,Custodian service - Safe Custody Fee,2023-11-30,ytd,165000000,2023-12-04
2226.2,Custodian service - Transaction fee,2023-11-30,month,500000,2024-01-02
2226.2,Custodian service - Transaction fee,2023-11-30,ytd,8400000,2023-12-04
2226.3,"Custodian service -  Depository fee, Position and Margin management fee paid to VSDC",2023-11-30,month,530201,2024-01-02
2226.3,"Custodian service -  Depository fee, Position and Margin management fee paid to VSDC",2023-11-30,ytd,6419056,2023-12-04
2226.4,Supervisory fee,2023-11-30,month,16500000,2024-01-02
2226.4,Supervisory fee,2023-11-30,ytd,181500000,2023-12-04
2227,"Fund Administration Fee, and other fees paid to relevant Fund's service providers",2023-11-30,month,22186606,2024-01-02
2227,"Fund Administration Fee, and other fees paid to relevant Fund's service providers",2023-11-30,ytd,243668227,2023-12-04
2227.1,Fund Administration Fee,2023-11-30,month,11186606,2024-01-02
2227.1,Fund Administration Fee,2023-11-30,ytd,122668227,2023-12-04
2227.2,Transfer Agency Fee,2023-11-30,month,11000000,2024-01-02
2227.2,Transfer Agency Fee,2023-11-30,ytd,121000000,2023-12-04
2228,Audit fee,2023-11-30,month,14775600,2024-01-02
2228,Audit fee,2023-11-30,ytd,143835830,2023-12-04
2229,"Legal consultancy expenses, price feed fee, other valid expenses, remuneration paid to Fund's Board of Representatives",2023-11-30,month,14156195,2024-01-02
2229,"Legal consultancy expenses, price feed fee, other valid expenses, remuneration paid to Fund's Board of Representatives",2023-11-30,ytd,157571933,2023-12-04
2229.1,Remuneration of Fund's Board of Representatives,2023-11-30,month,6493151,2024-01-02
2229.1,Remuneration of Fund's Board of Representatives,2023-11-30,ytd,71490411,2023-12-04
2229.2,Price feed fee,2023-11-30,month,7663044,2024-01-02
2229.2,Price feed fee,2023-11-30,ytd,86081522,2023-12-04
2229.3,Legal consultancy expenses,2023-11-30,month,0,2024-01-02
2229.3,Legal consultancy expenses,2023-11-30,ytd,0,2023-12-04
2230,"Fee for drafting, printing, distribution of prospectus, summarised prospectus, financial statements, transaction confirmations, account statements and other documents to investors; information disclosure fee; fee for organising annual general meeting, board of representatives meeting",2023-11-30,month,2649509,2024-01-02
2230,"Fee for drafting, printing, distribution of prospectus, summarised prospectus, financial statements, transaction confirmations, account statements and other documents to investors; information disclosure fee; fee for organising annual general meeting, board of representatives meeting",2023-11-30,ytd,16847223,2023-12-04
2230.1,Meeting expenses,2023-11-30,month,2649509,2024-01-02
2230.1,Meeting expenses,2023-11-30,ytd,16847223,2023-12-04
2230.2,Annual report expenses,2023-11-30,month,0,2024-01-02
2230.2,Annual report expenses,2023-11-30,ytd,0,2023-12-04
2230.3,"Fund's Board of Representatives meeting, travelling expenses",2023-11-30,month,0,2024-01-02
2230.3,"Fund's Board of Representatives meeting, travelling expenses",2023-11-30,ytd,0,2023-12-04
2230.4,Expenses of information disclosure of the Fund,2023-11-30,month,0,2024-01-02
2230.4,Expenses of information disclosure of the Fund,2023-11-30,ytd,0,2023-12-04
2230.5,"Designing, printing, posting... expenses",2023-11-30,month,0,2024-01-02
2230.5,"Designing, printing, posting... expenses",2023-11-30,ytd,0,2023-12-04
2231,Expenses related to execution of Fund’s asset transactions,2023-11-30,month,6431361,2024-01-02
2231,Expenses related to execution of Fund’s asset transactions,2023-11-30,ytd,222397321,2023-12-04
2231,Real Estate Management Service fee (not applicable),2023-11-30,month,0,2024-01-02
2231,Real Estate Management Service fee (not applicable),2023-11-30,ytd,0,2023-12-04
2231.1,Brokerage fee,2023-11-30,month,6431361,2024-01-02
2231.1,Brokerage fee,2023-11-30,ytd,173638154,2023-12-04
2231.2,Clearing settlement fee,2023-11-30,month,0,2024-01-02
2231.2,Clearing settlement fee,2023-11-30,ytd,1673191,2023-12-04
2231.3,Other Expenses,2023-11-30,month,0,2024-01-02
2231.3,Other Expenses,2023-11-30,ytd,47085976,2023-12-04
2232,Other expenses,2023-11-30,month,8340089,2024-01-02
2232,Other expenses,2023-11-30,ytd,112359014,2023-12-04
2232,Real estate valuation service fees (not applicable),2023-11-30,month,0,2024-01-02
2232,Real estate valuation service fees (not applicable),2023-11-30,ytd,0,2023-12-04
2232.1,Set up Expenses,2023-11-30,month,0,2024-01-02
2232.1,Set up Expenses,2023-11-30,ytd,0,2023-12-04
2232.2,"Listing, registration fees",2023-11-30,month,0,2024-01-02
2232.2,"Listing, registration fees",2023-11-30,ytd,0,2023-12-04
2232.3,Annual management fee paid to SSC,2023-11-30,month,616439,2024-01-02
2232.3,Annual management fee paid to SSC,2023-11-30,ytd,11863014,2023-12-04
2232.4,Bank charges,2023-11-30,month,7723650,2024-01-02
2232.4,Bank charges,2023-11-30,ytd,99396000,2023-12-04
2232.5,Borrowing expense,2023-11-30,month,0,2024-01-02
2232.5,Borrowing expense,2023-11-30,ytd,0,2023-12-04
2232.6,Other Expenses,2023-11-30,month,0,2024-01-02
2232.6,Other Expenses,2023-11-30,ytd,0,2023-12-04
2232.7,Fee paid to VSDC for getting the list of investors,2023-11-30,month,0,2024-01-02
2232.7,Fee paid to VSDC for getting the list of investors,2023-11-30,ytd,1100000,2023-12-04
2233,Net Income from Investment Activities (= I - II),2023-11-30,month,2794410126,2024-01-02
2233,Net Income from Investment Activities (= I - II),2023-11-30,ytd,28957231312,2023-12-04
2234,Gain / (Loss) from Investment Activities,2023-11-30,month,254998329,2024-01-02
2234,Gain / (Loss) from Investment Activities,2023-11-30,ytd,1365217370,2023-12-04
2235,Realised Gain / (Loss) from disposal of investment or real estate transfer,2023-11-30,month,261002740,2024-01-02
2235,Realised Gain / (Loss) from disposal of investment or real estate transfer,2023-11-30,ytd,1081085217,2023-12-04
2236,Unrealised Gain / (Loss) due to market price,2023-11-30,month,-6004411,2024-01-02
2236,Unrealised Gain / (Loss) due to market price,2023-11-30,ytd,284132153,2023-12-04
2237,Change of Net Asset Value of the Fund due to investment activities during the period (= III + IV),2023-11-30,month,3049408455,2024-01-02
2237,Change of Net Asset Value of the Fund due to investment activities during the period (= III + IV),2023-11-30,ytd,30322448682,2023-12-04
2238,Net Asset Value at the beginning of period,2023-11-30,month,402370072596,2024-01-02
2238,Net Asset Value at the beginning of period,2023-11-30,ytd,434864897100,2023-12-04
2239,"Change of Net Asset Value of the Fund during the period, of which",2023-11-30,month,12759493049,2024-01-02
2239,"Change of Net Asset Value of the Fund during the period, of which",2023-11-30,ytd,-19735331455,2023-12-04
2239.1,Change of Net Asset Value due to investment activities during the period,2023-11-30,month,3049408455,2024-01-02
2239.1,Change of Net Asset Value due to investment activities during the period,2023-11-30,ytd,30322448682,2023-12-04
2239.2,Change of Net Asset Value due to  dividends payment to investors during the period,2023-11-30,month,0,2024-01-02
2239.2,Change of Net Asset Value due to  dividends payment to investors during the period,2023-11-30,ytd,0,2023-12-04
2239.3,Change of Net Asset Value due to subscription/redemption during the period,2023-11-30,month,9710084594,2024-01-02
2239.3,Change of Net Asset Value due to subscription/redemption during the period,2023-11-30,ytd,-50057780137,2023-12-04
2239.3.1,Change of Net Asset Value due to subscription during the period,2023-11-30,month,14050201869,2024-01-02
2239.3.1,Change of Net Asset Value due to subscription during the period,2023-11-30,ytd,37466184503,2023-12-04
2239.3.2,Change of Net Asset Value due to redemption during the period,2023-11-30,month,-4340117275,2024-01-02
2239.3.2,Change of Net Asset Value due to redemption during the period,2023-11-30,ytd,-87523964640,2023-12-04
2243,Net Asset Value at the end of period,2023-11-30,month,415129565645,2024-01-02
2243,Net Asset Value at the end of period,2023-11-30,ytd,415129565645,2023-12-04
2244,Average annual profit (only applicable to annual report),2023-11-30,month,0,2024-01-02
2244,Average annual profit (only applicable to annual report),2023-11-30,ytd,0,2023-12-04
2245,Average annual rate of return (only applicable to annual report),2023-11-30,month,0,2024-01-02
2245,Average annual rate of return (only applicable to annual report),2023-11-30,ytd,0,2023-12-04
2220,Income from Investment Activities,2023-12-31,month,3369674012,2024-02-02
2220,Income from Investment Activities,2023-12-31,ytd,37966620921,2024-01-02
2221,"Dividend income, interest income from bonds",2023-12-31,month,2993657805,2024-02-02
2221,"Dividend income, interest income from bonds",2023-12-31,ytd,32849897439,2024-01-02
2221.1,Dividends income,2023-12-31,month,0,2024-02-02
2221.1,Dividends income,2023-12-31,ytd,0,2024-01-02
2221.2,Interest income from bonds,2023-12-31,month,2993657805,2024-02-02
2221.2,Interest income from bonds,2023-12-31,ytd,32849897439,2024-01-02
2222,Interest income,2023-12-31,month,376016207,2024-02-02
2222,Interest income,2023-12-31,ytd,5116723482,2024-01-02
2222.1,Interest income from bank deposits,2023-12-31,month,49029906,2024-02-02
2222.1,Interest income from bank deposits,2023-12-31,ytd,3206997455,2024-01-02
2222.2,Interest income from Money market instruments,2023-12-31,month,326986301,2024-02-02
2222.2,Interest income from Money market instruments,2023-12-31,ytd,1909726027,2024-01-02
2222.3,Interest income from reverse repo contracts,2023-12-31,month,0,2024-02-02
2222.3,Interest income from reverse repo contracts,2023-12-31,ytd,0,2024-01-02
2223,Income from rental property (not applicable),2023-12-31,month,0,2024-02-02
2223,Income from rental property (not applicable),2023-12-31,ytd,0,2024-01-02
2223,Other incomes,2023-12-31,month,0,2024-02-02
2223,Other incomes,2023-12-31,ytd,0,2024-01-02
2223.1,Other investment incomes,2023-12-31,month,0,2024-02-02
2223.1,Other investment incomes,2023-12-31,ytd,0,2024-01-02
2223.2,Other incomes,2023-12-31,month,0,2024-02-02
2223.2,Other incomes,2023-12-31,ytd,0,2024-01-02
2223.3,"Provision expense for bad debts from dividends, interest income and written off bad debts from dividends, interest income",2023-12-31,month,0,2024-02-02
2223.3,"Provision expense for bad debts from dividends, interest income and written off bad debts from dividends, interest income",2023-12-31,ytd,0,2024-01-02
2224,Expenses,2023-12-31,month,562004592,2024-02-02
2224,Expenses,2023-12-31,ytd,6201720189,2024-01-02
2225,Management Fee paid to Fund Management Company,2023-12-31,month,434822138,2024-02-02
2225,Management Fee paid to Fund Management Company,2023-12-31,ytd,4816539131,2024-01-02
2226,"Custody fee, Supervising fee paid to Supervising Bank/VSDC",2023-12-31,month,33548695,2024-02-02
2226,"Custody fee, Supervising fee paid to Supervising Bank/VSDC",2023-12-31,ytd,394867751,2024-01-02
2226.1,Custodian service - Safe Custody Fee,2023-12-31,month,15033249,2024-02-02
2226.1,Custodian service - Safe Custody Fee,2023-12-31,ytd,180033249,2024-01-02
2226.2,Custodian service - Transaction fee,2023-12-31,month,1400000,2024-02-02
2226.2,Custodian service - Transaction fee,2023-12-31,ytd,9800000,2024-01-02
2226.3,"Custodian service -  Depository fee, Position and Margin management fee paid to VSDC",2023-12-31,month,578875,2024-02-02
2226.3,"Custodian service -  Depository fee, Position and Margin management fee paid to VSDC",2023-12-31,ytd,6997931,2024-01-02
2226.4,Supervisory fee,2023-12-31,month,16536571,2024-02-02
2226.4,Supervisory fee,2023-12-31,ytd,198036571,2024-01-02
2227,"Fund Administration Fee, and other fees paid to relevant Fund's service providers",2023-12-31,month,22957609,2024-02-02
2227,"Fund Administration Fee, and other fees paid to relevant Fund's service providers",2023-12-31,ytd,266625836,2024-01-02
2227.1,Fund Administration Fee,2023-12-31,month,11957609,2024-02-02
2227.1,Fund Administration Fee,2023-12-31,ytd,134625836,2024-01-02
2227.2,Transfer Agency Fee,2023-12-31,month,11000000,2024-02-02
2227.2,Transfer Agency Fee,2023-12-31,ytd,132000000,2024-01-02
2228,Audit fee,2023-12-31,month,15268119,2024-02-02
2228,Audit fee,2023-12-31,ytd,159103949,2024-01-02
2229,"Legal consultancy expenses, price feed fee, other valid expenses, remuneration paid to Fund's Board of Representatives",2023-12-31,month,14428067,2024-02-02
2229,"Legal consultancy expenses, price feed fee, other valid expenses, remuneration paid to Fund's Board of Representatives",2023-12-31,ytd,172000000,2024-01-02
2229.1,Remuneration of Fund's Board of Representatives,2023-12-31,month,6509589,2024-02-02
2229.1,Remuneration of Fund's Board of Representatives,2023-12-31,ytd,78000000,2024-01-02
2229.2,Price feed fee,2023-12-31,month,7918478,2024-02-02
2229.2,Price feed fee,2023-12-31,ytd,94000000,2024-01-02
2229.3,Legal consultancy expenses,2023-12-31,month,0,2024-02-02
2229.3,Legal consultancy expenses,2023-12-31,ytd,0,2024-01-02
2230,"Fee for drafting, printing, distribution of prospectus, summarised prospectus, financial statements, transaction confirmations, account statements and other documents to investors; information disclosure fee; fee for organising annual general meeting, board of representatives meeting",2023-12-31,month,2737829,2024-02-02
2230,"Fee for drafting, printing, distribution of prospectus, summarised prospectus, financial statements, transaction confirmations, account statements and other documents to investors; information disclosure fee; fee for organising annual general meeting, board of representatives meeting",2023-12-31,ytd,19585052,2024-01-02
2230.1,Meeting expenses,2023-12-31,month,2737829,2024-02-02
2230.1,Meeting expenses,2023-12-31,ytd,19585052,2024-01-02
2230.2,Annual report expenses,2023-12-31,month,0,2024-02-02
2230.2,Annual report expenses,2023-12-31,ytd,0,2024-01-02
2230.3,"Fund's Board of Representatives meeting, travelling expenses",2023-12-31,month,0,2024-02-02
2230.3,"Fund's Board of Representatives meeting, travelling expenses",2023-12-31,ytd,0,2024-01-02
2230.4,Expenses of information disclosure of the Fund,2023-12-31,month,0,2024-02-02
2230.4,Expenses of information disclosure of the Fund,2023-12-31,ytd,0,2024-01-02
2230.5,"Designing, printing, posting... expenses",2023-12-31,month,0,2024-02-02
2230.5,"Designing, printing, posting... expenses",2023-12-31,ytd,0,2024-01-02
2231,Expenses related to execution of Fund’s asset transactions,2023-12-31,month,28846399,2024-02-02
2231,Expenses related to execution of Fund’s asset transactions,2023-12-31,ytd,251243720,2024-01-02
2231,Real Estate Management Service fee (not applicable),2023-12-31,month,0,2024-02-02
2231,Real Estate Management Service fee (not applicable),2023-12-31,ytd,0,2024-01-02
2231.1,Brokerage fee,2023-12-31,month,28816399,2024-02-02
2231.1,Brokerage fee,2023-12-31,ytd,202454553,2024-01-02
2231.2,Clearing settlement fee,2023-12-31,month,30000,2024-02-02
2231.2,Clearing settlement fee,2023-12-31,ytd,1703191,2024-01-02
2231.3,Other Expenses,2023-12-31,month,0,2024-02-02
2231.3,Other Expenses,2023-12-31,ytd,47085976,2024-01-02
2232,Other expenses,2023-12-31,month,9395736,2024-02-02
2232,Other expenses,2023-12-31,ytd,121754750,2024-01-02
2232,Real estate valuation service fees (not applicable),2023-12-31,month,0,2024-02-02
2232,Real estate valuation service fees (not applicable),2023-12-31,ytd,0,2024-01-02
2232.1,Set up Expenses,2023-12-31,month,0,2024-02-02
2232.1,Set up Expenses,2023-12-31,ytd,0,2024-01-02
2232.2,"Listing, registration fees",2023-12-31,month,0,2024-02-02
2232.2,"Listing, registration fees",2023-12-31,ytd,0,2024-01-02
2232.3,Annual management fee paid to SSC,2023-12-31,month,636986,2024-02-02
2232.3,Annual management fee paid to SSC,2023-12-31,ytd,12500000,2024-01-02
2232.4,Bank charges,2023-12-31,month,8758750,2024-02-02
2232.4,Bank charges,2023-12-31,ytd,108154750,2024-01-02
2232.5,Borrowing expense,2023-12-31,month,0,2024-02-02
2232.5,Borrowing expense,2023-12-31,ytd,0,2024-01-02
2232.6,Other Expenses,2023-12-31,month,0,2024-02-02
2232.6,Other Expenses,2023-12-31,ytd,0,2024-01-02
2232.7,Fee paid to VSDC for getting the list of investors,2023-12-31,month,0,2024-02-02
2232.7,Fee paid to VSDC for getting the list of investors,2023-12-31,ytd,1100000,2024-01-02
2233,Net Income from Investment Activities (= I - II),2023-12-31,month,2807669420,2024-02-02
2233,Net Income from Investment Activities (= I - II),2023-12-31,ytd,31764900732,2024-01-02
2234,Gain / (Loss) from Investment Activities,2023-12-31,month,1760370359,2024-02-02
2234,Gain / (Loss) from Investment Activities,2023-12-31,ytd,3125587729,2024-01-02
2235,Realised Gain / (Loss) from disposal of investment or real estate transfer,2023-12-31,month,981794549,2024-02-02
2235,Realised Gain / (Loss) from disposal of investment or real estate transfer,2023-12-31,ytd,2062879766,2024-01-02
2236,Unrealised Gain / (Loss) due to market price,2023-12-31,month,778575810,2024-02-02
2236,Unrealised Gain / (Loss) due to market price,2023-12-31,ytd,1062707963,2024-01-02
2237,Change of Net Asset Value of the Fund due to investment activities during the period (= III + IV),2023-12-31,month,4568039779,2024-02-02
2237,Change of Net Asset Value of the Fund due to investment activities during the period (= III + IV),2023-12-31,ytd,34890488461,2024-01-02
2238,Net Asset Value at the beginning of period,2023-12-31,month,415129565645,2024-02-02
2238,Net Asset Value at the beginning of period,2023-12-31,ytd,434864897100,2024-01-02
2239,"Change of Net Asset Value of the Fund during the period, of which",2023-12-31,month,36466694764,2024-02-02
2239,"Change of Net Asset Value of the Fund during the period, of which",2023-12-31,ytd,16731363309,2024-01-02
2239.1,Change of Net Asset Value due to investment activities during the period,2023-12-31,month,4568039779,2024-02-02
2239.1,Change of Net Asset Value due to investment activities during the period,2023-12-31,ytd,34890488461,2024-01-02
2239.2,Change of Net Asset Value due to  dividends payment to investors during the period,2023-12-31,month,0,2024-02-02
2239.2,Change of Net Asset Value due to  dividends payment to investors during the period,2023-12-31,ytd,0,2024-01-02
2239.3,Change of Net Asset Value due to subscription/redemption during the period,2023-12-31,month,31898654985,2024-02-02
2239.3,Change of Net Asset Value due to subscription/redemption during the period,2023-12-31,ytd,-18159125152,2024-01-02
2239.3.1,Change of Net Asset Value due to subscription during the period,2023-12-31,month,55245761468,2024-02-02
2239.3.1,Change of Net Asset Value due to subscription during the period,2023-12-31,ytd,92711945971,2024-01-02
2239.3.2,Change of Net Asset Value due to redemption during the period,2023-12-31,month,-23347106483,2024-02-02
2239.3.2,Change of Net Asset Value due to redemption during the period,2023-12-31,ytd,-110871071123,2024-01-02
2243,Net Asset Value at the end of period,2023-12-31,month,451596260409,2024-02-02
2243,Net Asset Value at the end of period,2023-12-31,ytd,451596260409,2024-01-02
2244,Average annual profit (only applicable to annual report),2023-12-31,month,0,2024-02-02
2244,Average annual profit (only applicable to annual report),2023-12-31,ytd,0,2024-01-02
2245,Average annual rate of return (only applicable to annual report),2023-12-31,month,0,2024-02-02
2245,Average annual rate of return (only applicable to annual report),2023-12-31,ytd,0,2024-01-02
2220,Income from Investment Activities,2024-01-31,month,3677697777,2024-03-01
2220,Income from Investment Activities,2024-01-31,ytd,3677697777,2024-02-02
2221,"Dividend income, interest income from bonds",2024-01-31,month,3177530795,2024-03-01
2221,"Dividend income, interest income from bonds",2024-01-31,ytd,3177530795,2024-02-02
2221.1,Dividends income,2024-01-31,month,0,2024-03-01
2221.1,Dividends income,2024-01-31,ytd,0,2024-02-02
2221.2,Interest income from bonds,2024-01-31,month,3177530795,2024-03-01
2221.2,Interest income from bonds,2024-01-31,ytd,3177530795,2024-02-02
2222,Interest income,2024-01-31,month,500166982,2024-03-01
2222,Interest income,2024-01-31,ytd,500166982,2024-02-02
2222.1,Interest income from bank deposits,2024-01-31,month,173180680,2024-03-01
2222.1,Interest income from bank deposits,2024-01-31,ytd,173180680,2024-02-02
2222.2,Interest income from Money market instruments,2024-01-31,month,326986302,2024-03-01
2222.2,Interest income from Money market instruments,2024-01-31,ytd,326986302,2024-02-02
2222.3,Interest income from reverse repo contracts,2024-01-31,month,0,2024-03-01
2222.3,Interest income from reverse repo contracts,2024-01-31,ytd,0,2024-02-02
2223,Income from rental property (not applicable),2024-01-31,month,0,2024-03-01
2223,Income from rental property (not applicable),2024-01-31,ytd,0,2024-02-02
2223,Other incomes,2024-01-31,month,0,2024-03-01
2223,Other incomes,2024-01-31,ytd,0,2024-02-02
2223.1,Other investment incomes,2024-01-31,month,0,2024-03-01
2223.1,Other investment incomes,2024-01-31,ytd,0,2024-02-02
2223.2,Other incomes,2024-01-31,month,0,2024-03-01
2223.2,Other incomes,2024-01-31,ytd,0,2024-02-02
2223.3,"Provision expense for bad debts from dividends, interest income and written off bad debts from dividends, interest income",2024-01-31,month,0,2024-03-01
2223.3,"Provision expense for bad debts from dividends, interest income and written off bad debts from dividends, interest income",2024-01-31,ytd,0,2024-02-02
2224,Expenses,2024-01-31,month,638896447,2024-03-01
2224,Expenses,2024-01-31,ytd,638896447,2024-02-02
2225,Management Fee paid to Fund Management Company,2024-01-31,month,507860677,2024-03-01
2225,Management Fee paid to Fund Management Company,2024-01-31,ytd,507860677,2024-02-02
2226,"Custody fee, Supervising fee paid to Supervising Bank/VSDC",2024-01-31,month,37013611,2024-03-01
2226,"Custody fee, Supervising fee paid to Supervising Bank/VSDC",2024-01-31,ytd,37013611,2024-02-02
2226.1,Custodian service - Safe Custody Fee,2024-01-31,month,16928689,2024-03-01
2226.1,Custodian service - Safe Custody Fee,2024-01-31,ytd,16928689,2024-02-02
2226.2,Custodian service - Transaction fee,2024-01-31,month,900000,2024-03-01
2226.2,Custodian service - Transaction fee,2024-01-31,ytd,900000,2024-02-02
2226.3,"Custodian service -  Depository fee, Position and Margin management fee paid to VSDC",2024-01-31,month,563365,2024-03-01
2226.3,"Custodian service -  Depository fee, Position and Margin management fee paid to VSDC",2024-01-31,ytd,563365,2024-02-02
2226.4,Supervisory fee,2024-01-31,month,18621557,2024-03-01
2226.4,Supervisory fee,2024-01-31,ytd,18621557,2024-02-02
2227,"Fund Administration Fee, and other fees paid to relevant Fund's service providers",2024-01-31,month,24966169,2024-03-01
2227,"Fund Administration Fee, and other fees paid to relevant Fund's service providers",2024-01-31,ytd,24966169,2024-02-02
2227.1,Fund Administration Fee,2024-01-31,month,13966169,2024-03-01
2227.1,Fund Administration Fee,2024-01-31,ytd,13966169,2024-02-02
2227.2,Transfer Agency Fee,2024-01-31,month,11000000,2024-03-01
2227.2,Transfer Agency Fee,2024-01-31,ytd,11000000,2024-02-02
2228,Audit fee,2024-01-31,month,13043716,2024-03-01
2228,Audit fee,2024-01-31,ytd,13043716,2024-02-02
2229,"Legal consultancy expenses, price feed fee, other valid expenses, remuneration paid to Fund's Board of Representatives",2024-01-31,month,18240468,2024-03-01
2229,"Legal consultancy expenses, price feed fee, other valid expenses, remuneration paid to Fund's Board of Representatives",2024-01-31,ytd,18240468,2024-02-02
2229.1,Remuneration of Fund's Board of Representatives,2024-01-31,month,6508197,2024-03-01
2229.1,Remuneration of Fund's Board of Representatives,2024-01-31,ytd,6508197,2024-02-02
2229.2,Price feed fee,2024-01-31,month,8005495,2024-03-01
2229.2,Price feed fee,2024-01-31,ytd,8005495,2024-02-02
2229.3,Legal consultancy expenses,2024-01-31,month,3726776,2024-03-01
2229.3,Legal consultancy expenses,2024-01-31,ytd,3726776,2024-02-02
2230,"Fee for drafting, printing, distribution of prospectus, summarised prospectus, financial statements, transaction confirmations, account statements and other documents to investors; information disclosure fee; fee for organising annual general meeting, board of representatives meeting",2024-01-31,month,0,2024-03-01
2230,"Fee for drafting, printing, distribution of prospectus, summarised prospectus, financial statements, transaction confirmations, account statements and other documents to investors; information disclosure fee; fee for organising annual general meeting, board of representatives meeting",2024-01-31,ytd,0,2024-02-02
2230.1,Meeting expenses,2024-01-31,month,0,2024-03-01
2230.1,Meeting expenses,2024-01-31,ytd,0,2024-02-02
2230.2,Annual report expenses,2024-01-31,month,0,2024-03-01
2230.2,Annual report expenses,2024-01-31,ytd,0,2024-02-02
2230.3,"Fund's Board of Representatives meeting, travelling expenses",2024-01-31,month,0,2024-03-01
2230.3,"Fund's Board of Representatives meeting, travelling expenses",2024-01-31,ytd,0,2024-02-02
2230.4,Expenses of information disclosure of the Fund,2024-01-31,month,0,2024-03-01
2230.4,Expenses of information disclosure of the Fund,2024-01-31,ytd,0,2024-02-02
2230.5,"Designing, printing, posting... expenses",2024-01-31,month,0,2024-03-01
2230.5,"Designing, printing, posting... expenses",2024-01-31,ytd,0,2024-02-02
2231,Expenses related to execution of Fund’s asset transactions,2024-01-31,month,27658410,2024-03-01
2231,Expenses related to execution of Fund’s asset transactions,2024-01-31,ytd,27658410,2024-02-02
2231,Real Estate Management Service fee (not applicable),2024-01-31,month,0,2024-03-01
2231,Real Estate Management Service fee (not applicable),2024-01-31,ytd,0,2024-02-02
2231.1,Brokerage fee,2024-01-31,month,27418410,2024-03-01
2231.1,Brokerage fee,2024-01-31,ytd,27418410,2024-02-02
2231.2,Clearing settlement fee,2024-01-31,month,240000,2024-03-01
2231.2,Clearing settlement fee,2024-01-31,ytd,240000,2024-02-02
2231.3,Other Expenses,2024-01-31,month,0,2024-03-01
2231.3,Other Expenses,2024-01-31,ytd,0,2024-02-02
2232,Other expenses,2024-01-31,month,10113396,2024-03-01
2232,Other expenses,2024-01-31,ytd,10113396,2024-02-02
2232,Real estate valuation service fees (not applicable),2024-01-31,month,0,2024-03-01
2232,Real estate valuation service fees (not applicable),2024-01-31,ytd,0,2024-02-02
2232.1,Set up Expenses,2024-01-31,month,0,2024-03-01
2232.1,Set up Expenses,2024-01-31,ytd,0,2024-02-02
2232.2,"Listing, registration fees",2024-01-31,month,0,2024-03-01
2232.2,"Listing, registration fees",2024-01-31,ytd,0,2024-02-02
2232.3,Annual management fee paid to SSC,2024-01-31,month,635246,2024-03-01
2232.3,Annual management fee paid to SSC,2024-01-31,ytd,635246,2024-02-02
2232.4,Bank charges,2024-01-31,month,9478150,2024-03-01
2232.4,Bank charges,2024-01-31,ytd,9478150,2024-02-02
2232.5,Borrowing expense,2024-01-31,month,0,2024-03-01
2232.5,Borrowing expense,2024-01-31,ytd,0,2024-02-02
2232.6,Other Expenses,2024-01-31,month,0,2024-03-01
2232.6,Other Expenses,2024-01-31,ytd,0,2024-02-02
2232.7,Fee paid to VSDC for getting the list of investors,2024-01-31,month,0,2024-03-01
2232.7,Fee paid to VSDC for getting the list of investors,2024-01-31,ytd,0,2024-02-02
2233,Net Income from Investment Activities (= I - II),2024-01-31,month,3038801330,2024-03-01
2233,Net Income from Investment Activities (= I - II),2024-01-31,ytd,3038801330,2024-02-02
2234,Gain / (Loss) from Investment Activities,2024-01-31,month,-755160508,2024-03-01
2234,Gain / (Loss) from Investment Activities,2024-01-31,ytd,-755160508,2024-02-02
2235,Realised Gain / (Loss) from disposal of investment or real estate transfer,2024-01-31,month,31048936,2024-03-01
2235,Realised Gain / (Loss) from disposal of investment or real estate transfer,2024-01-31,ytd,31048936,2024-02-02
2236,Unrealised Gain / (Loss) due to market price,2024-01-31,month,-786209444,2024-03-01
2236,Unrealised Gain / (Loss) due to market price,2024-01-31,ytd,-786209444,2024-02-02
2237,Change of Net Asset Value of the Fund due to investment activities during the period (= III + IV),2024-01-31,month,2283640822,2024-03-01
2237,Change of Net Asset Value of the Fund due to investment activities during the period (= III + IV),2024-01-31,ytd,2283640822,2024-02-02
2238,Net Asset Value at the beginning of period,2024-01-31,month,451596260409,2024-03-01
2238,Net Asset Value at the beginning of period,2024-01-31,ytd,451596260409,2024-02-02
2239,"Change of Net Asset Value of the Fund during the period, of which",2024-01-31,month,99668452998,2024-03-01
2239,"Change of Net Asset Value of the Fund during the period, of which",2024-01-31,ytd,99668452998,2024-02-02
2239.1,Change of Net Asset Value due to investment activities during the period,2024-01-31,month,2283640822,2024-03-01
2239.1,Change of Net Asset Value due to investment activities during the period,2024-01-31,ytd,2283640822,2024-02-02
2239.2,Change of Net Asset Value due to  dividends payment to investors during the period,2024-01-31,month,0,2024-03-01
2239.2,Change of Net Asset Value due to  dividends payment to investors during the period,2024-01-31,ytd,0,2024-02-02
2239.3,Change of Net Asset Value due to subscription/redemption during the period,2024-01-31,month,97384812176,2024-03-01
2239.3,Change of Net Asset Value due to subscription/redemption during the period,2024-01-31,ytd,97384812176,2024-02-02
2239.3.1,Change of Net Asset Value due to subscription during the period,2024-01-31,month,99936324778,2024-03-01
2239.3.1,Change of Net Asset Value due to subscription during the period,2024-01-31,ytd,99936324778,2024-02-02
2239.3.2,Change of Net Asset Value due to redemption during the period,2024-01-31,month,-2551512602,2024-03-01
2239.3.2,Change of Net Asset Value due to redemption during the period,2024-01-31,ytd,-2551512602,2024-02-02
2243,Net Asset Value at the end of period,2024-01-31,month,551264713407,2024-03-01
2243,Net Asset Value at the end of period,2024-01-31,ytd,551264713407,2024-02-02
2244,Average annual profit (only applicable to annual report),2024-01-31,month,0,2024-03-01
2244,Average annual profit (only applicable to annual report),2024-01-31,ytd,0,2024-02-02
2245,Average annual rate of return (only applicable to annual report),2024-01-31,month,0,2024-03-01
2245,Average annual rate of return (only applicable to annual report),2024-01-31,ytd,0,2024-02-02
2220,Income from Investment Activities,2024-02-29,month,4350536789,2024-04-01
2220,Income from Investment Activities,2024-02-29,ytd,8028234566,2024-03-01
2221,"Dividend income, interest income from bonds",2024-02-29,month,3439261541,2024-04-01
2221,"Dividend income, interest income from bonds",2024-02-29,ytd,6616792336,2024-03-01
2221.1,Dividends income,2024-02-29,month,0,2024-04-01
2221.1,Dividends income,2024-02-29,ytd,0,2024-03-01
2221.2,Interest income from bonds,2024-02-29,month,3439261541,2024-04-01
2221.2,Interest income from bonds,2024-02-29,ytd,6616792336,2024-03-01
2222,Interest income,2024-02-29,month,911275248,2024-04-01
2222,Interest income,2024-02-29,ytd,1411442230,2024-03-01
2222.1,Interest income from bank deposits,2024-02-29,month,403604015,2024-04-01
2222.1,Interest income from bank deposits,2024-02-29,ytd,576784695,2024-03-01
2222.2,Interest income from Money market instruments,2024-02-29,month,507671233,2024-04-01
2222.2,Interest income from Money market instruments,2024-02-29,ytd,834657535,2024-03-01
2222.3,Interest income from reverse repo contracts,2024-02-29,month,0,2024-04-01
2222.3,Interest income from reverse repo contracts,2024-02-29,ytd,0,2024-03-01
2223,Income from rental property (not applicable),2024-02-29,month,0,2024-04-01
2223,Income from rental property (not applicable),2024-02-29,ytd,0,2024-03-01
2223,Other incomes,2024-02-29,month,0,2024-04-01
2223,Other incomes,2024-02-29,ytd,0,2024-03-01
2223.1,Other investment incomes,2024-02-29,month,0,2024-04-01
2223.1,Other investment incomes,2024-02-29,ytd,0,2024-03-01
2223.2,Other incomes,2024-02-29,month,0,2024-04-01
2223.2,Other incomes,2024-02-29,ytd,0,2024-03-01
2223.3,"Provision expense for bad debts from dividends, interest income and written off bad debts from dividends, interest income",2024-02-29,month,0,2024-04-01
2223.3,"Provision expense for bad debts from dividends, interest income and written off bad debts from dividends, interest income",2024-02-29,ytd,0,2024-03-01
2224,Expenses,2024-02-29,month,763469554,2024-04-01
2224,Expenses,2024-02-29,ytd,1402366001,2024-03-01
2225,Management Fee paid to Fund Management Company,2024-02-29,month,639687974,2024-04-01
2225,Management Fee paid to Fund Management Company,2024-02-29,ytd,1147548651,2024-03-01
2226,"Custody fee, Supervising fee paid to Supervising Bank/VSDC",2024-02-29,month,45751373,2024-04-01
2226,"Custody fee, Supervising fee paid to Supervising Bank/VSDC",2024-02-29,ytd,82764984,2024-03-01
2226.1,Custodian service - Safe Custody Fee,2024-02-29,month,21322932,2024-04-01
2226.1,Custodian service - Safe Custody Fee,2024-02-29,ytd,38251621,2024-03-01
2226.2,Custodian service - Transaction fee,2024-02-29,month,400000,2024-04-01
2226.2,Custodian service - Transaction fee,2024-02-29,ytd,1300000,2024-03-01
2226.3,"Custodian service -  Depository fee, Position and Margin management fee paid to VSDC",2024-02-29,month,573215,2024-04-01
2226.3,"Custodian service -  Depository fee, Position and Margin management fee paid to VSDC",2024-02-29,ytd,1136580,2024-03-01
2226.4,Supervisory fee,2024-02-29,month,23455226,2024-04-01
2226.4,Supervisory fee,2024-02-29,ytd,42076783,2024-03-01
2227,"Fund Administration Fee, and other fees paid to relevant Fund's service providers",2024-02-29,month,28591418,2024-04-01
2227,"Fund Administration Fee, and other fees paid to relevant Fund's service providers",2024-02-29,ytd,53557587,2024-03-01
2227.1,Fund Administration Fee,2024-02-29,month,17591418,2024-04-01
2227.1,Fund Administration Fee,2024-02-29,ytd,31557587,2024-03-01
2227.2,Transfer Agency Fee,2024-02-29,month,11000000,2024-04-01
2227.2,Transfer Agency Fee,2024-02-29,ytd,22000000,2024-03-01
2228,Audit fee,2024-02-29,month,12202186,2024-04-01
2228,Audit fee,2024-02-29,ytd,25245902,2024-03-01
2229,"Legal consultancy expenses, price feed fee, other valid expenses, remuneration paid to Fund's Board of Representatives",2024-02-29,month,17450759,2024-04-01
2229,"Legal consultancy expenses, price feed fee, other valid expenses, remuneration paid to Fund's Board of Representatives",2024-02-29,ytd,35691227,2024-03-01
2229.1,Remuneration of Fund's Board of Representatives,2024-02-29,month,6475410,2024-04-01
2229.1,Remuneration of Fund's Board of Representatives,2024-02-29,ytd,12983607,2024-03-01
2229.2,Price feed fee,2024-02-29,month,7489010,2024-04-01
2229.2,Price feed fee,2024-02-29,ytd,15494505,2024-03-01
2229.3,Legal consultancy expenses,2024-02-29,month,3486339,2024-04-01
2229.3,Legal consultancy expenses,2024-02-29,ytd,7213115,2024-03-01
2230,"Fee for drafting, printing, distribution of prospectus, summarised prospectus, financial statements, transaction confirmations, account statements and other documents to investors; information disclosure fee; fee for organising annual general meeting, board of representatives meeting",2024-02-29,month,0,2024-04-01
2230,"Fee for drafting, printing, distribution of prospectus, summarised prospectus, financial statements, transaction confirmations, account statements and other documents to investors; information disclosure fee; fee for organising annual general meeting, board of representatives meeting",2024-02-29,ytd,0,2024-03-01
2230.1,Meeting expenses,2024-02-29,month,0,2024-04-01
2230.1,Meeting expenses,2024-02-29,ytd,0,2024-03-01
2230.2,Annual report expenses,2024-02-29,month,0,2024-04-01
2230.2,Annual report expenses,2024-02-29,ytd,0,2024-03-01
2230.3,"Fund's Board of Representatives meeting, travelling expenses",2024-02-29,month,0,2024-04-01
2230.3,"Fund's Board of Representatives meeting, travelling expenses",2024-02-29,ytd,0,2024-03-01
2230.4,Expenses of information disclosure of the Fund,2024-02-29,month,0,2024-04-01
2230.4,Expenses of information disclosure of the Fund,2024-02-29,ytd,0,2024-03-01
2230.5,"Designing, printing, posting... expenses",2024-02-29,month,0,2024-04-01
2230.5,"Designing, printing, posting... expenses",2024-02-29,ytd,0,2024-03-01
2231,Expenses related to execution of Fund’s asset transactions,2024-02-29,month,7546432,2024-04-01
2231,Expenses related to execution of Fund’s asset transactions,2024-02-29,ytd,35204842,2024-03-01
2231,Real Estate Management Service fee (not applicable),2024-02-29,month,0,2024-04-01
2231,Real Estate Management Service fee (not applicable),2024-02-29,ytd,0,2024-03-01
2231.1,Brokerage fee,2024-02-29,month,7426432,2024-04-01
2231.1,Brokerage fee,2024-02-29,ytd,34844842,2024-03-01
2231.2,Clearing settlement fee,2024-02-29,month,120000,2024-04-01
2231.2,Clearing settlement fee,2024-02-29,ytd,360000,2024-03-01
2231.3,Other Expenses,2024-02-29,month,0,2024-04-01
2231.3,Other Expenses,2024-02-29,ytd,0,2024-03-01
2232,Other expenses,2024-02-29,month,12239412,2024-04-01
2232,Other expenses,2024-02-29,ytd,22352808,2024-03-01
2232,Real estate valuation service fees (not applicable),2024-02-29,month,0,2024-04-01
2232,Real estate valuation service fees (not applicable),2024-02-29,ytd,0,2024-03-01
2232.1,Set up Expenses,2024-02-29,month,0,2024-04-01
2232.1,Set up Expenses,2024-02-29,ytd,0,2024-03-01
2232.2,"Listing, registration fees",2024-02-29,month,0,2024-04-01
2232.2,"Listing, registration fees",2024-02-29,ytd,0,2024-03-01
2232.3,Annual management fee paid to SSC,2024-02-29,month,594262,2024-04-01
2232.3,Annual management fee paid to SSC,2024-02-29,ytd,1229508,2024-03-01
2232.4,Bank charges,2024-02-29,month,11645150,2024-04-01
2232.4,Bank charges,2024-02-29,ytd,21123300,2024-03-01
2232.5,Borrowing expense,2024-02-29,month,0,2024-04-01
2232.5,Borrowing expense,2024-02-29,ytd,0,2024-03-01
2232.6,Other Expenses,2024-02-29,month,0,2024-04-01
2232.6,Other Expenses,2024-02-29,ytd,0,2024-03-01
2232.7,Fee paid to VSDC for getting the list of investors,2024-02-29,month,0,2024-04-01
2232.7,Fee paid to VSDC for getting the list of investors,2024-02-29,ytd,0,2024-03-01
2233,Net Income from Investment Activities (= I - II),2024-02-29,month,3587067235,2024-04-01
2233,Net Income from Investment Activities (= I - II),2024-02-29,ytd,6625868565,2024-03-01
2234,Gain / (Loss) from Investment Activities,2024-02-29,month,280490298,2024-04-01
2234,Gain / (Loss) from Investment Activities,2024-02-29,ytd,-474670210,2024-03-01
2235,Realised Gain / (Loss) from disposal of investment or real estate transfer,2024-02-29,month,-369779370,2024-04-01
2235,Realised Gain / (Loss) from disposal of investment or real estate transfer,2024-02-29,ytd,-338730434,2024-03-01
2236,Unrealised Gain / (Loss) due to market price,2024-02-29,month,650269668,2024-04-01
2236,Unrealised Gain / (Loss) due to market price,2024-02-29,ytd,-135939776,2024-03-01
2237,Change of Net Asset Value of the Fund due to investment activities during the period (= III + IV),2024-02-29,month,3867557533,2024-04-01
2237,Change of Net Asset Value of the Fund due to investment activities during the period (= III + IV),2024-02-29,ytd,6151198355,2024-03-01
2238,Net Asset Value at the beginning of period,2024-02-29,month,551264713407,2024-04-01
2238,Net Asset Value at the beginning of period,2024-02-29,ytd,451596260409,2024-03-01
2239,"Change of Net Asset Value of the Fund during the period, of which",2024-02-29,month,214716140280,2024-04-01
2239,"Change of Net Asset Value of the Fund during the period, of which",2024-02-29,ytd,314384593278,2024-03-01
2239.1,Change of Net Asset Value due to investment activities during the period,2024-02-29,month,3867557533,2024-04-01
2239.1,Change of Net Asset Value due to investment activities during the period,2024-02-29,ytd,6151198355,2024-03-01
2239.2,Change of Net Asset Value due to  dividends payment to investors during the period,2024-02-29,month,0,2024-04-01
2239.2,Change of Net Asset Value due to  dividends payment to investors during the period,2024-02-29,ytd,0,2024-03-01
2239.3,Change of Net Asset Value due to subscription/redemption during the period,2024-02-29,month,210848582747,2024-04-01
2239.3,Change of Net Asset Value due to subscription/redemption during the period,2024-02-29,ytd,308233394923,2024-03-01
2239.3.1,Change of Net Asset Value due to subscription during the period,2024-02-29,month,212468386850,2024-04-01
2239.3.1,Change of Net Asset Value due to subscription during the period,2024-02-29,ytd,312404711628,2024-03-01
2239.3.2,Change of Net Asset Value due to redemption during the period,2024-02-29,month,-1619804103,2024-04-01
2239.3.2,Change of Net Asset Value due to redemption during the period,2024-02-29,ytd,-4171316705,2024-03-01
2243,Net Asset Value at the end of period,2024-02-29,month,765980853687,2024-04-01
2243,Net Asset Value at the end of period,2024-02-29,ytd,765980853687,2024-03-01
2244,Average annual profit (only applicable to annual report),2024-02-29,month,0,2024-04-01
2244,Average annual profit (only applicable to annual report),2024-02-29,ytd,0,2024-03-01
2245,Average annual rate of return (only applicable to annual report),2024-02-29,month,0,2024-04-01
2245,Average annual rate of return (only applicable to annual report),2024-02-29,ytd,0,2024-03-01
2220,Income from Investment Activities,2024-03-31,month,6106318006,2024-05-03
2220,Income from Investment Activities,2024-03-31,ytd,14134552572,2024-04-01
2221,"Dividend income, interest income from bonds",2024-03-31,month,3979393292,2024-05-03
2221,"Dividend income, interest income from bonds",2024-03-31,ytd,10596185628,2024-04-01
2221.1,Dividends income,2024-03-31,month,0,2024-05-03
2221.1,Dividends income,2024-03-31,ytd,0,2024-04-01
2221.2,Interest income from bonds,2024-03-31,month,3979393292,2024-05-03
2221.2,Interest income from bonds,2024-03-31,ytd,10596185628,2024-04-01
2222,Interest income,2024-03-31,month,2126924714,2024-05-03
2222,Interest income,2024-03-31,ytd,3538366944,2024-04-01
2222.1,Interest income from bank deposits,2024-03-31,month,1302349371,2024-05-03
2222.1,Interest income from bank deposits,2024-03-31,ytd,1879134066,2024-04-01
2222.2,Interest income from Money market instruments,2024-03-31,month,824575343,2024-05-03
2222.2,Interest income from Money market instruments,2024-03-31,ytd,1659232878,2024-04-01
2222.3,Interest income from reverse repo contracts,2024-03-31,month,0,2024-05-03
2222.3,Interest income from reverse repo contracts,2024-03-31,ytd,0,2024-04-01
2223,Income from rental property (not applicable),2024-03-31,month,0,2024-05-03
2223,Income from rental property (not applicable),2024-03-31,ytd,0,2024-04-01
2223,Other incomes,2024-03-31,month,0,2024-05-03
2223,Other incomes,2024-03-31,ytd,0,2024-04-01
2223.1,Other investment incomes,2024-03-31,month,0,2024-05-03
2223.1,Other investment incomes,2024-03-31,ytd,0,2024-04-01
2223.2,Other incomes,2024-03-31,month,0,2024-05-03
2223.2,Other incomes,2024-03-31,ytd,0,2024-04-01
2223.3,"Provision expense for bad debts from dividends, interest income and written off bad debts from dividends, interest income",2024-03-31,month,0,2024-05-03
2223.3,"Provision expense for bad debts from dividends, interest income and written off bad debts from dividends, interest income",2024-03-31,ytd,0,2024-04-01
2224,Expenses,2024-03-31,month,1255493096,2024-05-03
2224,Expenses,2024-03-31,ytd,2657859097,2024-04-01
2225,Management Fee paid to Fund Management Company,2024-03-31,month,1054696928,2024-05-03
2225,Management Fee paid to Fund Management Company,2024-03-31,ytd,2202245579,2024-04-01
2226,"Custody fee, Supervising fee paid to Supervising Bank/VSDC",2024-03-31,month,75850880,2024-05-03
2226,"Custody fee, Supervising fee paid to Supervising Bank/VSDC",2024-03-31,ytd,158615864,2024-04-01
2226.1,Custodian service - Safe Custody Fee,2024-03-31,month,35156564,2024-05-03
2226.1,Custodian service - Safe Custody Fee,2024-03-31,ytd,73408185,2024-04-01
2226.2,Custodian service - Transaction fee,2024-03-31,month,1400000,2024-05-03
2226.2,Custodian service - Transaction fee,2024-03-31,ytd,2700000,2024-04-01
2226.3,"Custodian service -  Depository fee, Position and Margin management fee paid to VSDC",2024-03-31,month,622096,2024-05-03
2226.3,"Custodian service -  Depository fee, Position and Margin management fee paid to VSDC",2024-03-31,ytd,1758676,2024-04-01
2226.4,Supervisory fee,2024-03-31,month,38672220,2024-05-03
2226.4,Supervisory fee,2024-03-31,ytd,80749003,2024-04-01
2227,"Fund Administration Fee, and other fees paid to relevant Fund's service providers",2024-03-31,month,40004165,2024-05-03
2227,"Fund Administration Fee, and other fees paid to relevant Fund's service providers",2024-03-31,ytd,93561752,2024-04-01
2227.1,Fund Administration Fee,2024-03-31,month,29004165,2024-05-03
2227.1,Fund Administration Fee,2024-03-31,ytd,60561752,2024-04-01
2227.2,Transfer Agency Fee,2024-03-31,month,11000000,2024-05-03
2227.2,Transfer Agency Fee,2024-03-31,ytd,33000000,2024-04-01
2228,Audit fee,2024-03-31,month,12701243,2024-05-03
2228,Audit fee,2024-03-31,ytd,37947145,2024-04-01
2229,"Legal consultancy expenses, price feed fee, other valid expenses, remuneration paid to Fund's Board of Representatives",2024-03-31,month,18240467,2024-05-03
2229,"Legal consultancy expenses, price feed fee, other valid expenses, remuneration paid to Fund's Board of Representatives",2024-03-31,ytd,53931694,2024-04-01
2229.1,Remuneration of Fund's Board of Representatives,2024-03-31,month,6508196,2024-05-03
2229.1,Remuneration of Fund's Board of Representatives,2024-03-31,ytd,19491803,2024-04-01
2229.2,Price feed fee,2024-03-31,month,8005495,2024-05-03
2229.2,Price feed fee,2024-03-31,ytd,23500000,2024-04-01
2229.3,Legal consultancy expenses,2024-03-31,month,3726776,2024-05-03
2229.3,Legal consultancy expenses,2024-03-31,ytd,10939891,2024-04-01
2230,"Fee for drafting, printing, distribution of prospectus, summarised prospectus, financial statements, transaction confirmations, account statements and other documents to investors; information disclosure fee; fee for organising annual general meeting, board of representatives meeting",2024-03-31,month,0,2024-05-03
2230,"Fee for drafting, printing, distribution of prospectus, summarised prospectus, financial statements, transaction confirmations, account statements and other documents to investors; information disclosure fee; fee for organising annual general meeting, board of representatives meeting",2024-03-31,ytd,0,2024-04-01
2230.1,Meeting expenses,2024-03-31,month,0,2024-05-03
2230.1,Meeting expenses,2024-03-31,ytd,0,2024-04-01
2230.2,Annual report expenses,2024-03-31,month,0,2024-05-03
2230.2,Annual report expenses,2024-03-31,ytd,0,2024-04-01
2230.3,"Fund's Board of Representatives meeting, travelling expenses",2024-03-31,month,0,2024-05-03
2230.3,"Fund's Board of Representatives meeting, travelling expenses",2024-03-31,ytd,0,2024-04-01
2230.4,Expenses of information disclosure of the Fund,2024-03-31,month,0,2024-05-03
2230.4,Expenses of information disclosure of the Fund,2024-03-31,ytd,0,2024-04-01
2230.5,"Designing, printing, posting... expenses",2024-03-31,month,0,2024-05-03
2230.5,"Designing, printing, posting... expenses",2024-03-31,ytd,0,2024-04-01
2231,Expenses related to execution of Fund’s asset transactions,2024-03-31,month,47299317,2024-05-03
2231,Expenses related to execution of Fund’s asset transactions,2024-03-31,ytd,82504159,2024-04-01
2231,Real Estate Management Service fee (not applicable),2024-03-31,month,0,2024-05-03
2231,Real Estate Management Service fee (not applicable),2024-03-31,ytd,0,2024-04-01
2231.1,Brokerage fee,2024-03-31,month,47224317,2024-05-03
2231.1,Brokerage fee,2024-03-31,ytd,82069159,2024-04-01
2231.2,Clearing settlement fee,2024-03-31,month,75000,2024-05-03
2231.2,Clearing settlement fee,2024-03-31,ytd,435000,2024-04-01
2231.3,Other Expenses,2024-03-31,month,0,2024-05-03
2231.3,Other Expenses,2024-03-31,ytd,0,2024-04-01
2232,Other expenses,2024-03-31,month,6700096,2024-05-03
2232,Other expenses,2024-03-31,ytd,29052904,2024-04-01
2232,Real estate valuation service fees (not applicable),2024-03-31,month,0,2024-05-03
2232,Real estate valuation service fees (not applicable),2024-03-31,ytd,0,2024-04-01
2232.1,Set up Expenses,2024-03-31,month,0,2024-05-03
2232.1,Set up Expenses,2024-03-31,ytd,0,2024-04-01
2232.2,"Listing, registration fees",2024-03-31,month,0,2024-05-03
2232.2,"Listing, registration fees",2024-03-31,ytd,0,2024-04-01
2232.3,Annual management fee paid to SSC,2024-03-31,month,635246,2024-05-03
2232.3,Annual management fee paid to SSC,2024-03-31,ytd,1864754,2024-04-01
2232.4,Bank charges,2024-03-31,month,6064850,2024-05-03
2232.4,Bank charges,2024-03-31,ytd,27188150,2024-04-01
2232.5,Borrowing expense,2024-03-31,month,0,2024-05-03
2232.5,Borrowing expense,2024-03-31,ytd,0,2024-04-01
2232.6,Other Expenses,2024-03-31,month,0,2024-05-03
2232.6,Other Expenses,2024-03-31,ytd,0,2024-04-01
2232.7,Fee paid to VSDC for getting the list of investors,2024-03-31,month,0,2024-05-03
2232.7,Fee paid to VSDC for getting the list of investors,2024-03-31,ytd,0,2024-04-01
2233,Net Income from Investment Activities (= I - II),2024-03-31,month,4850824910,2024-05-03
2233,Net Income from Investment Activities (= I - II),2024-03-31,ytd,11476693475,2024-04-01
2234,Gain / (Loss) from Investment Activities,2024-03-31,month,1424079318,2024-05-03
2234,Gain / (Loss) from Investment Activities,2024-03-31,ytd,949409108,2024-04-01
2235,Realised Gain / (Loss) from disposal of investment or real estate transfer,2024-03-31,month,1156395159,2024-05-03
2235,Realised Gain / (Loss) from disposal of investment or real estate transfer,2024-03-31,ytd,817664725,2024-04-01
2236,Unrealised Gain / (Loss) due to market price,2024-03-31,month,267684159,2024-05-03
2236,Unrealised Gain / (Loss) due to market price,2024-03-31,ytd,131744383,2024-04-01
2237,Change of Net Asset Value of the Fund due to investment activities during the period (= III + IV),2024-03-31,month,6274904228,2024-05-03
2237,Change of Net Asset Value of the Fund due to investment activities during the period (= III + IV),2024-03-31,ytd,12426102583,2024-04-01
2238,Net Asset Value at the beginning of period,2024-03-31,month,765980853687,2024-05-03
2238,Net Asset Value at the beginning of period,2024-03-31,ytd,451596260409,2024-04-01
2239,"Change of Net Asset Value of the Fund during the period, of which",2024-03-31,month,352972279881,2024-05-03
2239,"Change of Net Asset Value of the Fund during the period, of which",2024-03-31,ytd,667356873159,2024-04-01
2239.1,Change of Net Asset Value due to investment activities during the period,2024-03-31,month,6274904228,2024-05-03
2239.1,Change of Net Asset Value due to investment activities during the period,2024-03-31,ytd,12426102583,2024-04-01
2239.2,Change of Net Asset Value due to  dividends payment to investors during the period,2024-03-31,month,0,2024-05-03
2239.2,Change of Net Asset Value due to  dividends payment to investors during the period,2024-03-31,ytd,0,2024-04-01
2239.3,Change of Net Asset Value due to subscription/redemption during the period,2024-03-31,month,346697375653,2024-05-03
2239.3,Change of Net Asset Value due to subscription/redemption during the period,2024-03-31,ytd,654930770576,2024-04-01
2239.3.1,Change of Net Asset Value due to subscription during the period,2024-03-31,month,425665672216,2024-05-03
2239.3.1,Change of Net Asset Value due to subscription during the period,2024-03-31,ytd,738070383844,2024-04-01
2239.3.2,Change of Net Asset Value due to redemption during the period,2024-03-31,month,-78968296563,2024-05-03
2239.3.2,Change of Net Asset Value due to redemption during the period,2024-03-31,ytd,-83139613268,2024-04-01
2243,Net Asset Value at the end of period,2024-03-31,month,1118953133568,2024-05-03
2243,Net Asset Value at the end of period,2024-03-31,ytd,1118953133568,2024-04-01
2244,Average annual profit (only applicable to annual report),2024-03-31,month,0,2024-05-03
2244,Average annual profit (only applicable to annual report),2024-03-31,ytd,0,2024-04-01
2245,Average annual rate of return (only applicable to annual report),2024-03-31,month,0,2024-05-03
2245,Average annual rate of return (only applicable to annual report),2024-03-31,ytd,0,2024-04-01
2220,Income from Investment Activities,2024-04-30,month,6767732993,2024-06-03
2220,Income from Investment Activities,2024-04-30,ytd,20902285565,2024-05-03
2221,"Dividend income, interest income from bonds",2024-04-30,month,4400278211,2024-06-03
2221,"Dividend income, interest income from bonds",2024-04-30,ytd,14996463839,2024-05-03
2221.1,Dividends income,2024-04-30,month,0,2024-06-03
2221.1,Dividends income,2024-04-30,ytd,0,2024-05-03
2221.2,Interest income from bonds,2024-04-30,month,4400278211,2024-06-03
2221.2,Interest income from bonds,2024-04-30,ytd,14996463839,2024-05-03
2222,Interest income,2024-04-30,month,2367454782,2024-06-03
2222,Interest income,2024-04-30,ytd,5905821726,2024-05-03
2222.1,Interest income from bank deposits,2024-04-30,month,1181975330,2024-06-03
2222.1,Interest income from bank deposits,2024-04-30,ytd,3061109396,2024-05-03
2222.2,Interest income from Money market instruments,2024-04-30,month,1185479452,2024-06-03
2222.2,Interest income from Money market instruments,2024-04-30,ytd,2844712330,2024-05-03
2222.3,Interest income from reverse repo contracts,2024-04-30,month,0,2024-06-03
2222.3,Interest income from reverse repo contracts,2024-04-30,ytd,0,2024-05-03
2223,Income from rental property (not applicable),2024-04-30,month,0,2024-06-03
2223,Income from rental property (not applicable),2024-04-30,ytd,0,2024-05-03
2223,Other incomes,2024-04-30,month,0,2024-06-03
2223,Other incomes,2024-04-30,ytd,0,2024-05-03
2223.1,Other investment incomes,2024-04-30,month,0,2024-06-03
2223.1,Other investment incomes,2024-04-30,ytd,0,2024-05-03
2223.2,Other incomes,2024-04-30,month,0,2024-06-03
2223.2,Other incomes,2024-04-30,ytd,0,2024-05-03
2223.3,"Provision expense for bad debts from dividends, interest income and written off bad debts from dividends, interest income",2024-04-30,month,0,2024-06-03
2223.3,"Provision expense for bad debts from dividends, interest income and written off bad debts from dividends, interest income",2024-04-30,ytd,0,2024-05-03
2224,Expenses,2024-04-30,month,1266447644,2024-06-03
2224,Expenses,2024-04-30,ytd,3924306741,2024-05-03
2225,Management Fee paid to Fund Management Company,2024-04-30,month,1072403904,2024-06-03
2225,Management Fee paid to Fund Management Company,2024-04-30,ytd,3274649483,2024-05-03
2226,"Custody fee, Supervising fee paid to Supervising Bank/VSDC",2024-04-30,month,76256857,2024-06-03
2226,"Custody fee, Supervising fee paid to Supervising Bank/VSDC",2024-04-30,ytd,234872721,2024-05-03
2226.1,Custodian service - Safe Custody Fee,2024-04-30,month,35746796,2024-06-03
2226.1,Custodian service - Safe Custody Fee,2024-04-30,ytd,109154981,2024-05-03
2226.2,Custodian service - Transaction fee,2024-04-30,month,500000,2024-06-03
2226.2,Custodian service - Transaction fee,2024-04-30,ytd,3200000,2024-05-03
2226.3,"Custodian service -  Depository fee, Position and Margin management fee paid to VSDC",2024-04-30,month,688584,2024-06-03
2226.3,"Custodian service -  Depository fee, Position and Margin management fee paid to VSDC",2024-04-30,ytd,2447260,2024-05-03
2226.4,Supervisory fee,2024-04-30,month,39321477,2024-06-03
2226.4,Supervisory fee,2024-04-30,ytd,120070480,2024-05-03
2227,"Fund Administration Fee, and other fees paid to relevant Fund's service providers",2024-04-30,month,40491108,2024-06-03
2227,"Fund Administration Fee, and other fees paid to relevant Fund's service providers",2024-04-30,ytd,134052860,2024-05-03
2227.1,Fund Administration Fee,2024-04-30,month,29491108,2024-06-03
2227.1,Fund Administration Fee,2024-04-30,ytd,90052860,2024-05-03
2227.2,Transfer Agency Fee,2024-04-30,month,11000000,2024-06-03
2227.2,Transfer Agency Fee,2024-04-30,ytd,44000000,2024-05-03
2228,Audit fee,2024-04-30,month,12622951,2024-06-03
2228,Audit fee,2024-04-30,ytd,50570096,2024-05-03
2229,"Legal consultancy expenses, price feed fee, other valid expenses, remuneration paid to Fund's Board of Representatives",2024-04-30,month,17845614,2024-06-03
2229,"Legal consultancy expenses, price feed fee, other valid expenses, remuneration paid to Fund's Board of Representatives",2024-04-30,ytd,71777308,2024-05-03
2229.1,Remuneration of Fund's Board of Representatives,2024-04-30,month,6491804,2024-06-03
2229.1,Remuneration of Fund's Board of Representatives,2024-04-30,ytd,25983607,2024-05-03
2229.2,Price feed fee,2024-04-30,month,7747253,2024-06-03
2229.2,Price feed fee,2024-04-30,ytd,31247253,2024-05-03
2229.3,Legal consultancy expenses,2024-04-30,month,3606557,2024-06-03
2229.3,Legal consultancy expenses,2024-04-30,ytd,14546448,2024-05-03
2230,"Fee for drafting, printing, distribution of prospectus, summarised prospectus, financial statements, transaction confirmations, account statements and other documents to investors; information disclosure fee; fee for organising annual general meeting, board of representatives meeting",2024-04-30,month,17010000,2024-06-03
2230,"Fee for drafting, printing, distribution of prospectus, summarised prospectus, financial statements, transaction confirmations, account statements and other documents to investors; information disclosure fee; fee for organising annual general meeting, board of representatives meeting",2024-04-30,ytd,17010000,2024-05-03
2230.1,Meeting expenses,2024-04-30,month,17010000,2024-06-03
2230.1,Meeting expenses,2024-04-30,ytd,17010000,2024-05-03
2230.2,Annual report expenses,2024-04-30,month,0,2024-06-03
2230.2,Annual report expenses,2024-04-30,ytd,0,2024-05-03
2230.3,"Fund's Board of Representatives meeting, travelling expenses",2024-04-30,month,0,2024-06-03
2230.3,"Fund's Board of Representatives meeting, travelling expenses",2024-04-30,ytd,0,2024-05-03
2230.4,Expenses of information disclosure of the Fund,2024-04-30,month,0,2024-06-03
2230.4,Expenses of information disclosure of the Fund,2024-04-30,ytd,0,2024-05-03
2230.5,"Designing, printing, posting... expenses",2024-04-30,month,0,2024-06-03
2230.5,"Designing, printing, posting... expenses",2024-04-30,ytd,0,2024-05-03
2231,Expenses related to execution of Fund’s asset transactions,2024-04-30,month,25086806,2024-06-03
2231,Expenses related to execution of Fund’s asset transactions,2024-04-30,ytd,107590965,2024-05-03
2231,Real Estate Management Service fee (not applicable),2024-04-30,month,0,2024-06-03
2231,Real Estate Management Service fee (not applicable),2024-04-30,ytd,0,2024-05-03
2231.1,Brokerage fee,2024-04-30,month,24960806,2024-06-03
2231.1,Brokerage fee,2024-04-30,ytd,107029965,2024-05-03
2231.2,Clearing settlement fee,2024-04-30,month,126000,2024-06-03
2231.2,Clearing settlement fee,2024-04-30,ytd,561000,2024-05-03
2231.3,Other Expenses,2024-04-30,month,0,2024-06-03
2231.3,Other Expenses,2024-04-30,ytd,0,2024-05-03
2232,Other expenses,2024-04-30,month,4730404,2024-06-03
2232,Other expenses,2024-04-30,ytd,33783308,2024-05-03
2232,Real estate valuation service fees (not applicable),2024-04-30,month,0,2024-06-03
2232,Real estate valuation service fees (not applicable),2024-04-30,ytd,0,2024-05-03
2232.1,Set up Expenses,2024-04-30,month,0,2024-06-03
2232.1,Set up Expenses,2024-04-30,ytd,0,2024-05-03
2232.2,"Listing, registration fees",2024-04-30,month,0,2024-06-03
2232.2,"Listing, registration fees",2024-04-30,ytd,0,2024-05-03
2232.3,Annual management fee paid to SSC,2024-04-30,month,614754,2024-06-03
2232.3,Annual management fee paid to SSC,2024-04-30,ytd,2479508,2024-05-03
2232.4,Bank charges,2024-04-30,month,3015650,2024-06-03
2232.4,Bank charges,2024-04-30,ytd,30203800,2024-05-03
2232.5,Borrowing expense,2024-04-30,month,0,2024-06-03
2232.5,Borrowing expense,2024-04-30,ytd,0,2024-05-03
2232.6,Other Expenses,2024-04-30,month,0,2024-06-03
2232.6,Other Expenses,2024-04-30,ytd,0,2024-05-03
2232.7,Fee paid to VSDC for getting the list of investors,2024-04-30,month,1100000,2024-06-03
2232.7,Fee paid to VSDC for getting the list of investors,2024-04-30,ytd,1100000,2024-05-03
2233,Net Income from Investment Activities (= I - II),2024-04-30,month,5501285349,2024-06-03
2233,Net Income from Investment Activities (= I - II),2024-04-30,ytd,16977978824,2024-05-03
2234,Gain / (Loss) from Investment Activities,2024-04-30,month,491095834,2024-06-03
2234,Gain / (Loss) from Investment Activities,2024-04-30,ytd,1440504942,2024-05-03
2235,Realised Gain / (Loss) from disposal of investment or real estate transfer,2024-04-30,month,1478371278,2024-06-03
2235,Realised Gain / (Loss) from disposal of investment or real estate transfer,2024-04-30,ytd,2296036003,2024-05-03
2236,Unrealised Gain / (Loss) due to market price,2024-04-30,month,-987275444,2024-06-03
2236,Unrealised Gain / (Loss) due to market price,2024-04-30,ytd,-855531061,2024-05-03
2237,Change of Net Asset Value of the Fund due to investment activities during the period (= III + IV),2024-04-30,month,5992381183,2024-06-03
2237,Change of Net Asset Value of the Fund due to investment activities during the period (= III + IV),2024-04-30,ytd,18418483766,2024-05-03
2238,Net Asset Value at the beginning of period,2024-04-30,month,1118953133568,2024-06-03
2238,Net Asset Value at the beginning of period,2024-04-30,ytd,451596260409,2024-05-03
2239,"Change of Net Asset Value of the Fund during the period, of which",2024-04-30,month,-16460842771,2024-06-03
2239,"Change of Net Asset Value of the Fund during the period, of which",2024-04-30,ytd,650896030388,2024-05-03
2239.1,Change of Net Asset Value due to investment activities during the period,2024-04-30,month,5992381183,2024-06-03
2239.1,Change of Net Asset Value due to investment activities during the period,2024-04-30,ytd,18418483766,2024-05-03
2239.2,Change of Net Asset Value due to  dividends payment to investors during the period,2024-04-30,month,0,2024-06-03
2239.2,Change of Net Asset Value due to  dividends payment to investors during the period,2024-04-30,ytd,0,2024-05-03
2239.3,Change of Net Asset Value due to subscription/redemption during the period,2024-04-30,month,-22453223954,2024-06-03
2239.3,Change of Net Asset Value due to subscription/redemption during the period,2024-04-30,ytd,632477546622,2024-05-03
2239.3.1,Change of Net Asset Value due to subscription during the period,2024-04-30,month,140044983373,2024-06-03
2239.3.1,Change of Net Asset Value due to subscription during the period,2024-04-30,ytd,878115367217,2024-05-03
2239.3.2,Change of Net Asset Value due to redemption during the period,2024-04-30,month,-162498207327,2024-06-03
2239.3.2,Change of Net Asset Value due to redemption during the period,2024-04-30,ytd,-245637820595,2024-05-03
2243,Net Asset Value at the end of period,2024-04-30,month,1102492290797,2024-06-03
2243,Net Asset Value at the end of period,2024-04-30,ytd,1102492290797,2024-05-03
2244,Average annual profit (only applicable to annual report),2024-04-30,month,0,2024-06-03
2244,Average annual profit (only applicable to annual report),2024-04-30,ytd,0,2024-05-03
2245,Average annual rate of return (only applicable to annual report),2024-04-30,month,0,2024-06-03
2245,Average annual rate of return (only applicable to annual report),2024-04-30,ytd,0,2024-05-03
2220,Income from Investment Activities,2024-05-31,month,7632043665,2024-07-01
2220,Income from Investment Activities,2024-05-31,ytd,28534329230,2024-06-03
2221,"Dividend income, interest income from bonds",2024-05-31,month,4930459258,2024-07-01
2221,"Dividend income, interest income from bonds",2024-05-31,ytd,19926923097,2024-06-03
2221.1,Dividends income,2024-05-31,month,0,2024-07-01
2221.1,Dividends income,2024-05-31,ytd,0,2024-06-03
2221.2,Interest income from bonds,2024-05-31,month,4930459258,2024-07-01
2221.2,Interest income from bonds,2024-05-31,ytd,19926923097,2024-06-03
2222,Interest income,2024-05-31,month,2701584407,2024-07-01
2222,Interest income,2024-05-31,ytd,8607406133,2024-06-03
2222.1,Interest income from bank deposits,2024-05-31,month,995310435,2024-07-01
2222.1,Interest income from bank deposits,2024-05-31,ytd,4056419831,2024-06-03
2222.2,Interest income from Money market instruments,2024-05-31,month,1706273972,2024-07-01
2222.2,Interest income from Money market instruments,2024-05-31,ytd,4550986302,2024-06-03
2222.3,Interest income from reverse repo contracts,2024-05-31,month,0,2024-07-01
2222.3,Interest income from reverse repo contracts,2024-05-31,ytd,0,2024-06-03
2223,Income from rental property (not applicable),2024-05-31,month,0,2024-07-01
2223,Income from rental property (not applicable),2024-05-31,ytd,0,2024-06-03
2223,Other incomes,2024-05-31,month,0,2024-07-01
2223,Other incomes,2024-05-31,ytd,0,2024-06-03
2223.1,Other investment incomes,2024-05-31,month,0,2024-07-01
2223.1,Other investment incomes,2024-05-31,ytd,0,2024-06-03
2223.2,Other incomes,2024-05-31,month,0,2024-07-01
2223.2,Other incomes,2024-05-31,ytd,0,2024-06-03
2223.3,"Provision expense for bad debts from dividends, interest income and written off bad debts from dividends, interest income",2024-05-31,month,0,2024-07-01
2223.3,"Provision expense for bad debts from dividends, interest income and written off bad debts from dividends, interest income",2024-05-31,ytd,0,2024-06-03
2224,Expenses,2024-05-31,month,1366205115,2024-07-01
2224,Expenses,2024-05-31,ytd,5290511856,2024-06-03
2225,Management Fee paid to Fund Management Company,2024-05-31,month,1167452794,2024-07-01
2225,Management Fee paid to Fund Management Company,2024-05-31,ytd,4442102277,2024-06-03
2226,"Custody fee, Supervising fee paid to Supervising Bank/VSDC",2024-05-31,month,82965004,2024-07-01
2226,"Custody fee, Supervising fee paid to Supervising Bank/VSDC",2024-05-31,ytd,317837725,2024-06-03
2226.1,Custodian service - Safe Custody Fee,2024-05-31,month,38915094,2024-07-01
2226.1,Custodian service - Safe Custody Fee,2024-05-31,ytd,148070075,2024-06-03
2226.2,Custodian service - Transaction fee,2024-05-31,month,500000,2024-07-01
2226.2,Custodian service - Transaction fee,2024-05-31,ytd,3700000,2024-06-03
2226.3,"Custodian service -  Depository fee, Position and Margin management fee paid to VSDC",2024-05-31,month,743307,2024-07-01
2226.3,"Custodian service -  Depository fee, Position and Margin management fee paid to VSDC",2024-05-31,ytd,3190567,2024-06-03
2226.4,Supervisory fee,2024-05-31,month,42806603,2024-07-01
2226.4,Supervisory fee,2024-05-31,ytd,162877083,2024-06-03
2227,"Fund Administration Fee, and other fees paid to relevant Fund's service providers",2024-05-31,month,43104951,2024-07-01
2227,"Fund Administration Fee, and other fees paid to relevant Fund's service providers",2024-05-31,ytd,177157811,2024-06-03
2227.1,Fund Administration Fee,2024-05-31,month,32104951,2024-07-01
2227.1,Fund Administration Fee,2024-05-31,ytd,122157811,2024-06-03
2227.2,Transfer Agency Fee,2024-05-31,month,11000000,2024-07-01
2227.2,Transfer Agency Fee,2024-05-31,ytd,55000000,2024-06-03
2228,Audit fee,2024-05-31,month,13043716,2024-07-01
2228,Audit fee,2024-05-31,ytd,63613812,2024-06-03
2229,"Legal consultancy expenses, price feed fee, other valid expenses, remuneration paid to Fund's Board of Representatives",2024-05-31,month,17734832,2024-07-01
2229,"Legal consultancy expenses, price feed fee, other valid expenses, remuneration paid to Fund's Board of Representatives",2024-05-31,ytd,89512140,2024-06-03
2229.1,Remuneration of Fund's Board of Representatives,2024-05-31,month,6508196,2024-07-01
2229.1,Remuneration of Fund's Board of Representatives,2024-05-31,ytd,32491803,2024-06-03
2229.2,Price feed fee,2024-05-31,month,8005494,2024-07-01
2229.2,Price feed fee,2024-05-31,ytd,39252747,2024-06-03
2229.3,Legal consultancy expenses,2024-05-31,month,3221142,2024-07-01
2229.3,Legal consultancy expenses,2024-05-31,ytd,17767590,2024-06-03
2230,"Fee for drafting, printing, distribution of prospectus, summarised prospectus, financial statements, transaction confirmations, account statements and other documents to investors; information disclosure fee; fee for organising annual general meeting, board of representatives meeting",2024-05-31,month,17010000,2024-07-01
2230,"Fee for drafting, printing, distribution of prospectus, summarised prospectus, financial statements, transaction confirmations, account statements and other documents to investors; information disclosure fee; fee for organising annual general meeting, board of representatives meeting",2024-05-31,ytd,34020000,2024-06-03
2230.1,Meeting expenses,2024-05-31,month,17010000,2024-07-01
2230.1,Meeting expenses,2024-05-31,ytd,34020000,2024-06-03
2230.2,Annual report expenses,2024-05-31,month,0,2024-07-01
2230.2,Annual report expenses,2024-05-31,ytd,0,2024-06-03
2230.3,"Fund's Board of Representatives meeting, travelling expenses",2024-05-31,month,0,2024-07-01
2230.3,"Fund's Board of Representatives meeting, travelling expenses",2024-05-31,ytd,0,2024-06-03
2230.4,Expenses of information disclosure of the Fund,2024-05-31,month,0,2024-07-01
2230.4,Expenses of information disclosure of the Fund,2024-05-31,ytd,0,2024-06-03
2230.5,"Designing, printing, posting... expenses",2024-05-31,month,0,2024-07-01
2230.5,"Designing, printing, posting... expenses",2024-05-31,ytd,0,2024-06-03
2231,Expenses related to execution of Fund’s asset transactions,2024-05-31,month,21134022,2024-07-01
2231,Expenses related to execution of Fund’s asset transactions,2024-05-31,ytd,128724987,2024-06-03
2231,Real Estate Management Service fee (not applicable),2024-05-31,month,0,2024-07-01
2231,Real Estate Management Service fee (not applicable),2024-05-31,ytd,0,2024-06-03
2231.1,Brokerage fee,2024-05-31,month,16043953,2024-07-01
2231.1,Brokerage fee,2024-05-31,ytd,123073918,2024-06-03
2231.2,Clearing settlement fee,2024-05-31,month,90069,2024-07-01
2231.2,Clearing settlement fee,2024-05-31,ytd,651069,2024-06-03
2231.3,Other Expenses,2024-05-31,month,5000000,2024-07-01
2231.3,Other Expenses,2024-05-31,ytd,5000000,2024-06-03
2232,Other expenses,2024-05-31,month,3759796,2024-07-01
2232,Other expenses,2024-05-31,ytd,37543104,2024-06-03
2232,Real estate valuation service fees (not applicable),2024-05-31,month,0,2024-07-01
2232,Real estate valuation service fees (not applicable),2024-05-31,ytd,0,2024-06-03
2232.1,Set up Expenses,2024-05-31,month,0,2024-07-01
2232.1,Set up Expenses,2024-05-31,ytd,0,2024-06-03
2232.2,"Listing, registration fees",2024-05-31,month,0,2024-07-01
2232.2,"Listing, registration fees",2024-05-31,ytd,0,2024-06-03
2232.3,Annual management fee paid to SSC,2024-05-31,month,635246,2024-07-01
2232.3,Annual management fee paid to SSC,2024-05-31,ytd,3114754,2024-06-03
2232.4,Bank charges,2024-05-31,month,3124550,2024-07-01
2232.4,Bank charges,2024-05-31,ytd,33328350,2024-06-03
2232.5,Borrowing expense,2024-05-31,month,0,2024-07-01
2232.5,Borrowing expense,2024-05-31,ytd,0,2024-06-03
2232.6,Other Expenses,2024-05-31,month,0,2024-07-01
2232.6,Other Expenses,2024-05-31,ytd,0,2024-06-03
2232.7,Fee paid to VSDC for getting the list of investors,2024-05-31,month,0,2024-07-01
2232.7,Fee paid to VSDC for getting the list of investors,2024-05-31,ytd,1100000,2024-06-03
2233,Net Income from Investment Activities (= I - II),2024-05-31,month,6265838550,2024-07-01
2233,Net Income from Investment Activities (= I - II),2024-05-31,ytd,23243817374,2024-06-03
2234,Gain / (Loss) from Investment Activities,2024-05-31,month,100827854,2024-07-01
2234,Gain / (Loss) from Investment Activities,2024-05-31,ytd,1541332796,2024-06-03
2235,Realised Gain / (Loss) from disposal of investment or real estate transfer,2024-05-31,month,55290542,2024-07-01
2235,Realised Gain / (Loss) from disposal of investment or real estate transfer,2024-05-31,ytd,2351326545,2024-06-03
2236,Unrealised Gain / (Loss) due to market price,2024-05-31,month,45537312,2024-07-01
2236,Unrealised Gain / (Loss) due to market price,2024-05-31,ytd,-809993749,2024-06-03
2237,Change of Net Asset Value of the Fund due to investment activities during the period (= III + IV),2024-05-31,month,6366666404,2024-07-01
2237,Change of Net Asset Value of the Fund due to investment activities during the period (= III + IV),2024-05-31,ytd,24785150170,2024-06-03
2238,Net Asset Value at the beginning of period,2024-05-31,month,1102492290797,2024-07-01
2238,Net Asset Value at the beginning of period,2024-05-31,ytd,451596260409,2024-06-03
2239,"Change of Net Asset Value of the Fund during the period, of which",2024-05-31,month,136018426340,2024-07-01
2239,"Change of Net Asset Value of the Fund during the period, of which",2024-05-31,ytd,786914456728,2024-06-03
2239.1,Change of Net Asset Value due to investment activities during the period,2024-05-31,month,6366666404,2024-07-01
2239.1,Change of Net Asset Value due to investment activities during the period,2024-05-31,ytd,24785150170,2024-06-03
2239.2,Change of Net Asset Value due to  dividends payment to investors during the period,2024-05-31,month,0,2024-07-01
2239.2,Change of Net Asset Value due to  dividends payment to investors during the period,2024-05-31,ytd,0,2024-06-03
2239.3,Change of Net Asset Value due to subscription/redemption during the period,2024-05-31,month,129651759936,2024-07-01
2239.3,Change of Net Asset Value due to subscription/redemption during the period,2024-05-31,ytd,762129306558,2024-06-03
2239.3.1,Change of Net Asset Value due to subscription during the period,2024-05-31,month,196135076422,2024-07-01
2239.3.1,Change of Net Asset Value due to subscription during the period,2024-05-31,ytd,1074250443639,2024-06-03
2239.3.2,Change of Net Asset Value due to redemption during the period,2024-05-31,month,-66483316486,2024-07-01
2239.3.2,Change of Net Asset Value due to redemption during the period,2024-05-31,ytd,-312121137081,2024-06-03
2243,Net Asset Value at the end of period,2024-05-31,month,1238510717137,2024-07-01
2243,Net Asset Value at the end of period,2024-05-31,ytd,1238510717137,2024-06-03
2244,Average annual profit (only applicable to annual report),2024-05-31,month,0,2024-07-01
2244,Average annual profit (only applicable to annual report),2024-05-31,ytd,0,2024-06-03
2245,Average annual rate of return (only applicable to annual report),2024-05-31,month,0,2024-07-01
2245,Average annual rate of return (only applicable to annual report),2024-05-31,ytd,0,2024-06-03
2220,Income from Investment Activities,2024-06-30,month,7909902728,2024-08-02
2220,Income from Investment Activities,2024-06-30,ytd,36444231958,2024-07-01
2221,"Dividend income, interest income from bonds",2024-06-30,month,4975659091,2024-08-02
2221,"Dividend income, interest income from bonds",2024-06-30,ytd,24902582188,2024-07-01
2221.1,Dividends income,2024-06-30,month,0,2024-08-02
2221.1,Dividends income,2024-06-30,ytd,0,2024-07-01
2221.2,Interest income from bonds,2024-06-30,month,4975659091,2024-08-02
2221.2,Interest income from bonds,2024-06-30,ytd,24902582188,2024-07-01
2222,Interest income,2024-06-30,month,2934243637,2024-08-02
2222,Interest income,2024-06-30,ytd,11541649770,2024-07-01
2222.1,Interest income from bank deposits,2024-06-30,month,1258791583,2024-08-02
2222.1,Interest income from bank deposits,2024-06-30,ytd,5315211414,2024-07-01
2222.2,Interest income from Money market instruments,2024-06-30,month,1675452054,2024-08-02
2222.2,Interest income from Money market instruments,2024-06-30,ytd,6226438356,2024-07-01
2222.3,Interest income from reverse repo contracts,2024-06-30,month,0,2024-08-02
2222.3,Interest income from reverse repo contracts,2024-06-30,ytd,0,2024-07-01
2223,Income from rental property (not applicable),2024-06-30,month,0,2024-08-02
2223,Income from rental property (not applicable),2024-06-30,ytd,0,2024-07-01
2223,Other incomes,2024-06-30,month,0,2024-08-02
2223,Other incomes,2024-06-30,ytd,0,2024-07-01
2223.1,Other investment incomes,2024-06-30,month,0,2024-08-02
2223.1,Other investment incomes,2024-06-30,ytd,0,2024-07-01
2223.2,Other incomes,2024-06-30,month,0,2024-08-02
2223.2,Other incomes,2024-06-30,ytd,0,2024-07-01
2223.3,"Provision expense for bad debts from dividends, interest income and written off bad debts from dividends, interest income",2024-06-30,month,0,2024-08-02
2223.3,"Provision expense for bad debts from dividends, interest income and written off bad debts from dividends, interest income",2024-06-30,ytd,0,2024-07-01
2224,Expenses,2024-06-30,month,1543233260,2024-08-02
2224,Expenses,2024-06-30,ytd,6833745116,2024-07-01
2225,Management Fee paid to Fund Management Company,2024-06-30,month,1268004174,2024-08-02
2225,Management Fee paid to Fund Management Company,2024-06-30,ytd,5710106451,2024-07-01
2226,"Custody fee, Supervising fee paid to Supervising Bank/VSDC",2024-06-30,month,90629374,2024-08-02
2226,"Custody fee, Supervising fee paid to Supervising Bank/VSDC",2024-06-30,ytd,408467099,2024-07-01
2226.1,Custodian service - Safe Custody Fee,2024-06-30,month,42266806,2024-08-02
2226.1,Custodian service - Safe Custody Fee,2024-06-30,ytd,190336881,2024-07-01
2226.2,Custodian service - Transaction fee,2024-06-30,month,1100000,2024-08-02
2226.2,Custodian service - Transaction fee,2024-06-30,ytd,4800000,2024-07-01
2226.3,"Custodian service -  Depository fee, Position and Margin management fee paid to VSDC",2024-06-30,month,769081,2024-08-02
2226.3,"Custodian service -  Depository fee, Position and Margin management fee paid to VSDC",2024-06-30,ytd,3959648,2024-07-01
2226.4,Supervisory fee,2024-06-30,month,46493487,2024-08-02
2226.4,Supervisory fee,2024-06-30,ytd,209370570,2024-07-01
2227,"Fund Administration Fee, and other fees paid to relevant Fund's service providers",2024-06-30,month,45870114,2024-08-02
2227,"Fund Administration Fee, and other fees paid to relevant Fund's service providers",2024-06-30,ytd,223027925,2024-07-01
2227.1,Fund Administration Fee,2024-06-30,month,34870114,2024-08-02
2227.1,Fund Administration Fee,2024-06-30,ytd,157027925,2024-07-01
2227.2,Transfer Agency Fee,2024-06-30,month,11000000,2024-08-02
2227.2,Transfer Agency Fee,2024-06-30,ytd,66000000,2024-07-01
2228,Audit fee,2024-06-30,month,12226044,2024-08-02
2228,Audit fee,2024-06-30,ytd,75839856,2024-07-01
2229,"Legal consultancy expenses, price feed fee, other valid expenses, remuneration paid to Fund's Board of Representatives",2024-06-30,month,17804348,2024-08-02
2229,"Legal consultancy expenses, price feed fee, other valid expenses, remuneration paid to Fund's Board of Representatives",2024-06-30,ytd,107316488,2024-07-01
2229.1,Remuneration of Fund's Board of Representatives,2024-06-30,month,6491804,2024-08-02
2229.1,Remuneration of Fund's Board of Representatives,2024-06-30,ytd,38983607,2024-07-01
2229.2,Price feed fee,2024-06-30,month,7747253,2024-08-02
2229.2,Price feed fee,2024-06-30,ytd,47000000,2024-07-01
2229.3,Legal consultancy expenses,2024-06-30,month,3565291,2024-08-02
2229.3,Legal consultancy expenses,2024-06-30,ytd,21332881,2024-07-01
2230,"Fee for drafting, printing, distribution of prospectus, summarised prospectus, financial statements, transaction confirmations, account statements and other documents to investors; information disclosure fee; fee for organising annual general meeting, board of representatives meeting",2024-06-30,month,18903014,2024-08-02
2230,"Fee for drafting, printing, distribution of prospectus, summarised prospectus, financial statements, transaction confirmations, account statements and other documents to investors; information disclosure fee; fee for organising annual general meeting, board of representatives meeting",2024-06-30,ytd,52923014,2024-07-01
2230.1,Meeting expenses,2024-06-30,month,18903014,2024-08-02
2230.1,Meeting expenses,2024-06-30,ytd,52923014,2024-07-01
2230.2,Annual report expenses,2024-06-30,month,0,2024-08-02
2230.2,Annual report expenses,2024-06-30,ytd,0,2024-07-01
2230.3,"Fund's Board of Representatives meeting, travelling expenses",2024-06-30,month,0,2024-08-02
2230.3,"Fund's Board of Representatives meeting, travelling expenses",2024-06-30,ytd,0,2024-07-01
2230.4,Expenses of information disclosure of the Fund,2024-06-30,month,0,2024-08-02
2230.4,Expenses of information disclosure of the Fund,2024-06-30,ytd,0,2024-07-01
2230.5,"Designing, printing, posting... expenses",2024-06-30,month,0,2024-08-02
2230.5,"Designing, printing, posting... expenses",2024-06-30,ytd,0,2024-07-01
2231,Expenses related to execution of Fund’s asset transactions,2024-06-30,month,84746788,2024-08-02
2231,Expenses related to execution of Fund’s asset transactions,2024-06-30,ytd,213471775,2024-07-01
2231,Real Estate Management Service fee (not applicable),2024-06-30,month,0,2024-08-02
2231,Real Estate Management Service fee (not applicable),2024-06-30,ytd,0,2024-07-01
2231.1,Brokerage fee,2024-06-30,month,84566788,2024-08-02
2231.1,Brokerage fee,2024-06-30,ytd,207640706,2024-07-01
2231.2,Clearing settlement fee,2024-06-30,month,180000,2024-08-02
2231.2,Clearing settlement fee,2024-06-30,ytd,831069,2024-07-01
2231.3,Other Expenses,2024-06-30,month,0,2024-08-02
2231.3,Other Expenses,2024-06-30,ytd,5000000,2024-07-01
2232,Other expenses,2024-06-30,month,5049404,2024-08-02
2232,Other expenses,2024-06-30,ytd,42592508,2024-07-01
2232,Real estate valuation service fees (not applicable),2024-06-30,month,0,2024-08-02
2232,Real estate valuation service fees (not applicable),2024-06-30,ytd,0,2024-07-01
2232.1,Set up Expenses,2024-06-30,month,0,2024-08-02
2232.1,Set up Expenses,2024-06-30,ytd,0,2024-07-01
2232.2,"Listing, registration fees",2024-06-30,month,0,2024-08-02
2232.2,"Listing, registration fees",2024-06-30,ytd,0,2024-07-01
2232.3,Annual management fee paid to SSC,2024-06-30,month,614754,2024-08-02
2232.3,Annual management fee paid to SSC,2024-06-30,ytd,3729508,2024-07-01
2232.4,Bank charges,2024-06-30,month,4434650,2024-08-02
2232.4,Bank charges,2024-06-30,ytd,37763000,2024-07-01
2232.5,Borrowing expense,2024-06-30,month,0,2024-08-02
2232.5,Borrowing expense,2024-06-30,ytd,0,2024-07-01
2232.6,Other Expenses,2024-06-30,month,0,2024-08-02
2232.6,Other Expenses,2024-06-30,ytd,0,2024-07-01
2232.7,Fee paid to VSDC for getting the list of investors,2024-06-30,month,0,2024-08-02
2232.7,Fee paid to VSDC for getting the list of investors,2024-06-30,ytd,1100000,2024-07-01
2233,Net Income from Investment Activities (= I - II),2024-06-30,month,6366669468,2024-08-02
2233,Net Income from Investment Activities (= I - II),2024-06-30,ytd,29610486842,2024-07-01
2234,Gain / (Loss) from Investment Activities,2024-06-30,month,1601826064,2024-08-02
2234,Gain / (Loss) from Investment Activities,2024-06-30,ytd,3143158860,2024-07-01
2235,Realised Gain / (Loss) from disposal of investment or real estate transfer,2024-06-30,month,-349989559,2024-08-02
2235,Realised Gain / (Loss) from disposal of investment or real estate transfer,2024-06-30,ytd,2001336986,2024-07-01
2236,Unrealised Gain / (Loss) due to market price,2024-06-30,month,1951815623,2024-08-02
2236,Unrealised Gain / (Loss) due to market price,2024-06-30,ytd,1141821874,2024-07-01
2237,Change of Net Asset Value of the Fund due to investment activities during the period (= III + IV),2024-06-30,month,7968495532,2024-08-02
2237,Change of Net Asset Value of the Fund due to investment activities during the period (= III + IV),2024-06-30,ytd,32753645702,2024-07-01
2238,Net Asset Value at the beginning of period,2024-06-30,month,1238510717137,2024-08-02
2238,Net Asset Value at the beginning of period,2024-06-30,ytd,451596260409,2024-07-01
2239,"Change of Net Asset Value of the Fund during the period, of which",2024-06-30,month,106247613637,2024-08-02
2239,"Change of Net Asset Value of the Fund during the period, of which",2024-06-30,ytd,893162070365,2024-07-01
2239.1,Change of Net Asset Value due to investment activities during the period,2024-06-30,month,7968495532,2024-08-02
2239.1,Change of Net Asset Value due to investment activities during the period,2024-06-30,ytd,32753645702,2024-07-01
2239.2,Change of Net Asset Value due to  dividends payment to investors during the period,2024-06-30,month,0,2024-08-02
2239.2,Change of Net Asset Value due to  dividends payment to investors during the period,2024-06-30,ytd,0,2024-07-01
2239.3,Change of Net Asset Value due to subscription/redemption during the period,2024-06-30,month,98279118105,2024-08-02
2239.3,Change of Net Asset Value due to subscription/redemption during the period,2024-06-30,ytd,860408424663,2024-07-01
2239.3.1,Change of Net Asset Value due to subscription during the period,2024-06-30,month,129270215006,2024-08-02
2239.3.1,Change of Net Asset Value due to subscription during the period,2024-06-30,ytd,1203520658645,2024-07-01
2239.3.2,Change of Net Asset Value due to redemption during the period,2024-06-30,month,-30991096901,2024-08-02
2239.3.2,Change of Net Asset Value due to redemption during the period,2024-06-30,ytd,-343112233982,2024-07-01
2243,Net Asset Value at the end of period,2024-06-30,month,1344758330774,2024-08-02
2243,Net Asset Value at the end of period,2024-06-30,ytd,1344758330774,2024-07-01
2244,Average annual profit (only applicable to annual report),2024-06-30,month,0,2024-08-02
2244,Average annual profit (only applicable to annual report),2024-06-30,ytd,0,2024-07-01
2245,Average annual rate of return (only applicable to annual report),2024-06-30,month,0,2024-08-02
2245,Average annual rate of return (only applicable to annual report),2024-06-30,ytd,0,2024-07-01
2220,Income from Investment Activities,2024-07-31,month,8884938158,2024-09-04
2220,Income from Investment Activities,2024-07-31,ytd,45329170116,2024-08-02
2221,"Dividend income, interest income from bonds",2024-07-31,month,5547969014,2024-09-04
2221,"Dividend income, interest income from bonds",2024-07-31,ytd,30450551202,2024-08-02
2221.1,Dividends income,2024-07-31,month,0,2024-09-04
2221.1,Dividends income,2024-07-31,ytd,0,2024-08-02
2221.2,Interest income from bonds,2024-07-31,month,5547969014,2024-09-04
2221.2,Interest income from bonds,2024-07-31,ytd,30450551202,2024-08-02
2222,Interest income,2024-07-31,month,3336969144,2024-09-04
2222,Interest income,2024-07-31,ytd,14878618914,2024-08-02
2222.1,Interest income from bank deposits,2024-07-31,month,1398845856,2024-09-04
2222.1,Interest income from bank deposits,2024-07-31,ytd,6714057270,2024-08-02
2222.2,Interest income from Money market instruments,2024-07-31,month,1938123288,2024-09-04
2222.2,Interest income from Money market instruments,2024-07-31,ytd,8164561644,2024-08-02
2222.3,Interest income from reverse repo contracts,2024-07-31,month,0,2024-09-04
2222.3,Interest income from reverse repo contracts,2024-07-31,ytd,0,2024-08-02
2223,Income from rental property (not applicable),2024-07-31,month,0,2024-09-04
2223,Income from rental property (not applicable),2024-07-31,ytd,0,2024-08-02
2223,Other incomes,2024-07-31,month,0,2024-09-04
2223,Other incomes,2024-07-31,ytd,0,2024-08-02
2223.1,Other investment incomes,2024-07-31,month,0,2024-09-04
2223.1,Other investment incomes,2024-07-31,ytd,0,2024-08-02
2223.2,Other incomes,2024-07-31,month,0,2024-09-04
2223.2,Other incomes,2024-07-31,ytd,0,2024-08-02
2223.3,"Provision expense for bad debts from dividends, interest income and written off bad debts from dividends, interest income",2024-07-31,month,0,2024-09-04
2223.3,"Provision expense for bad debts from dividends, interest income and written off bad debts from dividends, interest income",2024-07-31,ytd,0,2024-08-02
2224,Expenses,2024-07-31,month,1662730202,2024-09-04
2224,Expenses,2024-07-31,ytd,8496475318,2024-08-02
2225,Management Fee paid to Fund Management Company,2024-07-31,month,1409537218,2024-09-04
2225,Management Fee paid to Fund Management Company,2024-07-31,ytd,7119643669,2024-08-02
2226,"Custody fee, Supervising fee paid to Supervising Bank/VSDC",2024-07-31,month,101626767,2024-09-04
2226,"Custody fee, Supervising fee paid to Supervising Bank/VSDC",2024-07-31,ytd,510093866,2024-08-02
2226.1,Custodian service - Safe Custody Fee,2024-07-31,month,46984575,2024-09-04
2226.1,Custodian service - Safe Custody Fee,2024-07-31,ytd,237321456,2024-08-02
2226.2,Custodian service - Transaction fee,2024-07-31,month,2100000,2024-09-04
2226.2,Custodian service - Transaction fee,2024-07-31,ytd,6900000,2024-08-02
2226.3,"Custodian service -  Depository fee, Position and Margin management fee paid to VSDC",2024-07-31,month,859161,2024-09-04
2226.3,"Custodian service -  Depository fee, Position and Margin management fee paid to VSDC",2024-07-31,ytd,4818809,2024-08-02
2226.4,Supervisory fee,2024-07-31,month,51683031,2024-09-04
2226.4,Supervisory fee,2024-07-31,ytd,261053601,2024-08-02
2227,"Fund Administration Fee, and other fees paid to relevant Fund's service providers",2024-07-31,month,49762273,2024-09-04
2227,"Fund Administration Fee, and other fees paid to relevant Fund's service providers",2024-07-31,ytd,272790198,2024-08-02
2227.1,Fund Administration Fee,2024-07-31,month,38762273,2024-09-04
2227.1,Fund Administration Fee,2024-07-31,ytd,195790198,2024-08-02
2227.2,Transfer Agency Fee,2024-07-31,month,11000000,2024-09-04
2227.2,Transfer Agency Fee,2024-07-31,ytd,77000000,2024-08-02
2228,Audit fee,2024-07-31,month,11813303,2024-09-04
2228,Audit fee,2024-07-31,ytd,87653159,2024-08-02
2229,"Legal consultancy expenses, price feed fee, other valid expenses, remuneration paid to Fund's Board of Representatives",2024-07-31,month,18110808,2024-09-04
2229,"Legal consultancy expenses, price feed fee, other valid expenses, remuneration paid to Fund's Board of Representatives",2024-07-31,ytd,125427296,2024-08-02
2229.1,Remuneration of Fund's Board of Representatives,2024-07-31,month,6508196,2024-09-04
2229.1,Remuneration of Fund's Board of Representatives,2024-07-31,ytd,45491803,2024-08-02
2229.2,Price feed fee,2024-07-31,month,7918478,2024-09-04
2229.2,Price feed fee,2024-07-31,ytd,54918478,2024-08-02
2229.3,Legal consultancy expenses,2024-07-31,month,3684134,2024-09-04
2229.3,Legal consultancy expenses,2024-07-31,ytd,25017015,2024-08-02
2230,"Fee for drafting, printing, distribution of prospectus, summarised prospectus, financial statements, transaction confirmations, account statements and other documents to investors; information disclosure fee; fee for organising annual general meeting, board of representatives meeting",2024-07-31,month,18429167,2024-09-04
2230,"Fee for drafting, printing, distribution of prospectus, summarised prospectus, financial statements, transaction confirmations, account statements and other documents to investors; information disclosure fee; fee for organising annual general meeting, board of representatives meeting",2024-07-31,ytd,71352181,2024-08-02
2230.1,Meeting expenses,2024-07-31,month,18429167,2024-09-04
2230.1,Meeting expenses,2024-07-31,ytd,71352181,2024-08-02
2230.2,Annual report expenses,2024-07-31,month,0,2024-09-04
2230.2,Annual report expenses,2024-07-31,ytd,0,2024-08-02
2230.3,"Fund's Board of Representatives meeting, travelling expenses",2024-07-31,month,0,2024-09-04
2230.3,"Fund's Board of Representatives meeting, travelling expenses",2024-07-31,ytd,0,2024-08-02
2230.4,Expenses of information disclosure of the Fund,2024-07-31,month,0,2024-09-04
2230.4,Expenses of information disclosure of the Fund,2024-07-31,ytd,0,2024-08-02
2230.5,"Designing, printing, posting... expenses",2024-07-31,month,0,2024-09-04
2230.5,"Designing, printing, posting... expenses",2024-07-31,ytd,0,2024-08-02
2231,Expenses related to execution of Fund’s asset transactions,2024-07-31,month,46749070,2024-09-04
2231,Expenses related to execution of Fund’s asset transactions,2024-07-31,ytd,260220845,2024-08-02
2231,Real Estate Management Service fee (not applicable),2024-07-31,month,0,2024-09-04
2231,Real Estate Management Service fee (not applicable),2024-07-31,ytd,0,2024-08-02
2231.1,Brokerage fee,2024-07-31,month,43106170,2024-09-04
2231.1,Brokerage fee,2024-07-31,ytd,250746876,2024-08-02
2231.2,Clearing settlement fee,2024-07-31,month,342900,2024-09-04
2231.2,Clearing settlement fee,2024-07-31,ytd,1173969,2024-08-02
2231.3,Other Expenses,2024-07-31,month,3300000,2024-09-04
2231.3,Other Expenses,2024-07-31,ytd,8300000,2024-08-02
2232,Other expenses,2024-07-31,month,6701596,2024-09-04
2232,Other expenses,2024-07-31,ytd,49294104,2024-08-02
2232,Real estate valuation service fees (not applicable),2024-07-31,month,0,2024-09-04
2232,Real estate valuation service fees (not applicable),2024-07-31,ytd,0,2024-08-02
2232.1,Set up Expenses,2024-07-31,month,0,2024-09-04
2232.1,Set up Expenses,2024-07-31,ytd,0,2024-08-02
2232.2,"Listing, registration fees",2024-07-31,month,0,2024-09-04
2232.2,"Listing, registration fees",2024-07-31,ytd,0,2024-08-02
2232.3,Annual management fee paid to SSC,2024-07-31,month,635246,2024-09-04
2232.3,Annual management fee paid to SSC,2024-07-31,ytd,4364754,2024-08-02
2232.4,Bank charges,2024-07-31,month,4519350,2024-09-04
2232.4,Bank charges,2024-07-31,ytd,42282350,2024-08-02
2232.5,Borrowing expense,2024-07-31,month,0,2024-09-04
2232.5,Borrowing expense,2024-07-31,ytd,0,2024-08-02
2232.6,Other Expenses,2024-07-31,month,1547000,2024-09-04
2232.6,Other Expenses,2024-07-31,ytd,1547000,2024-08-02
2232.7,Fee paid to VSDC for getting the list of investors,2024-07-31,month,0,2024-09-04
2232.7,Fee paid to VSDC for getting the list of investors,2024-07-31,ytd,1100000,2024-08-02
2233,Net Income from Investment Activities (= I - II),2024-07-31,month,7222207956,2024-09-04
2233,Net Income from Investment Activities (= I - II),2024-07-31,ytd,36832694798,2024-08-02
2234,Gain / (Loss) from Investment Activities,2024-07-31,month,517664795,2024-09-04
2234,Gain / (Loss) from Investment Activities,2024-07-31,ytd,3660823655,2024-08-02
2235,Realised Gain / (Loss) from disposal of investment or real estate transfer,2024-07-31,month,-333668512,2024-09-04
2235,Realised Gain / (Loss) from disposal of investment or real estate transfer,2024-07-31,ytd,1667668474,2024-08-02
2236,Unrealised Gain / (Loss) due to market price,2024-07-31,month,851333307,2024-09-04
2236,Unrealised Gain / (Loss) due to market price,2024-07-31,ytd,1993155181,2024-08-02
2237,Change of Net Asset Value of the Fund due to investment activities during the period (= III + IV),2024-07-31,month,7739872751,2024-09-04
2237,Change of Net Asset Value of the Fund due to investment activities during the period (= III + IV),2024-07-31,ytd,40493518453,2024-08-02
2238,Net Asset Value at the beginning of period,2024-07-31,month,1344758330774,2024-09-04
2238,Net Asset Value at the beginning of period,2024-07-31,ytd,451596260409,2024-08-02
2239,"Change of Net Asset Value of the Fund during the period, of which",2024-07-31,month,79291173911,2024-09-04
2239,"Change of Net Asset Value of the Fund during the period, of which",2024-07-31,ytd,972453244276,2024-08-02
2239.1,Change of Net Asset Value due to investment activities during the period,2024-07-31,month,7739872751,2024-09-04
2239.1,Change of Net Asset Value due to investment activities during the period,2024-07-31,ytd,40493518453,2024-08-02
2239.2,Change of Net Asset Value due to  dividends payment to investors during the period,2024-07-31,month,0,2024-09-04
2239.2,Change of Net Asset Value due to  dividends payment to investors during the period,2024-07-31,ytd,0,2024-08-02
2239.3,Change of Net Asset Value due to subscription/redemption during the period,2024-07-31,month,71551301160,2024-09-04
2239.3,Change of Net Asset Value due to subscription/redemption during the period,2024-07-31,ytd,931959725823,2024-08-02
2239.3.1,Change of Net Asset Value due to subscription during the period,2024-07-31,month,92199512843,2024-09-04
2239.3.1,Change of Net Asset Value due to subscription during the period,2024-07-31,ytd,1295720171488,2024-08-02
2239.3.2,Change of Net Asset Value due to redemption during the period,2024-07-31,month,-20648211683,2024-09-04
2239.3.2,Change of Net Asset Value due to redemption during the period,2024-07-31,ytd,-363760445665,2024-08-02
2243,Net Asset Value at the end of period,2024-07-31,month,1424049504685,2024-09-04
2243,Net Asset Value at the end of period,2024-07-31,ytd,1424049504685,2024-08-02
2244,Average annual profit (only applicable to annual report),2024-07-31,month,0,2024-09-04
2244,Average annual profit (only applicable to annual report),2024-07-31,ytd,0,2024-08-02
2245,Average annual rate of return (only applicable to annual report),2024-07-31,month,0,2024-09-04
2245,Average annual rate of return (only applicable to annual report),2024-07-31,ytd,0,2024-08-02
2220,Income from Investment Activities,2024-08-31,month,9146058978,2024-10-01
2220,Income from Investment Activities,2024-08-31,ytd,54475229094,2024-09-04
2221,"Dividend income, interest income from bonds",2024-08-31,month,6433747286,2024-10-01
2221,"Dividend income, interest income from bonds",2024-08-31,ytd,36884298488,2024-09-04
2221.1,Dividends income,2024-08-31,month,0,2024-10-01
2221.1,Dividends income,2024-08-31,ytd,0,2024-09-04
2221.2,Interest income from bonds,2024-08-31,month,6433747286,2024-10-01
2221.2,Interest income from bonds,2024-08-31,ytd,36884298488,2024-09-04
2222,Interest income,2024-08-31,month,2712311692,2024-10-01
2222,Interest income,2024-08-31,ytd,17590930606,2024-09-04
2222.1,Interest income from bank deposits,2024-08-31,month,970106214,2024-10-01
2222.1,Interest income from bank deposits,2024-08-31,ytd,7684163484,2024-09-04
2222.2,Interest income from Money market instruments,2024-08-31,month,1742205478,2024-10-01
2222.2,Interest income from Money market instruments,2024-08-31,ytd,9906767122,2024-09-04
2222.3,Interest income from reverse repo contracts,2024-08-31,month,0,2024-10-01
2222.3,Interest income from reverse repo contracts,2024-08-31,ytd,0,2024-09-04
2223,Income from rental property (not applicable),2024-08-31,month,0,2024-10-01
2223,Income from rental property (not applicable),2024-08-31,ytd,0,2024-09-04
2223,Other incomes,2024-08-31,month,0,2024-10-01
2223,Other incomes,2024-08-31,ytd,0,2024-09-04
2223.1,Other investment incomes,2024-08-31,month,0,2024-10-01
2223.1,Other investment incomes,2024-08-31,ytd,0,2024-09-04
2223.2,Other incomes,2024-08-31,month,0,2024-10-01
2223.2,Other incomes,2024-08-31,ytd,0,2024-09-04
2223.3,"Provision expense for bad debts from dividends, interest income and written off bad debts from dividends, interest income",2024-08-31,month,0,2024-10-01
2223.3,"Provision expense for bad debts from dividends, interest income and written off bad debts from dividends, interest income",2024-08-31,ytd,0,2024-09-04
2224,Expenses,2024-08-31,month,1774473000,2024-10-01
2224,Expenses,2024-08-31,ytd,10270948318,2024-09-04
2225,Management Fee paid to Fund Management Company,2024-08-31,month,1470293554,2024-10-01
2225,Management Fee paid to Fund Management Company,2024-08-31,ytd,8589937223,2024-09-04
2226,"Custody fee, Supervising fee paid to Supervising Bank/VSDC",2024-08-31,month,108094440,2024-10-01
2226,"Custody fee, Supervising fee paid to Supervising Bank/VSDC",2024-08-31,ytd,618188306,2024-09-04
2226.1,Custodian service - Safe Custody Fee,2024-08-31,month,49009787,2024-10-01
2226.1,Custodian service - Safe Custody Fee,2024-08-31,ytd,286331243,2024-09-04
2226.2,Custodian service - Transaction fee,2024-08-31,month,4300000,2024-10-01
2226.2,Custodian service - Transaction fee,2024-08-31,ytd,11200000,2024-09-04
2226.3,"Custodian service -  Depository fee, Position and Margin management fee paid to VSDC",2024-08-31,month,873889,2024-10-01
2226.3,"Custodian service -  Depository fee, Position and Margin management fee paid to VSDC",2024-08-31,ytd,5692698,2024-09-04
2226.4,Supervisory fee,2024-08-31,month,53910764,2024-10-01
2226.4,Supervisory fee,2024-08-31,ytd,314964365,2024-09-04
2227,"Fund Administration Fee, and other fees paid to relevant Fund's service providers",2024-08-31,month,51433071,2024-10-01
2227,"Fund Administration Fee, and other fees paid to relevant Fund's service providers",2024-08-31,ytd,324223269,2024-09-04
2227.1,Fund Administration Fee,2024-08-31,month,40433071,2024-10-01
2227.1,Fund Administration Fee,2024-08-31,ytd,236223269,2024-09-04
2227.2,Transfer Agency Fee,2024-08-31,month,11000000,2024-10-01
2227.2,Transfer Agency Fee,2024-08-31,ytd,88000000,2024-09-04
2228,Audit fee,2024-08-31,month,11813304,2024-10-01
2228,Audit fee,2024-08-31,ytd,99466463,2024-09-04
2229,"Legal consultancy expenses, price feed fee, other valid expenses, remuneration paid to Fund's Board of Representatives",2024-08-31,month,18110810,2024-10-01
2229,"Legal consultancy expenses, price feed fee, other valid expenses, remuneration paid to Fund's Board of Representatives",2024-08-31,ytd,143538106,2024-09-04
2229.1,Remuneration of Fund's Board of Representatives,2024-08-31,month,6508197,2024-10-01
2229.1,Remuneration of Fund's Board of Representatives,2024-08-31,ytd,52000000,2024-09-04
2229.2,Price feed fee,2024-08-31,month,7918479,2024-10-01
2229.2,Price feed fee,2024-08-31,ytd,62836957,2024-09-04
2229.3,Legal consultancy expenses,2024-08-31,month,3684134,2024-10-01
2229.3,Legal consultancy expenses,2024-08-31,ytd,28701149,2024-09-04
2230,"Fee for drafting, printing, distribution of prospectus, summarised prospectus, financial statements, transaction confirmations, account statements and other documents to investors; information disclosure fee; fee for organising annual general meeting, board of representatives meeting",2024-08-31,month,14463682,2024-10-01
2230,"Fee for drafting, printing, distribution of prospectus, summarised prospectus, financial statements, transaction confirmations, account statements and other documents to investors; information disclosure fee; fee for organising annual general meeting, board of representatives meeting",2024-08-31,ytd,85815863,2024-09-04
2230.1,Meeting expenses,2024-08-31,month,14463682,2024-10-01
2230.1,Meeting expenses,2024-08-31,ytd,85815863,2024-09-04
2230.2,Annual report expenses,2024-08-31,month,0,2024-10-01
2230.2,Annual report expenses,2024-08-31,ytd,0,2024-09-04
2230.3,"Fund's Board of Representatives meeting, travelling expenses",2024-08-31,month,0,2024-10-01
2230.3,"Fund's Board of Representatives meeting, travelling expenses",2024-08-31,ytd,0,2024-09-04
2230.4,Expenses of information disclosure of the Fund,2024-08-31,month,0,2024-10-01
2230.4,Expenses of information disclosure of the Fund,2024-08-31,ytd,0,2024-09-04
2230.5,"Designing, printing, posting... expenses",2024-08-31,month,0,2024-10-01
2230.5,"Designing, printing, posting... expenses",2024-08-31,ytd,0,2024-09-04
2231,Expenses related to execution of Fund’s asset transactions,2024-08-31,month,94354393,2024-10-01
2231,Expenses related to execution of Fund’s asset transactions,2024-08-31,ytd,354575238,2024-09-04
2231,Real Estate Management Service fee (not applicable),2024-08-31,month,0,2024-10-01
2231,Real Estate Management Service fee (not applicable),2024-08-31,ytd,0,2024-09-04
2231.1,Brokerage fee,2024-08-31,month,94243393,2024-10-01
2231.1,Brokerage fee,2024-08-31,ytd,344990269,2024-09-04
2231.2,Clearing settlement fee,2024-08-31,month,111000,2024-10-01
2231.2,Clearing settlement fee,2024-08-31,ytd,1284969,2024-09-04
2231.3,Other Expenses,2024-08-31,month,0,2024-10-01
2231.3,Other Expenses,2024-08-31,ytd,8300000,2024-09-04
2232,Other expenses,2024-08-31,month,5909746,2024-10-01
2232,Other expenses,2024-08-31,ytd,55203850,2024-09-04
2232,Real estate valuation service fees (not applicable),2024-08-31,month,0,2024-10-01
2232,Real estate valuation service fees (not applicable),2024-08-31,ytd,0,2024-09-04
2232.1,Set up Expenses,2024-08-31,month,0,2024-10-01
2232.1,Set up Expenses,2024-08-31,ytd,0,2024-09-04
2232.2,"Listing, registration fees",2024-08-31,month,0,2024-10-01
2232.2,"Listing, registration fees",2024-08-31,ytd,0,2024-09-04
2232.3,Annual management fee paid to SSC,2024-08-31,month,635246,2024-10-01
2232.3,Annual management fee paid to SSC,2024-08-31,ytd,5000000,2024-09-04
2232.4,Bank charges,2024-08-31,month,5274500,2024-10-01
2232.4,Bank charges,2024-08-31,ytd,47556850,2024-09-04
2232.5,Borrowing expense,2024-08-31,month,0,2024-10-01
2232.5,Borrowing expense,2024-08-31,ytd,0,2024-09-04
2232.6,Other Expenses,2024-08-31,month,0,2024-10-01
2232.6,Other Expenses,2024-08-31,ytd,1547000,2024-09-04
2232.7,Fee paid to VSDC for getting the list of investors,2024-08-31,month,0,2024-10-01
2232.7,Fee paid to VSDC for getting the list of investors,2024-08-31,ytd,1100000,2024-09-04
2233,Net Income from Investment Activities (= I - II),2024-08-31,month,7371585978,2024-10-01
2233,Net Income from Investment Activities (= I - II),2024-08-31,ytd,44204280776,2024-09-04
2234,Gain / (Loss) from Investment Activities,2024-08-31,month,-933750449,2024-10-01
2234,Gain / (Loss) from Investment Activities,2024-08-31,ytd,2727073206,2024-09-04
2235,Realised Gain / (Loss) from disposal of investment or real estate transfer,2024-08-31,month,1810716059,2024-10-01
2235,Realised Gain / (Loss) from disposal of investment or real estate transfer,2024-08-31,ytd,3478384533,2024-09-04
2236,Unrealised Gain / (Loss) due to market price,2024-08-31,month,-2744466508,2024-10-01
2236,Unrealised Gain / (Loss) due to market price,2024-08-31,ytd,-751311327,2024-09-04
2237,Change of Net Asset Value of the Fund due to investment activities during the period (= III + IV),2024-08-31,month,6437835529,2024-10-01
2237,Change of Net Asset Value of the Fund due to investment activities during the period (= III + IV),2024-08-31,ytd,46931353982,2024-09-04
2238,Net Asset Value at the beginning of period,2024-08-31,month,1424049504685,2024-10-01
2238,Net Asset Value at the beginning of period,2024-08-31,ytd,451596260409,2024-09-04
2239,"Change of Net Asset Value of the Fund during the period, of which",2024-08-31,month,51585939887,2024-10-01
2239,"Change of Net Asset Value of the Fund during the period, of which",2024-08-31,ytd,1024039184163,2024-09-04
2239.1,Change of Net Asset Value due to investment activities during the period,2024-08-31,month,6437835529,2024-10-01
2239.1,Change of Net Asset Value due to investment activities during the period,2024-08-31,ytd,46931353982,2024-09-04
2239.2,Change of Net Asset Value due to  dividends payment to investors during the period,2024-08-31,month,0,2024-10-01
2239.2,Change of Net Asset Value due to  dividends payment to investors during the period,2024-08-31,ytd,0,2024-09-04
2239.3,Change of Net Asset Value due to subscription/redemption during the period,2024-08-31,month,45148104358,2024-10-01
2239.3,Change of Net Asset Value due to subscription/redemption during the period,2024-08-31,ytd,977107830181,2024-09-04
2239.3.1,Change of Net Asset Value due to subscription during the period,2024-08-31,month,169840348284,2024-10-01
2239.3.1,Change of Net Asset Value due to subscription during the period,2024-08-31,ytd,1465560519772,2024-09-04
2239.3.2,Change of Net Asset Value due to redemption during the period,2024-08-31,month,-124692243926,2024-10-01
2239.3.2,Change of Net Asset Value due to redemption during the period,2024-08-31,ytd,-488452689591,2024-09-04
2243,Net Asset Value at the end of period,2024-08-31,month,1475635444572,2024-10-01
2243,Net Asset Value at the end of period,2024-08-31,ytd,1475635444572,2024-09-04
2244,Average annual profit (only applicable to annual report),2024-08-31,month,0,2024-10-01
2244,Average annual profit (only applicable to annual report),2024-08-31,ytd,0,2024-09-04
2245,Average annual rate of return (only applicable to annual report),2024-08-31,month,0,2024-10-01
2245,Average annual rate of return (only applicable to annual report),2024-08-31,ytd,0,2024-09-04
2220,Income from Investment Activities,2024-09-30,month,8862038552,2024-11-01
2220,Income from Investment Activities,2024-09-30,ytd,63337267646,2024-10-01
2221,"Dividend income, interest income from bonds",2024-09-30,month,6351684400,2024-11-01
2221,"Dividend income, interest income from bonds",2024-09-30,ytd,43235982888,2024-10-01
2221.1,Dividends income,2024-09-30,month,0,2024-11-01
2221.1,Dividends income,2024-09-30,ytd,0,2024-10-01
2221.2,Interest income from bonds,2024-09-30,month,6351684400,2024-11-01
2221.2,Interest income from bonds,2024-09-30,ytd,43235982888,2024-10-01
2222,Interest income,2024-09-30,month,2510354152,2024-11-01
2222,Interest income,2024-09-30,ytd,20101284758,2024-10-01
2222.1,Interest income from bank deposits,2024-09-30,month,862134974,2024-11-01
2222.1,Interest income from bank deposits,2024-09-30,ytd,8546298458,2024-10-01
2222.2,Interest income from Money market instruments,2024-09-30,month,1648219178,2024-11-01
2222.2,Interest income from Money market instruments,2024-09-30,ytd,11554986300,2024-10-01
2222.3,Interest income from reverse repo contracts,2024-09-30,month,0,2024-11-01
2222.3,Interest income from reverse repo contracts,2024-09-30,ytd,0,2024-10-01
2223,Income from rental property (not applicable),2024-09-30,month,0,2024-11-01
2223,Income from rental property (not applicable),2024-09-30,ytd,0,2024-10-01
2223,Other incomes,2024-09-30,month,0,2024-11-01
2223,Other incomes,2024-09-30,ytd,0,2024-10-01
2223.1,Other investment incomes,2024-09-30,month,0,2024-11-01
2223.1,Other investment incomes,2024-09-30,ytd,0,2024-10-01
2223.2,Other incomes,2024-09-30,month,0,2024-11-01
2223.2,Other incomes,2024-09-30,ytd,0,2024-10-01
2223.3,"Provision expense for bad debts from dividends, interest income and written off bad debts from dividends, interest income",2024-09-30,month,0,2024-11-01
2223.3,"Provision expense for bad debts from dividends, interest income and written off bad debts from dividends, interest income",2024-09-30,ytd,0,2024-10-01
2224,Expenses,2024-09-30,month,1810235840,2024-11-01
2224,Expenses,2024-09-30,ytd,12081184158,2024-10-01
2225,Management Fee paid to Fund Management Company,2024-09-30,month,1435279293,2024-11-01
2225,Management Fee paid to Fund Management Company,2024-09-30,ytd,10025216516,2024-10-01
2226,"Custody fee, Supervising fee paid to Supervising Bank/VSDC",2024-09-30,month,103552769,2024-11-01
2226,"Custody fee, Supervising fee paid to Supervising Bank/VSDC",2024-09-30,ytd,721741075,2024-10-01
2226.1,Custodian service - Safe Custody Fee,2024-09-30,month,47842643,2024-11-01
2226.1,Custodian service - Safe Custody Fee,2024-09-30,ytd,334173886,2024-10-01
2226.2,Custodian service - Transaction fee,2024-09-30,month,2100000,2024-11-01
2226.2,Custodian service - Transaction fee,2024-09-30,ytd,13300000,2024-10-01
2226.3,"Custodian service -  Depository fee, Position and Margin management fee paid to VSDC",2024-09-30,month,983218,2024-11-01
2226.3,"Custodian service -  Depository fee, Position and Margin management fee paid to VSDC",2024-09-30,ytd,6675916,2024-10-01
2226.4,Supervisory fee,2024-09-30,month,52626908,2024-11-01
2226.4,Supervisory fee,2024-09-30,ytd,367591273,2024-10-01
2227,"Fund Administration Fee, and other fees paid to relevant Fund's service providers",2024-09-30,month,50470179,2024-11-01
2227,"Fund Administration Fee, and other fees paid to relevant Fund's service providers",2024-09-30,ytd,374693448,2024-10-01
2227.1,Fund Administration Fee,2024-09-30,month,39470179,2024-11-01
2227.1,Fund Administration Fee,2024-09-30,ytd,275693448,2024-10-01
2227.2,Transfer Agency Fee,2024-09-30,month,11000000,2024-11-01
2227.2,Transfer Agency Fee,2024-09-30,ytd,99000000,2024-10-01
2228,Audit fee,2024-09-30,month,11432229,2024-11-01
2228,Audit fee,2024-09-30,ytd,110898692,2024-10-01
2229,"Legal consultancy expenses, price feed fee, other valid expenses, remuneration paid to Fund's Board of Representatives",2024-09-30,month,17720137,2024-11-01
2229,"Legal consultancy expenses, price feed fee, other valid expenses, remuneration paid to Fund's Board of Representatives",2024-09-30,ytd,161258243,2024-10-01
2229.1,Remuneration of Fund's Board of Representatives,2024-09-30,month,6491803,2024-11-01
2229.1,Remuneration of Fund's Board of Representatives,2024-09-30,ytd,58491803,2024-10-01
2229.2,Price feed fee,2024-09-30,month,7663043,2024-11-01
2229.2,Price feed fee,2024-09-30,ytd,70500000,2024-10-01
2229.3,Legal consultancy expenses,2024-09-30,month,3565291,2024-11-01
2229.3,Legal consultancy expenses,2024-09-30,ytd,32266440,2024-10-01
2230,"Fee for drafting, printing, distribution of prospectus, summarised prospectus, financial statements, transaction confirmations, account statements and other documents to investors; information disclosure fee; fee for organising annual general meeting, board of representatives meeting",2024-09-30,month,13997110,2024-11-01
2230,"Fee for drafting, printing, distribution of prospectus, summarised prospectus, financial statements, transaction confirmations, account statements and other documents to investors; information disclosure fee; fee for organising annual general meeting, board of representatives meeting",2024-09-30,ytd,99812973,2024-10-01
2230.1,Meeting expenses,2024-09-30,month,13997110,2024-11-01
2230.1,Meeting expenses,2024-09-30,ytd,99812973,2024-10-01
2230.2,Annual report expenses,2024-09-30,month,0,2024-11-01
2230.2,Annual report expenses,2024-09-30,ytd,0,2024-10-01
2230.3,"Fund's Board of Representatives meeting, travelling expenses",2024-09-30,month,0,2024-11-01
2230.3,"Fund's Board of Representatives meeting, travelling expenses",2024-09-30,ytd,0,2024-10-01
2230.4,Expenses of information disclosure of the Fund,2024-09-30,month,0,2024-11-01
2230.4,Expenses of information disclosure of the Fund,2024-09-30,ytd,0,2024-10-01
2230.5,"Designing, printing, posting... expenses",2024-09-30,month,0,2024-11-01
2230.5,"Designing, printing, posting... expenses",2024-09-30,ytd,0,2024-10-01
2231,Expenses related to execution of Fund’s asset transactions,2024-09-30,month,172379969,2024-11-01
2231,Expenses related to execution of Fund’s asset transactions,2024-09-30,ytd,526955207,2024-10-01
2231,Real Estate Management Service fee (not applicable),2024-09-30,month,0,2024-11-01
2231,Real Estate Management Service fee (not applicable),2024-09-30,ytd,0,2024-10-01
2231.1,Brokerage fee,2024-09-30,month,172379950,2024-11-01
2231.1,Brokerage fee,2024-09-30,ytd,517370219,2024-10-01
2231.2,Clearing settlement fee,2024-09-30,month,19,2024-11-01
2231.2,Clearing settlement fee,2024-09-30,ytd,1284988,2024-10-01
2231.3,Other Expenses,2024-09-30,month,0,2024-11-01
2231.3,Other Expenses,2024-09-30,ytd,8300000,2024-10-01
2232,Other expenses,2024-09-30,month,5404154,2024-11-01
2232,Other expenses,2024-09-30,ytd,60608004,2024-10-01
2232,Real estate valuation service fees (not applicable),2024-09-30,month,0,2024-11-01
2232,Real estate valuation service fees (not applicable),2024-09-30,ytd,0,2024-10-01
2232.1,Set up Expenses,2024-09-30,month,0,2024-11-01
2232.1,Set up Expenses,2024-09-30,ytd,0,2024-10-01
2232.2,"Listing, registration fees",2024-09-30,month,0,2024-11-01
2232.2,"Listing, registration fees",2024-09-30,ytd,0,2024-10-01
2232.3,Annual management fee paid to SSC,2024-09-30,month,614754,2024-11-01
2232.3,Annual management fee paid to SSC,2024-09-30,ytd,5614754,2024-10-01
2232.4,Bank charges,2024-09-30,month,4789400,2024-11-01
2232.4,Bank charges,2024-09-30,ytd,52346250,2024-10-01
2232.5,Borrowing expense,2024-09-30,month,0,2024-11-01
2232.5,Borrowing expense,2024-09-30,ytd,0,2024-10-01
2232.6,Other Expenses,2024-09-30,month,0,2024-11-01
2232.6,Other Expenses,2024-09-30,ytd,1547000,2024-10-01
2232.7,Fee paid to VSDC for getting the list of investors,2024-09-30,month,0,2024-11-01
2232.7,Fee paid to VSDC for getting the list of investors,2024-09-30,ytd,1100000,2024-10-01
2233,Net Income from Investment Activities (= I - II),2024-09-30,month,7051802712,2024-11-01
2233,Net Income from Investment Activities (= I - II),2024-09-30,ytd,51256083488,2024-10-01
2234,Gain / (Loss) from Investment Activities,2024-09-30,month,65429723,2024-11-01
2234,Gain / (Loss) from Investment Activities,2024-09-30,ytd,2792502929,2024-10-01
2235,Realised Gain / (Loss) from disposal of investment or real estate transfer,2024-09-30,month,293551924,2024-11-01
2235,Realised Gain / (Loss) from disposal of investment or real estate transfer,2024-09-30,ytd,3771936457,2024-10-01
2236,Unrealised Gain / (Loss) due to market price,2024-09-30,month,-228122201,2024-11-01
2236,Unrealised Gain / (Loss) due to market price,2024-09-30,ytd,-979433528,2024-10-01
2237,Change of Net Asset Value of the Fund due to investment activities during the period (= III + IV),2024-09-30,month,7117232435,2024-11-01
2237,Change of Net Asset Value of the Fund due to investment activities during the period (= III + IV),2024-09-30,ytd,54048586417,2024-10-01
2238,Net Asset Value at the beginning of period,2024-09-30,month,1475635444572,2024-11-01
2238,Net Asset Value at the beginning of period,2024-09-30,ytd,451596260409,2024-10-01
2239,"Change of Net Asset Value of the Fund during the period, of which",2024-09-30,month,9939733901,2024-11-01
2239,"Change of Net Asset Value of the Fund during the period, of which",2024-09-30,ytd,1033978918064,2024-10-01
2239.1,Change of Net Asset Value due to investment activities during the period,2024-09-30,month,7117232435,2024-11-01
2239.1,Change of Net Asset Value due to investment activities during the period,2024-09-30,ytd,54048586417,2024-10-01
2239.2,Change of Net Asset Value due to  dividends payment to investors during the period,2024-09-30,month,0,2024-11-01
2239.2,Change of Net Asset Value due to  dividends payment to investors during the period,2024-09-30,ytd,0,2024-10-01
2239.3,Change of Net Asset Value due to subscription/redemption during the period,2024-09-30,month,2822501466,2024-11-01
2239.3,Change of Net Asset Value due to subscription/redemption during the period,2024-09-30,ytd,979930331647,2024-10-01
2239.3.1,Change of Net Asset Value due to subscription during the period,2024-09-30,month,164193855304,2024-11-01
2239.3.1,Change of Net Asset Value due to subscription during the period,2024-09-30,ytd,1629754375076,2024-10-01
2239.3.2,Change of Net Asset Value due to redemption during the period,2024-09-30,month,-161371353838,2024-11-01
2239.3.2,Change of Net Asset Value due to redemption during the period,2024-09-30,ytd,-649824043429,2024-10-01
2243,Net Asset Value at the end of period,2024-09-30,month,1485575178473,2024-11-01
2243,Net Asset Value at the end of period,2024-09-30,ytd,1485575178473,2024-10-01
2244,Average annual profit (only applicable to annual report),2024-09-30,month,0,2024-11-01
2244,Average annual profit (only applicable to annual report),2024-09-30,ytd,0,2024-10-01
2245,Average annual rate of return (only applicable to annual report),2024-09-30,month,0,2024-11-01
2245,Average annual rate of return (only applicable to annual report),2024-09-30,ytd,0,2024-10-01
2220,Income from Investment Activities,2024-10-31,month,10262704003,2024-12-02
2220,Income from Investment Activities,2024-10-31,ytd,73599971649,2024-11-01
2221,"Dividend income, interest income from bonds",2024-10-31,month,7060726430,2024-12-02
2221,"Dividend income, interest income from bonds",2024-10-31,ytd,50296709318,2024-11-01
2221.1,Dividends income,2024-10-31,month,0,2024-12-02
2221.1,Dividends income,2024-10-31,ytd,0,2024-11-01
2221.2,Interest income from bonds,2024-10-31,month,7060726430,2024-12-02
2221.2,Interest income from bonds,2024-10-31,ytd,50296709318,2024-11-01
2222,Interest income,2024-10-31,month,3201977573,2024-12-02
2222,Interest income,2024-10-31,ytd,23303262331,2024-11-01
2222.1,Interest income from bank deposits,2024-10-31,month,1596717300,2024-12-02
2222.1,Interest income from bank deposits,2024-10-31,ytd,10143015758,2024-11-01
2222.2,Interest income from Money market instruments,2024-10-31,month,1605260273,2024-12-02
2222.2,Interest income from Money market instruments,2024-10-31,ytd,13160246573,2024-11-01
2222.3,Interest income from reverse repo contracts,2024-10-31,month,0,2024-12-02
2222.3,Interest income from reverse repo contracts,2024-10-31,ytd,0,2024-11-01
2223,Income from rental property (not applicable),2024-10-31,month,0,2024-12-02
2223,Income from rental property (not applicable),2024-10-31,ytd,0,2024-11-01
2223,Other incomes,2024-10-31,month,0,2024-12-02
2223,Other incomes,2024-10-31,ytd,0,2024-11-01
2223.1,Other investment incomes,2024-10-31,month,0,2024-12-02
2223.1,Other investment incomes,2024-10-31,ytd,0,2024-11-01
2223.2,Other incomes,2024-10-31,month,0,2024-12-02
2223.2,Other incomes,2024-10-31,ytd,0,2024-11-01
2223.3,"Provision expense for bad debts from dividends, interest income and written off bad debts from dividends, interest income",2024-10-31,month,0,2024-12-02
2223.3,"Provision expense for bad debts from dividends, interest income and written off bad debts from dividends, interest income",2024-10-31,ytd,0,2024-11-01
2224,Expenses,2024-10-31,month,1900771322,2024-12-02
2224,Expenses,2024-10-31,ytd,13981955480,2024-11-01
2225,Management Fee paid to Fund Management Company,2024-10-31,month,1565355227,2024-12-02
2225,Management Fee paid to Fund Management Company,2024-10-31,ytd,11590571743,2024-11-01
2226,"Custody fee, Supervising fee paid to Supervising Bank/VSDC",2024-10-31,month,106558585,2024-12-02
2226,"Custody fee, Supervising fee paid to Supervising Bank/VSDC",2024-10-31,ytd,828299660,2024-11-01
2226.1,Custodian service - Safe Custody Fee,2024-10-31,month,45859217,2024-12-02
2226.1,Custodian service - Safe Custody Fee,2024-10-31,ytd,380033103,2024-11-01
2226.2,Custodian service - Transaction fee,2024-10-31,month,2000000,2024-12-02
2226.2,Custodian service - Transaction fee,2024-10-31,ytd,15300000,2024-11-01
2226.3,"Custodian service -  Depository fee, Position and Margin management fee paid to VSDC",2024-10-31,month,1303010,2024-12-02
2226.3,"Custodian service -  Depository fee, Position and Margin management fee paid to VSDC",2024-10-31,ytd,7978926,2024-11-01
2226.4,Supervisory fee,2024-10-31,month,57396358,2024-12-02
2226.4,Supervisory fee,2024-10-31,ytd,424987631,2024-11-01
2227,"Fund Administration Fee, and other fees paid to relevant Fund's service providers",2024-10-31,month,54047269,2024-12-02
2227,"Fund Administration Fee, and other fees paid to relevant Fund's service providers",2024-10-31,ytd,428740717,2024-11-01
2227.1,Fund Administration Fee,2024-10-31,month,43047269,2024-12-02
2227.1,Fund Administration Fee,2024-10-31,ytd,318740717,2024-11-01
2227.2,Transfer Agency Fee,2024-10-31,month,11000000,2024-12-02
2227.2,Transfer Agency Fee,2024-10-31,ytd,110000000,2024-11-01
2228,Audit fee,2024-10-31,month,11813303,2024-12-02
2228,Audit fee,2024-10-31,ytd,122711995,2024-11-01
2229,"Legal consultancy expenses, price feed fee, other valid expenses, remuneration paid to Fund's Board of Representatives",2024-10-31,month,33820049,2024-12-02
2229,"Legal consultancy expenses, price feed fee, other valid expenses, remuneration paid to Fund's Board of Representatives",2024-10-31,ytd,195078292,2024-11-01
2229.1,Remuneration of Fund's Board of Representatives,2024-10-31,month,6508197,2024-12-02
2229.1,Remuneration of Fund's Board of Representatives,2024-10-31,ytd,65000000,2024-11-01
2229.2,Price feed fee,2024-10-31,month,23627717,2024-12-02
2229.2,Price feed fee,2024-10-31,ytd,94127717,2024-11-01
2229.3,Legal consultancy expenses,2024-10-31,month,3684135,2024-12-02
2229.3,Legal consultancy expenses,2024-10-31,ytd,35950575,2024-11-01
2230,"Fee for drafting, printing, distribution of prospectus, summarised prospectus, financial statements, transaction confirmations, account statements and other documents to investors; information disclosure fee; fee for organising annual general meeting, board of representatives meeting",2024-10-31,month,14463682,2024-12-02
2230,"Fee for drafting, printing, distribution of prospectus, summarised prospectus, financial statements, transaction confirmations, account statements and other documents to investors; information disclosure fee; fee for organising annual general meeting, board of representatives meeting",2024-10-31,ytd,114276655,2024-11-01
2230.1,Meeting expenses,2024-10-31,month,14463682,2024-12-02
2230.1,Meeting expenses,2024-10-31,ytd,114276655,2024-11-01
2230.2,Annual report expenses,2024-10-31,month,0,2024-12-02
2230.2,Annual report expenses,2024-10-31,ytd,0,2024-11-01
2230.3,"Fund's Board of Representatives meeting, travelling expenses",2024-10-31,month,0,2024-12-02
2230.3,"Fund's Board of Representatives meeting, travelling expenses",2024-10-31,ytd,0,2024-11-01
2230.4,Expenses of information disclosure of the Fund,2024-10-31,month,0,2024-12-02
2230.4,Expenses of information disclosure of the Fund,2024-10-31,ytd,0,2024-11-01
2230.5,"Designing, printing, posting... expenses",2024-10-31,month,0,2024-12-02
2230.5,"Designing, printing, posting... expenses",2024-10-31,ytd,0,2024-11-01
2231,Expenses related to execution of Fund’s asset transactions,2024-10-31,month,106414261,2024-12-02
2231,Expenses related to execution of Fund’s asset transactions,2024-10-31,ytd,633369468,2024-11-01
2231,Real Estate Management Service fee (not applicable),2024-10-31,month,0,2024-12-02
2231,Real Estate Management Service fee (not applicable),2024-10-31,ytd,0,2024-11-01
2231.1,Brokerage fee,2024-10-31,month,105178720,2024-12-02
2231.1,Brokerage fee,2024-10-31,ytd,622548939,2024-11-01
2231.2,Clearing settlement fee,2024-10-31,month,1235541,2024-12-02
2231.2,Clearing settlement fee,2024-10-31,ytd,2520529,2024-11-01
2231.3,Other Expenses,2024-10-31,month,0,2024-12-02
2231.3,Other Expenses,2024-10-31,ytd,8300000,2024-11-01
2232,Other expenses,2024-10-31,month,8298946,2024-12-02
2232,Other expenses,2024-10-31,ytd,68906950,2024-11-01
2232,Real estate valuation service fees (not applicable),2024-10-31,month,0,2024-12-02
2232,Real estate valuation service fees (not applicable),2024-10-31,ytd,0,2024-11-01
2232.1,Set up Expenses,2024-10-31,month,0,2024-12-02
2232.1,Set up Expenses,2024-10-31,ytd,0,2024-11-01
2232.2,"Listing, registration fees",2024-10-31,month,0,2024-12-02
2232.2,"Listing, registration fees",2024-10-31,ytd,0,2024-11-01
2232.3,Annual management fee paid to SSC,2024-10-31,month,635246,2024-12-02
2232.3,Annual management fee paid to SSC,2024-10-31,ytd,6250000,2024-11-01
2232.4,Bank charges,2024-10-31,month,7663700,2024-12-02
2232.4,Bank charges,2024-10-31,ytd,60009950,2024-11-01
2232.5,Borrowing expense,2024-10-31,month,0,2024-12-02
2232.5,Borrowing expense,2024-10-31,ytd,0,2024-11-01
2232.6,Other Expenses,2024-10-31,month,0,2024-12-02
2232.6,Other Expenses,2024-10-31,ytd,1547000,2024-11-01
2232.7,Fee paid to VSDC for getting the list of investors,2024-10-31,month,0,2024-12-02
2232.7,Fee paid to VSDC for getting the list of investors,2024-10-31,ytd,1100000,2024-11-01
2233,Net Income from Investment Activities (= I - II),2024-10-31,month,8361932681,2024-12-02
2233,Net Income from Investment Activities (= I - II),2024-10-31,ytd,59618016169,2024-11-01
2234,Gain / (Loss) from Investment Activities,2024-10-31,month,409368150,2024-12-02
2234,Gain / (Loss) from Investment Activities,2024-10-31,ytd,3201871079,2024-11-01
2235,Realised Gain / (Loss) from disposal of investment or real estate transfer,2024-10-31,month,-376486520,2024-12-02
2235,Realised Gain / (Loss) from disposal of investment or real estate transfer,2024-10-31,ytd,3395449937,2024-11-01
2236,Unrealised Gain / (Loss) due to market price,2024-10-31,month,785854670,2024-12-02
2236,Unrealised Gain / (Loss) due to market price,2024-10-31,ytd,-193578858,2024-11-01
2237,Change of Net Asset Value of the Fund due to investment activities during the period (= III + IV),2024-10-31,month,8771300831,2024-12-02
2237,Change of Net Asset Value of the Fund due to investment activities during the period (= III + IV),2024-10-31,ytd,62819887248,2024-11-01
2238,Net Asset Value at the beginning of period,2024-10-31,month,1485575178473,2024-12-02
2238,Net Asset Value at the beginning of period,2024-10-31,ytd,451596260409,2024-11-01
2239,"Change of Net Asset Value of the Fund during the period, of which",2024-10-31,month,101351389965,2024-12-02
2239,"Change of Net Asset Value of the Fund during the period, of which",2024-10-31,ytd,1135330308029,2024-11-01
2239.1,Change of Net Asset Value due to investment activities during the period,2024-10-31,month,8771300831,2024-12-02
2239.1,Change of Net Asset Value due to investment activities during the period,2024-10-31,ytd,62819887248,2024-11-01
2239.2,Change of Net Asset Value due to  dividends payment to investors during the period,2024-10-31,month,0,2024-12-02
2239.2,Change of Net Asset Value due to  dividends payment to investors during the period,2024-10-31,ytd,0,2024-11-01
2239.3,Change of Net Asset Value due to subscription/redemption during the period,2024-10-31,month,92580089134,2024-12-02
2239.3,Change of Net Asset Value due to subscription/redemption during the period,2024-10-31,ytd,1072510420781,2024-11-01
2239.3.1,Change of Net Asset Value due to subscription during the period,2024-10-31,month,213582923689,2024-12-02
2239.3.1,Change of Net Asset Value due to subscription during the period,2024-10-31,ytd,1843337298765,2024-11-01
2239.3.2,Change of Net Asset Value due to redemption during the period,2024-10-31,month,-121002834555,2024-12-02
2239.3.2,Change of Net Asset Value due to redemption during the period,2024-10-31,ytd,-770826877984,2024-11-01
2243,Net Asset Value at the end of period,2024-10-31,month,1586926568438,2024-12-02
2243,Net Asset Value at the end of period,2024-10-31,ytd,1586926568438,2024-11-01
2244,Average annual profit (only applicable to annual report),2024-10-31,month,0,2024-12-02
2244,Average annual profit (only applicable to annual report),2024-10-31,ytd,0,2024-11-01
2245,Average annual rate of return (only applicable to annual report),2024-10-31,month,0,2024-12-02
2245,Average annual rate of return (only applicable to annual report),2024-10-31,ytd,0,2024-11-01
2220,Income from Investment Activities,2024-11-30,month,9989120950,2025-01-03
2220,Income from Investment Activities,2024-11-30,ytd,83589092599,2024-12-02
2221,"Dividend income, interest income from bonds",2024-11-30,month,6626768211,2025-01-03
2221,"Dividend income, interest income from bonds",2024-11-30,ytd,56923477529,2024-12-02
2221.1,Dividends income,2024-11-30,month,0,2025-01-03
2221.1,Dividends income,2024-11-30,ytd,0,2024-12-02
2221.2,Interest income from bonds,2024-11-30,month,6626768211,2025-01-03
2221.2,Interest income from bonds,2024-11-30,ytd,56923477529,2024-12-02
2222,Interest income,2024-11-30,month,3362352739,2025-01-03
2222,Interest income,2024-11-30,ytd,26665615070,2024-12-02
2222.1,Interest income from bank deposits,2024-11-30,month,1622352738,2025-01-03
2222.1,Interest income from bank deposits,2024-11-30,ytd,11765368496,2024-12-02
2222.2,Interest income from Money market instruments,2024-11-30,month,1740000001,2025-01-03
2222.2,Interest income from Money market instruments,2024-11-30,ytd,14900246574,2024-12-02
2222.3,Interest income from reverse repo contracts,2024-11-30,month,0,2025-01-03
2222.3,Interest income from reverse repo contracts,2024-11-30,ytd,0,2024-12-02
2223,Income from rental property (not applicable),2024-11-30,month,0,2025-01-03
2223,Income from rental property (not applicable),2024-11-30,ytd,0,2024-12-02
2223,Other incomes,2024-11-30,month,0,2025-01-03
2223,Other incomes,2024-11-30,ytd,0,2024-12-02
2223.1,Other investment incomes,2024-11-30,month,0,2025-01-03
2223.1,Other investment incomes,2024-11-30,ytd,0,2024-12-02
2223.2,Other incomes,2024-11-30,month,0,2025-01-03
2223.2,Other incomes,2024-11-30,ytd,0,2024-12-02
2223.3,"Provision expense for bad debts from dividends, interest income and written off bad debts from dividends, interest income",2024-11-30,month,0,2025-01-03
2223.3,"Provision expense for bad debts from dividends, interest income and written off bad debts from dividends, interest income",2024-11-30,ytd,0,2024-12-02
2224,Expenses,2024-11-30,month,1849025149,2025-01-03
2224,Expenses,2024-11-30,ytd,15830980629,2024-12-02
2225,Management Fee paid to Fund Management Company,2024-11-30,month,1585755322,2025-01-03
2225,Management Fee paid to Fund Management Company,2024-11-30,ytd,13176327065,2024-12-02
2226,"Custody fee, Supervising fee paid to Supervising Bank/VSDC",2024-11-30,month,108641463,2025-01-03
2226,"Custody fee, Supervising fee paid to Supervising Bank/VSDC",2024-11-30,ytd,936941123,2024-12-02
2226.1,Custodian service - Safe Custody Fee,2024-11-30,month,46251197,2025-01-03
2226.1,Custodian service - Safe Custody Fee,2024-11-30,ytd,426284300,2024-12-02
2226.2,Custodian service - Transaction fee,2024-11-30,month,2900000,2025-01-03
2226.2,Custodian service - Transaction fee,2024-11-30,ytd,18200000,2024-12-02
2226.3,"Custodian service -  Depository fee, Position and Margin management fee paid to VSDC",2024-11-30,month,1345905,2025-01-03
2226.3,"Custodian service -  Depository fee, Position and Margin management fee paid to VSDC",2024-11-30,ytd,9324831,2024-12-02
2226.4,Supervisory fee,2024-11-30,month,58144361,2025-01-03
2226.4,Supervisory fee,2024-11-30,ytd,483131992,2024-12-02
2227,"Fund Administration Fee, and other fees paid to relevant Fund's service providers",2024-11-30,month,54608272,2025-01-03
2227,"Fund Administration Fee, and other fees paid to relevant Fund's service providers",2024-11-30,ytd,483348989,2024-12-02
2227.1,Fund Administration Fee,2024-11-30,month,43608272,2025-01-03
2227.1,Fund Administration Fee,2024-11-30,ytd,362348989,2024-12-02
2227.2,Transfer Agency Fee,2024-11-30,month,11000000,2025-01-03
2227.2,Transfer Agency Fee,2024-11-30,ytd,121000000,2024-12-02
2228,Audit fee,2024-11-30,month,11432230,2025-01-03
2228,Audit fee,2024-11-30,ytd,134144225,2024-12-02
2229,"Legal consultancy expenses, price feed fee, other valid expenses, remuneration paid to Fund's Board of Representatives",2024-11-30,month,21551660,2025-01-03
2229,"Legal consultancy expenses, price feed fee, other valid expenses, remuneration paid to Fund's Board of Representatives",2024-11-30,ytd,216629952,2024-12-02
2229.1,Remuneration of Fund's Board of Representatives,2024-11-30,month,6491803,2025-01-03
2229.1,Remuneration of Fund's Board of Representatives,2024-11-30,ytd,71491803,2024-12-02
2229.2,Price feed fee,2024-11-30,month,11494566,2025-01-03
2229.2,Price feed fee,2024-11-30,ytd,105622283,2024-12-02
2229.3,Legal consultancy expenses,2024-11-30,month,3565291,2025-01-03
2229.3,Legal consultancy expenses,2024-11-30,ytd,39515866,2024-12-02
2230,"Fee for drafting, printing, distribution of prospectus, summarised prospectus, financial statements, transaction confirmations, account statements and other documents to investors; information disclosure fee; fee for organising annual general meeting, board of representatives meeting",2024-11-30,month,13997111,2025-01-03
2230,"Fee for drafting, printing, distribution of prospectus, summarised prospectus, financial statements, transaction confirmations, account statements and other documents to investors; information disclosure fee; fee for organising annual general meeting, board of representatives meeting",2024-11-30,ytd,128273766,2024-12-02
2230.1,Meeting expenses,2024-11-30,month,13997111,2025-01-03
2230.1,Meeting expenses,2024-11-30,ytd,128273766,2024-12-02
2230.2,Annual report expenses,2024-11-30,month,0,2025-01-03
2230.2,Annual report expenses,2024-11-30,ytd,0,2024-12-02
2230.3,"Fund's Board of Representatives meeting, travelling expenses",2024-11-30,month,0,2025-01-03
2230.3,"Fund's Board of Representatives meeting, travelling expenses",2024-11-30,ytd,0,2024-12-02
2230.4,Expenses of information disclosure of the Fund,2024-11-30,month,0,2025-01-03
2230.4,Expenses of information disclosure of the Fund,2024-11-30,ytd,0,2024-12-02
2230.5,"Designing, printing, posting... expenses",2024-11-30,month,0,2025-01-03
2230.5,"Designing, printing, posting... expenses",2024-11-30,ytd,0,2024-12-02
2231,Expenses related to execution of Fund’s asset transactions,2024-11-30,month,51418937,2025-01-03
2231,Expenses related to execution of Fund’s asset transactions,2024-11-30,ytd,684788405,2024-12-02
2231,Real Estate Management Service fee (not applicable),2024-11-30,month,0,2025-01-03
2231,Real Estate Management Service fee (not applicable),2024-11-30,ytd,0,2024-12-02
2231.1,Brokerage fee,2024-11-30,month,50653928,2025-01-03
2231.1,Brokerage fee,2024-11-30,ytd,673202867,2024-12-02
2231.2,Clearing settlement fee,2024-11-30,month,765009,2025-01-03
2231.2,Clearing settlement fee,2024-11-30,ytd,3285538,2024-12-02
2231.3,Other Expenses,2024-11-30,month,0,2025-01-03
2231.3,Other Expenses,2024-11-30,ytd,8300000,2024-12-02
2232,Other expenses,2024-11-30,month,1620154,2025-01-03
2232,Other expenses,2024-11-30,ytd,70527104,2024-12-02
2232,Real estate valuation service fees (not applicable),2024-11-30,month,0,2025-01-03
2232,Real estate valuation service fees (not applicable),2024-11-30,ytd,0,2024-12-02
2232.1,Set up Expenses,2024-11-30,month,0,2025-01-03
2232.1,Set up Expenses,2024-11-30,ytd,0,2024-12-02
2232.2,"Listing, registration fees",2024-11-30,month,0,2025-01-03
2232.2,"Listing, registration fees",2024-11-30,ytd,0,2024-12-02
2232.3,Annual management fee paid to SSC,2024-11-30,month,614754,2025-01-03
2232.3,Annual management fee paid to SSC,2024-11-30,ytd,6864754,2024-12-02
2232.4,Bank charges,2024-11-30,month,1005400,2025-01-03
2232.4,Bank charges,2024-11-30,ytd,61015350,2024-12-02
2232.5,Borrowing expense,2024-11-30,month,0,2025-01-03
2232.5,Borrowing expense,2024-11-30,ytd,0,2024-12-02
2232.6,Other Expenses,2024-11-30,month,0,2025-01-03
2232.6,Other Expenses,2024-11-30,ytd,1547000,2024-12-02
2232.7,Fee paid to VSDC for getting the list of investors,2024-11-30,month,0,2025-01-03
2232.7,Fee paid to VSDC for getting the list of investors,2024-11-30,ytd,1100000,2024-12-02
2233,Net Income from Investment Activities (= I - II),2024-11-30,month,8140095801,2025-01-03
2233,Net Income from Investment Activities (= I - II),2024-11-30,ytd,67758111970,2024-12-02
2234,Gain / (Loss) from Investment Activities,2024-11-30,month,1660190696,2025-01-03
2234,Gain / (Loss) from Investment Activities,2024-11-30,ytd,4862061775,2024-12-02
2235,Realised Gain / (Loss) from disposal of investment or real estate transfer,2024-11-30,month,1770815068,2025-01-03
2235,Realised Gain / (Loss) from disposal of investment or real estate transfer,2024-11-30,ytd,5166265005,2024-12-02
2236,Unrealised Gain / (Loss) due to market price,2024-11-30,month,-110624372,2025-01-03
2236,Unrealised Gain / (Loss) due to market price,2024-11-30,ytd,-304203230,2024-12-02
2237,Change of Net Asset Value of the Fund due to investment activities during the period (= III + IV),2024-11-30,month,9800286497,2025-01-03
2237,Change of Net Asset Value of the Fund due to investment activities during the period (= III + IV),2024-11-30,ytd,72620173745,2024-12-02
2238,Net Asset Value at the beginning of period,2024-11-30,month,1586926568438,2025-01-03
2238,Net Asset Value at the beginning of period,2024-11-30,ytd,451596260409,2024-12-02
2239,"Change of Net Asset Value of the Fund during the period, of which",2024-11-30,month,46664911831,2025-01-03
2239,"Change of Net Asset Value of the Fund during the period, of which",2024-11-30,ytd,1181995219860,2024-12-02
2239.1,Change of Net Asset Value due to investment activities during the period,2024-11-30,month,9800286497,2025-01-03
2239.1,Change of Net Asset Value due to investment activities during the period,2024-11-30,ytd,72620173745,2024-12-02
2239.2,Change of Net Asset Value due to  dividends payment to investors during the period,2024-11-30,month,0,2025-01-03
2239.2,Change of Net Asset Value due to  dividends payment to investors during the period,2024-11-30,ytd,0,2024-12-02
2239.3,Change of Net Asset Value due to subscription/redemption during the period,2024-11-30,month,36864625334,2025-01-03
2239.3,Change of Net Asset Value due to subscription/redemption during the period,2024-11-30,ytd,1109375046115,2024-12-02
2239.3.1,Change of Net Asset Value due to subscription during the period,2024-11-30,month,155543841101,2025-01-03
2239.3.1,Change of Net Asset Value due to subscription during the period,2024-11-30,ytd,1998881139866,2024-12-02
2239.3.2,Change of Net Asset Value due to redemption during the period,2024-11-30,month,-118679215767,2025-01-03
2239.3.2,Change of Net Asset Value due to redemption during the period,2024-11-30,ytd,-889506093751,2024-12-02
2243,Net Asset Value at the end of period,2024-11-30,month,1633591480269,2025-01-03
2243,Net Asset Value at the end of period,2024-11-30,ytd,1633591480269,2024-12-02
2244,Average annual profit (only applicable to annual report),2024-11-30,month,0,2025-01-03
2244,Average annual profit (only applicable to annual report),2024-11-30,ytd,0,2024-12-02
2245,Average annual rate of return (only applicable to annual report),2024-11-30,month,0,2025-01-03
2245,Average annual rate of return (only applicable to annual report),2024-11-30,ytd,0,2024-12-02
2220,Income from Investment Activities,2024-12-31,month,10832961716,2025-02-03
2220,Income from Investment Activities,2024-12-31,ytd,94422054315,2025-01-03
2221,"Dividend income, interest income from bonds",2024-12-31,month,7749155913,2025-02-03
2221,"Dividend income, interest income from bonds",2024-12-31,ytd,64672633442,2025-01-03
2221.1,Dividends income,2024-12-31,month,0,2025-02-03
2221.1,Dividends income,2024-12-31,ytd,0,2025-01-03
2221.2,Interest income from bonds,2024-12-31,month,7749155913,2025-02-03
2221.2,Interest income from bonds,2024-12-31,ytd,64672633442,2025-01-03
2222,Interest income,2024-12-31,month,3083805803,2025-02-03
2222,Interest income,2024-12-31,ytd,29749420873,2025-01-03
2222.1,Interest income from bank deposits,2024-12-31,month,1472655119,2025-02-03
2222.1,Interest income from bank deposits,2024-12-31,ytd,13238023615,2025-01-03
2222.2,Interest income from Money market instruments,2024-12-31,month,1611150684,2025-02-03
2222.2,Interest income from Money market instruments,2024-12-31,ytd,16511397258,2025-01-03
2222.3,Interest income from reverse repo contracts,2024-12-31,month,0,2025-02-03
2222.3,Interest income from reverse repo contracts,2024-12-31,ytd,0,2025-01-03
2223,Income from rental property (not applicable),2024-12-31,month,0,2025-02-03
2223,Income from rental property (not applicable),2024-12-31,ytd,0,2025-01-03
2223,Other incomes,2024-12-31,month,0,2025-02-03
2223,Other incomes,2024-12-31,ytd,0,2025-01-03
2223.1,Other investment incomes,2024-12-31,month,0,2025-02-03
2223.1,Other investment incomes,2024-12-31,ytd,0,2025-01-03
2223.2,Other incomes,2024-12-31,month,0,2025-02-03
2223.2,Other incomes,2024-12-31,ytd,0,2025-01-03
2223.3,"Provision expense for bad debts from dividends, interest income and written off bad debts from dividends, interest income",2024-12-31,month,0,2025-02-03
2223.3,"Provision expense for bad debts from dividends, interest income and written off bad debts from dividends, interest income",2024-12-31,ytd,0,2025-01-03
2224,Expenses,2024-12-31,month,1954948016,2025-02-03
2224,Expenses,2024-12-31,ytd,17785928645,2025-01-03
2225,Management Fee paid to Fund Management Company,2024-12-31,month,1650065860,2025-02-03
2225,Management Fee paid to Fund Management Company,2024-12-31,ytd,14826392925,2025-01-03
2226,"Custody fee, Supervising fee paid to Supervising Bank/VSDC",2024-12-31,month,111379944,2025-02-03
2226,"Custody fee, Supervising fee paid to Supervising Bank/VSDC",2024-12-31,ytd,1048321067,2025-01-03
2226.1,Custodian service - Safe Custody Fee,2024-12-31,month,48126921,2025-02-03
2226.1,Custodian service - Safe Custody Fee,2024-12-31,ytd,474411221,2025-01-03
2226.2,Custodian service - Transaction fee,2024-12-31,month,1300000,2025-02-03
2226.2,Custodian service - Transaction fee,2024-12-31,ytd,19500000,2025-01-03
2226.3,"Custodian service -  Depository fee, Position and Margin management fee paid to VSDC",2024-12-31,month,1450608,2025-02-03
2226.3,"Custodian service -  Depository fee, Position and Margin management fee paid to VSDC",2024-12-31,ytd,10775439,2025-01-03
2226.4,Supervisory fee,2024-12-31,month,60502415,2025-02-03
2226.4,Supervisory fee,2024-12-31,ytd,543634407,2025-01-03
2227,"Fund Administration Fee, and other fees paid to relevant Fund's service providers",2024-12-31,month,56376811,2025-02-03
2227,"Fund Administration Fee, and other fees paid to relevant Fund's service providers",2024-12-31,ytd,539725800,2025-01-03
2227.1,Fund Administration Fee,2024-12-31,month,45376811,2025-02-03
2227.1,Fund Administration Fee,2024-12-31,ytd,407725800,2025-01-03
2227.2,Transfer Agency Fee,2024-12-31,month,11000000,2025-02-03
2227.2,Transfer Agency Fee,2024-12-31,ytd,132000000,2025-01-03
2228,Audit fee,2024-12-31,month,11813303,2025-02-03
2228,Audit fee,2024-12-31,ytd,145957528,2025-01-03
2229,"Legal consultancy expenses, price feed fee, other valid expenses, remuneration paid to Fund's Board of Representatives",2024-12-31,month,22070048,2025-02-03
2229,"Legal consultancy expenses, price feed fee, other valid expenses, remuneration paid to Fund's Board of Representatives",2024-12-31,ytd,238700000,2025-01-03
2229.1,Remuneration of Fund's Board of Representatives,2024-12-31,month,6508197,2025-02-03
2229.1,Remuneration of Fund's Board of Representatives,2024-12-31,ytd,78000000,2025-01-03
2229.2,Price feed fee,2024-12-31,month,11877717,2025-02-03
2229.2,Price feed fee,2024-12-31,ytd,117500000,2025-01-03
2229.3,Legal consultancy expenses,2024-12-31,month,3684134,2025-02-03
2229.3,Legal consultancy expenses,2024-12-31,ytd,43200000,2025-01-03
2230,"Fee for drafting, printing, distribution of prospectus, summarised prospectus, financial statements, transaction confirmations, account statements and other documents to investors; information disclosure fee; fee for organising annual general meeting, board of representatives meeting",2024-12-31,month,14463673,2025-02-03
2230,"Fee for drafting, printing, distribution of prospectus, summarised prospectus, financial statements, transaction confirmations, account statements and other documents to investors; information disclosure fee; fee for organising annual general meeting, board of representatives meeting",2024-12-31,ytd,142737439,2025-01-03
2230.1,Meeting expenses,2024-12-31,month,14463673,2025-02-03
2230.1,Meeting expenses,2024-12-31,ytd,142737439,2025-01-03
2230.2,Annual report expenses,2024-12-31,month,0,2025-02-03
2230.2,Annual report expenses,2024-12-31,ytd,0,2025-01-03
2230.3,"Fund's Board of Representatives meeting, travelling expenses",2024-12-31,month,0,2025-02-03
2230.3,"Fund's Board of Representatives meeting, travelling expenses",2024-12-31,ytd,0,2025-01-03
2230.4,Expenses of information disclosure of the Fund,2024-12-31,month,0,2025-02-03
2230.4,Expenses of information disclosure of the Fund,2024-12-31,ytd,0,2025-01-03
2230.5,"Designing, printing, posting... expenses",2024-12-31,month,0,2025-02-03
2230.5,"Designing, printing, posting... expenses",2024-12-31,ytd,0,2025-01-03
2231,Expenses related to execution of Fund’s asset transactions,2024-12-31,month,85706631,2025-02-03
2231,Expenses related to execution of Fund’s asset transactions,2024-12-31,ytd,770495036,2025-01-03
2231,Real Estate Management Service fee (not applicable),2024-12-31,month,0,2025-02-03
2231,Real Estate Management Service fee (not applicable),2024-12-31,ytd,0,2025-01-03
2231.1,Brokerage fee,2024-12-31,month,85256631,2025-02-03
2231.1,Brokerage fee,2024-12-31,ytd,758459498,2025-01-03
2231.2,Clearing settlement fee,2024-12-31,month,450000,2025-02-03
2231.2,Clearing settlement fee,2024-12-31,ytd,3735538,2025-01-03
2231.3,Other Expenses,2024-12-31,month,0,2025-02-03
2231.3,Other Expenses,2024-12-31,ytd,8300000,2025-01-03
2232,Other expenses,2024-12-31,month,3071746,2025-02-03
2232,Other expenses,2024-12-31,ytd,73598850,2025-01-03
2232,Real estate valuation service fees (not applicable),2024-12-31,month,0,2025-02-03
2232,Real estate valuation service fees (not applicable),2024-12-31,ytd,0,2025-01-03
2232.1,Set up Expenses,2024-12-31,month,0,2025-02-03
2232.1,Set up Expenses,2024-12-31,ytd,0,2025-01-03
2232.2,"Listing, registration fees",2024-12-31,month,0,2025-02-03
2232.2,"Listing, registration fees",2024-12-31,ytd,0,2025-01-03
2232.3,Annual management fee paid to SSC,2024-12-31,month,635246,2025-02-03
2232.3,Annual management fee paid to SSC,2024-12-31,ytd,7500000,2025-01-03
2232.4,Bank charges,2024-12-31,month,2436500,2025-02-03
2232.4,Bank charges,2024-12-31,ytd,63451850,2025-01-03
2232.5,Borrowing expense,2024-12-31,month,0,2025-02-03
2232.5,Borrowing expense,2024-12-31,ytd,0,2025-01-03
2232.6,Other Expenses,2024-12-31,month,0,2025-02-03
2232.6,Other Expenses,2024-12-31,ytd,1547000,2025-01-03
2232.7,Fee paid to VSDC for getting the list of investors,2024-12-31,month,0,2025-02-03
2232.7,Fee paid to VSDC for getting the list of investors,2024-12-31,ytd,1100000,2025-01-03
2233,Net Income from Investment Activities (= I - II),2024-12-31,month,8878013700,2025-02-03
2233,Net Income from Investment Activities (= I - II),2024-12-31,ytd,76636125670,2025-01-03
2234,Gain / (Loss) from Investment Activities,2024-12-31,month,225500161,2025-02-03
2234,Gain / (Loss) from Investment Activities,2024-12-31,ytd,5087561936,2025-01-03
2235,Realised Gain / (Loss) from disposal of investment or real estate transfer,2024-12-31,month,1211063828,2025-02-03
2235,Realised Gain / (Loss) from disposal of investment or real estate transfer,2024-12-31,ytd,6377328833,2025-01-03
2236,Unrealised Gain / (Loss) due to market price,2024-12-31,month,-985563667,2025-02-03
2236,Unrealised Gain / (Loss) due to market price,2024-12-31,ytd,-1289766897,2025-01-03
2237,Change of Net Asset Value of the Fund due to investment activities during the period (= III + IV),2024-12-31,month,9103513861,2025-02-03
2237,Change of Net Asset Value of the Fund due to investment activities during the period (= III + IV),2024-12-31,ytd,81723687606,2025-01-03
2238,Net Asset Value at the beginning of period,2024-12-31,month,1633591480269,2025-02-03
2238,Net Asset Value at the beginning of period,2024-12-31,ytd,451596260409,2025-01-03
2239,"Change of Net Asset Value of the Fund during the period, of which",2024-12-31,month,14982568213,2025-02-03
2239,"Change of Net Asset Value of the Fund during the period, of which",2024-12-31,ytd,1196977788073,2025-01-03
2239.1,Change of Net Asset Value due to investment activities during the period,2024-12-31,month,9103513861,2025-02-03
2239.1,Change of Net Asset Value due to investment activities during the period,2024-12-31,ytd,81723687606,2025-01-03
2239.2,Change of Net Asset Value due to  dividends payment to investors during the period,2024-12-31,month,0,2025-02-03
2239.2,Change of Net Asset Value due to  dividends payment to investors during the period,2024-12-31,ytd,0,2025-01-03
2239.3,Change of Net Asset Value due to subscription/redemption during the period,2024-12-31,month,5879054352,2025-02-03
2239.3,Change of Net Asset Value due to subscription/redemption during the period,2024-12-31,ytd,1115254100467,2025-01-03
2239.3.1,Change of Net Asset Value due to subscription during the period,2024-12-31,month,143294899607,2025-02-03
2239.3.1,Change of Net Asset Value due to subscription during the period,2024-12-31,ytd,2142176039473,2025-01-03
2239.3.2,Change of Net Asset Value due to redemption during the period,2024-12-31,month,-137415845255,2025-02-03
2239.3.2,Change of Net Asset Value due to redemption during the period,2024-12-31,ytd,-1026921939006,2025-01-03
2243,Net Asset Value at the end of period,2024-12-31,month,1648574048482,2025-02-03
2243,Net Asset Value at the end of period,2024-12-31,ytd,1648574048482,2025-01-03
2244,Average annual profit (only applicable to annual report),2024-12-31,month,0,2025-02-03
2244,Average annual profit (only applicable to annual report),2024-12-31,ytd,0,2025-01-03
2245,Average annual rate of return (only applicable to annual report),2024-12-31,month,0,2025-02-03
2245,Average annual rate of return (only applicable to annual report),2024-12-31,ytd,0,2025-01-03
2220,Income from Investment Activities,2025-01-31,month,11300234028,2025-03-03
2220,Income from Investment Activities,2025-01-31,ytd,11300234028,2025-02-03
2221,"Dividend income, interest income from bonds",2025-01-31,month,8242672705,2025-03-03
2221,"Dividend income, interest income from bonds",2025-01-31,ytd,8242672705,2025-02-03
2221.1,Dividends income,2025-01-31,month,0,2025-03-03
2221.1,Dividends income,2025-01-31,ytd,0,2025-02-03
2221.2,Interest income from bonds,2025-01-31,month,8242672705,2025-03-03
2221.2,Interest income from bonds,2025-01-31,ytd,8242672705,2025-02-03
2222,Interest income,2025-01-31,month,3057561323,2025-03-03
2222,Interest income,2025-01-31,ytd,3057561323,2025-02-03
2222.1,Interest income from bank deposits,2025-01-31,month,1509150365,2025-03-03
2222.1,Interest income from bank deposits,2025-01-31,ytd,1509150365,2025-02-03
2222.2,Interest income from Money market instruments,2025-01-31,month,1548410958,2025-03-03
2222.2,Interest income from Money market instruments,2025-01-31,ytd,1548410958,2025-02-03
2222.3,Interest income from reverse repo contracts,2025-01-31,month,0,2025-03-03
2222.3,Interest income from reverse repo contracts,2025-01-31,ytd,0,2025-02-03
2223,Income from rental property (not applicable),2025-01-31,month,0,2025-03-03
2223,Income from rental property (not applicable),2025-01-31,ytd,0,2025-02-03
2223,Other incomes,2025-01-31,month,0,2025-03-03
2223,Other incomes,2025-01-31,ytd,0,2025-02-03
2223.1,Other investment incomes,2025-01-31,month,0,2025-03-03
2223.1,Other investment incomes,2025-01-31,ytd,0,2025-02-03
2223.2,Other incomes,2025-01-31,month,0,2025-03-03
2223.2,Other incomes,2025-01-31,ytd,0,2025-02-03
2223.3,"Provision expense for bad debts from dividends, interest income and written off bad debts from dividends, interest income",2025-01-31,month,0,2025-03-03
2223.3,"Provision expense for bad debts from dividends, interest income and written off bad debts from dividends, interest income",2025-01-31,ytd,0,2025-02-03
2224,Expenses,2025-01-31,month,1937332277,2025-03-03
2224,Expenses,2025-01-31,ytd,1937332277,2025-02-03
2225,Management Fee paid to Fund Management Company,2025-01-31,month,1708862226,2025-03-03
2225,Management Fee paid to Fund Management Company,2025-01-31,ytd,1708862226,2025-02-03
2226,"Custody fee, Supervising fee paid to Supervising Bank/VSDC",2025-01-31,month,116555410,2025-03-03
2226,"Custody fee, Supervising fee paid to Supervising Bank/VSDC",2025-01-31,ytd,116555410,2025-02-03
2226.1,Custodian service - Safe Custody Fee,2025-01-31,month,49841815,2025-03-03
2226.1,Custodian service - Safe Custody Fee,2025-01-31,ytd,49841815,2025-02-03
2226.2,Custodian service - Transaction fee,2025-01-31,month,2800000,2025-03-03
2226.2,Custodian service - Transaction fee,2025-01-31,ytd,2800000,2025-02-03
2226.3,"Custodian service -  Depository fee, Position and Margin management fee paid to VSDC",2025-01-31,month,1255314,2025-03-03
2226.3,"Custodian service -  Depository fee, Position and Margin management fee paid to VSDC",2025-01-31,ytd,1255314,2025-02-03
2226.4,Supervisory fee,2025-01-31,month,62658281,2025-03-03
2226.4,Supervisory fee,2025-01-31,ytd,62658281,2025-02-03
2227,"Fund Administration Fee, and other fees paid to relevant Fund's service providers",2025-01-31,month,57993711,2025-03-03
2227,"Fund Administration Fee, and other fees paid to relevant Fund's service providers",2025-01-31,ytd,57993711,2025-02-03
2227.1,Fund Administration Fee,2025-01-31,month,46993711,2025-03-03
2227.1,Fund Administration Fee,2025-01-31,ytd,46993711,2025-02-03
2227.2,Transfer Agency Fee,2025-01-31,month,11000000,2025-03-03
2227.2,Transfer Agency Fee,2025-01-31,ytd,11000000,2025-02-03
2228,Audit fee,2025-01-31,month,12425479,2025-03-03
2228,Audit fee,2025-01-31,ytd,12425479,2025-02-03
2229,"Legal consultancy expenses, price feed fee, other valid expenses, remuneration paid to Fund's Board of Representatives",2025-01-31,month,18651256,2025-03-03
2229,"Legal consultancy expenses, price feed fee, other valid expenses, remuneration paid to Fund's Board of Representatives",2025-01-31,ytd,18651256,2025-02-03
2229.1,Remuneration of Fund's Board of Representatives,2025-01-31,month,6509589,2025-03-03
2229.1,Remuneration of Fund's Board of Representatives,2025-01-31,ytd,6509589,2025-02-03
2229.2,Price feed fee,2025-01-31,month,12141667,2025-03-03
2229.2,Price feed fee,2025-01-31,ytd,12141667,2025-02-03
2229.3,Legal consultancy expenses,2025-01-31,month,0,2025-03-03
2229.3,Legal consultancy expenses,2025-01-31,ytd,0,2025-02-03
2230,"Fee for drafting, printing, distribution of prospectus, summarised prospectus, financial statements, transaction confirmations, account statements and other documents to investors; information disclosure fee; fee for organising annual general meeting, board of representatives meeting",2025-01-31,month,3364869,2025-03-03
2230,"Fee for drafting, printing, distribution of prospectus, summarised prospectus, financial statements, transaction confirmations, account statements and other documents to investors; information disclosure fee; fee for organising annual general meeting, board of representatives meeting",2025-01-31,ytd,3364869,2025-02-03
2230.1,Meeting expenses,2025-01-31,month,3364869,2025-03-03
2230.1,Meeting expenses,2025-01-31,ytd,3364869,2025-02-03
2230.2,Annual report expenses,2025-01-31,month,0,2025-03-03
2230.2,Annual report expenses,2025-01-31,ytd,0,2025-02-03
2230.3,"Fund's Board of Representatives meeting, travelling expenses",2025-01-31,month,0,2025-03-03
2230.3,"Fund's Board of Representatives meeting, travelling expenses",2025-01-31,ytd,0,2025-02-03
2230.4,Expenses of information disclosure of the Fund,2025-01-31,month,0,2025-03-03
2230.4,Expenses of information disclosure of the Fund,2025-01-31,ytd,0,2025-02-03
2230.5,"Designing, printing, posting... expenses",2025-01-31,month,0,2025-03-03
2230.5,"Designing, printing, posting... expenses",2025-01-31,ytd,0,2025-02-03
2231,Expenses related to execution of Fund’s asset transactions,2025-01-31,month,17303440,2025-03-03
2231,Expenses related to execution of Fund’s asset transactions,2025-01-31,ytd,17303440,2025-02-03
2231,Real Estate Management Service fee (not applicable),2025-01-31,month,0,2025-03-03
2231,Real Estate Management Service fee (not applicable),2025-01-31,ytd,0,2025-02-03
2231.1,Brokerage fee,2025-01-31,month,16669302,2025-03-03
2231.1,Brokerage fee,2025-01-31,ytd,16669302,2025-02-03
2231.2,Clearing settlement fee,2025-01-31,month,634138,2025-03-03
2231.2,Clearing settlement fee,2025-01-31,ytd,634138,2025-02-03
2231.3,Other Expenses,2025-01-31,month,0,2025-03-03
2231.3,Other Expenses,2025-01-31,ytd,0,2025-02-03
2232,Other expenses,2025-01-31,month,2175886,2025-03-03
2232,Other expenses,2025-01-31,ytd,2175886,2025-02-03
2232,Real estate valuation service fees (not applicable),2025-01-31,month,0,2025-03-03
2232,Real estate valuation service fees (not applicable),2025-01-31,ytd,0,2025-02-03
2232.1,Set up Expenses,2025-01-31,month,0,2025-03-03
2232.1,Set up Expenses,2025-01-31,ytd,0,2025-02-03
2232.2,"Listing, registration fees",2025-01-31,month,0,2025-03-03
2232.2,"Listing, registration fees",2025-01-31,ytd,0,2025-02-03
2232.3,Annual management fee paid to SSC,2025-01-31,month,636986,2025-03-03
2232.3,Annual management fee paid to SSC,2025-01-31,ytd,636986,2025-02-03
2232.4,Bank charges,2025-01-31,month,1538900,2025-03-03
2232.4,Bank charges,2025-01-31,ytd,1538900,2025-02-03
2232.5,Borrowing expense,2025-01-31,month,0,2025-03-03
2232.5,Borrowing expense,2025-01-31,ytd,0,2025-02-03
2232.6,Other Expenses,2025-01-31,month,0,2025-03-03
2232.6,Other Expenses,2025-01-31,ytd,0,2025-02-03
2232.7,Fee paid to VSDC for getting the list of investors,2025-01-31,month,0,2025-03-03
2232.7,Fee paid to VSDC for getting the list of investors,2025-01-31,ytd,0,2025-02-03
2233,Net Income from Investment Activities (= I - II),2025-01-31,month,9362901751,2025-03-03
2233,Net Income from Investment Activities (= I - II),2025-01-31,ytd,9362901751,2025-02-03
2234,Gain / (Loss) from Investment Activities,2025-01-31,month,-1403376355,2025-03-03
2234,Gain / (Loss) from Investment Activities,2025-01-31,ytd,-1403376355,2025-02-03
2235,Realised Gain / (Loss) from disposal of investment or real estate transfer,2025-01-31,month,15160000,2025-03-03
2235,Realised Gain / (Loss) from disposal of investment or real estate transfer,2025-01-31,ytd,15160000,2025-02-03
2236,Unrealised Gain / (Loss) due to market price,2025-01-31,month,-1418536355,2025-03-03
2236,Unrealised Gain / (Loss) due to market price,2025-01-31,ytd,-1418536355,2025-02-03
2237,Change of Net Asset Value of the Fund due to investment activities during the period (= III + IV),2025-01-31,month,7959525396,2025-03-03
2237,Change of Net Asset Value of the Fund due to investment activities during the period (= III + IV),2025-01-31,ytd,7959525396,2025-02-03
2238,Net Asset Value at the beginning of period,2025-01-31,month,1648574048482,2025-03-03
2238,Net Asset Value at the beginning of period,2025-01-31,ytd,1648574048482,2025-02-03
2239,"Change of Net Asset Value of the Fund during the period, of which",2025-01-31,month,37775108519,2025-03-03
2239,"Change of Net Asset Value of the Fund during the period, of which",2025-01-31,ytd,37775108519,2025-02-03
2239.1,Change of Net Asset Value due to investment activities during the period,2025-01-31,month,7959525396,2025-03-03
2239.1,Change of Net Asset Value due to investment activities during the period,2025-01-31,ytd,7959525396,2025-02-03
2239.2,Change of Net Asset Value due to  dividends payment to investors during the period,2025-01-31,month,0,2025-03-03
2239.2,Change of Net Asset Value due to  dividends payment to investors during the period,2025-01-31,ytd,0,2025-02-03
2239.3,Change of Net Asset Value due to subscription/redemption during the period,2025-01-31,month,29815583123,2025-03-03
2239.3,Change of Net Asset Value due to subscription/redemption during the period,2025-01-31,ytd,29815583123,2025-02-03
2239.3.1,Change of Net Asset Value due to subscription during the period,2025-01-31,month,102603986527,2025-03-03
2239.3.1,Change of Net Asset Value due to subscription during the period,2025-01-31,ytd,102603986527,2025-02-03
2239.3.2,Change of Net Asset Value due to redemption during the period,2025-01-31,month,-72788403404,2025-03-03
2239.3.2,Change of Net Asset Value due to redemption during the period,2025-01-31,ytd,-72788403404,2025-02-03
2243,Net Asset Value at the end of period,2025-01-31,month,1686349157001,2025-03-03
2243,Net Asset Value at the end of period,2025-01-31,ytd,1686349157001,2025-02-03
2244,Average annual profit (only applicable to annual report),2025-01-31,month,0,2025-03-03
2244,Average annual profit (only applicable to annual report),2025-01-31,ytd,0,2025-02-03
2245,Average annual rate of return (only applicable to annual report),2025-01-31,month,0,2025-03-03
2245,Average annual rate of return (only applicable to annual report),2025-01-31,ytd,0,2025-02-03
2220,Income from Investment Activities,2025-02-28,month,10155834721,2025-04-01
2220,Income from Investment Activities,2025-02-28,ytd,21456068749,2025-03-03
2221,"Dividend income, interest income from bonds",2025-02-28,month,7826969821,2025-04-01
2221,"Dividend income, interest income from bonds",2025-02-28,ytd,16069642526,2025-03-03
2221.1,Dividends income,2025-02-28,month,0,2025-04-01
2221.1,Dividends income,2025-02-28,ytd,0,2025-03-03
2221.2,Interest income from bonds,2025-02-28,month,7826969821,2025-04-01
2221.2,Interest income from bonds,2025-02-28,ytd,16069642526,2025-03-03
2222,Interest income,2025-02-28,month,2328864900,2025-04-01
2222,Interest income,2025-02-28,ytd,5386426223,2025-03-03
2222.1,Interest income from bank deposits,2025-02-28,month,922905993,2025-04-01
2222.1,Interest income from bank deposits,2025-02-28,ytd,2432056358,2025-03-03
2222.2,Interest income from Money market instruments,2025-02-28,month,1405958907,2025-04-01
2222.2,Interest income from Money market instruments,2025-02-28,ytd,2954369865,2025-03-03
2222.3,Interest income from reverse repo contracts,2025-02-28,month,0,2025-04-01
2222.3,Interest income from reverse repo contracts,2025-02-28,ytd,0,2025-03-03
2223,Income from rental property (not applicable),2025-02-28,month,0,2025-04-01
2223,Income from rental property (not applicable),2025-02-28,ytd,0,2025-03-03
2223,Other incomes,2025-02-28,month,0,2025-04-01
2223,Other incomes,2025-02-28,ytd,0,2025-03-03
2223.1,Other investment incomes,2025-02-28,month,0,2025-04-01
2223.1,Other investment incomes,2025-02-28,ytd,0,2025-03-03
2223.2,Other incomes,2025-02-28,month,0,2025-04-01
2223.2,Other incomes,2025-02-28,ytd,0,2025-03-03
2223.3,"Provision expense for bad debts from dividends, interest income and written off bad debts from dividends, interest income",2025-02-28,month,0,2025-04-01
2223.3,"Provision expense for bad debts from dividends, interest income and written off bad debts from dividends, interest income",2025-02-28,ytd,0,2025-03-03
2224,Expenses,2025-02-28,month,1749241524,2025-04-01
2224,Expenses,2025-02-28,ytd,3686573801,2025-03-03
2225,Management Fee paid to Fund Management Company,2025-02-28,month,1523720873,2025-04-01
2225,Management Fee paid to Fund Management Company,2025-02-28,ytd,3232583099,2025-03-03
2226,"Custody fee, Supervising fee paid to Supervising Bank/VSDC",2025-02-28,month,102358456,2025-04-01
2226,"Custody fee, Supervising fee paid to Supervising Bank/VSDC",2025-02-28,ytd,218913866,2025-03-03
2226.1,Custodian service - Safe Custody Fee,2025-02-28,month,44441860,2025-04-01
2226.1,Custodian service - Safe Custody Fee,2025-02-28,ytd,94283675,2025-03-03
2226.2,Custodian service - Transaction fee,2025-02-28,month,600000,2025-04-01
2226.2,Custodian service - Transaction fee,2025-02-28,ytd,3400000,2025-03-03
2226.3,"Custodian service -  Depository fee, Position and Margin management fee paid to VSDC",2025-02-28,month,1446830,2025-04-01
2226.3,"Custodian service -  Depository fee, Position and Margin management fee paid to VSDC",2025-02-28,ytd,2702144,2025-03-03
2226.4,Supervisory fee,2025-02-28,month,55869766,2025-04-01
2226.4,Supervisory fee,2025-02-28,ytd,118528047,2025-03-03
2227,"Fund Administration Fee, and other fees paid to relevant Fund's service providers",2025-02-28,month,52902324,2025-04-01
2227,"Fund Administration Fee, and other fees paid to relevant Fund's service providers",2025-02-28,ytd,110896035,2025-03-03
2227.1,Fund Administration Fee,2025-02-28,month,41902324,2025-04-01
2227.1,Fund Administration Fee,2025-02-28,ytd,88896035,2025-03-03
2227.2,Transfer Agency Fee,2025-02-28,month,11000000,2025-04-01
2227.2,Transfer Agency Fee,2025-02-28,ytd,22000000,2025-03-03
2228,Audit fee,2025-02-28,month,11223014,2025-04-01
2228,Audit fee,2025-02-28,ytd,23648493,2025-03-03
2229,"Legal consultancy expenses, price feed fee, other valid expenses, remuneration paid to Fund's Board of Representatives",2025-02-28,month,17426940,2025-04-01
2229,"Legal consultancy expenses, price feed fee, other valid expenses, remuneration paid to Fund's Board of Representatives",2025-02-28,ytd,36078196,2025-03-03
2229.1,Remuneration of Fund's Board of Representatives,2025-02-28,month,6460274,2025-04-01
2229.1,Remuneration of Fund's Board of Representatives,2025-02-28,ytd,12969863,2025-03-03
2229.2,Price feed fee,2025-02-28,month,10966666,2025-04-01
2229.2,Price feed fee,2025-02-28,ytd,23108333,2025-03-03
2229.3,Legal consultancy expenses,2025-02-28,month,0,2025-04-01
2229.3,Legal consultancy expenses,2025-02-28,ytd,0,2025-03-03
2230,"Fee for drafting, printing, distribution of prospectus, summarised prospectus, financial statements, transaction confirmations, account statements and other documents to investors; information disclosure fee; fee for organising annual general meeting, board of representatives meeting",2025-02-28,month,3039236,2025-04-01
2230,"Fee for drafting, printing, distribution of prospectus, summarised prospectus, financial statements, transaction confirmations, account statements and other documents to investors; information disclosure fee; fee for organising annual general meeting, board of representatives meeting",2025-02-28,ytd,6404105,2025-03-03
2230.1,Meeting expenses,2025-02-28,month,3039236,2025-04-01
2230.1,Meeting expenses,2025-02-28,ytd,6404105,2025-03-03
2230.2,Annual report expenses,2025-02-28,month,0,2025-04-01
2230.2,Annual report expenses,2025-02-28,ytd,0,2025-03-03
2230.3,"Fund's Board of Representatives meeting, travelling expenses",2025-02-28,month,0,2025-04-01
2230.3,"Fund's Board of Representatives meeting, travelling expenses",2025-02-28,ytd,0,2025-03-03
2230.4,Expenses of information disclosure of the Fund,2025-02-28,month,0,2025-04-01
2230.4,Expenses of information disclosure of the Fund,2025-02-28,ytd,0,2025-03-03
2230.5,"Designing, printing, posting... expenses",2025-02-28,month,0,2025-04-01
2230.5,"Designing, printing, posting... expenses",2025-02-28,ytd,0,2025-03-03
2231,Expenses related to execution of Fund’s asset transactions,2025-02-28,month,34624938,2025-04-01
2231,Expenses related to execution of Fund’s asset transactions,2025-02-28,ytd,51928378,2025-03-03
2231,Real Estate Management Service fee (not applicable),2025-02-28,month,0,2025-04-01
2231,Real Estate Management Service fee (not applicable),2025-02-28,ytd,0,2025-03-03
2231.1,Brokerage fee,2025-02-28,month,34624938,2025-04-01
2231.1,Brokerage fee,2025-02-28,ytd,51294240,2025-03-03
2231.2,Clearing settlement fee,2025-02-28,month,0,2025-04-01
2231.2,Clearing settlement fee,2025-02-28,ytd,634138,2025-03-03
2231.3,Other Expenses,2025-02-28,month,0,2025-04-01
2231.3,Other Expenses,2025-02-28,ytd,0,2025-03-03
2232,Other expenses,2025-02-28,month,3945743,2025-04-01
2232,Other expenses,2025-02-28,ytd,6121629,2025-03-03
2232,Real estate valuation service fees (not applicable),2025-02-28,month,0,2025-04-01
2232,Real estate valuation service fees (not applicable),2025-02-28,ytd,0,2025-03-03
2232.1,Set up Expenses,2025-02-28,month,0,2025-04-01
2232.1,Set up Expenses,2025-02-28,ytd,0,2025-03-03
2232.2,"Listing, registration fees",2025-02-28,month,0,2025-04-01
2232.2,"Listing, registration fees",2025-02-28,ytd,0,2025-03-03
2232.3,Annual management fee paid to SSC,2025-02-28,month,575343,2025-04-01
2232.3,Annual management fee paid to SSC,2025-02-28,ytd,1212329,2025-03-03
2232.4,Bank charges,2025-02-28,month,3370400,2025-04-01
2232.4,Bank charges,2025-02-28,ytd,4909300,2025-03-03
2232.5,Borrowing expense,2025-02-28,month,0,2025-04-01
2232.5,Borrowing expense,2025-02-28,ytd,0,2025-03-03
2232.6,Other Expenses,2025-02-28,month,0,2025-04-01
2232.6,Other Expenses,2025-02-28,ytd,0,2025-03-03
2232.7,Fee paid to VSDC for getting the list of investors,2025-02-28,month,0,2025-04-01
2232.7,Fee paid to VSDC for getting the list of investors,2025-02-28,ytd,0,2025-03-03
2233,Net Income from Investment Activities (= I - II),2025-02-28,month,8406593197,2025-04-01
2233,Net Income from Investment Activities (= I - II),2025-02-28,ytd,17769494948,2025-03-03
2234,Gain / (Loss) from Investment Activities,2025-02-28,month,768567896,2025-04-01
2234,Gain / (Loss) from Investment Activities,2025-02-28,ytd,-634808459,2025-03-03
2235,Realised Gain / (Loss) from disposal of investment or real estate transfer,2025-02-28,month,-137322899,2025-04-01
2235,Realised Gain / (Loss) from disposal of investment or real estate transfer,2025-02-28,ytd,-122162899,2025-03-03
2236,Unrealised Gain / (Loss) due to market price,2025-02-28,month,905890795,2025-04-01
2236,Unrealised Gain / (Loss) due to market price,2025-02-28,ytd,-512645560,2025-03-03
2237,Change of Net Asset Value of the Fund due to investment activities during the period (= III + IV),2025-02-28,month,9175161093,2025-04-01
2237,Change of Net Asset Value of the Fund due to investment activities during the period (= III + IV),2025-02-28,ytd,17134686489,2025-03-03
2238,Net Asset Value at the beginning of period,2025-02-28,month,1686349157001,2025-04-01
2238,Net Asset Value at the beginning of period,2025-02-28,ytd,1648574048482,2025-03-03
2239,"Change of Net Asset Value of the Fund during the period, of which",2025-02-28,month,-25258889199,2025-04-01
2239,"Change of Net Asset Value of the Fund during the period, of which",2025-02-28,ytd,12516219320,2025-03-03
2239.1,Change of Net Asset Value due to investment activities during the period,2025-02-28,month,9175161093,2025-04-01
2239.1,Change of Net Asset Value due to investment activities during the period,2025-02-28,ytd,17134686489,2025-03-03
2239.2,Change of Net Asset Value due to  dividends payment to investors during the period,2025-02-28,month,0,2025-04-01
2239.2,Change of Net Asset Value due to  dividends payment to investors during the period,2025-02-28,ytd,0,2025-03-03
2239.3,Change of Net Asset Value due to subscription/redemption during the period,2025-02-28,month,-34434050292,2025-04-01
2239.3,Change of Net Asset Value due to subscription/redemption during the period,2025-02-28,ytd,-4618467169,2025-03-03
2239.3.1,Change of Net Asset Value due to subscription during the period,2025-02-28,month,106963436410,2025-04-01
2239.3.1,Change of Net Asset Value due to subscription during the period,2025-02-28,ytd,209567422937,2025-03-03
2239.3.2,Change of Net Asset Value due to redemption during the period,2025-02-28,month,-141397486702,2025-04-01
2239.3.2,Change of Net Asset Value due to redemption during the period,2025-02-28,ytd,-214185890106,2025-03-03
2243,Net Asset Value at the end of period,2025-02-28,month,1661090267802,2025-04-01
2243,Net Asset Value at the end of period,2025-02-28,ytd,1661090267802,2025-03-03
2244,Average annual profit (only applicable to annual report),2025-02-28,month,0,2025-04-01
2244,Average annual profit (only applicable to annual report),2025-02-28,ytd,0,2025-03-03
2245,Average annual rate of return (only applicable to annual report),2025-02-28,month,0,2025-04-01
2245,Average annual rate of return (only applicable to annual report),2025-02-28,ytd,0,2025-03-03
2220,Income from Investment Activities,2025-03-31,month,11182799148,2025-05-05
2220,Income from Investment Activities,2025-03-31,ytd,32638867897,2025-04-01
2221,"Dividend income, interest income from bonds",2025-03-31,month,8654477776,2025-05-05
2221,"Dividend income, interest income from bonds",2025-03-31,ytd,24724120302,2025-04-01
2221.1,Dividends income,2025-03-31,month,0,2025-05-05
2221.1,Dividends income,2025-03-31,ytd,0,2025-04-01
2221.2,Interest income from bonds,2025-03-31,month,8654477776,2025-05-05
2221.2,Interest income from bonds,2025-03-31,ytd,24724120302,2025-04-01
2222,Interest income,2025-03-31,month,2528321372,2025-05-05
2222,Interest income,2025-03-31,ytd,7914747595,2025-04-01
2222.1,Interest income from bank deposits,2025-03-31,month,756061099,2025-05-05
2222.1,Interest income from bank deposits,2025-03-31,ytd,3188117457,2025-04-01
2222.2,Interest income from Money market instruments,2025-03-31,month,1772260273,2025-05-05
2222.2,Interest income from Money market instruments,2025-03-31,ytd,4726630138,2025-04-01
2222.3,Interest income from reverse repo contracts,2025-03-31,month,0,2025-05-05
2222.3,Interest income from reverse repo contracts,2025-03-31,ytd,0,2025-04-01
2223,Income from rental property (not applicable),2025-03-31,month,0,2025-05-05
2223,Income from rental property (not applicable),2025-03-31,ytd,0,2025-04-01
2223,Other incomes,2025-03-31,month,0,2025-05-05
2223,Other incomes,2025-03-31,ytd,0,2025-04-01
2223.1,Other investment incomes,2025-03-31,month,0,2025-05-05
2223.1,Other investment incomes,2025-03-31,ytd,0,2025-04-01
2223.2,Other incomes,2025-03-31,month,0,2025-05-05
2223.2,Other incomes,2025-03-31,ytd,0,2025-04-01
2223.3,"Provision expense for bad debts from dividends, interest income and written off bad debts from dividends, interest income",2025-03-31,month,0,2025-05-05
2223.3,"Provision expense for bad debts from dividends, interest income and written off bad debts from dividends, interest income",2025-03-31,ytd,0,2025-04-01
2224,Expenses,2025-03-31,month,1899851504,2025-05-05
2224,Expenses,2025-03-31,ytd,5586425305,2025-04-01
2225,Management Fee paid to Fund Management Company,2025-03-31,month,1648233464,2025-05-05
2225,Management Fee paid to Fund Management Company,2025-03-31,ytd,4880816563,2025-04-01
2226,"Custody fee, Supervising fee paid to Supervising Bank/VSDC",2025-03-31,month,111040578,2025-05-05
2226,"Custody fee, Supervising fee paid to Supervising Bank/VSDC",2025-03-31,ytd,329954444,2025-04-01
2226.1,Custodian service - Safe Custody Fee,2025-03-31,month,48073476,2025-05-05
2226.1,Custodian service - Safe Custody Fee,2025-03-31,ytd,142357151,2025-04-01
2226.2,Custodian service - Transaction fee,2025-03-31,month,1100000,2025-05-05
2226.2,Custodian service - Transaction fee,2025-03-31,ytd,4500000,2025-04-01
2226.3,"Custodian service -  Depository fee, Position and Margin management fee paid to VSDC",2025-03-31,month,1431875,2025-05-05
2226.3,"Custodian service -  Depository fee, Position and Margin management fee paid to VSDC",2025-03-31,ytd,4134019,2025-04-01
2226.4,Supervisory fee,2025-03-31,month,60435227,2025-05-05
2226.4,Supervisory fee,2025-03-31,ytd,178963274,2025-04-01
2227,"Fund Administration Fee, and other fees paid to relevant Fund's service providers",2025-03-31,month,56326421,2025-05-05
2227,"Fund Administration Fee, and other fees paid to relevant Fund's service providers",2025-03-31,ytd,167222456,2025-04-01
2227.1,Fund Administration Fee,2025-03-31,month,45326421,2025-05-05
2227.1,Fund Administration Fee,2025-03-31,ytd,134222456,2025-04-01
2227.2,Transfer Agency Fee,2025-03-31,month,11000000,2025-05-05
2227.2,Transfer Agency Fee,2025-03-31,ytd,33000000,2025-04-01
2228,Audit fee,2025-03-31,month,12526843,2025-05-05
2228,Audit fee,2025-03-31,ytd,36175336,2025-04-01
2229,"Legal consultancy expenses, price feed fee, other valid expenses, remuneration paid to Fund's Board of Representatives",2025-03-31,month,18651256,2025-05-05
2229,"Legal consultancy expenses, price feed fee, other valid expenses, remuneration paid to Fund's Board of Representatives",2025-03-31,ytd,54729452,2025-04-01
2229.1,Remuneration of Fund's Board of Representatives,2025-03-31,month,6509589,2025-05-05
2229.1,Remuneration of Fund's Board of Representatives,2025-03-31,ytd,19479452,2025-04-01
2229.2,Price feed fee,2025-03-31,month,12141667,2025-05-05
2229.2,Price feed fee,2025-03-31,ytd,35250000,2025-04-01
2229.3,Legal consultancy expenses,2025-03-31,month,0,2025-05-05
2229.3,Legal consultancy expenses,2025-03-31,ytd,0,2025-04-01
2230,"Fee for drafting, printing, distribution of prospectus, summarised prospectus, financial statements, transaction confirmations, account statements and other documents to investors; information disclosure fee; fee for organising annual general meeting, board of representatives meeting",2025-03-31,month,3364869,2025-05-05
2230,"Fee for drafting, printing, distribution of prospectus, summarised prospectus, financial statements, transaction confirmations, account statements and other documents to investors; information disclosure fee; fee for organising annual general meeting, board of representatives meeting",2025-03-31,ytd,9768974,2025-04-01
2230.1,Meeting expenses,2025-03-31,month,3364869,2025-05-05
2230.1,Meeting expenses,2025-03-31,ytd,9768974,2025-04-01
2230.2,Annual report expenses,2025-03-31,month,0,2025-05-05
2230.2,Annual report expenses,2025-03-31,ytd,0,2025-04-01
2230.3,"Fund's Board of Representatives meeting, travelling expenses",2025-03-31,month,0,2025-05-05
2230.3,"Fund's Board of Representatives meeting, travelling expenses",2025-03-31,ytd,0,2025-04-01
2230.4,Expenses of information disclosure of the Fund,2025-03-31,month,0,2025-05-05
2230.4,Expenses of information disclosure of the Fund,2025-03-31,ytd,0,2025-04-01
2230.5,"Designing, printing, posting... expenses",2025-03-31,month,0,2025-05-05
2230.5,"Designing, printing, posting... expenses",2025-03-31,ytd,0,2025-04-01
2231,Expenses related to execution of Fund’s asset transactions,2025-03-31,month,42675687,2025-05-05
2231,Expenses related to execution of Fund’s asset transactions,2025-03-31,ytd,94604065,2025-04-01
2231,Real Estate Management Service fee (not applicable),2025-03-31,month,0,2025-05-05
2231,Real Estate Management Service fee (not applicable),2025-03-31,ytd,0,2025-04-01
2231.1,Brokerage fee,2025-03-31,month,42546834,2025-05-05
2231.1,Brokerage fee,2025-03-31,ytd,93841074,2025-04-01
2231.2,Clearing settlement fee,2025-03-31,month,128853,2025-05-05
2231.2,Clearing settlement fee,2025-03-31,ytd,762991,2025-04-01
2231.3,Other Expenses,2025-03-31,month,0,2025-05-05
2231.3,Other Expenses,2025-03-31,ytd,0,2025-04-01
2232,Other expenses,2025-03-31,month,7032386,2025-05-05
2232,Other expenses,2025-03-31,ytd,13154015,2025-04-01
2232,Real estate valuation service fees (not applicable),2025-03-31,month,0,2025-05-05
2232,Real estate valuation service fees (not applicable),2025-03-31,ytd,0,2025-04-01
2232.1,Set up Expenses,2025-03-31,month,0,2025-05-05
2232.1,Set up Expenses,2025-03-31,ytd,0,2025-04-01
2232.2,"Listing, registration fees",2025-03-31,month,0,2025-05-05
2232.2,"Listing, registration fees",2025-03-31,ytd,0,2025-04-01
2232.3,Annual management fee paid to SSC,2025-03-31,month,636986,2025-05-05
2232.3,Annual management fee paid to SSC,2025-03-31,ytd,1849315,2025-04-01
2232.4,Bank charges,2025-03-31,month,6395400,2025-05-05
2232.4,Bank charges,2025-03-31,ytd,11304700,2025-04-01
2232.5,Borrowing expense,2025-03-31,month,0,2025-05-05
2232.5,Borrowing expense,2025-03-31,ytd,0,2025-04-01
2232.6,Other Expenses,2025-03-31,month,0,2025-05-05
2232.6,Other Expenses,2025-03-31,ytd,0,2025-04-01
2232.7,Fee paid to VSDC for getting the list of investors,2025-03-31,month,0,2025-05-05
2232.7,Fee paid to VSDC for getting the list of investors,2025-03-31,ytd,0,2025-04-01
2233,Net Income from Investment Activities (= I - II),2025-03-31,month,9282947644,2025-05-05
2233,Net Income from Investment Activities (= I - II),2025-03-31,ytd,27052442592,2025-04-01
2234,Gain / (Loss) from Investment Activities,2025-03-31,month,-345788177,2025-05-05
2234,Gain / (Loss) from Investment Activities,2025-03-31,ytd,-980596636,2025-04-01
2235,Realised Gain / (Loss) from disposal of investment or real estate transfer,2025-03-31,month,259842723,2025-05-05
2235,Realised Gain / (Loss) from disposal of investment or real estate transfer,2025-03-31,ytd,137679824,2025-04-01
2236,Unrealised Gain / (Loss) due to market price,2025-03-31,month,-605630900,2025-05-05
2236,Unrealised Gain / (Loss) due to market price,2025-03-31,ytd,-1118276460,2025-04-01
2237,Change of Net Asset Value of the Fund due to investment activities during the period (= III + IV),2025-03-31,month,8937159467,2025-05-05
2237,Change of Net Asset Value of the Fund due to investment activities during the period (= III + IV),2025-03-31,ytd,26071845956,2025-04-01
2238,Net Asset Value at the beginning of period,2025-03-31,month,1661090267802,2025-05-05
2238,Net Asset Value at the beginning of period,2025-03-31,ytd,1648574048482,2025-04-01
2239,"Change of Net Asset Value of the Fund during the period, of which",2025-03-31,month,-79979496827,2025-05-05
2239,"Change of Net Asset Value of the Fund during the period, of which",2025-03-31,ytd,-67463277507,2025-04-01
2239.1,Change of Net Asset Value due to investment activities during the period,2025-03-31,month,8937159467,2025-05-05
2239.1,Change of Net Asset Value due to investment activities during the period,2025-03-31,ytd,26071845956,2025-04-01
2239.2,Change of Net Asset Value due to  dividends payment to investors during the period,2025-03-31,month,0,2025-05-05
2239.2,Change of Net Asset Value due to  dividends payment to investors during the period,2025-03-31,ytd,0,2025-04-01
2239.3,Change of Net Asset Value due to subscription/redemption during the period,2025-03-31,month,-88916656294,2025-05-05
2239.3,Change of Net Asset Value due to subscription/redemption during the period,2025-03-31,ytd,-93535123463,2025-04-01
2239.3.1,Change of Net Asset Value due to subscription during the period,2025-03-31,month,139611842144,2025-05-05
2239.3.1,Change of Net Asset Value due to subscription during the period,2025-03-31,ytd,349179265081,2025-04-01
2239.3.2,Change of Net Asset Value due to redemption during the period,2025-03-31,month,-228528498438,2025-05-05
2239.3.2,Change of Net Asset Value due to redemption during the period,2025-03-31,ytd,-442714388544,2025-04-01
2243,Net Asset Value at the end of period,2025-03-31,month,1581110770975,2025-05-05
2243,Net Asset Value at the end of period,2025-03-31,ytd,1581110770975,2025-04-01
2244,Average annual profit (only applicable to annual report),2025-03-31,month,0,2025-05-05
2244,Average annual profit (only applicable to annual report),2025-03-31,ytd,0,2025-04-01
2245,Average annual rate of return (only applicable to annual report),2025-03-31,month,0,2025-05-05
2245,Average annual rate of return (only applicable to annual report),2025-03-31,ytd,0,2025-04-01
2220,Income from Investment Activities,2025-04-30,month,10364036260,2025-06-02
2220,Income from Investment Activities,2025-04-30,ytd,43002904157,2025-05-05
2221,"Dividend income, interest income from bonds",2025-04-30,month,7875361286,2025-06-02
2221,"Dividend income, interest income from bonds",2025-04-30,ytd,32599481588,2025-05-05
2221.1,Dividends income,2025-04-30,month,0,2025-06-02
2221.1,Dividends income,2025-04-30,ytd,0,2025-05-05
2221.2,Interest income from bonds,2025-04-30,month,7875361286,2025-06-02
2221.2,Interest income from bonds,2025-04-30,ytd,32599481588,2025-05-05
2222,Interest income,2025-04-30,month,2488674974,2025-06-02
2222,Interest income,2025-04-30,ytd,10403422569,2025-05-05
2222.1,Interest income from bank deposits,2025-04-30,month,980216070,2025-06-02
2222.1,Interest income from bank deposits,2025-04-30,ytd,4168333527,2025-05-05
2222.2,Interest income from Money market instruments,2025-04-30,month,1508458904,2025-06-02
2222.2,Interest income from Money market instruments,2025-04-30,ytd,6235089042,2025-05-05
2222.3,Interest income from reverse repo contracts,2025-04-30,month,0,2025-06-02
2222.3,Interest income from reverse repo contracts,2025-04-30,ytd,0,2025-05-05
2223,Income from rental property (not applicable),2025-04-30,month,0,2025-06-02
2223,Income from rental property (not applicable),2025-04-30,ytd,0,2025-05-05
2223,Other incomes,2025-04-30,month,0,2025-06-02
2223,Other incomes,2025-04-30,ytd,0,2025-05-05
2223.1,Other investment incomes,2025-04-30,month,0,2025-06-02
2223.1,Other investment incomes,2025-04-30,ytd,0,2025-05-05
2223.2,Other incomes,2025-04-30,month,0,2025-06-02
2223.2,Other incomes,2025-04-30,ytd,0,2025-05-05
2223.3,"Provision expense for bad debts from dividends, interest income and written off bad debts from dividends, interest income",2025-04-30,month,0,2025-06-02
2223.3,"Provision expense for bad debts from dividends, interest income and written off bad debts from dividends, interest income",2025-04-30,ytd,0,2025-05-05
2224,Expenses,2025-04-30,month,1745300137,2025-06-02
2224,Expenses,2025-04-30,ytd,7331725442,2025-05-05
2225,Management Fee paid to Fund Management Company,2025-04-30,month,1519006721,2025-06-02
2225,Management Fee paid to Fund Management Company,2025-04-30,ytd,6399823284,2025-05-05
2226,"Custody fee, Supervising fee paid to Supervising Bank/VSDC",2025-04-30,month,103685664,2025-06-02
2226,"Custody fee, Supervising fee paid to Supervising Bank/VSDC",2025-04-30,ytd,433640108,2025-05-05
2226.1,Custodian service - Safe Custody Fee,2025-04-30,month,45329730,2025-06-02
2226.1,Custodian service - Safe Custody Fee,2025-04-30,ytd,187686881,2025-05-05
2226.2,Custodian service - Transaction fee,2025-04-30,month,1200000,2025-06-02
2226.2,Custodian service - Transaction fee,2025-04-30,ytd,5700000,2025-05-05
2226.3,"Custodian service -  Depository fee, Position and Margin management fee paid to VSDC",2025-04-30,month,1459021,2025-06-02
2226.3,"Custodian service -  Depository fee, Position and Margin management fee paid to VSDC",2025-04-30,ytd,5593040,2025-05-05
2226.4,Supervisory fee,2025-04-30,month,55696913,2025-06-02
2226.4,Supervisory fee,2025-04-30,ytd,234660187,2025-05-05
2227,"Fund Administration Fee, and other fees paid to relevant Fund's service providers",2025-04-30,month,52772685,2025-06-02
2227,"Fund Administration Fee, and other fees paid to relevant Fund's service providers",2025-04-30,ytd,219995141,2025-05-05
2227.1,Fund Administration Fee,2025-04-30,month,41772685,2025-06-02
2227.1,Fund Administration Fee,2025-04-30,ytd,175995141,2025-05-05
2227.2,Transfer Agency Fee,2025-04-30,month,11000000,2025-06-02
2227.2,Transfer Agency Fee,2025-04-30,ytd,44000000,2025-05-05
2228,Audit fee,2025-04-30,month,12024657,2025-06-02
2228,Audit fee,2025-04-30,ytd,48199993,2025-05-05
2229,"Legal consultancy expenses, price feed fee, other valid expenses, remuneration paid to Fund's Board of Representatives",2025-04-30,month,20966102,2025-06-02
2229,"Legal consultancy expenses, price feed fee, other valid expenses, remuneration paid to Fund's Board of Representatives",2025-04-30,ytd,75695554,2025-05-05
2229.1,Remuneration of Fund's Board of Representatives,2025-04-30,month,6493151,2025-06-02
2229.1,Remuneration of Fund's Board of Representatives,2025-04-30,ytd,25972603,2025-05-05
2229.2,Price feed fee,2025-04-30,month,11620879,2025-06-02
2229.2,Price feed fee,2025-04-30,ytd,46870879,2025-05-05
2229.3,Legal consultancy expenses,2025-04-30,month,2852072,2025-06-02
2229.3,Legal consultancy expenses,2025-04-30,ytd,2852072,2025-05-05
2230,"Fee for drafting, printing, distribution of prospectus, summarised prospectus, financial statements, transaction confirmations, account statements and other documents to investors; information disclosure fee; fee for organising annual general meeting, board of representatives meeting",2025-04-30,month,3256324,2025-06-02
2230,"Fee for drafting, printing, distribution of prospectus, summarised prospectus, financial statements, transaction confirmations, account statements and other documents to investors; information disclosure fee; fee for organising annual general meeting, board of representatives meeting",2025-04-30,ytd,13025298,2025-05-05
2230.1,Meeting expenses,2025-04-30,month,3256324,2025-06-02
2230.1,Meeting expenses,2025-04-30,ytd,13025298,2025-05-05
2230.2,Annual report expenses,2025-04-30,month,0,2025-06-02
2230.2,Annual report expenses,2025-04-30,ytd,0,2025-05-05
2230.3,"Fund's Board of Representatives meeting, travelling expenses",2025-04-30,month,0,2025-06-02
2230.3,"Fund's Board of Representatives meeting, travelling expenses",2025-04-30,ytd,0,2025-05-05
2230.4,Expenses of information disclosure of the Fund,2025-04-30,month,0,2025-06-02
2230.4,Expenses of information disclosure of the Fund,2025-04-30,ytd,0,2025-05-05
2230.5,"Designing, printing, posting... expenses",2025-04-30,month,0,2025-06-02
2230.5,"Designing, printing, posting... expenses",2025-04-30,ytd,0,2025-05-05
2231,Expenses related to execution of Fund’s asset transactions,2025-04-30,month,28416446,2025-06-02
2231,Expenses related to execution of Fund’s asset transactions,2025-04-30,ytd,123020511,2025-05-05
2231,Real Estate Management Service fee (not applicable),2025-04-30,month,0,2025-06-02
2231,Real Estate Management Service fee (not applicable),2025-04-30,ytd,0,2025-05-05
2231.1,Brokerage fee,2025-04-30,month,27996438,2025-06-02
2231.1,Brokerage fee,2025-04-30,ytd,121837512,2025-05-05
2231.2,Clearing settlement fee,2025-04-30,month,420008,2025-06-02
2231.2,Clearing settlement fee,2025-04-30,ytd,1182999,2025-05-05
2231.3,Other Expenses,2025-04-30,month,0,2025-06-02
2231.3,Other Expenses,2025-04-30,ytd,0,2025-05-05
2232,Other expenses,2025-04-30,month,5171538,2025-06-02
2232,Other expenses,2025-04-30,ytd,18325553,2025-05-05
2232,Real estate valuation service fees (not applicable),2025-04-30,month,0,2025-06-02
2232,Real estate valuation service fees (not applicable),2025-04-30,ytd,0,2025-05-05
2232.1,Set up Expenses,2025-04-30,month,0,2025-06-02
2232.1,Set up Expenses,2025-04-30,ytd,0,2025-05-05
2232.2,"Listing, registration fees",2025-04-30,month,0,2025-06-02
2232.2,"Listing, registration fees",2025-04-30,ytd,0,2025-05-05
2232.3,Annual management fee paid to SSC,2025-04-30,month,616438,2025-06-02
2232.3,Annual management fee paid to SSC,2025-04-30,ytd,2465753,2025-05-05
2232.4,Bank charges,2025-04-30,month,3455100,2025-06-02
2232.4,Bank charges,2025-04-30,ytd,14759800,2025-05-05
2232.5,Borrowing expense,2025-04-30,month,0,2025-06-02
2232.5,Borrowing expense,2025-04-30,ytd,0,2025-05-05
2232.6,Other Expenses,2025-04-30,month,0,2025-06-02
2232.6,Other Expenses,2025-04-30,ytd,0,2025-05-05
2232.7,Fee paid to VSDC for getting the list of investors,2025-04-30,month,1100000,2025-06-02
2232.7,Fee paid to VSDC for getting the list of investors,2025-04-30,ytd,1100000,2025-05-05
2233,Net Income from Investment Activities (= I - II),2025-04-30,month,8618736123,2025-06-02
2233,Net Income from Investment Activities (= I - II),2025-04-30,ytd,35671178715,2025-05-05
2234,Gain / (Loss) from Investment Activities,2025-04-30,month,-83618877,2025-06-02
2234,Gain / (Loss) from Investment Activities,2025-04-30,ytd,-1064215513,2025-05-05
2235,Realised Gain / (Loss) from disposal of investment or real estate transfer,2025-04-30,month,360459617,2025-06-02
2235,Realised Gain / (Loss) from disposal of investment or real estate transfer,2025-04-30,ytd,498139441,2025-05-05
2236,Unrealised Gain / (Loss) due to market price,2025-04-30,month,-444078494,2025-06-02
2236,Unrealised Gain / (Loss) due to market price,2025-04-30,ytd,-1562354954,2025-05-05
2237,Change of Net Asset Value of the Fund due to investment activities during the period (= III + IV),2025-04-30,month,8535117246,2025-06-02
2237,Change of Net Asset Value of the Fund due to investment activities during the period (= III + IV),2025-04-30,ytd,34606963202,2025-05-05
2238,Net Asset Value at the beginning of period,2025-04-30,month,1581110770975,2025-06-02
2238,Net Asset Value at the beginning of period,2025-04-30,ytd,1648574048482,2025-05-05
2239,"Change of Net Asset Value of the Fund during the period, of which",2025-04-30,month,-43224888157,2025-06-02
2239,"Change of Net Asset Value of the Fund during the period, of which",2025-04-30,ytd,-110688165664,2025-05-05
2239.1,Change of Net Asset Value due to investment activities during the period,2025-04-30,month,8535117246,2025-06-02
2239.1,Change of Net Asset Value due to investment activities during the period,2025-04-30,ytd,34606963202,2025-05-05
2239.2,Change of Net Asset Value due to  dividends payment to investors during the period,2025-04-30,month,0,2025-06-02
2239.2,Change of Net Asset Value due to  dividends payment to investors during the period,2025-04-30,ytd,0,2025-05-05
2239.3,Change of Net Asset Value due to subscription/redemption during the period,2025-04-30,month,-51760005403,2025-06-02
2239.3,Change of Net Asset Value due to subscription/redemption during the period,2025-04-30,ytd,-145295128866,2025-05-05
2239.3.1,Change of Net Asset Value due to subscription during the period,2025-04-30,month,143208148820,2025-06-02
2239.3.1,Change of Net Asset Value due to subscription during the period,2025-04-30,ytd,492387413901,2025-05-05
2239.3.2,Change of Net Asset Value due to redemption during the period,2025-04-30,month,-194968154223,2025-06-02
2239.3.2,Change of Net Asset Value due to redemption during the period,2025-04-30,ytd,-637682542767,2025-05-05
2243,Net Asset Value at the end of period,2025-04-30,month,1537885882818,2025-06-02
2243,Net Asset Value at the end of period,2025-04-30,ytd,1537885882818,2025-05-05
2244,Average annual profit (only applicable to annual report),2025-04-30,month,0,2025-06-02
2244,Average annual profit (only applicable to annual report),2025-04-30,ytd,0,2025-05-05
2245,Average annual rate of return (only applicable to annual report),2025-04-30,month,0,2025-06-02
2245,Average annual rate of return (only applicable to annual report),2025-04-30,ytd,0,2025-05-05
2220,Income from Investment Activities,2025-05-31,month,10601509770,2025-07-01
2220,Income from Investment Activities,2025-05-31,ytd,53604413927,2025-06-02
2221,"Dividend income, interest income from bonds",2025-05-31,month,8174289634,2025-07-01
2221,"Dividend income, interest income from bonds",2025-05-31,ytd,40773771222,2025-06-02
2221.1,Dividends income,2025-05-31,month,0,2025-07-01
2221.1,Dividends income,2025-05-31,ytd,0,2025-06-02
2221.2,Interest income from bonds,2025-05-31,month,8174289634,2025-07-01
2221.2,Interest income from bonds,2025-05-31,ytd,40773771222,2025-06-02
2222,Interest income,2025-05-31,month,2427220136,2025-07-01
2222,Interest income,2025-05-31,ytd,12830642705,2025-06-02
2222.1,Interest income from bank deposits,2025-05-31,month,1114925616,2025-07-01
2222.1,Interest income from bank deposits,2025-05-31,ytd,5283259143,2025-06-02
2222.2,Interest income from Money market instruments,2025-05-31,month,1312294520,2025-07-01
2222.2,Interest income from Money market instruments,2025-05-31,ytd,7547383562,2025-06-02
2222.3,Interest income from reverse repo contracts,2025-05-31,month,0,2025-07-01
2222.3,Interest income from reverse repo contracts,2025-05-31,ytd,0,2025-06-02
2223,Income from rental property (not applicable),2025-05-31,month,0,2025-07-01
2223,Income from rental property (not applicable),2025-05-31,ytd,0,2025-06-02
2223,Other incomes,2025-05-31,month,0,2025-07-01
2223,Other incomes,2025-05-31,ytd,0,2025-06-02
2223.1,Other investment incomes,2025-05-31,month,0,2025-07-01
2223.1,Other investment incomes,2025-05-31,ytd,0,2025-06-02
2223.2,Other incomes,2025-05-31,month,0,2025-07-01
2223.2,Other incomes,2025-05-31,ytd,0,2025-06-02
2223.3,"Provision expense for bad debts from dividends, interest income and written off bad debts from dividends, interest income",2025-05-31,month,0,2025-07-01
2223.3,"Provision expense for bad debts from dividends, interest income and written off bad debts from dividends, interest income",2025-05-31,ytd,0,2025-06-02
2224,Expenses,2025-05-31,month,1757171577,2025-07-01
2224,Expenses,2025-05-31,ytd,9088897019,2025-06-02
2225,Management Fee paid to Fund Management Company,2025-05-31,month,1546311036,2025-07-01
2225,Management Fee paid to Fund Management Company,2025-05-31,ytd,7946134320,2025-06-02
2226,"Custody fee, Supervising fee paid to Supervising Bank/VSDC",2025-05-31,month,106990229,2025-07-01
2226,"Custody fee, Supervising fee paid to Supervising Bank/VSDC",2025-05-31,ytd,540630337,2025-06-02
2226.1,Custodian service - Safe Custody Fee,2025-05-31,month,47952960,2025-07-01
2226.1,Custodian service - Safe Custody Fee,2025-05-31,ytd,235639841,2025-06-02
2226.2,Custodian service - Transaction fee,2025-05-31,month,700000,2025-07-01
2226.2,Custodian service - Transaction fee,2025-05-31,ytd,6400000,2025-06-02
2226.3,"Custodian service -  Depository fee, Position and Margin management fee paid to VSDC",2025-05-31,month,1639198,2025-07-01
2226.3,"Custodian service -  Depository fee, Position and Margin management fee paid to VSDC",2025-05-31,ytd,7232238,2025-06-02
2226.4,Supervisory fee,2025-05-31,month,56698071,2025-07-01
2226.4,Supervisory fee,2025-05-31,ytd,291358258,2025-06-02
2227,"Fund Administration Fee, and other fees paid to relevant Fund's service providers",2025-05-31,month,53523554,2025-07-01
2227,"Fund Administration Fee, and other fees paid to relevant Fund's service providers",2025-05-31,ytd,273518695,2025-06-02
2227.1,Fund Administration Fee,2025-05-31,month,42523554,2025-07-01
2227.1,Fund Administration Fee,2025-05-31,ytd,218518695,2025-06-02
2227.2,Transfer Agency Fee,2025-05-31,month,11000000,2025-07-01
2227.2,Transfer Agency Fee,2025-05-31,ytd,55000000,2025-06-02
2228,Audit fee,2025-05-31,month,12425480,2025-07-01
2228,Audit fee,2025-05-31,ytd,60625473,2025-06-02
2229,"Legal consultancy expenses, price feed fee, other valid expenses, remuneration paid to Fund's Board of Representatives",2025-05-31,month,24412114,2025-07-01
2229,"Legal consultancy expenses, price feed fee, other valid expenses, remuneration paid to Fund's Board of Representatives",2025-05-31,ytd,100107668,2025-06-02
2229.1,Remuneration of Fund's Board of Representatives,2025-05-31,month,6509589,2025-07-01
2229.1,Remuneration of Fund's Board of Representatives,2025-05-31,ytd,32482192,2025-06-02
2229.2,Price feed fee,2025-05-31,month,12008242,2025-07-01
2229.2,Price feed fee,2025-05-31,ytd,58879121,2025-06-02
2229.3,Legal consultancy expenses,2025-05-31,month,5894283,2025-07-01
2229.3,Legal consultancy expenses,2025-05-31,ytd,8746355,2025-06-02
2230,"Fee for drafting, printing, distribution of prospectus, summarised prospectus, financial statements, transaction confirmations, account statements and other documents to investors; information disclosure fee; fee for organising annual general meeting, board of representatives meeting",2025-05-31,month,8011943,2025-07-01
2230,"Fee for drafting, printing, distribution of prospectus, summarised prospectus, financial statements, transaction confirmations, account statements and other documents to investors; information disclosure fee; fee for organising annual general meeting, board of representatives meeting",2025-05-31,ytd,21037241,2025-06-02
2230.1,Meeting expenses,2025-05-31,month,8011943,2025-07-01
2230.1,Meeting expenses,2025-05-31,ytd,21037241,2025-06-02
2230.2,Annual report expenses,2025-05-31,month,0,2025-07-01
2230.2,Annual report expenses,2025-05-31,ytd,0,2025-06-02
2230.3,"Fund's Board of Representatives meeting, travelling expenses",2025-05-31,month,0,2025-07-01
2230.3,"Fund's Board of Representatives meeting, travelling expenses",2025-05-31,ytd,0,2025-06-02
2230.4,Expenses of information disclosure of the Fund,2025-05-31,month,0,2025-07-01
2230.4,Expenses of information disclosure of the Fund,2025-05-31,ytd,0,2025-06-02
2230.5,"Designing, printing, posting... expenses",2025-05-31,month,0,2025-07-01
2230.5,"Designing, printing, posting... expenses",2025-05-31,ytd,0,2025-06-02
2231,Expenses related to execution of Fund’s asset transactions,2025-05-31,month,2896734,2025-07-01
2231,Expenses related to execution of Fund’s asset transactions,2025-05-31,ytd,125917245,2025-06-02
2231,Real Estate Management Service fee (not applicable),2025-05-31,month,0,2025-07-01
2231,Real Estate Management Service fee (not applicable),2025-05-31,ytd,0,2025-06-02
2231.1,Brokerage fee,2025-05-31,month,2646232,2025-07-01
2231.1,Brokerage fee,2025-05-31,ytd,124483744,2025-06-02
2231.2,Clearing settlement fee,2025-05-31,month,250502,2025-07-01
2231.2,Clearing settlement fee,2025-05-31,ytd,1433501,2025-06-02
2231.3,Other Expenses,2025-05-31,month,0,2025-07-01
2231.3,Other Expenses,2025-05-31,ytd,0,2025-06-02
2232,Other expenses,2025-05-31,month,2600487,2025-07-01
2232,Other expenses,2025-05-31,ytd,20926040,2025-06-02
2232,Real estate valuation service fees (not applicable),2025-05-31,month,0,2025-07-01
2232,Real estate valuation service fees (not applicable),2025-05-31,ytd,0,2025-06-02
2232.1,Set up Expenses,2025-05-31,month,0,2025-07-01
2232.1,Set up Expenses,2025-05-31,ytd,0,2025-06-02
2232.2,"Listing, registration fees",2025-05-31,month,0,2025-07-01
2232.2,"Listing, registration fees",2025-05-31,ytd,0,2025-06-02
2232.3,Annual management fee paid to SSC,2025-05-31,month,636987,2025-07-01
2232.3,Annual management fee paid to SSC,2025-05-31,ytd,3102740,2025-06-02
2232.4,Bank charges,2025-05-31,month,1963500,2025-07-01
2232.4,Bank charges,2025-05-31,ytd,16723300,2025-06-02
2232.5,Borrowing expense,2025-05-31,month,0,2025-07-01
2232.5,Borrowing expense,2025-05-31,ytd,0,2025-06-02
2232.6,Other Expenses,2025-05-31,month,0,2025-07-01
2232.6,Other Expenses,2025-05-31,ytd,0,2025-06-02
2232.7,Fee paid to VSDC for getting the list of investors,2025-05-31,month,0,2025-07-01
2232.7,Fee paid to VSDC for getting the list of investors,2025-05-31,ytd,1100000,2025-06-02
2233,Net Income from Investment Activities (= I - II),2025-05-31,month,8844338193,2025-07-01
2233,Net Income from Investment Activities (= I - II),2025-05-31,ytd,44515516908,2025-06-02
2234,Gain / (Loss) from Investment Activities,2025-05-31,month,-708905219,2025-07-01
2234,Gain / (Loss) from Investment Activities,2025-05-31,ytd,-1773120732,2025-06-02
2235,Realised Gain / (Loss) from disposal of investment or real estate transfer,2025-05-31,month,130790167,2025-07-01
2235,Realised Gain / (Loss) from disposal of investment or real estate transfer,2025-05-31,ytd,628929608,2025-06-02
2236,Unrealised Gain / (Loss) due to market price,2025-05-31,month,-839695386,2025-07-01
2236,Unrealised Gain / (Loss) due to market price,2025-05-31,ytd,-2402050340,2025-06-02
2237,Change of Net Asset Value of the Fund due to investment activities during the period (= III + IV),2025-05-31,month,8135432974,2025-07-01
2237,Change of Net Asset Value of the Fund due to investment activities during the period (= III + IV),2025-05-31,ytd,42742396176,2025-06-02
2238,Net Asset Value at the beginning of period,2025-05-31,month,1537885882818,2025-07-01
2238,Net Asset Value at the beginning of period,2025-05-31,ytd,1648574048482,2025-06-02
2239,"Change of Net Asset Value of the Fund during the period, of which",2025-05-31,month,10252810566,2025-07-01
2239,"Change of Net Asset Value of the Fund during the period, of which",2025-05-31,ytd,-100435355098,2025-06-02
2239.1,Change of Net Asset Value due to investment activities during the period,2025-05-31,month,8135432974,2025-07-01
2239.1,Change of Net Asset Value due to investment activities during the period,2025-05-31,ytd,42742396176,2025-06-02
2239.2,Change of Net Asset Value due to  dividends payment to investors during the period,2025-05-31,month,0,2025-07-01
2239.2,Change of Net Asset Value due to  dividends payment to investors during the period,2025-05-31,ytd,0,2025-06-02
2239.3,Change of Net Asset Value due to subscription/redemption during the period,2025-05-31,month,2117377592,2025-07-01
2239.3,Change of Net Asset Value due to subscription/redemption during the period,2025-05-31,ytd,-143177751274,2025-06-02
2239.3.1,Change of Net Asset Value due to subscription during the period,2025-05-31,month,202695894014,2025-07-01
2239.3.1,Change of Net Asset Value due to subscription during the period,2025-05-31,ytd,695083307915,2025-06-02
2239.3.2,Change of Net Asset Value due to redemption during the period,2025-05-31,month,-200578516422,2025-07-01
2239.3.2,Change of Net Asset Value due to redemption during the period,2025-05-31,ytd,-838261059189,2025-06-02
2243,Net Asset Value at the end of period,2025-05-31,month,1548138693384,2025-07-01
2243,Net Asset Value at the end of period,2025-05-31,ytd,1548138693384,2025-06-02
2244,Average annual profit (only applicable to annual report),2025-05-31,month,0,2025-07-01
2244,Average annual profit (only applicable to annual report),2025-05-31,ytd,0,2025-06-02
2245,Average annual rate of return (only applicable to annual report),2025-05-31,month,0,2025-07-01
2245,Average annual rate of return (only applicable to annual report),2025-05-31,ytd,0,2025-06-02
2220,Income from Investment Activities,2025-06-30,month,10554502964,2025-08-01
2220,Income from Investment Activities,2025-06-30,ytd,64158916891,2025-07-01
2221,"Dividend income, interest income from bonds",2025-06-30,month,8375912653,2025-08-01
2221,"Dividend income, interest income from bonds",2025-06-30,ytd,49149683875,2025-07-01
2221.1,Dividends income,2025-06-30,month,0,2025-08-01
2221.1,Dividends income,2025-06-30,ytd,0,2025-07-01
2221.2,Interest income from bonds,2025-06-30,month,8375912653,2025-08-01
2221.2,Interest income from bonds,2025-06-30,ytd,49149683875,2025-07-01
2222,Interest income,2025-06-30,month,2178590311,2025-08-01
2222,Interest income,2025-06-30,ytd,15009233016,2025-07-01
2222.1,Interest income from bank deposits,2025-06-30,month,898556066,2025-08-01
2222.1,Interest income from bank deposits,2025-06-30,ytd,6181815209,2025-07-01
2222.2,Interest income from Money market instruments,2025-06-30,month,1280034245,2025-08-01
2222.2,Interest income from Money market instruments,2025-06-30,ytd,8827417807,2025-07-01
2222.3,Interest income from reverse repo contracts,2025-06-30,month,0,2025-08-01
2222.3,Interest income from reverse repo contracts,2025-06-30,ytd,0,2025-07-01
2223,Income from rental property (not applicable),2025-06-30,month,0,2025-08-01
2223,Income from rental property (not applicable),2025-06-30,ytd,0,2025-07-01
2223,Other incomes,2025-06-30,month,0,2025-08-01
2223,Other incomes,2025-06-30,ytd,0,2025-07-01
2223.1,Other investment incomes,2025-06-30,month,0,2025-08-01
2223.1,Other investment incomes,2025-06-30,ytd,0,2025-07-01
2223.2,Other incomes,2025-06-30,month,0,2025-08-01
2223.2,Other incomes,2025-06-30,ytd,0,2025-07-01
2223.3,"Provision expense for bad debts from dividends, interest income and written off bad debts from dividends, interest income",2025-06-30,month,0,2025-08-01
2223.3,"Provision expense for bad debts from dividends, interest income and written off bad debts from dividends, interest income",2025-06-30,ytd,0,2025-07-01
2224,Expenses,2025-06-30,month,1797626411,2025-08-01
2224,Expenses,2025-06-30,ytd,10886523430,2025-07-01
2225,Management Fee paid to Fund Management Company,2025-06-30,month,1558832944,2025-08-01
2225,Management Fee paid to Fund Management Company,2025-06-30,ytd,9504967264,2025-07-01
2226,"Custody fee, Supervising fee paid to Supervising Bank/VSDC",2025-06-30,month,104741783,2025-08-01
2226,"Custody fee, Supervising fee paid to Supervising Bank/VSDC",2025-06-30,ytd,645372120,2025-07-01
2226.1,Custodian service - Safe Custody Fee,2025-06-30,month,45631348,2025-08-01
2226.1,Custodian service - Safe Custody Fee,2025-06-30,ytd,281271189,2025-07-01
2226.2,Custodian service - Transaction fee,2025-06-30,month,300000,2025-08-01
2226.2,Custodian service - Transaction fee,2025-06-30,ytd,6700000,2025-07-01
2226.3,"Custodian service -  Depository fee, Position and Margin management fee paid to VSDC",2025-06-30,month,1445311,2025-08-01
2226.3,"Custodian service -  Depository fee, Position and Margin management fee paid to VSDC",2025-06-30,ytd,8677549,2025-07-01
2226.4,Supervisory fee,2025-06-30,month,57365124,2025-08-01
2226.4,Supervisory fee,2025-06-30,ytd,348723382,2025-07-01
2227,"Fund Administration Fee, and other fees paid to relevant Fund's service providers",2025-06-30,month,54023843,2025-08-01
2227,"Fund Administration Fee, and other fees paid to relevant Fund's service providers",2025-06-30,ytd,327542538,2025-07-01
2227.1,Fund Administration Fee,2025-06-30,month,43023843,2025-08-01
2227.1,Fund Administration Fee,2025-06-30,ytd,261542538,2025-07-01
2227.2,Transfer Agency Fee,2025-06-30,month,11000000,2025-08-01
2227.2,Transfer Agency Fee,2025-06-30,ytd,66000000,2025-07-01
2228,Audit fee,2025-06-30,month,13265683,2025-08-01
2228,Audit fee,2025-06-30,ytd,73891156,2025-07-01
2229,"Legal consultancy expenses, price feed fee, other valid expenses, remuneration paid to Fund's Board of Representatives",2025-06-30,month,41420174,2025-08-01
2229,"Legal consultancy expenses, price feed fee, other valid expenses, remuneration paid to Fund's Board of Representatives",2025-06-30,ytd,141527842,2025-07-01
2229.1,Remuneration of Fund's Board of Representatives,2025-06-30,month,24095150,2025-08-01
2229.1,Remuneration of Fund's Board of Representatives,2025-06-30,ytd,56577342,2025-07-01
2229.2,Price feed fee,2025-06-30,month,11620879,2025-08-01
2229.2,Price feed fee,2025-06-30,ytd,70500000,2025-07-01
2229.3,Legal consultancy expenses,2025-06-30,month,5704145,2025-08-01
2229.3,Legal consultancy expenses,2025-06-30,ytd,14450500,2025-07-01
2230,"Fee for drafting, printing, distribution of prospectus, summarised prospectus, financial statements, transaction confirmations, account statements and other documents to investors; information disclosure fee; fee for organising annual general meeting, board of representatives meeting",2025-06-30,month,4099221,2025-08-01
2230,"Fee for drafting, printing, distribution of prospectus, summarised prospectus, financial statements, transaction confirmations, account statements and other documents to investors; information disclosure fee; fee for organising annual general meeting, board of representatives meeting",2025-06-30,ytd,25136462,2025-07-01
2230.1,Meeting expenses,2025-06-30,month,4099221,2025-08-01
2230.1,Meeting expenses,2025-06-30,ytd,25136462,2025-07-01
2230.2,Annual report expenses,2025-06-30,month,0,2025-08-01
2230.2,Annual report expenses,2025-06-30,ytd,0,2025-07-01
2230.3,"Fund's Board of Representatives meeting, travelling expenses",2025-06-30,month,0,2025-08-01
2230.3,"Fund's Board of Representatives meeting, travelling expenses",2025-06-30,ytd,0,2025-07-01
2230.4,Expenses of information disclosure of the Fund,2025-06-30,month,0,2025-08-01
2230.4,Expenses of information disclosure of the Fund,2025-06-30,ytd,0,2025-07-01
2230.5,"Designing, printing, posting... expenses",2025-06-30,month,0,2025-08-01
2230.5,"Designing, printing, posting... expenses",2025-06-30,ytd,0,2025-07-01
2231,Expenses related to execution of Fund’s asset transactions,2025-06-30,month,15836925,2025-08-01
2231,Expenses related to execution of Fund’s asset transactions,2025-06-30,ytd,141754170,2025-07-01
2231,Real Estate Management Service fee (not applicable),2025-06-30,month,0,2025-08-01
2231,Real Estate Management Service fee (not applicable),2025-06-30,ytd,0,2025-07-01
2231.1,Brokerage fee,2025-06-30,month,15821925,2025-08-01
2231.1,Brokerage fee,2025-06-30,ytd,140305669,2025-07-01
2231.2,Clearing settlement fee,2025-06-30,month,15000,2025-08-01
2231.2,Clearing settlement fee,2025-06-30,ytd,1448501,2025-07-01
2231.3,Other Expenses,2025-06-30,month,0,2025-08-01
2231.3,Other Expenses,2025-06-30,ytd,0,2025-07-01
2232,Other expenses,2025-06-30,month,5405838,2025-08-01
2232,Other expenses,2025-06-30,ytd,26331878,2025-07-01
2232,Real estate valuation service fees (not applicable),2025-06-30,month,0,2025-08-01
2232,Real estate valuation service fees (not applicable),2025-06-30,ytd,0,2025-07-01
2232.1,Set up Expenses,2025-06-30,month,0,2025-08-01
2232.1,Set up Expenses,2025-06-30,ytd,0,2025-07-01
2232.2,"Listing, registration fees",2025-06-30,month,0,2025-08-01
2232.2,"Listing, registration fees",2025-06-30,ytd,0,2025-07-01
2232.3,Annual management fee paid to SSC,2025-06-30,month,616438,2025-08-01
2232.3,Annual management fee paid to SSC,2025-06-30,ytd,3719178,2025-07-01
2232.4,Bank charges,2025-06-30,month,4789400,2025-08-01
2232.4,Bank charges,2025-06-30,ytd,21512700,2025-07-01
2232.5,Borrowing expense,2025-06-30,month,0,2025-08-01
2232.5,Borrowing expense,2025-06-30,ytd,0,2025-07-01
2232.6,Other Expenses,2025-06-30,month,0,2025-08-01
2232.6,Other Expenses,2025-06-30,ytd,0,2025-07-01
2232.7,Fee paid to VSDC for getting the list of investors,2025-06-30,month,0,2025-08-01
2232.7,Fee paid to VSDC for getting the list of investors,2025-06-30,ytd,1100000,2025-07-01
2233,Net Income from Investment Activities (= I - II),2025-06-30,month,8756876553,2025-08-01
2233,Net Income from Investment Activities (= I - II),2025-06-30,ytd,53272393461,2025-07-01
2234,Gain / (Loss) from Investment Activities,2025-06-30,month,413242833,2025-08-01
2234,Gain / (Loss) from Investment Activities,2025-06-30,ytd,-1359877899,2025-07-01
2235,Realised Gain / (Loss) from disposal of investment or real estate transfer,2025-06-30,month,0,2025-08-01
2235,Realised Gain / (Loss) from disposal of investment or real estate transfer,2025-06-30,ytd,628929608,2025-07-01
2236,Unrealised Gain / (Loss) due to market price,2025-06-30,month,413242833,2025-08-01
2236,Unrealised Gain / (Loss) due to market price,2025-06-30,ytd,-1988807507,2025-07-01
2237,Change of Net Asset Value of the Fund due to investment activities during the period (= III + IV),2025-06-30,month,9170119386,2025-08-01
2237,Change of Net Asset Value of the Fund due to investment activities during the period (= III + IV),2025-06-30,ytd,51912515562,2025-07-01
2238,Net Asset Value at the beginning of period,2025-06-30,month,1548138693384,2025-08-01
2238,Net Asset Value at the beginning of period,2025-06-30,ytd,1648574048482,2025-07-01
2239,"Change of Net Asset Value of the Fund during the period, of which",2025-06-30,month,66479405858,2025-08-01
2239,"Change of Net Asset Value of the Fund during the period, of which",2025-06-30,ytd,-33955949240,2025-07-01
2239.1,Change of Net Asset Value due to investment activities during the period,2025-06-30,month,9170119386,2025-08-01
2239.1,Change of Net Asset Value due to investment activities during the period,2025-06-30,ytd,51912515562,2025-07-01
2239.2,Change of Net Asset Value due to  dividends payment to investors during the period,2025-06-30,month,0,2025-08-01
2239.2,Change of Net Asset Value due to  dividends payment to investors during the period,2025-06-30,ytd,0,2025-07-01
2239.3,Change of Net Asset Value due to subscription/redemption during the period,2025-06-30,month,57309286472,2025-08-01
2239.3,Change of Net Asset Value due to subscription/redemption during the period,2025-06-30,ytd,-85868464802,2025-07-01
2239.3.1,Change of Net Asset Value due to subscription during the period,2025-06-30,month,134877741811,2025-08-01
2239.3.1,Change of Net Asset Value due to subscription during the period,2025-06-30,ytd,829961049726,2025-07-01
2239.3.2,Change of Net Asset Value due to redemption during the period,2025-06-30,month,-77568455339,2025-08-01
2239.3.2,Change of Net Asset Value due to redemption during the period,2025-06-30,ytd,-915829514528,2025-07-01
2243,Net Asset Value at the end of period,2025-06-30,month,1614618099242,2025-08-01
2243,Net Asset Value at the end of period,2025-06-30,ytd,1614618099242,2025-07-01
2244,Average annual profit (only applicable to annual report),2025-06-30,month,0,2025-08-01
2244,Average annual profit (only applicable to annual report),2025-06-30,ytd,0,2025-07-01
2245,Average annual rate of return (only applicable to annual report),2025-06-30,month,0,2025-08-01
2245,Average annual rate of return (only applicable to annual report),2025-06-30,ytd,0,2025-07-01
2220,Income from Investment Activities,2025-07-31,month,11647292099,2025-09-03
2220,Income from Investment Activities,2025-07-31,ytd,75806208990,2025-08-01
2221,"Dividend income, interest income from bonds",2025-07-31,month,9064475367,2025-09-03
2221,"Dividend income, interest income from bonds",2025-07-31,ytd,58214159242,2025-08-01
2221.1,Dividends income,2025-07-31,month,0,2025-09-03
2221.1,Dividends income,2025-07-31,ytd,0,2025-08-01
2221.2,Interest income from bonds,2025-07-31,month,9064475367,2025-09-03
2221.2,Interest income from bonds,2025-07-31,ytd,58214159242,2025-08-01
2222,Interest income,2025-07-31,month,2582816732,2025-09-03
2222,Interest income,2025-07-31,ytd,17592049748,2025-08-01
2222.1,Interest income from bank deposits,2025-07-31,month,1219922896,2025-09-03
2222.1,Interest income from bank deposits,2025-07-31,ytd,7401738105,2025-08-01
2222.2,Interest income from Money market instruments,2025-07-31,month,1362893836,2025-09-03
2222.2,Interest income from Money market instruments,2025-07-31,ytd,10190311643,2025-08-01
2222.3,Interest income from reverse repo contracts,2025-07-31,month,0,2025-09-03
2222.3,Interest income from reverse repo contracts,2025-07-31,ytd,0,2025-08-01
2223,Income from rental property (not applicable),2025-07-31,month,0,2025-09-03
2223,Income from rental property (not applicable),2025-07-31,ytd,0,2025-08-01
2223,Other incomes,2025-07-31,month,0,2025-09-03
2223,Other incomes,2025-07-31,ytd,0,2025-08-01
2223.1,Other investment incomes,2025-07-31,month,0,2025-09-03
2223.1,Other investment incomes,2025-07-31,ytd,0,2025-08-01
2223.2,Other incomes,2025-07-31,month,0,2025-09-03
2223.2,Other incomes,2025-07-31,ytd,0,2025-08-01
2223.3,"Provision expense for bad debts from dividends, interest income and written off bad debts from dividends, interest income",2025-07-31,month,0,2025-09-03
2223.3,"Provision expense for bad debts from dividends, interest income and written off bad debts from dividends, interest income",2025-07-31,ytd,0,2025-08-01
2224,Expenses,2025-07-31,month,1991182134,2025-09-03
2224,Expenses,2025-07-31,ytd,12877705564,2025-08-01
2225,Management Fee paid to Fund Management Company,2025-07-31,month,1745010771,2025-09-03
2225,Management Fee paid to Fund Management Company,2025-07-31,ytd,11249978035,2025-08-01
2226,"Custody fee, Supervising fee paid to Supervising Bank/VSDC",2025-07-31,month,121765578,2025-09-03
2226,"Custody fee, Supervising fee paid to Supervising Bank/VSDC",2025-07-31,ytd,767137698,2025-08-01
2226.1,Custodian service - Safe Custody Fee,2025-07-31,month,55648832,2025-09-03
2226.1,Custodian service - Safe Custody Fee,2025-07-31,ytd,336920021,2025-08-01
2226.2,Custodian service - Transaction fee,2025-07-31,month,630000,2025-09-03
2226.2,Custodian service - Transaction fee,2025-07-31,ytd,7330000,2025-08-01
2226.3,"Custodian service -  Depository fee, Position and Margin management fee paid to VSDC",2025-07-31,month,1503018,2025-09-03
2226.3,"Custodian service -  Depository fee, Position and Margin management fee paid to VSDC",2025-07-31,ytd,10180567,2025-08-01
2226.4,Supervisory fee,2025-07-31,month,63983728,2025-09-03
2226.4,Supervisory fee,2025-07-31,ytd,412707110,2025-08-01
2227,"Fund Administration Fee, and other fees paid to relevant Fund's service providers",2025-07-31,month,58987797,2025-09-03
2227,"Fund Administration Fee, and other fees paid to relevant Fund's service providers",2025-07-31,ytd,386530335,2025-08-01
2227.1,Fund Administration Fee,2025-07-31,month,47987797,2025-09-03
2227.1,Fund Administration Fee,2025-07-31,ytd,309530335,2025-08-01
2227.2,Transfer Agency Fee,2025-07-31,month,11000000,2025-09-03
2227.2,Transfer Agency Fee,2025-07-31,ytd,77000000,2025-08-01
2228,Audit fee,2025-07-31,month,15922915,2025-09-03
2228,Audit fee,2025-07-31,ytd,89814071,2025-08-01
2229,"Legal consultancy expenses, price feed fee, other valid expenses, remuneration paid to Fund's Board of Representatives",2025-07-31,month,24281589,2025-09-03
2229,"Legal consultancy expenses, price feed fee, other valid expenses, remuneration paid to Fund's Board of Representatives",2025-07-31,ytd,165809431,2025-08-01
2229.1,Remuneration of Fund's Board of Representatives,2025-07-31,month,6509590,2025-09-03
2229.1,Remuneration of Fund's Board of Representatives,2025-07-31,ytd,63086932,2025-08-01
2229.2,Price feed fee,2025-07-31,month,11877717,2025-09-03
2229.2,Price feed fee,2025-07-31,ytd,82377717,2025-08-01
2229.3,Legal consultancy expenses,2025-07-31,month,5894282,2025-09-03
2229.3,Legal consultancy expenses,2025-07-31,ytd,20344782,2025-08-01
2230,"Fee for drafting, printing, distribution of prospectus, summarised prospectus, financial statements, transaction confirmations, account statements and other documents to investors; information disclosure fee; fee for organising annual general meeting, board of representatives meeting",2025-07-31,month,5683793,2025-09-03
2230,"Fee for drafting, printing, distribution of prospectus, summarised prospectus, financial statements, transaction confirmations, account statements and other documents to investors; information disclosure fee; fee for organising annual general meeting, board of representatives meeting",2025-07-31,ytd,30820255,2025-08-01
2230.1,Meeting expenses,2025-07-31,month,5683793,2025-09-03
2230.1,Meeting expenses,2025-07-31,ytd,30820255,2025-08-01
2230.2,Annual report expenses,2025-07-31,month,0,2025-09-03
2230.2,Annual report expenses,2025-07-31,ytd,0,2025-08-01
2230.3,"Fund's Board of Representatives meeting, travelling expenses",2025-07-31,month,0,2025-09-03
2230.3,"Fund's Board of Representatives meeting, travelling expenses",2025-07-31,ytd,0,2025-08-01
2230.4,Expenses of information disclosure of the Fund,2025-07-31,month,0,2025-09-03
2230.4,Expenses of information disclosure of the Fund,2025-07-31,ytd,0,2025-08-01
2230.5,"Designing, printing, posting... expenses",2025-07-31,month,0,2025-09-03
2230.5,"Designing, printing, posting... expenses",2025-07-31,ytd,0,2025-08-01
2231,Expenses related to execution of Fund’s asset transactions,2025-07-31,month,14138505,2025-09-03
2231,Expenses related to execution of Fund’s asset transactions,2025-07-31,ytd,155892675,2025-08-01
2231,Real Estate Management Service fee (not applicable),2025-07-31,month,0,2025-09-03
2231,Real Estate Management Service fee (not applicable),2025-07-31,ytd,0,2025-08-01
2231.1,Brokerage fee,2025-07-31,month,14138505,2025-09-03
2231.1,Brokerage fee,2025-07-31,ytd,154444174,2025-08-01
2231.2,Clearing settlement fee,2025-07-31,month,0,2025-09-03
2231.2,Clearing settlement fee,2025-07-31,ytd,1448501,2025-08-01
2231.3,Other Expenses,2025-07-31,month,0,2025-09-03
2231.3,Other Expenses,2025-07-31,ytd,0,2025-08-01
2232,Other expenses,2025-07-31,month,5391186,2025-09-03
2232,Other expenses,2025-07-31,ytd,31723064,2025-08-01
2232,Real estate valuation service fees (not applicable),2025-07-31,month,0,2025-09-03
2232,Real estate valuation service fees (not applicable),2025-07-31,ytd,0,2025-08-01
2232.1,Set up Expenses,2025-07-31,month,0,2025-09-03
2232.1,Set up Expenses,2025-07-31,ytd,0,2025-08-01
2232.2,"Listing, registration fees",2025-07-31,month,0,2025-09-03
2232.2,"Listing, registration fees",2025-07-31,ytd,0,2025-08-01
2232.3,Annual management fee paid to SSC,2025-07-31,month,636986,2025-09-03
2232.3,Annual management fee paid to SSC,2025-07-31,ytd,4356164,2025-08-01
2232.4,Bank charges,2025-07-31,month,4754200,2025-09-03
2232.4,Bank charges,2025-07-31,ytd,26266900,2025-08-01
2232.5,Borrowing expense,2025-07-31,month,0,2025-09-03
2232.5,Borrowing expense,2025-07-31,ytd,0,2025-08-01
2232.6,Other Expenses,2025-07-31,month,0,2025-09-03
2232.6,Other Expenses,2025-07-31,ytd,0,2025-08-01
2232.7,Fee paid to VSDC for getting the list of investors,2025-07-31,month,0,2025-09-03
2232.7,Fee paid to VSDC for getting the list of investors,2025-07-31,ytd,1100000,2025-08-01
2233,Net Income from Investment Activities (= I - II),2025-07-31,month,9656109965,2025-09-03
2233,Net Income from Investment Activities (= I - II),2025-07-31,ytd,62928503426,2025-08-01
2234,Gain / (Loss) from Investment Activities,2025-07-31,month,836854891,2025-09-03
2234,Gain / (Loss) from Investment Activities,2025-07-31,ytd,-523023008,2025-08-01
2235,Realised Gain / (Loss) from disposal of investment or real estate transfer,2025-07-31,month,39676488,2025-09-03
2235,Realised Gain / (Loss) from disposal of investment or real estate transfer,2025-07-31,ytd,668606096,2025-08-01
2236,Unrealised Gain / (Loss) due to market price,2025-07-31,month,797178403,2025-09-03
2236,Unrealised Gain / (Loss) due to market price,2025-07-31,ytd,-1191629104,2025-08-01
2237,Change of Net Asset Value of the Fund due to investment activities during the period (= III + IV),2025-07-31,month,10492964856,2025-09-03
2237,Change of Net Asset Value of the Fund due to investment activities during the period (= III + IV),2025-07-31,ytd,62405480418,2025-08-01
2238,Net Asset Value at the beginning of period,2025-07-31,month,1614618099242,2025-09-03
2238,Net Asset Value at the beginning of period,2025-07-31,ytd,1648574048482,2025-08-01
2239,"Change of Net Asset Value of the Fund during the period, of which",2025-07-31,month,142105421196,2025-09-03
2239,"Change of Net Asset Value of the Fund during the period, of which",2025-07-31,ytd,108149471956,2025-08-01
2239.1,Change of Net Asset Value due to investment activities during the period,2025-07-31,month,10492964856,2025-09-03
2239.1,Change of Net Asset Value due to investment activities during the period,2025-07-31,ytd,62405480418,2025-08-01
2239.2,Change of Net Asset Value due to  dividends payment to investors during the period,2025-07-31,month,0,2025-09-03
2239.2,Change of Net Asset Value due to  dividends payment to investors during the period,2025-07-31,ytd,0,2025-08-01
2239.3,Change of Net Asset Value due to subscription/redemption during the period,2025-07-31,month,131612456340,2025-09-03
2239.3,Change of Net Asset Value due to subscription/redemption during the period,2025-07-31,ytd,45743991538,2025-08-01
2239.3.1,Change of Net Asset Value due to subscription during the period,2025-07-31,month,287626957156,2025-09-03
2239.3.1,Change of Net Asset Value due to subscription during the period,2025-07-31,ytd,1117588006882,2025-08-01
2239.3.2,Change of Net Asset Value due to redemption during the period,2025-07-31,month,-156014500816,2025-09-03
2239.3.2,Change of Net Asset Value due to redemption during the period,2025-07-31,ytd,-1071844015344,2025-08-01
2243,Net Asset Value at the end of period,2025-07-31,month,1756723520438,2025-09-03
2243,Net Asset Value at the end of period,2025-07-31,ytd,1756723520438,2025-08-01
2244,Average annual profit (only applicable to annual report),2025-07-31,month,0,2025-09-03
2244,Average annual profit (only applicable to annual report),2025-07-31,ytd,0,2025-08-01
2245,Average annual rate of return (only applicable to annual report),2025-07-31,month,0,2025-09-03
2245,Average annual rate of return (only applicable to annual report),2025-07-31,ytd,0,2025-08-01
2220,Income from Investment Activities,2025-08-31,month,12304412415,2025-10-01
2220,Income from Investment Activities,2025-08-31,ytd,88110621405,2025-09-03
2221,"Dividend income, interest income from bonds",2025-08-31,month,9187117687,2025-10-01
2221,"Dividend income, interest income from bonds",2025-08-31,ytd,67401276929,2025-09-03
2221.1,Dividends income,2025-08-31,month,0,2025-10-01
2221.1,Dividends income,2025-08-31,ytd,0,2025-09-03
2221.2,Interest income from bonds,2025-08-31,month,9187117687,2025-10-01
2221.2,Interest income from bonds,2025-08-31,ytd,67401276929,2025-09-03
2222,Interest income,2025-08-31,month,3117294728,2025-10-01
2222,Interest income,2025-08-31,ytd,20709344476,2025-09-03
2222.1,Interest income from bank deposits,2025-08-31,month,1327721385,2025-10-01
2222.1,Interest income from bank deposits,2025-08-31,ytd,8729459490,2025-09-03
2222.2,Interest income from Money market instruments,2025-08-31,month,1789573343,2025-10-01
2222.2,Interest income from Money market instruments,2025-08-31,ytd,11979884986,2025-09-03
2222.3,Interest income from reverse repo contracts,2025-08-31,month,0,2025-10-01
2222.3,Interest income from reverse repo contracts,2025-08-31,ytd,0,2025-09-03
2223,Income from rental property (not applicable),2025-08-31,month,0,2025-10-01
2223,Income from rental property (not applicable),2025-08-31,ytd,0,2025-09-03
2223,Other incomes,2025-08-31,month,0,2025-10-01
2223,Other incomes,2025-08-31,ytd,0,2025-09-03
2223.1,Other investment incomes,2025-08-31,month,0,2025-10-01
2223.1,Other investment incomes,2025-08-31,ytd,0,2025-09-03
2223.2,Other incomes,2025-08-31,month,0,2025-10-01
2223.2,Other incomes,2025-08-31,ytd,0,2025-09-03
2223.3,"Provision expense for bad debts from dividends, interest income and written off bad debts from dividends, interest income",2025-08-31,month,0,2025-10-01
2223.3,"Provision expense for bad debts from dividends, interest income and written off bad debts from dividends, interest income",2025-08-31,ytd,0,2025-09-03
2224,Expenses,2025-08-31,month,2145291715,2025-10-01
2224,Expenses,2025-08-31,ytd,15022997279,2025-09-03
2225,Management Fee paid to Fund Management Company,2025-08-31,month,1870727311,2025-10-01
2225,Management Fee paid to Fund Management Company,2025-08-31,ytd,13120705346,2025-09-03
2226,"Custody fee, Supervising fee paid to Supervising Bank/VSDC",2025-08-31,month,125545393,2025-10-01
2226,"Custody fee, Supervising fee paid to Supervising Bank/VSDC",2025-08-31,ytd,892683091,2025-09-03
2226.1,Custodian service - Safe Custody Fee,2025-08-31,month,54562881,2025-10-01
2226.1,Custodian service - Safe Custody Fee,2025-08-31,ytd,391482902,2025-09-03
2226.2,Custodian service - Transaction fee,2025-08-31,month,810000,2025-10-01
2226.2,Custodian service - Transaction fee,2025-08-31,ytd,8140000,2025-09-03
2226.3,"Custodian service -  Depository fee, Position and Margin management fee paid to VSDC",2025-08-31,month,1579179,2025-10-01
2226.3,"Custodian service -  Depository fee, Position and Margin management fee paid to VSDC",2025-08-31,ytd,11759746,2025-09-03
2226.4,Supervisory fee,2025-08-31,month,68593333,2025-10-01
2226.4,Supervisory fee,2025-08-31,ytd,481300443,2025-09-03
2227,"Fund Administration Fee, and other fees paid to relevant Fund's service providers",2025-08-31,month,62445001,2025-10-01
2227,"Fund Administration Fee, and other fees paid to relevant Fund's service providers",2025-08-31,ytd,448975336,2025-09-03
2227.1,Fund Administration Fee,2025-08-31,month,51445001,2025-10-01
2227.1,Fund Administration Fee,2025-08-31,ytd,360975336,2025-09-03
2227.2,Transfer Agency Fee,2025-08-31,month,11000000,2025-10-01
2227.2,Transfer Agency Fee,2025-08-31,ytd,88000000,2025-09-03
2228,Audit fee,2025-08-31,month,15922915,2025-10-01
2228,Audit fee,2025-08-31,ytd,105736986,2025-09-03
2229,"Legal consultancy expenses, price feed fee, other valid expenses, remuneration paid to Fund's Board of Representatives",2025-08-31,month,24281590,2025-10-01
2229,"Legal consultancy expenses, price feed fee, other valid expenses, remuneration paid to Fund's Board of Representatives",2025-08-31,ytd,190091021,2025-09-03
2229.1,Remuneration of Fund's Board of Representatives,2025-08-31,month,6509589,2025-10-01
2229.1,Remuneration of Fund's Board of Representatives,2025-08-31,ytd,69596521,2025-09-03
2229.2,Price feed fee,2025-08-31,month,11877718,2025-10-01
2229.2,Price feed fee,2025-08-31,ytd,94255435,2025-09-03
2229.3,Legal consultancy expenses,2025-08-31,month,5894283,2025-10-01
2229.3,Legal consultancy expenses,2025-08-31,ytd,26239065,2025-09-03
2230,"Fee for drafting, printing, distribution of prospectus, summarised prospectus, financial statements, transaction confirmations, account statements and other documents to investors; information disclosure fee; fee for organising annual general meeting, board of representatives meeting",2025-08-31,month,10234468,2025-10-01
2230,"Fee for drafting, printing, distribution of prospectus, summarised prospectus, financial statements, transaction confirmations, account statements and other documents to investors; information disclosure fee; fee for organising annual general meeting, board of representatives meeting",2025-08-31,ytd,41054723,2025-09-03
2230.1,Meeting expenses,2025-08-31,month,10234468,2025-10-01
2230.1,Meeting expenses,2025-08-31,ytd,41054723,2025-09-03
2230.2,Annual report expenses,2025-08-31,month,0,2025-10-01
2230.2,Annual report expenses,2025-08-31,ytd,0,2025-09-03
2230.3,"Fund's Board of Representatives meeting, travelling expenses",2025-08-31,month,0,2025-10-01
2230.3,"Fund's Board of Representatives meeting, travelling expenses",2025-08-31,ytd,0,2025-09-03
2230.4,Expenses of information disclosure of the Fund,2025-08-31,month,0,2025-10-01
2230.4,Expenses of information disclosure of the Fund,2025-08-31,ytd,0,2025-09-03
2230.5,"Designing, printing, posting... expenses",2025-08-31,month,0,2025-10-01
2230.5,"Designing, printing, posting... expenses",2025-08-31,ytd,0,2025-09-03
2231,Expenses related to execution of Fund’s asset transactions,2025-08-31,month,30234550,2025-10-01
2231,Expenses related to execution of Fund’s asset transactions,2025-08-31,ytd,186127225,2025-09-03
2231,Real Estate Management Service fee (not applicable),2025-08-31,month,0,2025-10-01
2231,Real Estate Management Service fee (not applicable),2025-08-31,ytd,0,2025-09-03
2231.1,Brokerage fee,2025-08-31,month,30234550,2025-10-01
2231.1,Brokerage fee,2025-08-31,ytd,184678724,2025-09-03
2231.2,Clearing settlement fee,2025-08-31,month,0,2025-10-01
2231.2,Clearing settlement fee,2025-08-31,ytd,1448501,2025-09-03
2231.3,Other Expenses,2025-08-31,month,0,2025-10-01
2231.3,Other Expenses,2025-08-31,ytd,0,2025-09-03
2232,Other expenses,2025-08-31,month,5900487,2025-10-01
2232,Other expenses,2025-08-31,ytd,37623551,2025-09-03
2232,Real estate valuation service fees (not applicable),2025-08-31,month,0,2025-10-01
2232,Real estate valuation service fees (not applicable),2025-08-31,ytd,0,2025-09-03
2232.1,Set up Expenses,2025-08-31,month,0,2025-10-01
2232.1,Set up Expenses,2025-08-31,ytd,0,2025-09-03
2232.2,"Listing, registration fees",2025-08-31,month,0,2025-10-01
2232.2,"Listing, registration fees",2025-08-31,ytd,0,2025-09-03
2232.3,Annual management fee paid to SSC,2025-08-31,month,636987,2025-10-01
2232.3,Annual management fee paid to SSC,2025-08-31,ytd,4993151,2025-09-03
2232.4,Bank charges,2025-08-31,month,5263500,2025-10-01
2232.4,Bank charges,2025-08-31,ytd,31530400,2025-09-03
2232.5,Borrowing expense,2025-08-31,month,0,2025-10-01
2232.5,Borrowing expense,2025-08-31,ytd,0,2025-09-03
2232.6,Other Expenses,2025-08-31,month,0,2025-10-01
2232.6,Other Expenses,2025-08-31,ytd,0,2025-09-03
2232.7,Fee paid to VSDC for getting the list of investors,2025-08-31,month,0,2025-10-01
2232.7,Fee paid to VSDC for getting the list of investors,2025-08-31,ytd,1100000,2025-09-03
2233,Net Income from Investment Activities (= I - II),2025-08-31,month,10159120700,2025-10-01
2233,Net Income from Investment Activities (= I - II),2025-08-31,ytd,73087624126,2025-09-03
2234,Gain / (Loss) from Investment Activities,2025-08-31,month,-1300536169,2025-10-01
2234,Gain / (Loss) from Investment Activities,2025-08-31,ytd,-1823559177,2025-09-03
2235,Realised Gain / (Loss) from disposal of investment or real estate transfer,2025-08-31,month,456374607,2025-10-01
2235,Realised Gain / (Loss) from disposal of investment or real estate transfer,2025-08-31,ytd,1124980703,2025-09-03
2236,Unrealised Gain / (Loss) due to market price,2025-08-31,month,-1756910776,2025-10-01
2236,Unrealised Gain / (Loss) due to market price,2025-08-31,ytd,-2948539880,2025-09-03
2237,Change of Net Asset Value of the Fund due to investment activities during the period (= III + IV),2025-08-31,month,8858584531,2025-10-01
2237,Change of Net Asset Value of the Fund due to investment activities during the period (= III + IV),2025-08-31,ytd,71264064949,2025-09-03
2238,Net Asset Value at the beginning of period,2025-08-31,month,1756723520438,2025-10-01
2238,Net Asset Value at the beginning of period,2025-08-31,ytd,1648574048482,2025-09-03
2239,"Change of Net Asset Value of the Fund during the period, of which",2025-08-31,month,136653150980,2025-10-01
2239,"Change of Net Asset Value of the Fund during the period, of which",2025-08-31,ytd,244802622936,2025-09-03
2239.1,Change of Net Asset Value due to investment activities during the period,2025-08-31,month,8858584531,2025-10-01
2239.1,Change of Net Asset Value due to investment activities during the period,2025-08-31,ytd,71264064949,2025-09-03
2239.2,Change of Net Asset Value due to  dividends payment to investors during the period,2025-08-31,month,0,2025-10-01
2239.2,Change of Net Asset Value due to  dividends payment to investors during the period,2025-08-31,ytd,0,2025-09-03
2239.3,Change of Net Asset Value due to subscription/redemption during the period,2025-08-31,month,127794566449,2025-10-01
2239.3,Change of Net Asset Value due to subscription/redemption during the period,2025-08-31,ytd,173538557987,2025-09-03
2239.3.1,Change of Net Asset Value due to subscription during the period,2025-08-31,month,196798701720,2025-10-01
2239.3.1,Change of Net Asset Value due to subscription during the period,2025-08-31,ytd,1314386708602,2025-09-03
2239.3.2,Change of Net Asset Value due to redemption during the period,2025-08-31,month,-69004135271,2025-10-01
2239.3.2,Change of Net Asset Value due to redemption during the period,2025-08-31,ytd,-1140848150615,2025-09-03
2243,Net Asset Value at the end of period,2025-08-31,month,1893376671418,2025-10-01
2243,Net Asset Value at the end of period,2025-08-31,ytd,1893376671418,2025-09-03
2244,Average annual profit (only applicable to annual report),2025-08-31,month,0,2025-10-01
2244,Average annual profit (only applicable to annual report),2025-08-31,ytd,0,2025-09-03
2245,Average annual rate of return (only applicable to annual report),2025-08-31,month,0,2025-10-01
2245,Average annual rate of return (only applicable to annual report),2025-08-31,ytd,0,2025-09-03
2220,Income from Investment Activities,2025-09-30,month,12273094455,2025-11-03
2220,Income from Investment Activities,2025-09-30,ytd,100383715860,2025-10-01
2221,"Dividend income, interest income from bonds",2025-09-30,month,8427947846,2025-11-03
2221,"Dividend income, interest income from bonds",2025-09-30,ytd,75829224775,2025-10-01
2221.1,Dividends income,2025-09-30,month,0,2025-11-03
2221.1,Dividends income,2025-09-30,ytd,0,2025-10-01
2221.2,Interest income from bonds,2025-09-30,month,8427947846,2025-11-03
2221.2,Interest income from bonds,2025-09-30,ytd,75829224775,2025-10-01
2222,Interest income,2025-09-30,month,3845146609,2025-11-03
2222,Interest income,2025-09-30,ytd,24554491085,2025-10-01
2222.1,Interest income from bank deposits,2025-09-30,month,1542665513,2025-11-03
2222.1,Interest income from bank deposits,2025-09-30,ytd,10272125003,2025-10-01
2222.2,Interest income from Money market instruments,2025-09-30,month,2302481096,2025-11-03
2222.2,Interest income from Money market instruments,2025-09-30,ytd,14282366082,2025-10-01
2222.3,Interest income from reverse repo contracts,2025-09-30,month,0,2025-11-03
2222.3,Interest income from reverse repo contracts,2025-09-30,ytd,0,2025-10-01
2223,Income from rental property (not applicable),2025-09-30,month,0,2025-11-03
2223,Income from rental property (not applicable),2025-09-30,ytd,0,2025-10-01
2223,Other incomes,2025-09-30,month,0,2025-11-03
2223,Other incomes,2025-09-30,ytd,0,2025-10-01
2223.1,Other investment incomes,2025-09-30,month,0,2025-11-03
2223.1,Other investment incomes,2025-09-30,ytd,0,2025-10-01
2223.2,Other incomes,2025-09-30,month,0,2025-11-03
2223.2,Other incomes,2025-09-30,ytd,0,2025-10-01
2223.3,"Provision expense for bad debts from dividends, interest income and written off bad debts from dividends, interest income",2025-09-30,month,0,2025-11-03
2223.3,"Provision expense for bad debts from dividends, interest income and written off bad debts from dividends, interest income",2025-09-30,ytd,0,2025-10-01
2224,Expenses,2025-09-30,month,2120439333,2025-11-03
2224,Expenses,2025-09-30,ytd,17143436612,2025-10-01
2225,Management Fee paid to Fund Management Company,2025-09-30,month,1867837850,2025-11-03
2225,Management Fee paid to Fund Management Company,2025-09-30,ytd,14988543196,2025-10-01
2226,"Custody fee, Supervising fee paid to Supervising Bank/VSDC",2025-09-30,month,127483871,2025-11-03
2226,"Custody fee, Supervising fee paid to Supervising Bank/VSDC",2025-09-30,ytd,1020166962,2025-10-01
2226.1,Custodian service - Safe Custody Fee,2025-09-30,month,54478604,2025-11-03
2226.1,Custodian service - Safe Custody Fee,2025-09-30,ytd,445961506,2025-10-01
2226.2,Custodian service - Transaction fee,2025-09-30,month,2800000,2025-11-03
2226.2,Custodian service - Transaction fee,2025-09-30,ytd,10940000,2025-10-01
2226.3,"Custodian service -  Depository fee, Position and Margin management fee paid to VSDC",2025-09-30,month,1717880,2025-11-03
2226.3,"Custodian service -  Depository fee, Position and Margin management fee paid to VSDC",2025-09-30,ytd,13477626,2025-10-01
2226.4,Supervisory fee,2025-09-30,month,68487387,2025-11-03
2226.4,Supervisory fee,2025-09-30,ytd,549787830,2025-10-01
2227,"Fund Administration Fee, and other fees paid to relevant Fund's service providers",2025-09-30,month,62365541,2025-11-03
2227,"Fund Administration Fee, and other fees paid to relevant Fund's service providers",2025-09-30,ytd,511340877,2025-10-01
2227.1,Fund Administration Fee,2025-09-30,month,51365541,2025-11-03
2227.1,Fund Administration Fee,2025-09-30,ytd,412340877,2025-10-01
2227.2,Transfer Agency Fee,2025-09-30,month,11000000,2025-11-03
2227.2,Transfer Agency Fee,2025-09-30,ytd,99000000,2025-10-01
2228,Audit fee,2025-09-30,month,15409273,2025-11-03
2228,Audit fee,2025-09-30,ytd,121146259,2025-10-01
2229,"Legal consultancy expenses, price feed fee, other valid expenses, remuneration paid to Fund's Board of Representatives",2025-09-30,month,23691860,2025-11-03
2229,"Legal consultancy expenses, price feed fee, other valid expenses, remuneration paid to Fund's Board of Representatives",2025-09-30,ytd,213782881,2025-10-01
2229.1,Remuneration of Fund's Board of Representatives,2025-09-30,month,6493150,2025-11-03
2229.1,Remuneration of Fund's Board of Representatives,2025-09-30,ytd,76089671,2025-10-01
2229.2,Price feed fee,2025-09-30,month,11494565,2025-11-03
2229.2,Price feed fee,2025-09-30,ytd,105750000,2025-10-01
2229.3,Legal consultancy expenses,2025-09-30,month,5704145,2025-11-03
2229.3,Legal consultancy expenses,2025-09-30,ytd,31943210,2025-10-01
2230,"Fee for drafting, printing, distribution of prospectus, summarised prospectus, financial statements, transaction confirmations, account statements and other documents to investors; information disclosure fee; fee for organising annual general meeting, board of representatives meeting",2025-09-30,month,11002680,2025-11-03
2230,"Fee for drafting, printing, distribution of prospectus, summarised prospectus, financial statements, transaction confirmations, account statements and other documents to investors; information disclosure fee; fee for organising annual general meeting, board of representatives meeting",2025-09-30,ytd,52057403,2025-10-01
2230.1,Meeting expenses,2025-09-30,month,11002680,2025-11-03
2230.1,Meeting expenses,2025-09-30,ytd,52057403,2025-10-01
2230.2,Annual report expenses,2025-09-30,month,0,2025-11-03
2230.2,Annual report expenses,2025-09-30,ytd,0,2025-10-01
2230.3,"Fund's Board of Representatives meeting, travelling expenses",2025-09-30,month,0,2025-11-03
2230.3,"Fund's Board of Representatives meeting, travelling expenses",2025-09-30,ytd,0,2025-10-01
2230.4,Expenses of information disclosure of the Fund,2025-09-30,month,0,2025-11-03
2230.4,Expenses of information disclosure of the Fund,2025-09-30,ytd,0,2025-10-01
2230.5,"Designing, printing, posting... expenses",2025-09-30,month,0,2025-11-03
2230.5,"Designing, printing, posting... expenses",2025-09-30,ytd,0,2025-10-01
2231,Expenses related to execution of Fund’s asset transactions,2025-09-30,month,8661420,2025-11-03
2231,Expenses related to execution of Fund’s asset transactions,2025-09-30,ytd,194788645,2025-10-01
2231,Real Estate Management Service fee (not applicable),2025-09-30,month,0,2025-11-03
2231,Real Estate Management Service fee (not applicable),2025-09-30,ytd,0,2025-10-01
2231.1,Brokerage fee,2025-09-30,month,8661282,2025-11-03
2231.1,Brokerage fee,2025-09-30,ytd,193340006,2025-10-01
2231.2,Clearing settlement fee,2025-09-30,month,138,2025-11-03
2231.2,Clearing settlement fee,2025-09-30,ytd,1448639,2025-10-01
2231.3,Other Expenses,2025-09-30,month,0,2025-11-03
2231.3,Other Expenses,2025-09-30,ytd,0,2025-10-01
2232,Other expenses,2025-09-30,month,3986838,2025-11-03
2232,Other expenses,2025-09-30,ytd,41610389,2025-10-01
2232,Real estate valuation service fees (not applicable),2025-09-30,month,0,2025-11-03
2232,Real estate valuation service fees (not applicable),2025-09-30,ytd,0,2025-10-01
2232.1,Set up Expenses,2025-09-30,month,0,2025-11-03
2232.1,Set up Expenses,2025-09-30,ytd,0,2025-10-01
2232.2,"Listing, registration fees",2025-09-30,month,0,2025-11-03
2232.2,"Listing, registration fees",2025-09-30,ytd,0,2025-10-01
2232.3,Annual management fee paid to SSC,2025-09-30,month,616438,2025-11-03
2232.3,Annual management fee paid to SSC,2025-09-30,ytd,5609589,2025-10-01
2232.4,Bank charges,2025-09-30,month,3370400,2025-11-03
2232.4,Bank charges,2025-09-30,ytd,34900800,2025-10-01
2232.5,Borrowing expense,2025-09-30,month,0,2025-11-03
2232.5,Borrowing expense,2025-09-30,ytd,0,2025-10-01
2232.6,Other Expenses,2025-09-30,month,0,2025-11-03
2232.6,Other Expenses,2025-09-30,ytd,0,2025-10-01
2232.7,Fee paid to VSDC for getting the list of investors,2025-09-30,month,0,2025-11-03
2232.7,Fee paid to VSDC for getting the list of investors,2025-09-30,ytd,1100000,2025-10-01
2233,Net Income from Investment Activities (= I - II),2025-09-30,month,10152655122,2025-11-03
2233,Net Income from Investment Activities (= I - II),2025-09-30,ytd,83240279248,2025-10-01
2234,Gain / (Loss) from Investment Activities,2025-09-30,month,208770908,2025-11-03
2234,Gain / (Loss) from Investment Activities,2025-09-30,ytd,-1614788269,2025-10-01
2235,Realised Gain / (Loss) from disposal of investment or real estate transfer,2025-09-30,month,13688134,2025-11-03
2235,Realised Gain / (Loss) from disposal of investment or real estate transfer,2025-09-30,ytd,1138668837,2025-10-01
2236,Unrealised Gain / (Loss) due to market price,2025-09-30,month,195082774,2025-11-03
2236,Unrealised Gain / (Loss) due to market price,2025-09-30,ytd,-2753457106,2025-10-01
2237,Change of Net Asset Value of the Fund due to investment activities during the period (= III + IV),2025-09-30,month,10361426030,2025-11-03
2237,Change of Net Asset Value of the Fund due to investment activities during the period (= III + IV),2025-09-30,ytd,81625490979,2025-10-01
2238,Net Asset Value at the beginning of period,2025-09-30,month,1893376671418,2025-11-03
2238,Net Asset Value at the beginning of period,2025-09-30,ytd,1648574048482,2025-10-01
2239,"Change of Net Asset Value of the Fund during the period, of which",2025-09-30,month,68889089071,2025-11-03
2239,"Change of Net Asset Value of the Fund during the period, of which",2025-09-30,ytd,313691712007,2025-10-01
2239.1,Change of Net Asset Value due to investment activities during the period,2025-09-30,month,10361426030,2025-11-03
2239.1,Change of Net Asset Value due to investment activities during the period,2025-09-30,ytd,81625490979,2025-10-01
2239.2,Change of Net Asset Value due to  dividends payment to investors during the period,2025-09-30,month,0,2025-11-03
2239.2,Change of Net Asset Value due to  dividends payment to investors during the period,2025-09-30,ytd,0,2025-10-01
2239.3,Change of Net Asset Value due to subscription/redemption during the period,2025-09-30,month,58527663041,2025-11-03
2239.3,Change of Net Asset Value due to subscription/redemption during the period,2025-09-30,ytd,232066221028,2025-10-01
2239.3.1,Change of Net Asset Value due to subscription during the period,2025-09-30,month,235175993782,2025-11-03
2239.3.1,Change of Net Asset Value due to subscription during the period,2025-09-30,ytd,1549562702384,2025-10-01
2239.3.2,Change of Net Asset Value due to redemption during the period,2025-09-30,month,-176648330741,2025-11-03
2239.3.2,Change of Net Asset Value due to redemption during the period,2025-09-30,ytd,-1317496481356,2025-10-01
2243,Net Asset Value at the end of period,2025-09-30,month,1962265760489,2025-11-03
2243,Net Asset Value at the end of period,2025-09-30,ytd,1962265760489,2025-10-01
2244,Average annual profit (only applicable to annual report),2025-09-30,month,0,2025-11-03
2244,Average annual profit (only applicable to annual report),2025-09-30,ytd,0,2025-10-01
2245,Average annual rate of return (only applicable to annual report),2025-09-30,month,0,2025-11-03
2245,Average annual rate of return (only applicable to annual report),2025-09-30,ytd,0,2025-10-01
2220,Income from Investment Activities,2025-10-31,month,13058968104,2025-12-01
2220,Income from Investment Activities,2025-10-31,ytd,113442683964,2025-11-03
2221,"Dividend income, interest income from bonds",2025-10-31,month,8916224564,2025-12-01
2221,"Dividend income, interest income from bonds",2025-10-31,ytd,84745449339,2025-11-03
2221.1,Dividends income,2025-10-31,month,0,2025-12-01
2221.1,Dividends income,2025-10-31,ytd,0,2025-11-03
2221.2,Interest income from bonds,2025-10-31,month,8916224564,2025-12-01
2221.2,Interest income from bonds,2025-10-31,ytd,84745449339,2025-11-03
2222,Interest income,2025-10-31,month,4142743540,2025-12-01
2222,Interest income,2025-10-31,ytd,28697234625,2025-11-03
2222.1,Interest income from bank deposits,2025-10-31,month,1787211237,2025-12-01
2222.1,Interest income from bank deposits,2025-10-31,ytd,12059336240,2025-11-03
2222.2,Interest income from Money market instruments,2025-10-31,month,2355532303,2025-12-01
2222.2,Interest income from Money market instruments,2025-10-31,ytd,16637898385,2025-11-03
2222.3,Interest income from reverse repo contracts,2025-10-31,month,0,2025-12-01
2222.3,Interest income from reverse repo contracts,2025-10-31,ytd,0,2025-11-03
2223,Income from rental property (not applicable),2025-10-31,month,0,2025-12-01
2223,Income from rental property (not applicable),2025-10-31,ytd,0,2025-11-03
2223,Other incomes,2025-10-31,month,0,2025-12-01
2223,Other incomes,2025-10-31,ytd,0,2025-11-03
2223.1,Other investment incomes,2025-10-31,month,0,2025-12-01
2223.1,Other investment incomes,2025-10-31,ytd,0,2025-11-03
2223.2,Other incomes,2025-10-31,month,0,2025-12-01
2223.2,Other incomes,2025-10-31,ytd,0,2025-11-03
2223.3,"Provision expense for bad debts from dividends, interest income and written off bad debts from dividends, interest income",2025-10-31,month,0,2025-12-01
2223.3,"Provision expense for bad debts from dividends, interest income and written off bad debts from dividends, interest income",2025-10-31,ytd,0,2025-11-03
2224,Expenses,2025-10-31,month,2255859258,2025-12-01
2224,Expenses,2025-10-31,ytd,19399295870,2025-11-03
2225,Management Fee paid to Fund Management Company,2025-10-31,month,1998533230,2025-12-01
2225,Management Fee paid to Fund Management Company,2025-10-31,ytd,16987076426,2025-11-03
2226,"Custody fee, Supervising fee paid to Supervising Bank/VSDC",2025-10-31,month,133830202,2025-12-01
2226,"Custody fee, Supervising fee paid to Supervising Bank/VSDC",2025-10-31,ytd,1153997164,2025-11-03
2226.1,Custodian service - Safe Custody Fee,2025-10-31,month,58290554,2025-12-01
2226.1,Custodian service - Safe Custody Fee,2025-10-31,ytd,504252060,2025-11-03
2226.2,Custodian service - Transaction fee,2025-10-31,month,500000,2025-12-01
2226.2,Custodian service - Transaction fee,2025-10-31,ytd,11440000,2025-11-03
2226.3,"Custodian service -  Depository fee, Position and Margin management fee paid to VSDC",2025-10-31,month,1760098,2025-12-01
2226.3,"Custodian service -  Depository fee, Position and Margin management fee paid to VSDC",2025-10-31,ytd,15237724,2025-11-03
2226.4,Supervisory fee,2025-10-31,month,73279550,2025-12-01
2226.4,Supervisory fee,2025-10-31,ytd,623067380,2025-11-03
2227,"Fund Administration Fee, and other fees paid to relevant Fund's service providers",2025-10-31,month,65959663,2025-12-01
2227,"Fund Administration Fee, and other fees paid to relevant Fund's service providers",2025-10-31,ytd,577300540,2025-11-03
2227.1,Fund Administration Fee,2025-10-31,month,54959663,2025-12-01
2227.1,Fund Administration Fee,2025-10-31,ytd,467300540,2025-11-03
2227.2,Transfer Agency Fee,2025-10-31,month,11000000,2025-12-01
2227.2,Transfer Agency Fee,2025-10-31,ytd,110000000,2025-11-03
2228,Audit fee,2025-10-31,month,15922916,2025-12-01
2228,Audit fee,2025-10-31,ytd,137069175,2025-11-03
2229,"Legal consultancy expenses, price feed fee, other valid expenses, remuneration paid to Fund's Board of Representatives",2025-10-31,month,24281589,2025-12-01
2229,"Legal consultancy expenses, price feed fee, other valid expenses, remuneration paid to Fund's Board of Representatives",2025-10-31,ytd,238064470,2025-11-03
2229.1,Remuneration of Fund's Board of Representatives,2025-10-31,month,6509589,2025-12-01
2229.1,Remuneration of Fund's Board of Representatives,2025-10-31,ytd,82599260,2025-11-03
2229.2,Price feed fee,2025-10-31,month,11877717,2025-12-01
2229.2,Price feed fee,2025-10-31,ytd,117627717,2025-11-03
2229.3,Legal consultancy expenses,2025-10-31,month,5894283,2025-12-01
2229.3,Legal consultancy expenses,2025-10-31,ytd,37837493,2025-11-03
2230,"Fee for drafting, printing, distribution of prospectus, summarised prospectus, financial statements, transaction confirmations, account statements and other documents to investors; information disclosure fee; fee for organising annual general meeting, board of representatives meeting",2025-10-31,month,11369437,2025-12-01
2230,"Fee for drafting, printing, distribution of prospectus, summarised prospectus, financial statements, transaction confirmations, account statements and other documents to investors; information disclosure fee; fee for organising annual general meeting, board of representatives meeting",2025-10-31,ytd,63426840,2025-11-03
2230.1,Meeting expenses,2025-10-31,month,11369437,2025-12-01
2230.1,Meeting expenses,2025-10-31,ytd,63426840,2025-11-03
2230.2,Annual report expenses,2025-10-31,month,0,2025-12-01
2230.2,Annual report expenses,2025-10-31,ytd,0,2025-11-03
2230.3,"Fund's Board of Representatives meeting, travelling expenses",2025-10-31,month,0,2025-12-01
2230.3,"Fund's Board of Representatives meeting, travelling expenses",2025-10-31,ytd,0,2025-11-03
2230.4,Expenses of information disclosure of the Fund,2025-10-31,month,0,2025-12-01
2230.4,Expenses of information disclosure of the Fund,2025-10-31,ytd,0,2025-11-03
2230.5,"Designing, printing, posting... expenses",2025-10-31,month,0,2025-12-01
2230.5,"Designing, printing, posting... expenses",2025-10-31,ytd,0,2025-11-03
2231,Expenses related to execution of Fund’s asset transactions,2025-10-31,month,1918535,2025-12-01
2231,Expenses related to execution of Fund’s asset transactions,2025-10-31,ytd,196707180,2025-11-03
2231,Real Estate Management Service fee (not applicable),2025-10-31,month,0,2025-12-01
2231,Real Estate Management Service fee (not applicable),2025-10-31,ytd,0,2025-11-03
2231.1,Brokerage & transfer fee,2025-10-31,month,1918535,2025-12-01
2231.1,Brokerage fee,2025-10-31,month,1918535,2025-11-03
2231.1,Brokerage fee,2025-10-31,ytd,195258541,2025-11-03
2231.2,Clearing settlement fee,2025-10-31,month,0,2025-12-01
2231.2,Clearing settlement fee,2025-10-31,ytd,1448639,2025-11-03
2231.3,Other Expenses,2025-10-31,month,0,2025-12-01
2231.3,Other Expenses,2025-10-31,ytd,0,2025-11-03
2232,Other expenses,2025-10-31,month,4043686,2025-12-01
2232,Other expenses,2025-10-31,ytd,45654075,2025-11-03
2232,Real estate valuation service fees (not applicable),2025-10-31,month,0,2025-12-01
2232,Real estate valuation service fees (not applicable),2025-10-31,ytd,0,2025-11-03
2232.1,Set up Expenses,2025-10-31,month,0,2025-12-01
2232.1,Set up Expenses,2025-10-31,ytd,0,2025-11-03
2232.2,"Listing, registration fees",2025-10-31,month,0,2025-12-01
2232.2,"Listing, registration fees",2025-10-31,ytd,0,2025-11-03
2232.3,Annual management fee paid to SSC,2025-10-31,month,636986,2025-12-01
2232.3,Annual management fee paid to SSC,2025-10-31,ytd,6246575,2025-11-03
2232.4,Bank charges,2025-10-31,month,3406700,2025-12-01
2232.4,Bank charges,2025-10-31,ytd,38307500,2025-11-03
2232.5,Borrowing expense,2025-10-31,month,0,2025-12-01
2232.5,Borrowing expense,2025-10-31,ytd,0,2025-11-03
2232.6,Other Expenses,2025-10-31,month,0,2025-12-01
2232.6,Other Expenses,2025-10-31,ytd,0,2025-11-03
2232.7,Fee paid to VSDC for getting the list of investors,2025-10-31,month,0,2025-12-01
2232.7,Fee paid to VSDC for getting the list of investors,2025-10-31,ytd,1100000,2025-11-03
2233,Net Income from Investment Activities (= I - II),2025-10-31,month,10803108846,2025-12-01
2233,Net Income from Investment Activities (= I - II),2025-10-31,ytd,94043388094,2025-11-03
2234,Gain / (Loss) from Investment Activities,2025-10-31,month,-238936827,2025-12-01
2234,Gain / (Loss) from Investment Activities,2025-10-31,ytd,-1853725096,2025-11-03
2235,Realised Gain / (Loss) from disposal of investment or real estate transfer,2025-10-31,month,-56947108,2025-12-01
2235,Realised Gain / (Loss) from disposal of investment or real estate transfer,2025-10-31,ytd,1081721729,2025-11-03
2236,Unrealised Gain / (Loss) due to market price,2025-10-31,month,-181989719,2025-12-01
2236,Unrealised Gain / (Loss) due to market price,2025-10-31,ytd,-2935446825,2025-11-03
2237,Change of Net Asset Value of the Fund due to investment activities during the period (= III + IV),2025-10-31,month,10564172019,2025-12-01
2237,Change of Net Asset Value of the Fund due to investment activities during the period (= III + IV),2025-10-31,ytd,92189662998,2025-11-03
2238,Net Asset Value at the beginning of period,2025-10-31,month,1962265760489,2025-12-01
2238,Net Asset Value at the beginning of period,2025-10-31,ytd,1648574048482,2025-11-03
2239,"Change of Net Asset Value of the Fund during the period, of which",2025-10-31,month,-6793556080,2025-12-01
2239,"Change of Net Asset Value of the Fund during the period, of which",2025-10-31,ytd,306898155927,2025-11-03
2239.1,Change of Net Asset Value due to investment activities during the period,2025-10-31,month,10564172019,2025-12-01
2239.1,Change of Net Asset Value due to investment activities during the period,2025-10-31,ytd,92189662998,2025-11-03
2239.2,Change of Net Asset Value due to  dividends payment to investors during the period,2025-10-31,month,0,2025-12-01
2239.2,Change of Net Asset Value due to  dividends payment to investors during the period,2025-10-31,ytd,0,2025-11-03
2239.3,Change of Net Asset Value due to subscription/redemption during the period,2025-10-31,month,-17357728099,2025-12-01
2239.3,Change of Net Asset Value due to subscription/redemption during the period,2025-10-31,ytd,214708492929,2025-11-03
2239.3.1,Change of Net Asset Value due to subscription during the period,2025-10-31,month,178733327449,2025-12-01
2239.3.1,Change of Net Asset Value due to subscription during the period,2025-10-31,ytd,1728296029833,2025-11-03
2239.3.2,Change of Net Asset Value due to redemption during the period,2025-10-31,month,-196091055548,2025-12-01
2239.3.2,Change of Net Asset Value due to redemption during the period,2025-10-31,ytd,-1513587536904,2025-11-03
2243,Net Asset Value at the end of period,2025-10-31,month,1955472204409,2025-12-01
2243,Net Asset Value at the end of period,2025-10-31,ytd,1955472204409,2025-11-03
2244,Average annual profit (only applicable to annual report),2025-10-31,month,0,2025-12-01
2244,Average annual profit (only applicable to annual report),2025-10-31,ytd,0,2025-11-03
2245,Average annual rate of return (only applicable to annual report),2025-10-31,month,0,2025-12-01
2245,Average annual rate of return (only applicable to annual report),2025-10-31,ytd,0,2025-11-03
2220,Income from Investment Activities,2025-11-30,month,12408966235,2026-01-05
2220,Income from Investment Activities,2025-11-30,ytd,125851650199,2025-12-01
2221,"Dividend income, interest income from bonds",2025-11-30,month,8502563182,2026-01-05
2221,"Dividend income, interest income from bonds",2025-11-30,ytd,93248012521,2025-12-01
2221.1,Dividends income,2025-11-30,month,0,2026-01-05
2221.1,Dividends income,2025-11-30,ytd,0,2025-12-01
2221.2,Interest income from bonds,2025-11-30,month,8502563182,2026-01-05
2221.2,Interest income from bonds,2025-11-30,ytd,93248012521,2025-12-01
2222,Interest income,2025-11-30,month,3906403053,2026-01-05
2222,Interest income,2025-11-30,ytd,32603637678,2025-12-01
2222.1,Interest income from bank deposits,2025-11-30,month,1587314012,2026-01-05
2222.1,Interest income from bank deposits,2025-11-30,ytd,13646650252,2025-12-01
2222.2,Interest income from Money market instruments,2025-11-30,month,2319089041,2026-01-05
2222.2,Interest income from Money market instruments,2025-11-30,ytd,18956987426,2025-12-01
2222.3,Interest income from reverse repo contracts,2025-11-30,month,0,2026-01-05
2222.3,Interest income from reverse repo contracts,2025-11-30,ytd,0,2025-12-01
2223,Income from rental property (not applicable),2025-11-30,month,0,2026-01-05
2223,Income from rental property (not applicable),2025-11-30,ytd,0,2025-12-01
2223,Other incomes,2025-11-30,month,0,2026-01-05
2223,Other incomes,2025-11-30,ytd,0,2025-12-01
2223.1,Other investment incomes,2025-11-30,month,0,2026-01-05
2223.1,Other investment incomes,2025-11-30,ytd,0,2025-12-01
2223.2,Other incomes,2025-11-30,month,0,2026-01-05
2223.2,Other incomes,2025-11-30,ytd,0,2025-12-01
2223.3,"Provision expense for bad debts from dividends, interest income and written off bad debts from dividends, interest income",2025-11-30,month,0,2026-01-05
2223.3,"Provision expense for bad debts from dividends, interest income and written off bad debts from dividends, interest income",2025-11-30,ytd,0,2025-12-01
2224,Expenses,2025-11-30,month,2179633943,2026-01-05
2224,Expenses,2025-11-30,ytd,21578929813,2025-12-01
2225,Management Fee paid to Fund Management Company,2025-11-30,month,1911387802,2026-01-05
2225,Management Fee paid to Fund Management Company,2025-11-30,ytd,18898464228,2025-12-01
2226,"Custody fee, Supervising fee paid to Supervising Bank/VSDC",2025-11-30,month,127945042,2026-01-05
2226,"Custody fee, Supervising fee paid to Supervising Bank/VSDC",2025-11-30,ytd,1281942206,2025-12-01
2226.1,Custodian service - Safe Custody Fee,2025-11-30,month,55748812,2026-01-05
2226.1,Custodian service - Safe Custody Fee,2025-11-30,ytd,560000872,2025-12-01
2226.2,Custodian service - Transaction fee,2025-11-30,month,600000,2026-01-05
2226.2,Custodian service - Transaction fee,2025-11-30,ytd,12040000,2025-12-01
2226.3,"Custodian service -  Depository fee, Position and Margin management fee paid to VSDC",2025-11-30,month,1512011,2026-01-05
2226.3,"Custodian service -  Depository fee, Position and Margin management fee paid to VSDC",2025-11-30,ytd,16749735,2025-12-01
2226.4,Supervisory fee,2025-11-30,month,70084219,2026-01-05
2226.4,Supervisory fee,2025-11-30,ytd,693151599,2025-12-01
2227,"Fund Administration Fee, and other fees paid to relevant Fund's service providers",2025-11-30,month,63563163,2026-01-05
2227,"Fund Administration Fee, and other fees paid to relevant Fund's service providers",2025-11-30,ytd,640863703,2025-12-01
2227.1,Fund Administration Fee,2025-11-30,month,52563163,2026-01-05
2227.1,Fund Administration Fee,2025-11-30,ytd,519863703,2025-12-01
2227.2,Transfer Agency Fee,2025-11-30,month,11000000,2026-01-05
2227.2,Transfer Agency Fee,2025-11-30,ytd,121000000,2025-12-01
2228,Audit fee,2025-11-30,month,15409273,2026-01-05
2228,Audit fee,2025-11-30,ytd,152478448,2025-12-01
2229,"Legal consultancy expenses, price feed fee, other valid expenses, remuneration paid to Fund's Board of Representatives",2025-11-30,month,23691861,2026-01-05
2229,"Legal consultancy expenses, price feed fee, other valid expenses, remuneration paid to Fund's Board of Representatives",2025-11-30,ytd,261756331,2025-12-01
2229.1,Remuneration of Fund's Board of Representatives,2025-11-30,month,6493151,2026-01-05
2229.1,Remuneration of Fund's Board of Representatives,2025-11-30,ytd,89092411,2025-12-01
2229.2,Price feed fee,2025-11-30,month,11494566,2026-01-05
2229.2,Price feed fee,2025-11-30,ytd,129122283,2025-12-01
2229.3,Legal consultancy expenses,2025-11-30,month,5704144,2026-01-05
2229.3,Legal consultancy expenses,2025-11-30,ytd,43541637,2025-12-01
2230,"Fee for drafting, printing, distribution of prospectus, summarised prospectus, financial statements, transaction confirmations, account statements and other documents to investors; information disclosure fee; fee for organising annual general meeting, board of representatives meeting",2025-11-30,month,11002680,2026-01-05
2230,"Fee for drafting, printing, distribution of prospectus, summarised prospectus, financial statements, transaction confirmations, account statements and other documents to investors; information disclosure fee; fee for organising annual general meeting, board of representatives meeting",2025-11-30,ytd,74429520,2025-12-01
2230.1,Meeting expenses,2025-11-30,month,11002680,2026-01-05
2230.1,Meeting expenses,2025-11-30,ytd,74429520,2025-12-01
2230.2,Annual report expenses,2025-11-30,month,0,2026-01-05
2230.2,Annual report expenses,2025-11-30,ytd,0,2025-12-01
2230.3,"Fund's Board of Representatives meeting, travelling expenses",2025-11-30,month,0,2026-01-05
2230.3,"Fund's Board of Representatives meeting, travelling expenses",2025-11-30,ytd,0,2025-12-01
2230.4,Expenses of information disclosure of the Fund,2025-11-30,month,0,2026-01-05
2230.4,Expenses of information disclosure of the Fund,2025-11-30,ytd,0,2025-12-01
2230.5,"Designing, printing, posting... expenses",2025-11-30,month,0,2026-01-05
2230.5,"Designing, printing, posting... expenses",2025-11-30,ytd,0,2025-12-01
2231,Expenses related to execution of Fund’s asset transactions,2025-11-30,month,23120283,2026-01-05
2231,Expenses related to execution of Fund’s asset transactions,2025-11-30,ytd,219827463,2025-12-01
2231,Real Estate Management Service fee (not applicable),2025-11-30,month,0,2026-01-05
2231,Real Estate Management Service fee (not applicable),2025-11-30,ytd,0,2025-12-01
2231.1,Brokerage & transfer fee,2025-11-30,month,23120283,2026-01-05
2231.1,Brokerage & transfer fee,2025-11-30,ytd,218378824,2025-12-01
2231.2,Clearing settlement fee,2025-11-30,month,0,2026-01-05
2231.2,Clearing settlement fee,2025-11-30,ytd,1448639,2025-12-01
2231.3,Other Expenses,2025-11-30,month,0,2026-01-05
2231.3,Other Expenses,2025-11-30,ytd,0,2025-12-01
2232,Other expenses,2025-11-30,month,3513839,2026-01-05
2232,Other expenses,2025-11-30,ytd,49167914,2025-12-01
2232,Real estate valuation service fees (not applicable),2025-11-30,month,0,2026-01-05
2232,Real estate valuation service fees (not applicable),2025-11-30,ytd,0,2025-12-01
2232.1,Set up Expenses,2025-11-30,month,0,2026-01-05
2232.1,Set up Expenses,2025-11-30,ytd,0,2025-12-01
2232.2,"Listing, registration fees",2025-11-30,month,0,2026-01-05
2232.2,"Listing, registration fees",2025-11-30,ytd,0,2025-12-01
2232.3,Annual management fee paid to SSC,2025-11-30,month,616439,2026-01-05
2232.3,Annual management fee paid to SSC,2025-11-30,ytd,6863014,2025-12-01
2232.4,Bank charges,2025-11-30,month,2897400,2026-01-05
2232.4,Bank charges,2025-11-30,ytd,41204900,2025-12-01
2232.5,Borrowing expense,2025-11-30,month,0,2026-01-05
2232.5,Borrowing expense,2025-11-30,ytd,0,2025-12-01
2232.6,Other Expenses,2025-11-30,month,0,2026-01-05
2232.6,Other Expenses,2025-11-30,ytd,0,2025-12-01
2232.7,Fee paid to VSDC for getting the list of investors,2025-11-30,month,0,2026-01-05
2232.7,Fee paid to VSDC for getting the list of investors,2025-11-30,ytd,1100000,2025-12-01
2233,Net Income from Investment Activities (= I - II),2025-11-30,month,10229332292,2026-01-05
2233,Net Income from Investment Activities (= I - II),2025-11-30,ytd,104272720386,2025-12-01
2234,Gain / (Loss) from Investment Activities,2025-11-30,month,615447271,2026-01-05
2234,Gain / (Loss) from Investment Activities,2025-11-30,ytd,-1238277825,2025-12-01
2235,Realised Gain / (Loss) from disposal of investment or real estate transfer,2025-11-30,month,150855435,2026-01-05
2235,Realised Gain / (Loss) from disposal of investment or real estate transfer,2025-11-30,ytd,1232577164,2025-12-01
2236,Unrealised Gain / (Loss) due to market price,2025-11-30,month,464591836,2026-01-05
2236,Unrealised Gain / (Loss) due to market price,2025-11-30,ytd,-2470854989,2025-12-01
2237,Change of Net Asset Value of the Fund due to investment activities during the period (= III + IV),2025-11-30,month,10844779563,2026-01-05
2237,Change of Net Asset Value of the Fund due to investment activities during the period (= III + IV),2025-11-30,ytd,103034442561,2025-12-01
2238,Net Asset Value at the beginning of period,2025-11-30,month,1955472204409,2026-01-05
2238,Net Asset Value at the beginning of period,2025-11-30,ytd,1648574048482,2025-12-01
2239,"Change of Net Asset Value of the Fund during the period, of which",2025-11-30,month,-29872068772,2026-01-05
2239,"Change of Net Asset Value of the Fund during the period, of which",2025-11-30,ytd,277026087155,2025-12-01
2239.1,Change of Net Asset Value due to investment activities during the period,2025-11-30,month,10844779563,2026-01-05
2239.1,Change of Net Asset Value due to investment activities during the period,2025-11-30,ytd,103034442561,2025-12-01
2239.2,Change of Net Asset Value due to  dividends payment to investors during the period,2025-11-30,month,0,2026-01-05
2239.2,Change of Net Asset Value due to  dividends payment to investors during the period,2025-11-30,ytd,0,2025-12-01
2239.3,Change of Net Asset Value due to subscription/redemption during the period,2025-11-30,month,-40716848335,2026-01-05
2239.3,Change of Net Asset Value due to subscription/redemption during the period,2025-11-30,ytd,173991644594,2025-12-01
2239.3.1,Change of Net Asset Value due to subscription during the period,2025-11-30,month,92437445865,2026-01-05
2239.3.1,Change of Net Asset Value due to subscription during the period,2025-11-30,ytd,1820733475698,2025-12-01
2239.3.2,Change of Net Asset Value due to redemption during the period,2025-11-30,month,-133154294200,2026-01-05
2239.3.2,Change of Net Asset Value due to redemption during the period,2025-11-30,ytd,-1646741831104,2025-12-01
2243,Net Asset Value at the end of period,2025-11-30,month,1925600135637,2026-01-05
2243,Net Asset Value at the end of period,2025-11-30,ytd,1925600135637,2025-12-01
2244,Average annual profit (only applicable to annual report),2025-11-30,month,0,2026-01-05
2244,Average annual profit (only applicable to annual report),2025-11-30,ytd,0,2025-12-01
2245,Average annual rate of return (only applicable to annual report),2025-11-30,month,0,2026-01-05
2245,Average annual rate of return (only applicable to annual report),2025-11-30,ytd,0,2025-12-01
2220,Income from Investment Activities,2025-12-31,month,12495701863,2026-02-02
2220,Income from Investment Activities,2025-12-31,ytd,138347352062,2026-01-05
2221,"Dividend income, interest income from bonds",2025-12-31,month,9331369706,2026-02-02
2221,"Dividend income, interest income from bonds",2025-12-31,ytd,102579382227,2026-01-05
2221.1,Dividends income,2025-12-31,month,0,2026-02-02
2221.1,Dividends income,2025-12-31,ytd,0,2026-01-05
2221.2,Interest income from bonds,2025-12-31,month,9331369706,2026-02-02
2221.2,Interest income from bonds,2025-12-31,ytd,102579382227,2026-01-05
2222,Interest income,2025-12-31,month,3164332157,2026-02-02
2222,Interest income,2025-12-31,ytd,35767969835,2026-01-05
2222.1,Interest income from bank deposits,2025-12-31,month,1254806132,2026-02-02
2222.1,Interest income from bank deposits,2025-12-31,ytd,14901456384,2026-01-05
2222.2,Interest income from Money market instruments,2025-12-31,month,1909526025,2026-02-02
2222.2,Interest income from Money market instruments,2025-12-31,ytd,20866513451,2026-01-05
2222.3,Interest income from reverse repo contracts,2025-12-31,month,0,2026-02-02
2222.3,Interest income from reverse repo contracts,2025-12-31,ytd,0,2026-01-05
2223,Income from rental property (not applicable),2025-12-31,month,0,2026-02-02
2223,Income from rental property (not applicable),2025-12-31,ytd,0,2026-01-05
2223,Other incomes,2025-12-31,month,0,2026-02-02
2223,Other incomes,2025-12-31,ytd,0,2026-01-05
2223.1,Other investment incomes,2025-12-31,month,0,2026-02-02
2223.1,Other investment incomes,2025-12-31,ytd,0,2026-01-05
2223.2,Other incomes,2025-12-31,month,0,2026-02-02
2223.2,Other incomes,2025-12-31,ytd,0,2026-01-05
2223.3,"Provision expense for bad debts from dividends, interest income and written off bad debts from dividends, interest income",2025-12-31,month,0,2026-02-02
2223.3,"Provision expense for bad debts from dividends, interest income and written off bad debts from dividends, interest income",2025-12-31,ytd,0,2026-01-05
2224,Expenses,2025-12-31,month,2189594724,2026-02-02
2224,Expenses,2025-12-31,ytd,23768524537,2026-01-05
2225,Management Fee paid to Fund Management Company,2025-12-31,month,1894697942,2026-02-02
2225,Management Fee paid to Fund Management Company,2025-12-31,ytd,20793162170,2026-01-05
2226,"Custody fee, Supervising fee paid to Supervising Bank/VSDC",2025-12-31,month,127730897,2026-02-02
2226,"Custody fee, Supervising fee paid to Supervising Bank/VSDC",2025-12-31,ytd,1409673103,2026-01-05
2226.1,Custodian service - Safe Custody Fee,2025-12-31,month,55262024,2026-02-02
2226.1,Custodian service - Safe Custody Fee,2025-12-31,ytd,615262896,2026-01-05
2226.2,Custodian service - Transaction fee,2025-12-31,month,1400000,2026-02-02
2226.2,Custodian service - Transaction fee,2025-12-31,ytd,13440000,2026-01-05
2226.3,"Custodian service -  Depository fee, Position and Margin management fee paid to VSDC",2025-12-31,month,1596615,2026-02-02
2226.3,"Custodian service -  Depository fee, Position and Margin management fee paid to VSDC",2025-12-31,ytd,18346350,2026-01-05
2226.4,Supervisory fee,2025-12-31,month,69472258,2026-02-02
2226.4,Supervisory fee,2025-12-31,ytd,762623857,2026-01-05
2227,"Fund Administration Fee, and other fees paid to relevant Fund's service providers",2025-12-31,month,63104193,2026-02-02
2227,"Fund Administration Fee, and other fees paid to relevant Fund's service providers",2025-12-31,ytd,703967896,2026-01-05
2227.1,Fund Administration Fee,2025-12-31,month,52104193,2026-02-02
2227.1,Fund Administration Fee,2025-12-31,ytd,571967896,2026-01-05
2227.2,Transfer Agency Fee,2025-12-31,month,11000000,2026-02-02
2227.2,Transfer Agency Fee,2025-12-31,ytd,132000000,2026-01-05
2228,Audit fee,2025-12-31,month,15922915,2026-02-02
2228,Audit fee,2025-12-31,ytd,168401363,2026-01-05
2229,"Legal consultancy expenses, price feed fee, other valid expenses, remuneration paid to Fund's Board of Representatives",2025-12-31,month,24281589,2026-02-02
2229,"Legal consultancy expenses, price feed fee, other valid expenses, remuneration paid to Fund's Board of Representatives",2025-12-31,ytd,286037920,2026-01-05
2229.1,Remuneration of Fund's Board of Representatives,2025-12-31,month,6509589,2026-02-02
2229.1,Remuneration of Fund's Board of Representatives,2025-12-31,ytd,95602000,2026-01-05
2229.2,Price feed fee,2025-12-31,month,11877717,2026-02-02
2229.2,Price feed fee,2025-12-31,ytd,141000000,2026-01-05
2229.3,Legal consultancy expenses,2025-12-31,month,5894283,2026-02-02
2229.3,Legal consultancy expenses,2025-12-31,ytd,49435920,2026-01-05
2230,"Fee for drafting, printing, distribution of prospectus, summarised prospectus, financial statements, transaction confirmations, account statements and other documents to investors; information disclosure fee; fee for organising annual general meeting, board of representatives meeting",2025-12-31,month,11369436,2026-02-02
2230,"Fee for drafting, printing, distribution of prospectus, summarised prospectus, financial statements, transaction confirmations, account statements and other documents to investors; information disclosure fee; fee for organising annual general meeting, board of representatives meeting",2025-12-31,ytd,85798956,2026-01-05
2230.1,Meeting expenses,2025-12-31,month,11369436,2026-02-02
2230.1,Meeting expenses,2025-12-31,ytd,85798956,2026-01-05
2230.2,Annual report expenses,2025-12-31,month,0,2026-02-02
2230.2,Annual report expenses,2025-12-31,ytd,0,2026-01-05
2230.3,"Fund's Board of Representatives meeting, travelling expenses",2025-12-31,month,0,2026-02-02
2230.3,"Fund's Board of Representatives meeting, travelling expenses",2025-12-31,ytd,0,2026-01-05
2230.4,Expenses of information disclosure of the Fund,2025-12-31,month,0,2026-02-02
2230.4,Expenses of information disclosure of the Fund,2025-12-31,ytd,0,2026-01-05
2230.5,"Designing, printing, posting... expenses",2025-12-31,month,0,2026-02-02
2230.5,"Designing, printing, posting... expenses",2025-12-31,ytd,0,2026-01-05
2231,Expenses related to execution of Fund’s asset transactions,2025-12-31,month,48170166,2026-02-02
2231,Expenses related to execution of Fund’s asset transactions,2025-12-31,ytd,267997629,2026-01-05
2231,Real Estate Management Service fee (not applicable),2025-12-31,month,0,2026-02-02
2231,Real Estate Management Service fee (not applicable),2025-12-31,ytd,0,2026-01-05
2231.1,Brokerage & transfer fee,2025-12-31,month,48117112,2026-02-02
2231.1,Brokerage & transfer fee,2025-12-31,ytd,266495936,2026-01-05
2231.2,Clearing settlement fee,2025-12-31,month,53054,2026-02-02
2231.2,Clearing settlement fee,2025-12-31,ytd,1501693,2026-01-05
2231.3,Other Expenses,2025-12-31,month,0,2026-02-02
2231.3,Other Expenses,2025-12-31,ytd,0,2026-01-05
2232,Other expenses,2025-12-31,month,4317586,2026-02-02
2232,Other expenses,2025-12-31,ytd,53485500,2026-01-05
2232,Real estate valuation service fees (not applicable),2025-12-31,month,0,2026-02-02
2232,Real estate valuation service fees (not applicable),2025-12-31,ytd,0,2026-01-05
2232.1,Set up Expenses,2025-12-31,month,0,2026-02-02
2232.1,Set up Expenses,2025-12-31,ytd,0,2026-01-05
2232.2,"Listing, registration fees",2025-12-31,month,0,2026-02-02
2232.2,"Listing, registration fees",2025-12-31,ytd,0,2026-01-05
2232.3,Annual management fee paid to SSC,2025-12-31,month,636986,2026-02-02
2232.3,Annual management fee paid to SSC,2025-12-31,ytd,7500000,2026-01-05
2232.4,Bank charges,2025-12-31,month,83600,2026-02-02
2232.4,Bank charges,2025-12-31,ytd,41288500,2026-01-05
2232.5,Borrowing expense,2025-12-31,month,0,2026-02-02
2232.5,Borrowing expense,2025-12-31,ytd,0,2026-01-05
2232.6,Other Expenses,2025-12-31,month,3597000,2026-02-02
2232.6,Other Expenses,2025-12-31,ytd,3597000,2026-01-05
2232.7,Fee paid to VSDC for getting the list of investors,2025-12-31,month,0,2026-02-02
2232.7,Fee paid to VSDC for getting the list of investors,2025-12-31,ytd,1100000,2026-01-05
2233,Net Income from Investment Activities (= I - II),2025-12-31,month,10306107139,2026-02-02
2233,Net Income from Investment Activities (= I - II),2025-12-31,ytd,114578827525,2026-01-05
2234,Gain / (Loss) from Investment Activities,2025-12-31,month,2497336162,2026-02-02
2234,Gain / (Loss) from Investment Activities,2025-12-31,ytd,1259058337,2026-01-05
2235,Realised Gain / (Loss) from disposal of investment or real estate transfer,2025-12-31,month,74972835,2026-02-02
2235,Realised Gain / (Loss) from disposal of investment or real estate transfer,2025-12-31,ytd,1307549999,2026-01-05
2236,Unrealised Gain / (Loss) due to market price,2025-12-31,month,2422363327,2026-02-02
2236,Unrealised Gain / (Loss) due to market price,2025-12-31,ytd,-48491662,2026-01-05
2237,Change of Net Asset Value of the Fund due to investment activities during the period (= III + IV),2025-12-31,month,12803443301,2026-02-02
2237,Change of Net Asset Value of the Fund due to investment activities during the period (= III + IV),2025-12-31,ytd,115837885862,2026-01-05
2238,Net Asset Value at the beginning of period,2025-12-31,month,1925600135637,2026-02-02
2238,Net Asset Value at the beginning of period,2025-12-31,ytd,1648574048482,2026-01-05
2239,"Change of Net Asset Value of the Fund during the period, of which",2025-12-31,month,-146410286280,2026-02-02
2239,"Change of Net Asset Value of the Fund during the period, of which",2025-12-31,ytd,130615800875,2026-01-05
2239.1,Change of Net Asset Value due to investment activities during the period,2025-12-31,month,12803443301,2026-02-02
2239.1,Change of Net Asset Value due to investment activities during the period,2025-12-31,ytd,115837885862,2026-01-05
2239.2,Change of Net Asset Value due to  dividends payment to investors during the period,2025-12-31,month,0,2026-02-02
2239.2,Change of Net Asset Value due to  dividends payment to investors during the period,2025-12-31,ytd,0,2026-01-05
2239.3,Change of Net Asset Value due to subscription/redemption during the period,2025-12-31,month,-159213729581,2026-02-02
2239.3,Change of Net Asset Value due to subscription/redemption during the period,2025-12-31,ytd,14777915013,2026-01-05
2239.3.1,Change of Net Asset Value due to subscription during the period,2025-12-31,month,64719266076,2026-02-02
2239.3.1,Change of Net Asset Value due to subscription during the period,2025-12-31,ytd,1885452741774,2026-01-05
2239.3.2,Change of Net Asset Value due to redemption during the period,2025-12-31,month,-223932995657,2026-02-02
2239.3.2,Change of Net Asset Value due to redemption during the period,2025-12-31,ytd,-1870674826761,2026-01-05
2243,Net Asset Value at the end of period,2025-12-31,month,1779189849357,2026-02-02
2243,Net Asset Value at the end of period,2025-12-31,ytd,1779189849357,2026-01-05
2244,Average annual profit (only applicable to annual report),2025-12-31,month,0,2026-02-02
2244,Average annual profit (only applicable to annual report),2025-12-31,ytd,0,2026-01-05
2245,Average annual rate of return (only applicable to annual report),2025-12-31,month,0,2026-02-02
2245,Average annual rate of return (only applicable to annual report),2025-12-31,ytd,0,2026-01-05
2220,Income from Investment Activities,2026-01-31,month,11937945716,2026-03-02
2220,Income from Investment Activities,2026-01-31,ytd,11937945716,2026-02-02
2221,"Dividend income, interest income from bonds",2026-01-31,month,9003774328,2026-03-02
2221,"Dividend income, interest income from bonds",2026-01-31,ytd,9003774328,2026-02-02
2221.1,Dividends income,2026-01-31,month,0,2026-03-02
2221.1,Dividends income,2026-01-31,ytd,0,2026-02-02
2221.2,Interest income from bonds,2026-01-31,month,9003774328,2026-03-02
2221.2,Interest income from bonds,2026-01-31,ytd,9003774328,2026-02-02
2222,Interest income,2026-01-31,month,2934171388,2026-03-02
2222,Interest income,2026-01-31,ytd,2934171388,2026-02-02
2222.1,Interest income from bank deposits,2026-01-31,month,1239617962,2026-03-02
2222.1,Interest income from bank deposits,2026-01-31,ytd,1239617962,2026-02-02
2222.2,Interest income from Money market instruments,2026-01-31,month,1694553426,2026-03-02
2222.2,Interest income from Money market instruments,2026-01-31,ytd,1694553426,2026-02-02
2222.3,Interest income from reverse repo contracts,2026-01-31,month,0,2026-03-02
2222.3,Interest income from reverse repo contracts,2026-01-31,ytd,0,2026-02-02
2223,Income from rental property (not applicable),2026-01-31,month,0,2026-03-02
2223,Income from rental property (not applicable),2026-01-31,ytd,0,2026-02-02
2223,Other incomes,2026-01-31,month,0,2026-03-02
2223,Other incomes,2026-01-31,ytd,0,2026-02-02
2223.1,Other investment incomes,2026-01-31,month,0,2026-03-02
2223.1,Other investment incomes,2026-01-31,ytd,0,2026-02-02
2223.2,Other incomes,2026-01-31,month,0,2026-03-02
2223.2,Other incomes,2026-01-31,ytd,0,2026-02-02
2223.3,"Provision expense for bad debts from dividends, interest income and written off bad debts from dividends, interest income",2026-01-31,month,0,2026-03-02
2223.3,"Provision expense for bad debts from dividends, interest income and written off bad debts from dividends, interest income",2026-01-31,ytd,0,2026-02-02
2224,Expenses,2026-01-31,month,2047726846,2026-03-02
2224,Expenses,2026-01-31,ytd,2047726846,2026-02-02
2225,Management Fee paid to Fund Management Company,2026-01-31,month,1792200068,2026-03-02
2225,Management Fee paid to Fund Management Company,2026-01-31,ytd,1792200068,2026-02-02
2226,"Custody fee, Supervising fee paid to Supervising Bank/VSDC",2026-01-31,month,120495354,2026-03-02
2226,"Custody fee, Supervising fee paid to Supervising Bank/VSDC",2026-01-31,ytd,120495354,2026-02-02
2226.1,Custodian service - Safe Custody Fee,2026-01-31,month,52272503,2026-03-02
2226.1,Custodian service - Safe Custody Fee,2026-01-31,ytd,52272503,2026-02-02
2226.2,Custodian service - Transaction fee,2026-01-31,month,1000000,2026-03-02
2226.2,Custodian service - Transaction fee,2026-01-31,ytd,1000000,2026-02-02
2226.3,"Custodian service -  Depository fee, Position and Margin management fee paid to VSDC",2026-01-31,month,1508847,2026-03-02
2226.3,"Custodian service -  Depository fee, Position and Margin management fee paid to VSDC",2026-01-31,ytd,1508847,2026-02-02
2226.4,Supervisory fee,2026-01-31,month,65714004,2026-03-02
2226.4,Supervisory fee,2026-01-31,ytd,65714004,2026-02-02
2227,"Fund Administration Fee, and other fees paid to relevant Fund's service providers",2026-01-31,month,60285503,2026-03-02
2227,"Fund Administration Fee, and other fees paid to relevant Fund's service providers",2026-01-31,ytd,60285503,2026-02-02
2227.1,Fund Administration Fee,2026-01-31,month,49285503,2026-03-02
2227.1,Fund Administration Fee,2026-01-31,ytd,49285503,2026-02-02
2227.2,Transfer Agency Fee,2026-01-31,month,11000000,2026-03-02
2227.2,Transfer Agency Fee,2026-01-31,ytd,11000000,2026-02-02
2228,Audit fee,2026-01-31,month,14293973,2026-03-02
2228,Audit fee,2026-01-31,ytd,14293973,2026-02-02
2229,"Legal consultancy expenses, price feed fee, other valid expenses, remuneration paid to Fund's Board of Representatives",2026-01-31,month,-2098744,2026-03-02
2229,"Legal consultancy expenses, price feed fee, other valid expenses, remuneration paid to Fund's Board of Representatives",2026-01-31,ytd,-2098744,2026-02-02
2229.1,Remuneration of Fund's Board of Representatives,2026-01-31,month,6509589,2026-03-02
2229.1,Remuneration of Fund's Board of Representatives,2026-01-31,ytd,6509589,2026-02-02
2229.2,Price feed fee,2026-01-31,month,-8608333,2026-03-02
2229.2,Price feed fee,2026-01-31,ytd,-8608333,2026-02-02
2229.3,Legal consultancy expenses,2026-01-31,month,0,2026-03-02
2229.3,Legal consultancy expenses,2026-01-31,ytd,0,2026-02-02
2230,"Fee for drafting, printing, distribution of prospectus, summarised prospectus, financial statements, transaction confirmations, account statements and other documents to investors; information disclosure fee; fee for organising annual general meeting, board of representatives meeting",2026-01-31,month,6777596,2026-03-02
2230,"Fee for drafting, printing, distribution of prospectus, summarised prospectus, financial statements, transaction confirmations, account statements and other documents to investors; information disclosure fee; fee for organising annual general meeting, board of representatives meeting",2026-01-31,ytd,6777596,2026-02-02
2230.1,Meeting expenses,2026-01-31,month,6777596,2026-03-02
2230.1,Meeting expenses,2026-01-31,ytd,6777596,2026-02-02
2230.2,Annual report expenses,2026-01-31,month,0,2026-03-02
2230.2,Annual report expenses,2026-01-31,ytd,0,2026-02-02
2230.3,"Fund's Board of Representatives meeting, travelling expenses",2026-01-31,month,0,2026-03-02
2230.3,"Fund's Board of Representatives meeting, travelling expenses",2026-01-31,ytd,0,2026-02-02
2230.4,Expenses of information disclosure of the Fund,2026-01-31,month,0,2026-03-02
2230.4,Expenses of information disclosure of the Fund,2026-01-31,ytd,0,2026-02-02
2230.5,"Designing, printing, posting... expenses",2026-01-31,month,0,2026-03-02
2230.5,"Designing, printing, posting... expenses",2026-01-31,ytd,0,2026-02-02
2231,Expenses related to execution of Fund’s asset transactions,2026-01-31,month,53160510,2026-03-02
2231,Expenses related to execution of Fund’s asset transactions,2026-01-31,ytd,53160510,2026-02-02
2231,Real Estate Management Service fee (not applicable),2026-01-31,month,0,2026-03-02
2231,Real Estate Management Service fee (not applicable),2026-01-31,ytd,0,2026-02-02
2231.1,Brokerage & transfer fee,2026-01-31,month,53034366,2026-03-02
2231.1,Brokerage & transfer fee,2026-01-31,ytd,53034366,2026-02-02
2231.2,Clearing settlement fee,2026-01-31,month,126144,2026-03-02
2231.2,Clearing settlement fee,2026-01-31,ytd,126144,2026-02-02
2231.3,Other Expenses,2026-01-31,month,0,2026-03-02
2231.3,Other Expenses,2026-01-31,ytd,0,2026-02-02
2232,Other expenses,2026-01-31,month,2612586,2026-03-02
2232,Other expenses,2026-01-31,ytd,2612586,2026-02-02
2232,Real estate valuation service fees (not applicable),2026-01-31,month,0,2026-03-02
2232,Real estate valuation service fees (not applicable),2026-01-31,ytd,0,2026-02-02
2232.1,Set up Expenses,2026-01-31,month,0,2026-03-02
2232.1,Set up Expenses,2026-01-31,ytd,0,2026-02-02
2232.2,"Listing, registration fees",2026-01-31,month,0,2026-03-02
2232.2,"Listing, registration fees",2026-01-31,ytd,0,2026-02-02
2232.3,Annual management fee paid to SSC,2026-01-31,month,636986,2026-03-02
2232.3,Annual management fee paid to SSC,2026-01-31,ytd,636986,2026-02-02
2232.4,Bank charges,2026-01-31,month,1975600,2026-03-02
2232.4,Bank charges,2026-01-31,ytd,1975600,2026-02-02
2232.5,Borrowing expense,2026-01-31,month,0,2026-03-02
2232.5,Borrowing expense,2026-01-31,ytd,0,2026-02-02
2232.6,Other Expenses,2026-01-31,month,0,2026-03-02
2232.6,Other Expenses,2026-01-31,ytd,0,2026-02-02
2232.7,Fee paid to VSDC for getting the list of investors,2026-01-31,month,0,2026-03-02
2232.7,Fee paid to VSDC for getting the list of investors,2026-01-31,ytd,0,2026-02-02
2233,Net Income from Investment Activities (= I - II),2026-01-31,month,9890218870,2026-03-02
2233,Net Income from Investment Activities (= I - II),2026-01-31,ytd,9890218870,2026-02-02
2234,Gain / (Loss) from Investment Activities,2026-01-31,month,-1572575385,2026-03-02
2234,Gain / (Loss) from Investment Activities,2026-01-31,ytd,-1572575385,2026-02-02
2235,Realised Gain / (Loss) from disposal of investment or real estate transfer,2026-01-31,month,-1138769788,2026-03-02
2235,Realised Gain / (Loss) from disposal of investment or real estate transfer,2026-01-31,ytd,-1138769788,2026-02-02
2236,Unrealised Gain / (Loss) due to market price,2026-01-31,month,-433805597,2026-03-02
2236,Unrealised Gain / (Loss) due to market price,2026-01-31,ytd,-433805597,2026-02-02
2237,Change of Net Asset Value of the Fund due to investment activities during the period (= III + IV),2026-01-31,month,8317643485,2026-03-02
2237,Change of Net Asset Value of the Fund due to investment activities during the period (= III + IV),2026-01-31,ytd,8317643485,2026-02-02
2238,Net Asset Value at the beginning of period,2026-01-31,month,1779189849357,2026-03-02
2238,Net Asset Value at the beginning of period,2026-01-31,ytd,1779189849357,2026-02-02
2239,"Change of Net Asset Value of the Fund during the period, of which",2026-01-31,month,-84390502020,2026-03-02
2239,"Change of Net Asset Value of the Fund during the period, of which",2026-01-31,ytd,-84390502020,2026-02-02
2239.1,Change of Net Asset Value due to investment activities during the period,2026-01-31,month,8317643485,2026-03-02
2239.1,Change of Net Asset Value due to investment activities during the period,2026-01-31,ytd,8317643485,2026-02-02
2239.2,Change of Net Asset Value due to  dividends payment to investors during the period,2026-01-31,month,0,2026-03-02
2239.2,Change of Net Asset Value due to  dividends payment to investors during the period,2026-01-31,ytd,0,2026-02-02
2239.3,Change of Net Asset Value due to subscription/redemption during the period,2026-01-31,month,-92708145505,2026-03-02
2239.3,Change of Net Asset Value due to subscription/redemption during the period,2026-01-31,ytd,-92708145505,2026-02-02
2239.3.1,Change of Net Asset Value due to subscription during the period,2026-01-31,month,149815957966,2026-03-02
2239.3.1,Change of Net Asset Value due to subscription during the period,2026-01-31,ytd,149815957966,2026-02-02
2239.3.2,Change of Net Asset Value due to redemption during the period,2026-01-31,month,-242524103471,2026-03-02
2239.3.2,Change of Net Asset Value due to redemption during the period,2026-01-31,ytd,-242524103471,2026-02-02
2243,Net Asset Value at the end of period,2026-01-31,month,1694799347337,2026-03-02
2243,Net Asset Value at the end of period,2026-01-31,ytd,1694799347337,2026-02-02
2244,Average annual profit (only applicable to annual report),2026-01-31,month,0,2026-03-02
2244,Average annual profit (only applicable to annual report),2026-01-31,ytd,0,2026-02-02
2245,Average annual rate of return (only applicable to annual report),2026-01-31,month,0,2026-03-02
2245,Average annual rate of return (only applicable to annual report),2026-01-31,ytd,0,2026-02-02
2220,Income from Investment Activities,2026-02-28,month,10195574797,2026-04-01
2220,Income from Investment Activities,2026-02-28,ytd,22133520513,2026-03-02
2221,"Dividend income, interest income from bonds",2026-02-28,month,8042584830,2026-04-01
2221,"Dividend income, interest income from bonds",2026-02-28,ytd,17046359158,2026-03-02
2221.1,Dividends income,2026-02-28,month,0,2026-04-01
2221.1,Dividends income,2026-02-28,ytd,0,2026-03-02
2221.2,Interest income from bonds,2026-02-28,month,8042584830,2026-04-01
2221.2,Interest income from bonds,2026-02-28,ytd,17046359158,2026-03-02
2222,Interest income,2026-02-28,month,2152989967,2026-04-01
2222,Interest income,2026-02-28,ytd,5087161355,2026-03-02
2222.1,Interest income from bank deposits,2026-02-28,month,957376803,2026-04-01
2222.1,Interest income from bank deposits,2026-02-28,ytd,2196994765,2026-03-02
2222.2,Interest income from Money market instruments,2026-02-28,month,1195613164,2026-04-01
2222.2,Interest income from Money market instruments,2026-02-28,ytd,2890166590,2026-03-02
2222.3,Interest income from reverse repo contracts,2026-02-28,month,0,2026-04-01
2222.3,Interest income from reverse repo contracts,2026-02-28,ytd,0,2026-03-02
2223,Income from rental property (not applicable),2026-02-28,month,0,2026-04-01
2223,Income from rental property (not applicable),2026-02-28,ytd,0,2026-03-02
2223,Other incomes,2026-02-28,month,0,2026-04-01
2223,Other incomes,2026-02-28,ytd,0,2026-03-02
2223.1,Other investment incomes,2026-02-28,month,0,2026-04-01
2223.1,Other investment incomes,2026-02-28,ytd,0,2026-03-02
2223.2,Other incomes,2026-02-28,month,0,2026-04-01
2223.2,Other incomes,2026-02-28,ytd,0,2026-03-02
2223.3,"Provision expense for bad debts from dividends, interest income and written off bad debts from dividends, interest income",2026-02-28,month,0,2026-04-01
2223.3,"Provision expense for bad debts from dividends, interest income and written off bad debts from dividends, interest income",2026-02-28,ytd,0,2026-03-02
2224,Expenses,2026-02-28,month,1782792091,2026-04-01
2224,Expenses,2026-02-28,ytd,3830518937,2026-03-02
2225,Management Fee paid to Fund Management Company,2026-02-28,month,1556024862,2026-04-01
2225,Management Fee paid to Fund Management Company,2026-02-28,ytd,3348224930,2026-03-02
2226,"Custody fee, Supervising fee paid to Supervising Bank/VSDC",2026-02-28,month,105147243,2026-04-01
2226,"Custody fee, Supervising fee paid to Supervising Bank/VSDC",2026-02-28,ytd,225642597,2026-03-02
2226.1,Custodian service - Safe Custody Fee,2026-02-28,month,45384059,2026-04-01
2226.1,Custodian service - Safe Custody Fee,2026-02-28,ytd,97656562,2026-03-02
2226.2,Custodian service - Transaction fee,2026-02-28,month,1000000,2026-04-01
2226.2,Custodian service - Transaction fee,2026-02-28,ytd,2000000,2026-03-02
2226.3,"Custodian service -  Depository fee, Position and Margin management fee paid to VSDC",2026-02-28,month,1708941,2026-04-01
2226.3,"Custodian service -  Depository fee, Position and Margin management fee paid to VSDC",2026-02-28,ytd,3217788,2026-03-02
2226.4,Supervisory fee,2026-02-28,month,57054243,2026-04-01
2226.4,Supervisory fee,2026-02-28,ytd,122768247,2026-03-02
2227,"Fund Administration Fee, and other fees paid to relevant Fund's service providers",2026-02-28,month,53790683,2026-04-01
2227,"Fund Administration Fee, and other fees paid to relevant Fund's service providers",2026-02-28,ytd,114076186,2026-03-02
2227.1,Fund Administration Fee,2026-02-28,month,42790683,2026-04-01
2227.1,Fund Administration Fee,2026-02-28,ytd,92076186,2026-03-02
2227.2,Transfer Agency Fee,2026-02-28,month,11000000,2026-04-01
2227.2,Transfer Agency Fee,2026-02-28,ytd,22000000,2026-03-02
2228,Audit fee,2026-02-28,month,12910685,2026-04-01
2228,Audit fee,2026-02-28,ytd,27204658,2026-03-02
2229,"Legal consultancy expenses, price feed fee, other valid expenses, remuneration paid to Fund's Board of Representatives",2026-02-28,month,17426940,2026-04-01
2229,"Legal consultancy expenses, price feed fee, other valid expenses, remuneration paid to Fund's Board of Representatives",2026-02-28,ytd,15328196,2026-03-02
2229.1,Remuneration of Fund's Board of Representatives,2026-02-28,month,6460274,2026-04-01
2229.1,Remuneration of Fund's Board of Representatives,2026-02-28,ytd,12969863,2026-03-02
2229.2,Price feed fee,2026-02-28,month,10966666,2026-04-01
2229.2,Price feed fee,2026-02-28,ytd,2358333,2026-03-02
2229.3,Legal consultancy expenses,2026-02-28,month,0,2026-04-01
2229.3,Legal consultancy expenses,2026-02-28,ytd,0,2026-03-02
2230,"Fee for drafting, printing, distribution of prospectus, summarised prospectus, financial statements, transaction confirmations, account statements and other documents to investors; information disclosure fee; fee for organising annual general meeting, board of representatives meeting",2026-02-28,month,6121700,2026-04-01
2230,"Fee for drafting, printing, distribution of prospectus, summarised prospectus, financial statements, transaction confirmations, account statements and other documents to investors; information disclosure fee; fee for organising annual general meeting, board of representatives meeting",2026-02-28,ytd,12899296,2026-03-02
2230.1,Meeting expenses,2026-02-28,month,6121700,2026-04-01
2230.1,Meeting expenses,2026-02-28,ytd,12899296,2026-03-02
2230.2,Annual report expenses,2026-02-28,month,0,2026-04-01
2230.2,Annual report expenses,2026-02-28,ytd,0,2026-03-02
2230.3,"Fund's Board of Representatives meeting, travelling expenses",2026-02-28,month,0,2026-04-01
2230.3,"Fund's Board of Representatives meeting, travelling expenses",2026-02-28,ytd,0,2026-03-02
2230.4,Expenses of information disclosure of the Fund,2026-02-28,month,0,2026-04-01
2230.4,Expenses of information disclosure of the Fund,2026-02-28,ytd,0,2026-03-02
2230.5,"Designing, printing, posting... expenses",2026-02-28,month,0,2026-04-01
2230.5,"Designing, printing, posting... expenses",2026-02-28,ytd,0,2026-03-02
2231,Expenses related to execution of Fund’s asset transactions,2026-02-28,month,28806935,2026-04-01
2231,Expenses related to execution of Fund’s asset transactions,2026-02-28,ytd,81967445,2026-03-02
2231,Real Estate Management Service fee (not applicable),2026-02-28,month,0,2026-04-01
2231,Real Estate Management Service fee (not applicable),2026-02-28,ytd,0,2026-03-02
2231.1,Brokerage & transfer fee,2026-02-28,month,28403428,2026-04-01
2231.1,Brokerage & transfer fee,2026-02-28,ytd,81437794,2026-03-02
2231.2,Clearing settlement fee,2026-02-28,month,403507,2026-04-01
2231.2,Clearing settlement fee,2026-02-28,ytd,529651,2026-03-02
2231.3,Other Expenses,2026-02-28,month,0,2026-04-01
2231.3,Other Expenses,2026-02-28,ytd,0,2026-03-02
2232,Other expenses,2026-02-28,month,2563043,2026-04-01
2232,Other expenses,2026-02-28,ytd,5175629,2026-03-02
2232,Real estate valuation service fees (not applicable),2026-02-28,month,0,2026-04-01
2232,Real estate valuation service fees (not applicable),2026-02-28,ytd,0,2026-03-02
2232.1,Set up Expenses,2026-02-28,month,0,2026-04-01
2232.1,Set up Expenses,2026-02-28,ytd,0,2026-03-02
2232.2,"Listing, registration fees",2026-02-28,month,0,2026-04-01
2232.2,"Listing, registration fees",2026-02-28,ytd,0,2026-03-02
2232.3,Annual management fee paid to SSC,2026-02-28,month,575343,2026-04-01
2232.3,Annual management fee paid to SSC,2026-02-28,ytd,1212329,2026-03-02
2232.4,Bank charges,2026-02-28,month,1987700,2026-04-01
2232.4,Bank charges,2026-02-28,ytd,3963300,2026-03-02
2232.5,Borrowing expense,2026-02-28,month,0,2026-04-01
2232.5,Borrowing expense,2026-02-28,ytd,0,2026-03-02
2232.6,Other Expenses,2026-02-28,month,0,2026-04-01
2232.6,Other Expenses,2026-02-28,ytd,0,2026-03-02
2232.7,Fee paid to VSDC for getting the list of investors,2026-02-28,month,0,2026-04-01
2232.7,Fee paid to VSDC for getting the list of investors,2026-02-28,ytd,0,2026-03-02
2233,Net Income from Investment Activities (= I - II),2026-02-28,month,8412782706,2026-04-01
2233,Net Income from Investment Activities (= I - II),2026-02-28,ytd,18303001576,2026-03-02
2234,Gain / (Loss) from Investment Activities,2026-02-28,month,1291602293,2026-04-01
2234,Gain / (Loss) from Investment Activities,2026-02-28,ytd,-280973092,2026-03-02
2235,Realised Gain / (Loss) from disposal of investment or real estate transfer,2026-02-28,month,-332485310,2026-04-01
2235,Realised Gain / (Loss) from disposal of investment or real estate transfer,2026-02-28,ytd,-1471255098,2026-03-02
2236,Unrealised Gain / (Loss) due to market price,2026-02-28,month,1624087603,2026-04-01
2236,Unrealised Gain / (Loss) due to market price,2026-02-28,ytd,1190282006,2026-03-02
2237,Change of Net Asset Value of the Fund due to investment activities during the period (= III + IV),2026-02-28,month,9704384999,2026-04-01
2237,Change of Net Asset Value of the Fund due to investment activities during the period (= III + IV),2026-02-28,ytd,18022028484,2026-03-02
2238,Net Asset Value at the beginning of period,2026-02-28,month,1694799347337,2026-04-01
2238,Net Asset Value at the beginning of period,2026-02-28,ytd,1779189849357,2026-03-02
2239,"Change of Net Asset Value of the Fund during the period, of which",2026-02-28,month,-28122605545,2026-04-01
2239,"Change of Net Asset Value of the Fund during the period, of which",2026-02-28,ytd,-112513107565,2026-03-02
2239.1,Change of Net Asset Value due to investment activities during the period,2026-02-28,month,9704384999,2026-04-01
2239.1,Change of Net Asset Value due to investment activities during the period,2026-02-28,ytd,18022028484,2026-03-02
2239.2,Change of Net Asset Value due to  dividends payment to investors during the period,2026-02-28,month,0,2026-04-01
2239.2,Change of Net Asset Value due to  dividends payment to investors during the period,2026-02-28,ytd,0,2026-03-02
2239.3,Change of Net Asset Value due to subscription/redemption during the period,2026-02-28,month,-37826990544,2026-04-01
2239.3,Change of Net Asset Value due to subscription/redemption during the period,2026-02-28,ytd,-130535136049,2026-03-02
2239.3.1,Change of Net Asset Value due to subscription during the period,2026-02-28,month,36239015008,2026-04-01
2239.3.1,Change of Net Asset Value due to subscription during the period,2026-02-28,ytd,186054972974,2026-03-02
2239.3.2,Change of Net Asset Value due to redemption during the period,2026-02-28,month,-74066005552,2026-04-01
2239.3.2,Change of Net Asset Value due to redemption during the period,2026-02-28,ytd,-316590109023,2026-03-02
2243,Net Asset Value at the end of period,2026-02-28,month,1666676741792,2026-04-01
2243,Net Asset Value at the end of period,2026-02-28,ytd,1666676741792,2026-03-02
2244,Average annual profit (only applicable to annual report),2026-02-28,month,0,2026-04-01
2244,Average annual profit (only applicable to annual report),2026-02-28,ytd,0,2026-03-02
2245,Average annual rate of return (only applicable to annual report),2026-02-28,month,0,2026-04-01
2245,Average annual rate of return (only applicable to annual report),2026-02-28,ytd,0,2026-03-02
2220,Income from Investment Activities,2026-03-31,month,11107430394,2026-05-04
2220,Income from Investment Activities,2026-03-31,ytd,33240950907,2026-04-01
2221,"Dividend income, interest income from bonds",2026-03-31,month,8885033112,2026-05-04
2221,"Dividend income, interest income from bonds",2026-03-31,ytd,25931392270,2026-04-01
2221.1,Dividends income,2026-03-31,month,0,2026-05-04
2221.1,Dividends income,2026-03-31,ytd,0,2026-04-01
2221.2,Interest income from bonds,2026-03-31,month,8885033112,2026-05-04
2221.2,Interest income from bonds,2026-03-31,ytd,25931392270,2026-04-01
2222,Interest income,2026-03-31,month,2222397282,2026-05-04
2222,Interest income,2026-03-31,ytd,7309558637,2026-04-01
2222.1,Interest income from bank deposits,2026-03-31,month,829336488,2026-05-04
2222.1,Interest income from bank deposits,2026-03-31,ytd,3026331253,2026-04-01
2222.2,Interest income from Money market instruments,2026-03-31,month,1393060794,2026-05-04
2222.2,Interest income from Money market instruments,2026-03-31,ytd,4283227384,2026-04-01
2222.3,Interest income from reverse repo contracts,2026-03-31,month,0,2026-05-04
2222.3,Interest income from reverse repo contracts,2026-03-31,ytd,0,2026-04-01
2223,Income from rental property (not applicable),2026-03-31,month,0,2026-05-04
2223,Income from rental property (not applicable),2026-03-31,ytd,0,2026-04-01
2223,Other incomes,2026-03-31,month,0,2026-05-04
2223,Other incomes,2026-03-31,ytd,0,2026-04-01
2223.1,Other investment incomes,2026-03-31,month,0,2026-05-04
2223.1,Other investment incomes,2026-03-31,ytd,0,2026-04-01
2223.2,Other incomes,2026-03-31,month,0,2026-05-04
2223.2,Other incomes,2026-03-31,ytd,0,2026-04-01
2223.3,"Provision expense for bad debts from dividends, interest income and written off bad debts from dividends, interest income",2026-03-31,month,0,2026-05-04
2223.3,"Provision expense for bad debts from dividends, interest income and written off bad debts from dividends, interest income",2026-03-31,ytd,0,2026-04-01
2224,Expenses,2026-03-31,month,1803891267,2026-05-04
2224,Expenses,2026-03-31,ytd,5634410204,2026-04-01
2225,Management Fee paid to Fund Management Company,2026-03-31,month,1549730663,2026-05-04
2225,Management Fee paid to Fund Management Company,2026-03-31,ytd,4897955593,2026-04-01
2226,"Custody fee, Supervising fee paid to Supervising Bank/VSDC",2026-03-31,month,106968473,2026-05-04
2226,"Custody fee, Supervising fee paid to Supervising Bank/VSDC",2026-03-31,ytd,332611070,2026-04-01
2226.1,Custodian service - Safe Custody Fee,2026-03-31,month,47537822,2026-05-04
2226.1,Custodian service - Safe Custody Fee,2026-03-31,ytd,145194384,2026-04-01
2226.2,Custodian service - Transaction fee,2026-03-31,month,900000,2026-05-04
2226.2,Custodian service - Transaction fee,2026-03-31,ytd,2900000,2026-04-01
2226.3,"Custodian service -  Depository fee, Position and Margin management fee paid to VSDC",2026-03-31,month,1707194,2026-05-04
2226.3,"Custodian service -  Depository fee, Position and Margin management fee paid to VSDC",2026-03-31,ytd,4924982,2026-04-01
2226.4,Supervisory fee,2026-03-31,month,56823457,2026-05-04
2226.4,Supervisory fee,2026-03-31,ytd,179591704,2026-04-01
2227,"Fund Administration Fee, and other fees paid to relevant Fund's service providers",2026-03-31,month,53617594,2026-05-04
2227,"Fund Administration Fee, and other fees paid to relevant Fund's service providers",2026-03-31,ytd,167693780,2026-04-01
2227.1,Fund Administration Fee,2026-03-31,month,42617594,2026-05-04
2227.1,Fund Administration Fee,2026-03-31,ytd,134693780,2026-04-01
2227.2,Transfer Agency Fee,2026-03-31,month,11000000,2026-05-04
2227.2,Transfer Agency Fee,2026-03-31,ytd,33000000,2026-04-01
2228,Audit fee,2026-03-31,month,11233972,2026-05-04
2228,Audit fee,2026-03-31,ytd,38438630,2026-04-01
2229,"Legal consultancy expenses, price feed fee, other valid expenses, remuneration paid to Fund's Board of Representatives",2026-03-31,month,18651256,2026-05-04
2229,"Legal consultancy expenses, price feed fee, other valid expenses, remuneration paid to Fund's Board of Representatives",2026-03-31,ytd,33979452,2026-04-01
2229.1,Remuneration of Fund's Board of Representatives,2026-03-31,month,6509589,2026-05-04
2229.1,Remuneration of Fund's Board of Representatives,2026-03-31,ytd,19479452,2026-04-01
2229.2,Price feed fee,2026-03-31,month,12141667,2026-05-04
2229.2,Price feed fee,2026-03-31,ytd,14500000,2026-04-01
2229.3,Legal consultancy expenses,2026-03-31,month,0,2026-05-04
2229.3,Legal consultancy expenses,2026-03-31,ytd,0,2026-04-01
2230,"Fee for drafting, printing, distribution of prospectus, summarised prospectus, financial statements, transaction confirmations, account statements and other documents to investors; information disclosure fee; fee for organising annual general meeting, board of representatives meeting",2026-03-31,month,6777596,2026-05-04
2230,"Fee for drafting, printing, distribution of prospectus, summarised prospectus, financial statements, transaction confirmations, account statements and other documents to investors; information disclosure fee; fee for organising annual general meeting, board of representatives meeting",2026-03-31,ytd,19676892,2026-04-01
2230.1,Meeting expenses,2026-03-31,month,6777596,2026-05-04
2230.1,Meeting expenses,2026-03-31,ytd,19676892,2026-04-01
2230.2,Annual report expenses,2026-03-31,month,0,2026-05-04
2230.2,Annual report expenses,2026-03-31,ytd,0,2026-04-01
2230.3,"Fund's Board of Representatives meeting, travelling expenses",2026-03-31,month,0,2026-05-04
2230.3,"Fund's Board of Representatives meeting, travelling expenses",2026-03-31,ytd,0,2026-04-01
2230.4,Expenses of information disclosure of the Fund,2026-03-31,month,0,2026-05-04
2230.4,Expenses of information disclosure of the Fund,2026-03-31,ytd,0,2026-04-01
2230.5,"Designing, printing, posting... expenses",2026-03-31,month,0,2026-05-04
2230.5,"Designing, printing, posting... expenses",2026-03-31,ytd,0,2026-04-01
2231,Expenses related to execution of Fund’s asset transactions,2026-03-31,month,54311227,2026-05-04
2231,Expenses related to execution of Fund’s asset transactions,2026-03-31,ytd,136278672,2026-04-01
2231,Real Estate Management Service fee (not applicable),2026-03-31,month,0,2026-05-04
2231,Real Estate Management Service fee (not applicable),2026-03-31,ytd,0,2026-04-01
2231.1,Brokerage & transfer fee,2026-03-31,month,53921200,2026-05-04
2231.1,Brokerage & transfer fee,2026-03-31,ytd,135358994,2026-04-01
2231.2,Clearing settlement fee,2026-03-31,month,390027,2026-05-04
2231.2,Clearing settlement fee,2026-03-31,ytd,919678,2026-04-01
2231.3,Other Expenses,2026-03-31,month,0,2026-05-04
2231.3,Other Expenses,2026-03-31,ytd,0,2026-04-01
2232,Other expenses,2026-03-31,month,2600486,2026-05-04
2232,Other expenses,2026-03-31,ytd,7776115,2026-04-01
2232,Real estate valuation service fees (not applicable),2026-03-31,month,0,2026-05-04
2232,Real estate valuation service fees (not applicable),2026-03-31,ytd,0,2026-04-01
2232.1,Set up Expenses,2026-03-31,month,0,2026-05-04
2232.1,Set up Expenses,2026-03-31,ytd,0,2026-04-01
2232.2,"Listing, registration fees",2026-03-31,month,0,2026-05-04
2232.2,"Listing, registration fees",2026-03-31,ytd,0,2026-04-01
2232.3,Annual management fee paid to SSC,2026-03-31,month,636986,2026-05-04
2232.3,Annual management fee paid to SSC,2026-03-31,ytd,1849315,2026-04-01
2232.4,Bank charges,2026-03-31,month,1963500,2026-05-04
2232.4,Bank charges,2026-03-31,ytd,5926800,2026-04-01
2232.5,Borrowing expense,2026-03-31,month,0,2026-05-04
2232.5,Borrowing expense,2026-03-31,ytd,0,2026-04-01
2232.6,Other Expenses,2026-03-31,month,0,2026-05-04
2232.6,Other Expenses,2026-03-31,ytd,0,2026-04-01
2232.7,Fee paid to VSDC for getting the list of investors,2026-03-31,month,0,2026-05-04
2232.7,Fee paid to VSDC for getting the list of investors,2026-03-31,ytd,0,2026-04-01
2233,Net Income from Investment Activities (= I - II),2026-03-31,month,9303539127,2026-05-04
2233,Net Income from Investment Activities (= I - II),2026-03-31,ytd,27606540703,2026-04-01
2234,Gain / (Loss) from Investment Activities,2026-03-31,month,-806206705,2026-05-04
2234,Gain / (Loss) from Investment Activities,2026-03-31,ytd,-1087179797,2026-04-01
2235,Realised Gain / (Loss) from disposal of investment or real estate transfer,2026-03-31,month,-410224572,2026-05-04
2235,Realised Gain / (Loss) from disposal of investment or real estate transfer,2026-03-31,ytd,-1881479670,2026-04-01
2236,Unrealised Gain / (Loss) due to market price,2026-03-31,month,-395982133,2026-05-04
2236,Unrealised Gain / (Loss) due to market price,2026-03-31,ytd,794299873,2026-04-01
2237,Change of Net Asset Value of the Fund due to investment activities during the period (= III + IV),2026-03-31,month,8497332422,2026-05-04
2237,Change of Net Asset Value of the Fund due to investment activities during the period (= III + IV),2026-03-31,ytd,26519360906,2026-04-01
2238,Net Asset Value at the beginning of period,2026-03-31,month,1666676741792,2026-05-04
2238,Net Asset Value at the beginning of period,2026-03-31,ytd,1779189849357,2026-04-01
2239,"Change of Net Asset Value of the Fund during the period, of which",2026-03-31,month,-246220774121,2026-05-04
2239,"Change of Net Asset Value of the Fund during the period, of which",2026-03-31,ytd,-358733881686,2026-04-01
2239.1,Change of Net Asset Value due to investment activities during the period,2026-03-31,month,8497332422,2026-05-04
2239.1,Change of Net Asset Value due to investment activities during the period,2026-03-31,ytd,26519360906,2026-04-01
2239.2,Change of Net Asset Value due to  dividends payment to investors during the period,2026-03-31,month,0,2026-05-04
2239.2,Change of Net Asset Value due to  dividends payment to investors during the period,2026-03-31,ytd,0,2026-04-01
2239.3,Change of Net Asset Value due to subscription/redemption during the period,2026-03-31,month,-254718106543,2026-05-04
2239.3,Change of Net Asset Value due to subscription/redemption during the period,2026-03-31,ytd,-385253242592,2026-04-01
2239.3.1,Change of Net Asset Value due to subscription during the period,2026-03-31,month,66820606654,2026-05-04
2239.3.1,Change of Net Asset Value due to subscription during the period,2026-03-31,ytd,252875579628,2026-04-01
2239.3.2,Change of Net Asset Value due to redemption during the period,2026-03-31,month,-321538713197,2026-05-04
2239.3.2,Change of Net Asset Value due to redemption during the period,2026-03-31,ytd,-638128822220,2026-04-01
2243,Net Asset Value at the end of period,2026-03-31,month,1420455967671,2026-05-04
2243,Net Asset Value at the end of period,2026-03-31,ytd,1420455967671,2026-04-01
2244,Average annual profit (only applicable to annual report),2026-03-31,month,0,2026-05-04
2244,Average annual profit (only applicable to annual report),2026-03-31,ytd,0,2026-04-01
2245,Average annual rate of return (only applicable to annual report),2026-03-31,month,0,2026-05-04
2245,Average annual rate of return (only applicable to annual report),2026-03-31,ytd,0,2026-04-01
2220,Income from Investment Activities,2026-04-30,month,9149456819,2026-06-02
2220,Income from Investment Activities,2026-04-30,ytd,42390407726,2026-05-04
2221,"Dividend income, interest income from bonds",2026-04-30,month,7387406242,2026-06-02
2221,"Dividend income, interest income from bonds",2026-04-30,ytd,33318798512,2026-05-04
2221.1,Dividends income,2026-04-30,month,0,2026-06-02
2221.1,Dividends income,2026-04-30,ytd,0,2026-05-04
2221.2,Interest income from bonds,2026-04-30,month,7387406242,2026-06-02
2221.2,Interest income from bonds,2026-04-30,ytd,33318798512,2026-05-04
2222,Interest income,2026-04-30,month,1762050577,2026-06-02
2222,Interest income,2026-04-30,ytd,9071609214,2026-05-04
2222.1,Interest income from bank deposits,2026-04-30,month,599036877,2026-06-02
2222.1,Interest income from bank deposits,2026-04-30,ytd,3625368130,2026-05-04
2222.2,Interest income from Money market instruments,2026-04-30,month,1163013700,2026-06-02
2222.2,Interest income from Money market instruments,2026-04-30,ytd,5446241084,2026-05-04
2222.3,Interest income from reverse repo contracts,2026-04-30,month,0,2026-06-02
2222.3,Interest income from reverse repo contracts,2026-04-30,ytd,0,2026-05-04
2223,Income from rental property (not applicable),2026-04-30,month,0,2026-06-02
2223,Income from rental property (not applicable),2026-04-30,ytd,0,2026-05-04
2223,Other incomes,2026-04-30,month,0,2026-06-02
2223,Other incomes,2026-04-30,ytd,0,2026-05-04
2223.1,Other investment incomes,2026-04-30,month,0,2026-06-02
2223.1,Other investment incomes,2026-04-30,ytd,0,2026-05-04
2223.2,Other incomes,2026-04-30,month,0,2026-06-02
2223.2,Other incomes,2026-04-30,ytd,0,2026-05-04
2223.3,"Provision expense for bad debts from dividends, interest income and written off bad debts from dividends, interest income",2026-04-30,month,0,2026-06-02
2223.3,"Provision expense for bad debts from dividends, interest income and written off bad debts from dividends, interest income",2026-04-30,ytd,0,2026-05-04
2224,Expenses,2026-04-30,month,1537007799,2026-06-02
2224,Expenses,2026-04-30,ytd,7171418003,2026-05-04
2225,Management Fee paid to Fund Management Company,2026-04-30,month,1283999579,2026-06-02
2225,Management Fee paid to Fund Management Company,2026-04-30,ytd,6181955172,2026-05-04
2226,"Custody fee, Supervising fee paid to Supervising Bank/VSDC",2026-04-30,month,93038189,2026-06-02
2226,"Custody fee, Supervising fee paid to Supervising Bank/VSDC",2026-04-30,ytd,425649259,2026-05-04
2226.1,Custodian service - Safe Custody Fee,2026-04-30,month,42799984,2026-06-02
2226.1,Custodian service - Safe Custody Fee,2026-04-30,ytd,187994368,2026-05-04
2226.2,Custodian service - Transaction fee,2026-04-30,month,1700000,2026-06-02
2226.2,Custodian service - Transaction fee,2026-04-30,ytd,4600000,2026-05-04
2226.3,"Custodian service -  Depository fee, Position and Margin management fee paid to VSDC",2026-04-30,month,1458220,2026-06-02
2226.3,"Custodian service -  Depository fee, Position and Margin management fee paid to VSDC",2026-04-30,ytd,6383202,2026-05-04
2226.4,Supervisory fee,2026-04-30,month,47079985,2026-06-02
2226.4,Supervisory fee,2026-04-30,ytd,226671689,2026-05-04
2227,"Fund Administration Fee, and other fees paid to relevant Fund's service providers",2026-04-30,month,46309989,2026-06-02
2227,"Fund Administration Fee, and other fees paid to relevant Fund's service providers",2026-04-30,ytd,214003769,2026-05-04
2227.1,Fund Administration Fee,2026-04-30,month,35309989,2026-06-02
2227.1,Fund Administration Fee,2026-04-30,ytd,170003769,2026-05-04
2227.2,Transfer Agency Fee,2026-04-30,month,11000000,2026-06-02
2227.2,Transfer Agency Fee,2026-04-30,ytd,44000000,2026-05-04
2228,Audit fee,2026-04-30,month,16419747,2026-06-02
2228,Audit fee,2026-04-30,ytd,54858377,2026-05-04
2229,"Legal consultancy expenses, price feed fee, other valid expenses, remuneration paid to Fund's Board of Representatives",2026-04-30,month,18114030,2026-06-02
2229,"Legal consultancy expenses, price feed fee, other valid expenses, remuneration paid to Fund's Board of Representatives",2026-04-30,ytd,52093482,2026-05-04
2229.1,Remuneration of Fund's Board of Representatives,2026-04-30,month,6493151,2026-06-02
2229.1,Remuneration of Fund's Board of Representatives,2026-04-30,ytd,25972603,2026-05-04
2229.2,Price feed fee,2026-04-30,month,11620879,2026-06-02
2229.2,Price feed fee,2026-04-30,ytd,26120879,2026-05-04
2229.3,Legal consultancy expenses,2026-04-30,month,0,2026-06-02
2229.3,Legal consultancy expenses,2026-04-30,ytd,0,2026-05-04
2230,"Fee for drafting, printing, distribution of prospectus, summarised prospectus, financial statements, transaction confirmations, account statements and other documents to investors; information disclosure fee; fee for organising annual general meeting, board of representatives meeting",2026-04-30,month,6558964,2026-06-02
2230,"Fee for drafting, printing, distribution of prospectus, summarised prospectus, financial statements, transaction confirmations, account statements and other documents to investors; information disclosure fee; fee for organising annual general meeting, board of representatives meeting",2026-04-30,ytd,26235856,2026-05-04
2230.1,Meeting expenses,2026-04-30,month,6558964,2026-06-02
2230.1,Meeting expenses,2026-04-30,ytd,26235856,2026-05-04
2230.2,Annual report expenses,2026-04-30,month,0,2026-06-02
2230.2,Annual report expenses,2026-04-30,ytd,0,2026-05-04
2230.3,"Fund's Board of Representatives meeting, travelling expenses",2026-04-30,month,0,2026-06-02
2230.3,"Fund's Board of Representatives meeting, travelling expenses",2026-04-30,ytd,0,2026-05-04
2230.4,Expenses of information disclosure of the Fund,2026-04-30,month,0,2026-06-02
2230.4,Expenses of information disclosure of the Fund,2026-04-30,ytd,0,2026-05-04
2230.5,"Designing, printing, posting... expenses",2026-04-30,month,0,2026-06-02
2230.5,"Designing, printing, posting... expenses",2026-04-30,ytd,0,2026-05-04
2231,Expenses related to execution of Fund’s asset transactions,2026-04-30,month,69282263,2026-06-02
2231,Expenses related to execution of Fund’s asset transactions,2026-04-30,ytd,205560935,2026-05-04
2231,Real Estate Management Service fee (not applicable),2026-04-30,month,0,2026-06-02
2231,Real Estate Management Service fee (not applicable),2026-04-30,ytd,0,2026-05-04
2231.1,Brokerage & transfer fee,2026-04-30,month,69222263,2026-06-02
2231.1,Brokerage & transfer fee,2026-04-30,ytd,204581257,2026-05-04
2231.2,Clearing settlement fee,2026-04-30,month,60000,2026-06-02
2231.2,Clearing settlement fee,2026-04-30,ytd,979678,2026-05-04
2231.3,Other Expenses,2026-04-30,month,0,2026-06-02
2231.3,Other Expenses,2026-04-30,ytd,0,2026-05-04
2232,Other expenses,2026-04-30,month,3285038,2026-06-02
2232,Other expenses,2026-04-30,ytd,11061153,2026-05-04
2232,Real estate valuation service fees (not applicable),2026-04-30,month,0,2026-06-02
2232,Real estate valuation service fees (not applicable),2026-04-30,ytd,0,2026-05-04
2232.1,Set up Expenses,2026-04-30,month,0,2026-06-02
2232.1,Set up Expenses,2026-04-30,ytd,0,2026-05-04
2232.2,"Listing, registration fees",2026-04-30,month,0,2026-06-02
2232.2,"Listing, registration fees",2026-04-30,ytd,0,2026-05-04
2232.3,Annual management fee paid to SSC,2026-04-30,month,616438,2026-06-02
2232.3,Annual management fee paid to SSC,2026-04-30,ytd,2465753,2026-05-04
2232.4,Bank charges,2026-04-30,month,2668600,2026-06-02
2232.4,Bank charges,2026-04-30,ytd,8595400,2026-05-04
2232.5,Borrowing expense,2026-04-30,month,0,2026-06-02
2232.5,Borrowing expense,2026-04-30,ytd,0,2026-05-04
2232.6,Other Expenses,2026-04-30,month,0,2026-06-02
2232.6,Other Expenses,2026-04-30,ytd,0,2026-05-04
2232.7,Fee paid to VSDC for getting the list of investors,2026-04-30,month,0,2026-06-02
2232.7,Fee paid to VSDC for getting the list of investors,2026-04-30,ytd,0,2026-05-04
2233,Net Income from Investment Activities (= I - II),2026-04-30,month,7612449020,2026-06-02
2233,Net Income from Investment Activities (= I - II),2026-04-30,ytd,35218989723,2026-05-04
2234,Gain / (Loss) from Investment Activities,2026-04-30,month,-1157524312,2026-06-02
2234,Gain / (Loss) from Investment Activities,2026-04-30,ytd,-2244704109,2026-05-04
2235,Realised Gain / (Loss) from disposal of investment or real estate transfer,2026-04-30,month,-514493950,2026-06-02
2235,Realised Gain / (Loss) from disposal of investment or real estate transfer,2026-04-30,ytd,-2395973620,2026-05-04
2236,Unrealised Gain / (Loss) due to market price,2026-04-30,month,-643030362,2026-06-02
2236,Unrealised Gain / (Loss) due to market price,2026-04-30,ytd,151269511,2026-05-04
2237,Change of Net Asset Value of the Fund due to investment activities during the period (= III + IV),2026-04-30,month,6454924708,2026-06-02
2237,Change of Net Asset Value of the Fund due to investment activities during the period (= III + IV),2026-04-30,ytd,32974285614,2026-05-04
2238,Net Asset Value at the beginning of period,2026-04-30,month,1420455967671,2026-06-02
2238,Net Asset Value at the beginning of period,2026-04-30,ytd,1779189849357,2026-05-04
2239,"Change of Net Asset Value of the Fund during the period, of which",2026-04-30,month,-202480119049,2026-06-02
2239,"Change of Net Asset Value of the Fund during the period, of which",2026-04-30,ytd,-561214000735,2026-05-04
2239.1,Change of Net Asset Value due to investment activities during the period,2026-04-30,month,6454924708,2026-06-02
2239.1,Change of Net Asset Value due to investment activities during the period,2026-04-30,ytd,32974285614,2026-05-04
2239.2,Change of Net Asset Value due to  dividends payment to investors during the period,2026-04-30,month,0,2026-06-02
2239.2,Change of Net Asset Value due to  dividends payment to investors during the period,2026-04-30,ytd,0,2026-05-04
2239.3,Change of Net Asset Value due to subscription/redemption during the period,2026-04-30,month,-208935043757,2026-06-02
2239.3,Change of Net Asset Value due to subscription/redemption during the period,2026-04-30,ytd,-594188286349,2026-05-04
2239.3.1,Change of Net Asset Value due to subscription during the period,2026-04-30,month,29432669395,2026-06-02
2239.3.1,Change of Net Asset Value due to subscription during the period,2026-04-30,ytd,282308249023,2026-05-04
2239.3.2,Change of Net Asset Value due to redemption during the period,2026-04-30,month,-238367713152,2026-06-02
2239.3.2,Change of Net Asset Value due to redemption during the period,2026-04-30,ytd,-876496535372,2026-05-04
2243,Net Asset Value at the end of period,2026-04-30,month,1217975848622,2026-06-02
2243,Net Asset Value at the end of period,2026-04-30,ytd,1217975848622,2026-05-04
2244,Average annual profit (only applicable to annual report),2026-04-30,month,0,2026-06-02
2244,Average annual profit (only applicable to annual report),2026-04-30,ytd,0,2026-05-04
2245,Average annual rate of return (only applicable to annual report),2026-04-30,month,0,2026-06-02
2245,Average annual rate of return (only applicable to annual report),2026-04-30,ytd,0,2026-05-04
2220,Income from Investment Activities,2026-05-31,month,8232140915,2026-07-02
2220,Income from Investment Activities,2026-05-31,ytd,50622548641,2026-06-02
2221,"Dividend income, interest income from bonds",2026-05-31,month,6856088720,2026-07-02
2221,"Dividend income, interest income from bonds",2026-05-31,ytd,40174887232,2026-06-02
2221.1,Dividends income,2026-05-31,month,0,2026-07-02
2221.1,Dividends income,2026-05-31,ytd,0,2026-06-02
2221.2,Interest income from bonds,2026-05-31,month,6856088720,2026-07-02
2221.2,Interest income from bonds,2026-05-31,ytd,40174887232,2026-06-02
2222,Interest income,2026-05-31,month,1376052195,2026-07-02
2222,Interest income,2026-05-31,ytd,10447661409,2026-06-02
2222.1,Interest income from bank deposits,2026-05-31,month,647846714,2026-07-02
2222.1,Interest income from bank deposits,2026-05-31,ytd,4273214844,2026-06-02
2222.2,Interest income from Money market instruments,2026-05-31,month,728205481,2026-07-02
2222.2,Interest income from Money market instruments,2026-05-31,ytd,6174446565,2026-06-02
2222.3,Interest income from reverse repo contracts,2026-05-31,month,0,2026-07-02
2222.3,Interest income from reverse repo contracts,2026-05-31,ytd,0,2026-06-02
2223,Income from rental property (not applicable),2026-05-31,month,0,2026-07-02
2223,Income from rental property (not applicable),2026-05-31,ytd,0,2026-06-02
2223,Other incomes,2026-05-31,month,0,2026-07-02
2223,Other incomes,2026-05-31,ytd,0,2026-06-02
2223.1,Other investment incomes,2026-05-31,month,0,2026-07-02
2223.1,Other investment incomes,2026-05-31,ytd,0,2026-06-02
2223.2,Other incomes,2026-05-31,month,0,2026-07-02
2223.2,Other incomes,2026-05-31,ytd,0,2026-06-02
2223.3,"Provision expense for bad debts from dividends, interest income and written off bad debts from dividends, interest income",2026-05-31,month,0,2026-07-02
2223.3,"Provision expense for bad debts from dividends, interest income and written off bad debts from dividends, interest income",2026-05-31,ytd,0,2026-06-02
2224,Expenses,2026-05-31,month,1291608993,2026-07-02
2224,Expenses,2026-05-31,ytd,8463026996,2026-06-02
2225,Management Fee paid to Fund Management Company,2026-05-31,month,1127238056,2026-07-02
2225,Management Fee paid to Fund Management Company,2026-05-31,ytd,7309193228,2026-06-02
2226,"Custody fee, Supervising fee paid to Supervising Bank/VSDC",2026-05-31,month,80975989,2026-07-02
2226,"Custody fee, Supervising fee paid to Supervising Bank/VSDC",2026-05-31,ytd,506625248,2026-06-02
2226.1,Custodian service - Safe Custody Fee,2026-05-31,month,37574602,2026-07-02
2226.1,Custodian service - Safe Custody Fee,2026-05-31,ytd,225568970,2026-06-02
2226.2,Custodian service - Transaction fee,2026-05-31,month,500000,2026-07-02
2226.2,Custodian service - Transaction fee,2026-05-31,ytd,5100000,2026-06-02
2226.3,"Custodian service -  Depository fee, Position and Margin management fee paid to VSDC",2026-05-31,month,1569324,2026-07-02
2226.3,"Custodian service -  Depository fee, Position and Margin management fee paid to VSDC",2026-05-31,ytd,7952526,2026-06-02
2226.4,Supervisory fee,2026-05-31,month,41332063,2026-07-02
2226.4,Supervisory fee,2026-05-31,ytd,268003752,2026-06-02
2227,"Fund Administration Fee, and other fees paid to relevant Fund's service providers",2026-05-31,month,41999045,2026-07-02
2227,"Fund Administration Fee, and other fees paid to relevant Fund's service providers",2026-05-31,ytd,256002814,2026-06-02
2227.1,Fund Administration Fee,2026-05-31,month,30999045,2026-07-02
2227.1,Fund Administration Fee,2026-05-31,ytd,201002814,2026-06-02
2227.2,Transfer Agency Fee,2026-05-31,month,11000000,2026-07-02
2227.2,Transfer Agency Fee,2026-05-31,ytd,55000000,2026-06-02
2228,Audit fee,2026-05-31,month,14293972,2026-07-02
2228,Audit fee,2026-05-31,ytd,69152349,2026-06-02
2229,"Legal consultancy expenses, price feed fee, other valid expenses, remuneration paid to Fund's Board of Representatives",2026-05-31,month,-16732169,2026-07-02
2229,"Legal consultancy expenses, price feed fee, other valid expenses, remuneration paid to Fund's Board of Representatives",2026-05-31,ytd,35361313,2026-06-02
2229.1,Remuneration of Fund's Board of Representatives,2026-05-31,month,6509589,2026-07-02
2229.1,Remuneration of Fund's Board of Representatives,2026-05-31,ytd,32482192,2026-06-02
2229.2,Price feed fee,2026-05-31,month,-23241758,2026-07-02
2229.2,Price feed fee,2026-05-31,ytd,2879121,2026-06-02
2229.3,Legal consultancy expenses,2026-05-31,month,0,2026-07-02
2229.3,Legal consultancy expenses,2026-05-31,ytd,0,2026-06-02
2230,"Fee for drafting, printing, distribution of prospectus, summarised prospectus, financial statements, transaction confirmations, account statements and other documents to investors; information disclosure fee; fee for organising annual general meeting, board of representatives meeting",2026-05-31,month,6777596,2026-07-02
2230,"Fee for drafting, printing, distribution of prospectus, summarised prospectus, financial statements, transaction confirmations, account statements and other documents to investors; information disclosure fee; fee for organising annual general meeting, board of representatives meeting",2026-05-31,ytd,33013452,2026-06-02
2230.1,Meeting expenses,2026-05-31,month,6777596,2026-07-02
2230.1,Meeting expenses,2026-05-31,ytd,33013452,2026-06-02
2230.2,Annual report expenses,2026-05-31,month,0,2026-07-02
2230.2,Annual report expenses,2026-05-31,ytd,0,2026-06-02
2230.3,"Fund's Board of Representatives meeting, travelling expenses",2026-05-31,month,0,2026-07-02
2230.3,"Fund's Board of Representatives meeting, travelling expenses",2026-05-31,ytd,0,2026-06-02
2230.4,Expenses of information disclosure of the Fund,2026-05-31,month,0,2026-07-02
2230.4,Expenses of information disclosure of the Fund,2026-05-31,ytd,0,2026-06-02
2230.5,"Designing, printing, posting... expenses",2026-05-31,month,0,2026-07-02
2230.5,"Designing, printing, posting... expenses",2026-05-31,ytd,0,2026-06-02
2231,Expenses related to execution of Fund’s asset transactions,2026-05-31,month,35389917,2026-07-02
2231,Expenses related to execution of Fund’s asset transactions,2026-05-31,ytd,240950852,2026-06-02
2231,Real Estate Management Service fee (not applicable),2026-05-31,month,0,2026-07-02
2231,Real Estate Management Service fee (not applicable),2026-05-31,ytd,0,2026-06-02
2231.1,Brokerage & transfer fee,2026-05-31,month,34729912,2026-07-02
2231.1,Brokerage & transfer fee,2026-05-31,ytd,239311169,2026-06-02
2231.2,Clearing settlement fee,2026-05-31,month,660005,2026-07-02
2231.2,Clearing settlement fee,2026-05-31,ytd,1639683,2026-06-02
2231.3,Other Expenses,2026-05-31,month,0,2026-07-02
2231.3,Other Expenses,2026-05-31,ytd,0,2026-06-02
2232,Other expenses,2026-05-31,month,1666587,2026-07-02
2232,Other expenses,2026-05-31,ytd,12727740,2026-06-02
2232,Real estate valuation service fees (not applicable),2026-05-31,month,0,2026-07-02
2232,Real estate valuation service fees (not applicable),2026-05-31,ytd,0,2026-06-02
2232.1,Set up Expenses,2026-05-31,month,0,2026-07-02
2232.1,Set up Expenses,2026-05-31,ytd,0,2026-06-02
2232.2,"Listing, registration fees",2026-05-31,month,0,2026-07-02
2232.2,"Listing, registration fees",2026-05-31,ytd,0,2026-06-02
2232.3,Annual management fee paid to SSC,2026-05-31,month,636987,2026-07-02
2232.3,Annual management fee paid to SSC,2026-05-31,ytd,3102740,2026-06-02
2232.4,Bank charges,2026-05-31,month,1029600,2026-07-02
2232.4,Bank charges,2026-05-31,ytd,9625000,2026-06-02
2232.5,Borrowing expense,2026-05-31,month,0,2026-07-02
2232.5,Borrowing expense,2026-05-31,ytd,0,2026-06-02
2232.6,Other Expenses,2026-05-31,month,0,2026-07-02
2232.6,Other Expenses,2026-05-31,ytd,0,2026-06-02
2232.7,Fee paid to VSDC for getting the list of investors,2026-05-31,month,0,2026-07-02
2232.7,Fee paid to VSDC for getting the list of investors,2026-05-31,ytd,0,2026-06-02
2233,Net Income from Investment Activities (= I - II),2026-05-31,month,6940531922,2026-07-02
2233,Net Income from Investment Activities (= I - II),2026-05-31,ytd,42159521645,2026-06-02
2234,Gain / (Loss) from Investment Activities,2026-05-31,month,-251222148,2026-07-02
2234,Gain / (Loss) from Investment Activities,2026-05-31,ytd,-2495926257,2026-06-02
2235,Realised Gain / (Loss) from disposal of investment or real estate transfer,2026-05-31,month,-278448310,2026-07-02
2235,Realised Gain / (Loss) from disposal of investment or real estate transfer,2026-05-31,ytd,-2674421930,2026-06-02
2236,Unrealised Gain / (Loss) due to market price,2026-05-31,month,27226162,2026-07-02
2236,Unrealised Gain / (Loss) due to market price,2026-05-31,ytd,178495673,2026-06-02
2237,Change of Net Asset Value of the Fund due to investment activities during the period (= III + IV),2026-05-31,month,6689309774,2026-07-02
2237,Change of Net Asset Value of the Fund due to investment activities during the period (= III + IV),2026-05-31,ytd,39663595388,2026-06-02
2238,Net Asset Value at the beginning of period,2026-05-31,month,1217975848622,2026-07-02
2238,Net Asset Value at the beginning of period,2026-05-31,ytd,1779189849357,2026-06-02
2239,"Change of Net Asset Value of the Fund during the period, of which",2026-05-31,month,-189643625728,2026-07-02
2239,"Change of Net Asset Value of the Fund during the period, of which",2026-05-31,ytd,-750857626463,2026-06-02
2239.1,Change of Net Asset Value due to investment activities during the period,2026-05-31,month,6689309774,2026-07-02
2239.1,Change of Net Asset Value due to investment activities during the period,2026-05-31,ytd,39663595388,2026-06-02
2239.2,Change of Net Asset Value due to  dividends payment to investors during the period,2026-05-31,month,0,2026-07-02
2239.2,Change of Net Asset Value due to  dividends payment to investors during the period,2026-05-31,ytd,0,2026-06-02
2239.3,Change of Net Asset Value due to subscription/redemption during the period,2026-05-31,month,-196332935502,2026-07-02
2239.3,Change of Net Asset Value due to subscription/redemption during the period,2026-05-31,ytd,-790521221851,2026-06-02
2239.3.1,Change of Net Asset Value due to subscription during the period,2026-05-31,month,40790049148,2026-07-02
2239.3.1,Change of Net Asset Value due to subscription during the period,2026-05-31,ytd,323098298171,2026-06-02
2239.3.2,Change of Net Asset Value due to redemption during the period,2026-05-31,month,-237122984650,2026-07-02
2239.3.2,Change of Net Asset Value due to redemption during the period,2026-05-31,ytd,-1113619520022,2026-06-02
2243,Net Asset Value at the end of period,2026-05-31,month,1028332222894,2026-07-02
2243,Net Asset Value at the end of period,2026-05-31,ytd,1028332222894,2026-06-02
2244,Average annual profit (only applicable to annual report),2026-05-31,month,0,2026-07-02
2244,Average annual profit (only applicable to annual report),2026-05-31,ytd,0,2026-06-02
2245,Average annual rate of return (only applicable to annual report),2026-05-31,month,0,2026-07-02
2245,Average annual rate of return (only applicable to annual report),2026-05-31,ytd,0,2026-06-02
2220,Income from Investment Activities,2026-06-30,month,7107620541,2026-08-04
2220,Income from Investment Activities,2026-06-30,ytd,57730169182,2026-07-02
2221,"Dividend income, interest income from bonds",2026-06-30,month,6082185682,2026-08-04
2221,"Dividend income, interest income from bonds",2026-06-30,ytd,46257072914,2026-07-02
2221.1,Dividends income,2026-06-30,month,0,2026-08-04
2221.1,Dividends income,2026-06-30,ytd,0,2026-07-02
2221.2,Interest income from bonds,2026-06-30,month,6082185682,2026-08-04
2221.2,Interest income from bonds,2026-06-30,ytd,46257072914,2026-07-02
2222,Interest income,2026-06-30,month,1025434859,2026-08-04
2222,Interest income,2026-06-30,ytd,11473096268,2026-07-02
2222.1,Interest income from bank deposits,2026-06-30,month,493725272,2026-08-04
2222.1,Interest income from bank deposits,2026-06-30,ytd,4766940116,2026-07-02
2222.2,Interest income from Money market instruments,2026-06-30,month,531709587,2026-08-04
2222.2,Interest income from Money market instruments,2026-06-30,ytd,6706156152,2026-07-02
2222.3,Interest income from reverse repo contracts,2026-06-30,month,0,2026-08-04
2222.3,Interest income from reverse repo contracts,2026-06-30,ytd,0,2026-07-02
2223,Income from rental property (not applicable),2026-06-30,month,0,2026-08-04
2223,Income from rental property (not applicable),2026-06-30,ytd,0,2026-07-02
2223,Other incomes,2026-06-30,month,0,2026-08-04
2223,Other incomes,2026-06-30,ytd,0,2026-07-02
2223.1,Other investment incomes,2026-06-30,month,0,2026-08-04
2223.1,Other investment incomes,2026-06-30,ytd,0,2026-07-02
2223.2,Other incomes,2026-06-30,month,0,2026-08-04
2223.2,Other incomes,2026-06-30,ytd,0,2026-07-02
2223.3,"Provision expense for bad debts from dividends, interest income and written off bad debts from dividends, interest income",2026-06-30,month,0,2026-08-04
2223.3,"Provision expense for bad debts from dividends, interest income and written off bad debts from dividends, interest income",2026-06-30,ytd,0,2026-07-02
2224,Expenses,2026-06-30,month,1132673427,2026-08-04
2224,Expenses,2026-06-30,ytd,9595700423,2026-07-02
2225,Management Fee paid to Fund Management Company,2026-06-30,month,970546730,2026-08-04
2225,Management Fee paid to Fund Management Company,2026-06-30,ytd,8279739958,2026-07-02
2226,"Custody fee, Supervising fee paid to Supervising Bank/VSDC",2026-06-30,month,70350573,2026-08-04
2226,"Custody fee, Supervising fee paid to Supervising Bank/VSDC",2026-06-30,ytd,576975821,2026-07-02
2226.1,Custodian service - Safe Custody Fee,2026-06-30,month,32351557,2026-08-04
2226.1,Custodian service - Safe Custody Fee,2026-06-30,ytd,257920527,2026-07-02
2226.2,Custodian service - Transaction fee,2026-06-30,month,1200000,2026-08-04
2226.2,Custodian service - Transaction fee,2026-06-30,ytd,6300000,2026-07-02
2226.3,"Custodian service -  Depository fee, Position and Margin management fee paid to VSDC",2026-06-30,month,1212303,2026-08-04
2226.3,"Custodian service -  Depository fee, Position and Margin management fee paid to VSDC",2026-06-30,ytd,9164829,2026-07-02
2226.4,Supervisory fee,2026-06-30,month,35586713,2026-08-04
2226.4,Supervisory fee,2026-06-30,ytd,303590465,2026-07-02
2227,"Fund Administration Fee, and other fees paid to relevant Fund's service providers",2026-06-30,month,42090036,2026-08-04
2227,"Fund Administration Fee, and other fees paid to relevant Fund's service providers",2026-06-30,ytd,298092850,2026-07-02
2227.1,Fund Administration Fee,2026-06-30,month,26690036,2026-08-04
2227.1,Fund Administration Fee,2026-06-30,ytd,227692850,2026-07-02
2227.2,Transfer Agency Fee,2026-06-30,month,15400000,2026-08-04
2227.2,Transfer Agency Fee,2026-06-30,ytd,70400000,2026-07-02
2228,Audit fee,2026-06-30,month,14537732,2026-08-04
2228,Audit fee,2026-06-30,ytd,83690081,2026-07-02
2229,"Legal consultancy expenses, price feed fee, other valid expenses, remuneration paid to Fund's Board of Representatives",2026-06-30,month,-2135971,2026-08-04
2229,"Legal consultancy expenses, price feed fee, other valid expenses, remuneration paid to Fund's Board of Representatives",2026-06-30,ytd,33225342,2026-07-02
2229.1,Remuneration of Fund's Board of Representatives,2026-06-30,month,6493150,2026-08-04
2229.1,Remuneration of Fund's Board of Representatives,2026-06-30,ytd,38975342,2026-07-02
2229.2,Price feed fee,2026-06-30,month,-8629121,2026-08-04
2229.2,Price feed fee,2026-06-30,ytd,-5750000,2026-07-02
2229.3,Legal consultancy expenses,2026-06-30,month,0,2026-08-04
2229.3,Legal consultancy expenses,2026-06-30,ytd,0,2026-07-02
2230,"Fee for drafting, printing, distribution of prospectus, summarised prospectus, financial statements, transaction confirmations, account statements and other documents to investors; information disclosure fee; fee for organising annual general meeting, board of representatives meeting",2026-06-30,month,5892935,2026-08-04
2230,"Fee for drafting, printing, distribution of prospectus, summarised prospectus, financial statements, transaction confirmations, account statements and other documents to investors; information disclosure fee; fee for organising annual general meeting, board of representatives meeting",2026-06-30,ytd,38906387,2026-07-02
2230.1,Meeting expenses,2026-06-30,month,5892935,2026-08-04
2230.1,Meeting expenses,2026-06-30,ytd,38906387,2026-07-02
2230.2,Annual report expenses,2026-06-30,month,0,2026-08-04
2230.2,Annual report expenses,2026-06-30,ytd,0,2026-07-02
2230.3,"Fund's Board of Representatives meeting, travelling expenses",2026-06-30,month,0,2026-08-04
2230.3,"Fund's Board of Representatives meeting, travelling expenses",2026-06-30,ytd,0,2026-07-02
2230.4,Expenses of information disclosure of the Fund,2026-06-30,month,0,2026-08-04
2230.4,Expenses of information disclosure of the Fund,2026-06-30,ytd,0,2026-07-02
2230.5,"Designing, printing, posting... expenses",2026-06-30,month,0,2026-08-04
2230.5,"Designing, printing, posting... expenses",2026-06-30,ytd,0,2026-07-02
2231,Expenses related to execution of Fund’s asset transactions,2026-06-30,month,27877554,2026-08-04
2231,Expenses related to execution of Fund’s asset transactions,2026-06-30,ytd,268828406,2026-07-02
2231,Real Estate Management Service fee (not applicable),2026-06-30,month,0,2026-08-04
2231,Real Estate Management Service fee (not applicable),2026-06-30,ytd,0,2026-07-02
2231.1,Brokerage & transfer fee,2026-06-30,month,27197197,2026-08-04
2231.1,Brokerage & transfer fee,2026-06-30,ytd,266508366,2026-07-02
2231.2,Clearing settlement fee,2026-06-30,month,680357,2026-08-04
2231.2,Clearing settlement fee,2026-06-30,ytd,2320040,2026-07-02
2231.3,Other Expenses,2026-06-30,month,0,2026-08-04
2231.3,Other Expenses,2026-06-30,ytd,0,2026-07-02
2232,Other expenses,2026-06-30,month,3513838,2026-08-04
2232,Other expenses,2026-06-30,ytd,16241578,2026-07-02
2232,Real estate valuation service fees (not applicable),2026-06-30,month,0,2026-08-04
2232,Real estate valuation service fees (not applicable),2026-06-30,ytd,0,2026-07-02
2232.1,Set up Expenses,2026-06-30,month,0,2026-08-04
2232.1,Set up Expenses,2026-06-30,ytd,0,2026-07-02
2232.2,"Listing, registration fees",2026-06-30,month,0,2026-08-04
2232.2,"Listing, registration fees",2026-06-30,ytd,0,2026-07-02
2232.3,Annual management fee paid to SSC,2026-06-30,month,616438,2026-08-04
2232.3,Annual management fee paid to SSC,2026-06-30,ytd,3719178,2026-07-02
2232.4,Bank charges,2026-06-30,month,2897400,2026-08-04
2232.4,Bank charges,2026-06-30,ytd,12522400,2026-07-02
2232.5,Borrowing expense,2026-06-30,month,0,2026-08-04
2232.5,Borrowing expense,2026-06-30,ytd,0,2026-07-02
2232.6,Other Expenses,2026-06-30,month,0,2026-08-04
2232.6,Other Expenses,2026-06-30,ytd,0,2026-07-02
2232.7,Fee paid to VSDC for getting the list of investors,2026-06-30,month,0,2026-08-04
2232.7,Fee paid to VSDC for getting the list of investors,2026-06-30,ytd,0,2026-07-02
2233,Net Income from Investment Activities (= I - II),2026-06-30,month,5974947114,2026-08-04
2233,Net Income from Investment Activities (= I - II),2026-06-30,ytd,48134468759,2026-07-02
2234,Gain / (Loss) from Investment Activities,2026-06-30,month,6808569,2026-08-04
2234,Gain / (Loss) from Investment Activities,2026-06-30,ytd,-2489117688,2026-07-02
2235,Realised Gain / (Loss) from disposal of investment or real estate transfer,2026-06-30,month,-219600061,2026-08-04
2235,Realised Gain / (Loss) from disposal of investment or real estate transfer,2026-06-30,ytd,-2894021991,2026-07-02
2236,Unrealised Gain / (Loss) due to market price,2026-06-30,month,226408630,2026-08-04
2236,Unrealised Gain / (Loss) due to market price,2026-06-30,ytd,404904303,2026-07-02
2237,Change of Net Asset Value of the Fund due to investment activities during the period (= III + IV),2026-06-30,month,5981755683,2026-08-04
2237,Change of Net Asset Value of the Fund due to investment activities during the period (= III + IV),2026-06-30,ytd,45645351071,2026-07-02
2238,Net Asset Value at the beginning of period,2026-06-30,month,1028332222894,2026-08-04
2238,Net Asset Value at the beginning of period,2026-06-30,ytd,1779189849357,2026-07-02
2239,"Change of Net Asset Value of the Fund during the period, of which",2026-06-30,month,-60517933131,2026-08-04
2239,"Change of Net Asset Value of the Fund during the period, of which",2026-06-30,ytd,-811375559594,2026-07-02
2239.1,Change of Net Asset Value due to investment activities during the period,2026-06-30,month,5981755683,2026-08-04
2239.1,Change of Net Asset Value due to investment activities during the period,2026-06-30,ytd,45645351071,2026-07-02
2239.2,Change of Net Asset Value due to  dividends payment to investors during the period,2026-06-30,month,0,2026-08-04
2239.2,Change of Net Asset Value due to  dividends payment to investors during the period,2026-06-30,ytd,0,2026-07-02
2239.3,Change of Net Asset Value due to subscription/redemption during the period,2026-06-30,month,-66499688814,2026-08-04
2239.3,Change of Net Asset Value due to subscription/redemption during the period,2026-06-30,ytd,-857020910665,2026-07-02
2239.3.1,Change of Net Asset Value due to subscription during the period,2026-06-30,month,39759108037,2026-08-04
2239.3.1,Change of Net Asset Value due to subscription during the period,2026-06-30,ytd,362857406208,2026-07-02
2239.3.2,Change of Net Asset Value due to redemption during the period,2026-06-30,month,-106258796851,2026-08-04
2239.3.2,Change of Net Asset Value due to redemption during the period,2026-06-30,ytd,-1219878316873,2026-07-02
2243,Net Asset Value at the end of period,2026-06-30,month,967814289763,2026-08-04
2243,Net Asset Value at the end of period,2026-06-30,ytd,967814289763,2026-07-02
2244,Average annual profit (only applicable to annual report),2026-06-30,month,0,2026-08-04
2244,Average annual profit (only applicable to annual report),2026-06-30,ytd,0,2026-07-02
2245,Average annual rate of return (only applicable to annual report),2026-06-30,month,0,2026-08-04
2245,Average annual rate of return (only applicable to annual report),2026-06-30,ytd,0,2026-07-02
2220,Income from Investment Activities,2026-07-31,month,6725793116,2026-08-04
2220,Income from Investment Activities,2026-07-31,ytd,64455962298,2026-08-04
2221,"Dividend income, interest income from bonds",2026-07-31,month,5590916514,2026-08-04
2221,"Dividend income, interest income from bonds",2026-07-31,ytd,51847989428,2026-08-04
2221.1,Dividends income,2026-07-31,month,0,2026-08-04
2221.1,Dividends income,2026-07-31,ytd,0,2026-08-04
2221.2,Interest income from bonds,2026-07-31,month,5590916514,2026-08-04
2221.2,Interest income from bonds,2026-07-31,ytd,51847989428,2026-08-04
2222,Interest income,2026-07-31,month,1134876602,2026-08-04
2222,Interest income,2026-07-31,ytd,12607972870,2026-08-04
2222.1,Interest income from bank deposits,2026-07-31,month,514882079,2026-08-04
2222.1,Interest income from bank deposits,2026-07-31,ytd,5281822195,2026-08-04
2222.2,Interest income from Money market instruments,2026-07-31,month,619994523,2026-08-04
2222.2,Interest income from Money market instruments,2026-07-31,ytd,7326150675,2026-08-04
2222.3,Interest income from reverse repo contracts,2026-07-31,month,0,2026-08-04
2222.3,Interest income from reverse repo contracts,2026-07-31,ytd,0,2026-08-04
2223,Income from rental property (not applicable),2026-07-31,month,0,2026-08-04
2223,Income from rental property (not applicable),2026-07-31,ytd,0,2026-08-04
2223,Other incomes,2026-07-31,month,0,2026-08-04
2223,Other incomes,2026-07-31,ytd,0,2026-08-04
2223.1,Other investment incomes,2026-07-31,month,0,2026-08-04
2223.1,Other investment incomes,2026-07-31,ytd,0,2026-08-04
2223.2,Other incomes,2026-07-31,month,0,2026-08-04
2223.2,Other incomes,2026-07-31,ytd,0,2026-08-04
2223.3,"Provision expense for bad debts from dividends, interest income and written off bad debts from dividends, interest income",2026-07-31,month,0,2026-08-04
2223.3,"Provision expense for bad debts from dividends, interest income and written off bad debts from dividends, interest income",2026-07-31,ytd,0,2026-08-04
2224,Expenses,2026-07-31,month,1121871606,2026-08-04
2224,Expenses,2026-07-31,ytd,10717572029,2026-08-04
2225,Management Fee paid to Fund Management Company,2026-07-31,month,947872412,2026-08-04
2225,Management Fee paid to Fund Management Company,2026-07-31,ytd,9227612370,2026-08-04
2226,"Custody fee, Supervising fee paid to Supervising Bank/VSDC",2026-07-31,month,68117294,2026-08-04
2226,"Custody fee, Supervising fee paid to Supervising Bank/VSDC",2026-07-31,ytd,645093115,2026-08-04
2226.1,Custodian service - Safe Custody Fee,2026-07-31,month,31595749,2026-08-04
2226.1,Custodian service - Safe Custody Fee,2026-07-31,ytd,289516276,2026-08-04
2226.2,Custodian service - Transaction fee,2026-07-31,month,700000,2026-08-04
2226.2,Custodian service - Transaction fee,2026-07-31,ytd,7000000,2026-08-04
2226.3,"Custodian service -  Depository fee, Position and Margin management fee paid to VSDC",2026-07-31,month,1066225,2026-08-04
2226.3,"Custodian service -  Depository fee, Position and Margin management fee paid to VSDC",2026-07-31,ytd,10231054,2026-08-04
2226.4,Supervisory fee,2026-07-31,month,34755320,2026-08-04
2226.4,Supervisory fee,2026-07-31,ytd,338345785,2026-08-04
2227,"Fund Administration Fee, and other fees paid to relevant Fund's service providers",2026-07-31,month,39266493,2026-08-04
2227,"Fund Administration Fee, and other fees paid to relevant Fund's service providers",2026-07-31,ytd,337359343,2026-08-04
2227.1,Fund Administration Fee,2026-07-31,month,26066493,2026-08-04
2227.1,Fund Administration Fee,2026-07-31,ytd,253759343,2026-08-04
2227.2,Transfer Agency Fee,2026-07-31,month,13200000,2026-08-04
2227.2,Transfer Agency Fee,2026-07-31,ytd,83600000,2026-08-04
2228,Audit fee,2026-07-31,month,15287176,2026-08-04
2228,Audit fee,2026-07-31,ytd,98977257,2026-08-04
2229,"Legal consultancy expenses, price feed fee, other valid expenses, remuneration paid to Fund's Board of Representatives",2026-07-31,month,7773177,2026-08-04
2229,"Legal consultancy expenses, price feed fee, other valid expenses, remuneration paid to Fund's Board of Representatives",2026-07-31,ytd,40998519,2026-08-04
2229.1,Remuneration of Fund's Board of Representatives,2026-07-31,month,6509590,2026-08-04
2229.1,Remuneration of Fund's Board of Representatives,2026-07-31,ytd,45484932,2026-08-04
2229.2,Price feed fee,2026-07-31,month,1263587,2026-08-04
2229.2,Price feed fee,2026-07-31,ytd,-4486413,2026-08-04
2229.3,Legal consultancy expenses,2026-07-31,month,0,2026-08-04
2229.3,Legal consultancy expenses,2026-07-31,ytd,0,2026-08-04
2230,"Fee for drafting, printing, distribution of prospectus, summarised prospectus, financial statements, transaction confirmations, account statements and other documents to investors; information disclosure fee; fee for organising annual general meeting, board of representatives meeting",2026-07-31,month,5839100,2026-08-04
2230,"Fee for drafting, printing, distribution of prospectus, summarised prospectus, financial statements, transaction confirmations, account statements and other documents to investors; information disclosure fee; fee for organising annual general meeting, board of representatives meeting",2026-07-31,ytd,44745487,2026-08-04
2230.1,Meeting expenses,2026-07-31,month,5839100,2026-08-04
2230.1,Meeting expenses,2026-07-31,ytd,44745487,2026-08-04
2230.2,Annual report expenses,2026-07-31,month,0,2026-08-04
2230.2,Annual report expenses,2026-07-31,ytd,0,2026-08-04
2230.3,"Fund's Board of Representatives meeting, travelling expenses",2026-07-31,month,0,2026-08-04
2230.3,"Fund's Board of Representatives meeting, travelling expenses",2026-07-31,ytd,0,2026-08-04
2230.4,Expenses of information disclosure of the Fund,2026-07-31,month,0,2026-08-04
2230.4,Expenses of information disclosure of the Fund,2026-07-31,ytd,0,2026-08-04
2230.5,"Designing, printing, posting... expenses",2026-07-31,month,0,2026-08-04
2230.5,"Designing, printing, posting... expenses",2026-07-31,ytd,0,2026-08-04
2231,Expenses related to execution of Fund’s asset transactions,2026-07-31,month,31792368,2026-08-04
2231,Expenses related to execution of Fund’s asset transactions,2026-07-31,ytd,300620774,2026-08-04
2231,Real Estate Management Service fee (not applicable),2026-07-31,month,0,2026-08-04
2231,Real Estate Management Service fee (not applicable),2026-07-31,ytd,0,2026-08-04
2231.1,Brokerage & transfer fee,2026-07-31,month,31435360,2026-08-04
2231.1,Brokerage & transfer fee,2026-07-31,ytd,297943726,2026-08-04
2231.2,Clearing settlement fee,2026-07-31,month,357008,2026-08-04
2231.2,Clearing settlement fee,2026-07-31,ytd,2677048,2026-08-04
2231.3,Other Expenses,2026-07-31,month,0,2026-08-04
2231.3,Other Expenses,2026-07-31,ytd,0,2026-08-04
2232,Other expenses,2026-07-31,month,5923586,2026-08-04
2232,Other expenses,2026-07-31,ytd,22165164,2026-08-04
2232,Real estate valuation service fees (not applicable),2026-07-31,month,0,2026-08-04
2232,Real estate valuation service fees (not applicable),2026-07-31,ytd,0,2026-08-04
2232.1,Set up Expenses,2026-07-31,month,0,2026-08-04
2232.1,Set up Expenses,2026-07-31,ytd,0,2026-08-04
2232.2,"Listing, registration fees",2026-07-31,month,0,2026-08-04
2232.2,"Listing, registration fees",2026-07-31,ytd,0,2026-08-04
2232.3,Annual management fee paid to SSC,2026-07-31,month,636986,2026-08-04
2232.3,Annual management fee paid to SSC,2026-07-31,ytd,4356164,2026-08-04
2232.4,Bank charges,2026-07-31,month,5286600,2026-08-04
2232.4,Bank charges,2026-07-31,ytd,17809000,2026-08-04
2232.5,Borrowing expense,2026-07-31,month,0,2026-08-04
2232.5,Borrowing expense,2026-07-31,ytd,0,2026-08-04
2232.6,Other Expenses,2026-07-31,month,0,2026-08-04
2232.6,Other Expenses,2026-07-31,ytd,0,2026-08-04
2232.7,Fee paid to VSDC for getting the list of investors,2026-07-31,month,0,2026-08-04
2232.7,Fee paid to VSDC for getting the list of investors,2026-07-31,ytd,0,2026-08-04
2233,Net Income from Investment Activities (= I - II),2026-07-31,month,5603921510,2026-08-04
2233,Net Income from Investment Activities (= I - II),2026-07-31,ytd,53738390269,2026-08-04
2234,Gain / (Loss) from Investment Activities,2026-07-31,month,269043361,2026-08-04
2234,Gain / (Loss) from Investment Activities,2026-07-31,ytd,-2220074327,2026-08-04
2235,Realised Gain / (Loss) from disposal of investment or real estate transfer,2026-07-31,month,-220286852,2026-08-04
2235,Realised Gain / (Loss) from disposal of investment or real estate transfer,2026-07-31,ytd,-3114308843,2026-08-04
2236,Unrealised Gain / (Loss) due to market price,2026-07-31,month,489330213,2026-08-04
2236,Unrealised Gain / (Loss) due to market price,2026-07-31,ytd,894234516,2026-08-04
2237,Change of Net Asset Value of the Fund due to investment activities during the period (= III + IV),2026-07-31,month,5872964871,2026-08-04
2237,Change of Net Asset Value of the Fund due to investment activities during the period (= III + IV),2026-07-31,ytd,51518315942,2026-08-04
2238,Net Asset Value at the beginning of period,2026-07-31,month,967814289763,2026-08-04
2238,Net Asset Value at the beginning of period,2026-07-31,ytd,1779189849357,2026-08-04
2239,"Change of Net Asset Value of the Fund during the period, of which",2026-07-31,month,11389862045,2026-08-04
2239,"Change of Net Asset Value of the Fund during the period, of which",2026-07-31,ytd,-799985697549,2026-08-04
2239.1,Change of Net Asset Value due to investment activities during the period,2026-07-31,month,5872964871,2026-08-04
2239.1,Change of Net Asset Value due to investment activities during the period,2026-07-31,ytd,51518315942,2026-08-04
2239.2,Change of Net Asset Value due to  dividends payment to investors during the period,2026-07-31,month,0,2026-08-04
2239.2,Change of Net Asset Value due to  dividends payment to investors during the period,2026-07-31,ytd,0,2026-08-04
2239.3,Change of Net Asset Value due to subscription/redemption during the period,2026-07-31,month,5516897174,2026-08-04
2239.3,Change of Net Asset Value due to subscription/redemption during the period,2026-07-31,ytd,-851504013491,2026-08-04
2239.3.1,Change of Net Asset Value due to subscription during the period,2026-07-31,month,150292255076,2026-08-04
2239.3.1,Change of Net Asset Value due to subscription during the period,2026-07-31,ytd,513149661284,2026-08-04
2239.3.2,Change of Net Asset Value due to redemption during the period,2026-07-31,month,-144775357902,2026-08-04
2239.3.2,Change of Net Asset Value due to redemption during the period,2026-07-31,ytd,-1364653674775,2026-08-04
2243,Net Asset Value at the end of period,2026-07-31,month,979204151808,2026-08-04
2243,Net Asset Value at the end of period,2026-07-31,ytd,979204151808,2026-08-04
2244,Average annual profit (only applicable to annual report),2026-07-31,month,0,2026-08-04
2244,Average annual profit (only applicable to annual report),2026-07-31,ytd,0,2026-08-04
2245,Average annual rate of return (only applicable to annual report),2026-07-31,month,0,2026-08-04
2245,Average annual rate of return (only applicable to annual report),2026-07-31,ytd,0,2026-08-04
