code,line_item,period_end,value,asOf
,Other Receivables,2021-05-31,0,2021-07-01
,Other payables,2021-05-31,0,2021-07-01
,Other payables,2021-05-31,4136986,2021-07-01
2201,Cash and Cash Equivalents,2021-05-31,86334452712,2021-07-01
2203,Cash at bank,2021-05-31,1334452712,2021-07-01
2203.1,Cash at bank for Fund's subscription,2021-05-31,0,2021-07-01
2203.2,Cash at bank for Fund's redemption,2021-05-31,0,2021-07-01
2203.3,Cash at bank for Fund's operation,2021-05-31,1334452712,2021-07-01
2203.4,Margin account for trading derivatives,2021-05-31,0,2021-07-01
2203.5,"Cash, cash equivalents",2021-05-31,85000000000,2021-07-01
2205,Investments,2021-05-31,123344594197,2021-07-01
2205.1,Listed shares,2021-05-31,51896500,2021-07-01
2205.2,Unlisted shares,2021-05-31,0,2021-07-01
2205.3,Bonds,2021-05-31,50888400300,2021-07-01
2205.4,Certificates of Deposit,2021-05-31,30404297397,2021-07-01
2205.5,Deposits with term over three (03) months,2021-05-31,42000000000,2021-07-01
2205.6,Investment - Rights,2021-05-31,0,2021-07-01
2205.7,Index future contracts,2021-05-31,0,2021-07-01
2205.8,Other investments,2021-05-31,0,2021-07-01
2205.9,Reverse repo contracts,2021-05-31,0,2021-07-01
2206,"Dividend, Coupon receivables",2021-05-31,1601643836,2021-07-01
2206.1,Dividend receivables,2021-05-31,0,2021-07-01
2206.2,Coupon receivables,2021-05-31,1601643836,2021-07-01
2207,Interest receivables,2021-05-31,196579458,2021-07-01
2207.1,Interest receivable from bank deposits,2021-05-31,148826033,2021-07-01
2207.2,Interest receivable from Certificates of Deposit,2021-05-31,47753425,2021-07-01
2207.3,Interest receivable from reverse repo contracts,2021-05-31,0,2021-07-01
2208,Securities Trading Receivables,2021-05-31,0,2021-07-01
2210.1,Impairment of devaluation of pledged assets,2021-05-31,0,2021-07-01
2210.2,Provision for doubtful debt,2021-05-31,0,2021-07-01
2211,Other Assets,2021-05-31,109703122,2021-07-01
2212,TOTAL ASSETS,2021-05-31,211586973325,2021-07-01
2214,Securities Trading Payables,2021-05-31,0,2021-07-01
2215,Other Payables,2021-05-31,221135879,2021-07-01
2215.1,Payables to investors,2021-05-31,1000000,2021-07-01
2215.1.1,Subscription Pending allotment,2021-05-31,1000000,2021-07-01
2215.1.2,Payables to investors for investment bought on behalf,2021-05-31,0,2021-07-01
2215.1.3,Payables to investors for collected dividend,2021-05-31,0,2021-07-01
2215.1.4,Redemption payable to investors,2021-05-31,0,2021-07-01
2215.2,Tax payables and obligations to the State Budget,2021-05-31,3885182,2021-07-01
2215.3,Subscription and Redemption fee payable to distributors and Fund Management Company,2021-05-31,39925505,2021-07-01
2215.4,Income payable to investors,2021-05-31,0,2021-07-01
2215.5,Remuneration Payable to Fund's Board of Representatives,2021-05-31,11294884,2021-07-01
2215.6,Management fee payable,2021-05-31,0,2021-07-01
2215.7,Fund Administration fee payable,2021-05-31,37262500,2021-07-01
2215.8,Supervisory service fee payable,2021-05-31,18150000,2021-07-01
2215.9,Transaction fee,2021-05-31,0,2021-07-01
2215.9.1,Brokerage fee payable,2021-05-31,0,2021-07-01
2215.9.2,Clearing Settlement fee payable,2021-05-31,0,2021-07-01
2215.10,Accrued expense for Custodian fee,2021-05-31,11800000,2021-07-01
2215.10.1,Custodian service - Safe Custody Fee,2021-05-31,11500000,2021-07-01
2215.10.2,Custodian service - Transaction fee,2021-05-31,300000,2021-07-01
2215.10.3,"Custodian service -  Depository fee, Position and Margin management fee paid to VSD",2021-05-31,0,2021-07-01
2215.11,Audit fee payable,2021-05-31,82680822,2021-07-01
2215.12,General meeting expense payable,2021-05-31,0,2021-07-01
2215.13,Annual report fee payable,2021-05-31,0,2021-07-01
2215.14,Transfer Agency fee payable,2021-05-31,11000000,2021-07-01
2215.15,Service fee payable to HOSE for calculating iNAV,2021-05-31,0,2021-07-01
2215.16,Authorising index service fee payable to HOSE,2021-05-31,0,2021-07-01
2215.17.1,Price feed fee payable,2021-05-31,0,2021-07-01
2215.17.2,"Accrued expense for Fund's Board of Representatives travelling, meeting",2021-05-31,0,2021-07-01
2215.17.3,Accrued expense for Annual Management Fee pay to SSC,2021-05-31,4136986,2021-07-01
2215.18,Short-term loans - Repo contracts,2021-05-31,0,2021-07-01
2215.18.1,Principal of repo contracts,2021-05-31,0,2021-07-01
2215.18.2,Accrued Interest Expense,2021-05-31,0,2021-07-01
2215.18.3,Principal of Short-term loans,2021-05-31,0,2021-07-01
2216,TOTAL LIABILITIES,2021-05-31,221135879,2021-07-01
2217,Net Asset Value ( = I.10 - II.4),2021-05-31,211365837446,2021-07-01
2218,Total Outstanding Fund Certificates,2021-05-31,22740320.65,2021-07-01
2219,Net Asset Value per Fund Certificate,2021-05-31,9294.76,2021-07-01
,Other Receivables,2021-06-30,0,2021-08-02
,Other payables,2021-06-30,0,2021-08-02
,Other payables,2021-06-30,4958904,2021-08-02
2201,Cash and Cash Equivalents,2021-06-30,26058396910,2021-08-02
2203,Cash at bank,2021-06-30,558396910,2021-08-02
2203.1,Cash at bank for Fund's subscription,2021-06-30,0,2021-08-02
2203.2,Cash at bank for Fund's redemption,2021-06-30,0,2021-08-02
2203.3,Cash at bank for Fund's operation,2021-06-30,558396910,2021-08-02
2203.4,Margin account for trading derivatives,2021-06-30,0,2021-08-02
2203.5,"Cash, cash equivalents",2021-06-30,25500000000,2021-08-02
2205,Investments,2021-06-30,181408049725,2021-08-02
2205.1,Listed shares,2021-06-30,1496000,2021-08-02
2205.2,Unlisted shares,2021-06-30,0,2021-08-02
2205.3,Bonds,2021-06-30,60888400300,2021-08-02
2205.4,Certificates of Deposit,2021-06-30,80518153425,2021-08-02
2205.5,Deposits with term over three (03) months,2021-06-30,40000000000,2021-08-02
2205.6,Investment - Rights,2021-06-30,0,2021-08-02
2205.7,Index future contracts,2021-06-30,0,2021-08-02
2205.8,Other investments,2021-06-30,0,2021-08-02
2205.9,Reverse repo contracts,2021-06-30,0,2021-08-02
2206,"Dividend, Coupon receivables",2021-06-30,2126027397,2021-08-02
2206.1,Dividend receivables,2021-06-30,0,2021-08-02
2206.2,Coupon receivables,2021-06-30,2126027397,2021-08-02
2207,Interest receivables,2021-06-30,2803826025,2021-08-02
2207.1,Interest receivable from bank deposits,2021-06-30,241606847,2021-08-02
2207.2,Interest receivable from Certificates of Deposit,2021-06-30,2562219178,2021-08-02
2207.3,Interest receivable from reverse repo contracts,2021-06-30,0,2021-08-02
2208,Securities Trading Receivables,2021-06-30,0,2021-08-02
2210.1,Impairment of devaluation of pledged assets,2021-06-30,0,2021-08-02
2210.2,Provision for doubtful debt,2021-06-30,0,2021-08-02
2211,Other Assets,2021-06-30,0,2021-08-02
2212,TOTAL ASSETS,2021-06-30,212396300057,2021-08-02
2214,Securities Trading Payables,2021-06-30,0,2021-08-02
2215,Other Payables,2021-06-30,248554969,2021-08-02
2215.1,Payables to investors,2021-06-30,3114200,2021-08-02
2215.1.1,Subscription Pending allotment,2021-06-30,3114200,2021-08-02
2215.1.2,Payables to investors for investment bought on behalf,2021-06-30,0,2021-08-02
2215.1.3,Payables to investors for collected dividend,2021-06-30,0,2021-08-02
2215.1.4,Redemption payable to investors,2021-06-30,0,2021-08-02
2215.2,Tax payables and obligations to the State Budget,2021-06-30,4367133,2021-08-02
2215.3,Subscription and Redemption fee payable to distributors and Fund Management Company,2021-06-30,0,2021-08-02
2215.4,Income payable to investors,2021-06-30,0,2021-08-02
2215.5,Remuneration Payable to Fund's Board of Representatives,2021-06-30,12036095,2021-08-02
2215.6,Management fee payable,2021-06-30,98900384,2021-08-02
2215.7,Fund Administration fee payable,2021-06-30,37262500,2021-08-02
2215.8,Supervisory service fee payable,2021-06-30,18150000,2021-08-02
2215.9,Transaction fee,2021-06-30,0,2021-08-02
2215.9.1,Brokerage fee payable,2021-06-30,0,2021-08-02
2215.9.2,Clearing Settlement fee payable,2021-06-30,0,2021-08-02
2215.10,Accrued expense for Custodian fee,2021-06-30,12400000,2021-08-02
2215.10.1,Custodian service - Safe Custody Fee,2021-06-30,11500000,2021-08-02
2215.10.2,Custodian service - Transaction fee,2021-06-30,900000,2021-08-02
2215.10.3,"Custodian service -  Depository fee, Position and Margin management fee paid to VSD",2021-06-30,0,2021-08-02
2215.11,Audit fee payable,2021-06-30,46365753,2021-08-02
2215.12,General meeting expense payable,2021-06-30,0,2021-08-02
2215.13,Annual report fee payable,2021-06-30,0,2021-08-02
2215.14,Transfer Agency fee payable,2021-06-30,11000000,2021-08-02
2215.15,Service fee payable to HOSE for calculating iNAV,2021-06-30,0,2021-08-02
2215.16,Authorising index service fee payable to HOSE,2021-06-30,0,2021-08-02
2215.17.1,Price feed fee payable,2021-06-30,0,2021-08-02
2215.17.2,"Accrued expense for Fund's Board of Representatives travelling, meeting",2021-06-30,0,2021-08-02
2215.17.3,Accrued expense for Annual Management Fee pay to SSC,2021-06-30,4958904,2021-08-02
2215.18,Short-term loans - Repo contracts,2021-06-30,0,2021-08-02
2215.18.1,Principal of repo contracts,2021-06-30,0,2021-08-02
2215.18.2,Accrued Interest Expense,2021-06-30,0,2021-08-02
2215.18.3,Principal of Short-term loans,2021-06-30,0,2021-08-02
2216,TOTAL LIABILITIES,2021-06-30,248554969,2021-08-02
2217,Net Asset Value ( = I.10 - II.4),2021-06-30,212147745088,2021-08-02
2218,Total Outstanding Fund Certificates,2021-06-30,22732273.59,2021-08-02
2219,Net Asset Value per Fund Certificate,2021-06-30,9332.44,2021-08-02
,Other Receivables,2021-07-31,0,2021-09-01
,Other payables,2021-07-31,0,2021-09-01
,Other payables,2021-07-31,5808219,2021-09-01
2201,Cash and Cash Equivalents,2021-07-31,21419255903,2021-09-01
2203,Cash at bank,2021-07-31,3119255903,2021-09-01
2203.1,Cash at bank for Fund's subscription,2021-07-31,0,2021-09-01
2203.2,Cash at bank for Fund's redemption,2021-07-31,0,2021-09-01
2203.3,Cash at bank for Fund's operation,2021-07-31,3119255903,2021-09-01
2203.4,Margin account for trading derivatives,2021-07-31,0,2021-09-01
2203.5,"Cash, cash equivalents",2021-07-31,18300000000,2021-09-01
2205,Investments,2021-07-31,188400311725,2021-09-01
2205.1,Listed shares,2021-07-31,1598000,2021-09-01
2205.2,Unlisted shares,2021-07-31,0,2021-09-01
2205.3,Bonds,2021-07-31,67880560300,2021-09-01
2205.4,Certificates of Deposit,2021-07-31,80518153425,2021-09-01
2205.5,Deposits with term over three (03) months,2021-07-31,40000000000,2021-09-01
2205.6,Investment - Rights,2021-07-31,0,2021-09-01
2205.7,Index future contracts,2021-07-31,0,2021-09-01
2205.8,Other investments,2021-07-31,0,2021-09-01
2205.9,Reverse repo contracts,2021-07-31,0,2021-09-01
2206,"Dividend, Coupon receivables",2021-07-31,748910959,2021-09-01
2206.1,Dividend receivables,2021-07-31,0,2021-09-01
2206.2,Coupon receivables,2021-07-31,748910959,2021-09-01
2207,Interest receivables,2021-07-31,3119271505,2021-09-01
2207.1,Interest receivable from bank deposits,2021-07-31,414887943,2021-09-01
2207.2,Interest receivable from Certificates of Deposit,2021-07-31,2704383562,2021-09-01
2207.3,Interest receivable from reverse repo contracts,2021-07-31,0,2021-09-01
2208,Securities Trading Receivables,2021-07-31,0,2021-09-01
2210.1,Impairment of devaluation of pledged assets,2021-07-31,0,2021-09-01
2210.2,Provision for doubtful debt,2021-07-31,0,2021-09-01
2211,Other Assets,2021-07-31,0,2021-09-01
2212,TOTAL ASSETS,2021-07-31,213687750092,2021-09-01
2214,Securities Trading Payables,2021-07-31,0,2021-09-01
2215,Other Payables,2021-07-31,473361096,2021-09-01
2215.1,Payables to investors,2021-07-31,105545144,2021-09-01
2215.1.1,Subscription Pending allotment,2021-07-31,105545144,2021-09-01
2215.1.2,Payables to investors for investment bought on behalf,2021-07-31,0,2021-09-01
2215.1.3,Payables to investors for collected dividend,2021-07-31,0,2021-09-01
2215.1.4,Redemption payable to investors,2021-07-31,0,2021-09-01
2215.2,Tax payables and obligations to the State Budget,2021-07-31,52722,2021-09-01
2215.3,Subscription and Redemption fee payable to distributors and Fund Management Company,2021-07-31,0,2021-09-01
2215.4,Income payable to investors,2021-07-31,0,2021-09-01
2215.5,Remuneration Payable to Fund's Board of Representatives,2021-07-31,12802014,2021-09-01
2215.6,Management fee payable,2021-07-31,216783648,2021-09-01
2215.7,Fund Administration fee payable,2021-07-31,37262500,2021-09-01
2215.8,Supervisory service fee payable,2021-07-31,18150000,2021-09-01
2215.9,Transaction fee,2021-07-31,0,2021-09-01
2215.9.1,Brokerage fee payable,2021-07-31,0,2021-09-01
2215.9.2,Clearing Settlement fee payable,2021-07-31,0,2021-09-01
2215.10,Accrued expense for Custodian fee,2021-07-31,11650000,2021-09-01
2215.10.1,Custodian service - Safe Custody Fee,2021-07-31,11500000,2021-09-01
2215.10.2,Custodian service - Transaction fee,2021-07-31,150000,2021-09-01
2215.10.3,"Custodian service -  Depository fee, Position and Margin management fee paid to VSD",2021-07-31,0,2021-09-01
2215.11,Audit fee payable,2021-07-31,54306849,2021-09-01
2215.12,General meeting expense payable,2021-07-31,0,2021-09-01
2215.13,Annual report fee payable,2021-07-31,0,2021-09-01
2215.14,Transfer Agency fee payable,2021-07-31,11000000,2021-09-01
2215.15,Service fee payable to HOSE for calculating iNAV,2021-07-31,0,2021-09-01
2215.16,Authorising index service fee payable to HOSE,2021-07-31,0,2021-09-01
2215.17.1,Price feed fee payable,2021-07-31,0,2021-09-01
2215.17.2,"Accrued expense for Fund's Board of Representatives travelling, meeting",2021-07-31,0,2021-09-01
2215.17.3,Accrued expense for Annual Management Fee pay to SSC,2021-07-31,5808219,2021-09-01
2215.18,Short-term loans - Repo contracts,2021-07-31,0,2021-09-01
2215.18.1,Principal of repo contracts,2021-07-31,0,2021-09-01
2215.18.2,Accrued Interest Expense,2021-07-31,0,2021-09-01
2215.18.3,Principal of Short-term loans,2021-07-31,0,2021-09-01
2216,TOTAL LIABILITIES,2021-07-31,473361096,2021-09-01
2217,Net Asset Value ( = I.10 - II.4),2021-07-31,213214388996,2021-09-01
2218,Total Outstanding Fund Certificates,2021-07-31,22732613.16,2021-09-01
2219,Net Asset Value per Fund Certificate,2021-07-31,9379.22,2021-09-01
,Other Receivables,2021-08-31,0,2021-10-01
,Other payables,2021-08-31,0,2021-10-01
,Other payables,2021-08-31,6657534,2021-10-01
2201,Cash and Cash Equivalents,2021-08-31,6278739649,2021-10-01
2203,Cash at bank,2021-08-31,328739649,2021-10-01
2203.1,Cash at bank for Fund's subscription,2021-08-31,0,2021-10-01
2203.2,Cash at bank for Fund's redemption,2021-08-31,0,2021-10-01
2203.3,Cash at bank for Fund's operation,2021-08-31,328739649,2021-10-01
2203.4,Margin account for trading derivatives,2021-08-31,0,2021-10-01
2203.5,"Cash, cash equivalents",2021-08-31,5950000000,2021-10-01
2205,Investments,2021-08-31,206486674525,2021-10-01
2205.1,Listed shares,2021-08-31,1570800,2021-10-01
2205.2,Unlisted shares,2021-08-31,0,2021-10-01
2205.3,Bonds,2021-08-31,85966950300,2021-10-01
2205.4,Certificates of Deposit,2021-08-31,80518153425,2021-10-01
2205.5,Deposits with term over three (03) months,2021-08-31,40000000000,2021-10-01
2205.6,Investment - Rights,2021-08-31,0,2021-10-01
2205.7,Index future contracts,2021-08-31,0,2021-10-01
2205.8,Other investments,2021-08-31,0,2021-10-01
2205.9,Reverse repo contracts,2021-08-31,0,2021-10-01
2206,"Dividend, Coupon receivables",2021-08-31,1202323986,2021-10-01
2206.1,Dividend receivables,2021-08-31,17000,2021-10-01
2206.2,Coupon receivables,2021-08-31,1202306986,2021-10-01
2207,Interest receivables,2021-08-31,3819358354,2021-10-01
2207.1,Interest receivable from bank deposits,2021-08-31,561221368,2021-10-01
2207.2,Interest receivable from Certificates of Deposit,2021-08-31,3258136986,2021-10-01
2207.3,Interest receivable from reverse repo contracts,2021-08-31,0,2021-10-01
2208,Securities Trading Receivables,2021-08-31,0,2021-10-01
2210.1,Impairment of devaluation of pledged assets,2021-08-31,0,2021-10-01
2210.2,Provision for doubtful debt,2021-08-31,0,2021-10-01
2211,Other Assets,2021-08-31,0,2021-10-01
2212,TOTAL ASSETS,2021-08-31,217787096514,2021-10-01
2214,Securities Trading Payables,2021-08-31,0,2021-10-01
2215,Other Payables,2021-08-31,407372069,2021-10-01
2215.1,Payables to investors,2021-08-31,27150000,2021-10-01
2215.1.1,Subscription Pending allotment,2021-08-31,27150000,2021-10-01
2215.1.2,Payables to investors for investment bought on behalf,2021-08-31,0,2021-10-01
2215.1.3,Payables to investors for collected dividend,2021-08-31,0,2021-10-01
2215.1.4,Redemption payable to investors,2021-08-31,0,2021-10-01
2215.2,Tax payables and obligations to the State Budget,2021-08-31,50353,2021-10-01
2215.3,Subscription and Redemption fee payable to distributors and Fund Management Company,2021-08-31,211619,2021-10-01
2215.4,Income payable to investors,2021-08-31,0,2021-10-01
2215.5,Remuneration Payable to Fund's Board of Representatives,2021-08-31,13567933,2021-10-01
2215.6,Management fee payable,2021-08-31,219424185,2021-10-01
2215.7,Fund Administration fee payable,2021-08-31,37262500,2021-10-01
2215.8,Supervisory service fee payable,2021-08-31,18150000,2021-10-01
2215.9,Transaction fee,2021-08-31,0,2021-10-01
2215.9.1,Brokerage fee payable,2021-08-31,0,2021-10-01
2215.9.2,Clearing Settlement fee payable,2021-08-31,0,2021-10-01
2215.10,Accrued expense for Custodian fee,2021-08-31,11650000,2021-10-01
2215.10.1,Custodian service - Safe Custody Fee,2021-08-31,11500000,2021-10-01
2215.10.2,Custodian service - Transaction fee,2021-08-31,150000,2021-10-01
2215.10.3,"Custodian service -  Depository fee, Position and Margin management fee paid to VSD",2021-08-31,0,2021-10-01
2215.11,Audit fee payable,2021-08-31,62247945,2021-10-01
2215.12,General meeting expense payable,2021-08-31,0,2021-10-01
2215.13,Annual report fee payable,2021-08-31,0,2021-10-01
2215.14,Transfer Agency fee payable,2021-08-31,11000000,2021-10-01
2215.15,Service fee payable to HOSE for calculating iNAV,2021-08-31,0,2021-10-01
2215.16,Authorising index service fee payable to HOSE,2021-08-31,0,2021-10-01
2215.17.1,Price feed fee payable,2021-08-31,0,2021-10-01
2215.17.2,"Accrued expense for Fund's Board of Representatives travelling, meeting",2021-08-31,0,2021-10-01
2215.17.3,Accrued expense for Annual Management Fee pay to SSC,2021-08-31,6657534,2021-10-01
2215.18,Short-term loans - Repo contracts,2021-08-31,0,2021-10-01
2215.18.1,Principal of repo contracts,2021-08-31,0,2021-10-01
2215.18.2,Accrued Interest Expense,2021-08-31,0,2021-10-01
2215.18.3,Principal of Short-term loans,2021-08-31,0,2021-10-01
2216,TOTAL LIABILITIES,2021-08-31,407372069,2021-10-01
2217,Net Asset Value ( = I.10 - II.4),2021-08-31,217379724445,2021-10-01
2218,Total Outstanding Fund Certificates,2021-08-31,23051964.05,2021-10-01
2219,Net Asset Value per Fund Certificate,2021-08-31,9429.98,2021-10-01
,Other Receivables,2021-09-30,0,2021-11-01
,Other payables,2021-09-30,0,2021-11-01
,Other payables,2021-09-30,27029452,2021-11-01
2201,Cash and Cash Equivalents,2021-09-30,21651857318,2021-11-01
2203,Cash at bank,2021-09-30,351857318,2021-11-01
2203.1,Cash at bank for Fund's subscription,2021-09-30,0,2021-11-01
2203.2,Cash at bank for Fund's redemption,2021-09-30,0,2021-11-01
2203.3,Cash at bank for Fund's operation,2021-09-30,351857318,2021-11-01
2203.4,Margin account for trading derivatives,2021-09-30,0,2021-11-01
2203.5,"Cash, cash equivalents",2021-09-30,21300000000,2021-11-01
2205,Investments,2021-09-30,198675554725,2021-11-01
2205.1,Listed shares,2021-09-30,1581000,2021-11-01
2205.2,Unlisted shares,2021-09-30,0,2021-11-01
2205.3,Bonds,2021-09-30,78155820300,2021-11-01
2205.4,Certificates of Deposit,2021-09-30,80518153425,2021-11-01
2205.5,Deposits with term over three (03) months,2021-09-30,40000000000,2021-11-01
2205.6,Investment - Rights,2021-09-30,0,2021-11-01
2205.7,Index future contracts,2021-09-30,0,2021-11-01
2205.8,Other investments,2021-09-30,0,2021-11-01
2205.9,Reverse repo contracts,2021-09-30,0,2021-11-01
2206,"Dividend, Coupon receivables",2021-09-30,1346283013,2021-11-01
2206.1,Dividend receivables,2021-09-30,0,2021-11-01
2206.2,Coupon receivables,2021-09-30,1346283013,2021-11-01
2207,Interest receivables,2021-09-30,4567727944,2021-11-01
2207.1,Interest receivable from bank deposits,2021-09-30,773700547,2021-11-01
2207.2,Interest receivable from Certificates of Deposit,2021-09-30,3794027397,2021-11-01
2207.3,Interest receivable from reverse repo contracts,2021-09-30,0,2021-11-01
2208,Securities Trading Receivables,2021-09-30,0,2021-11-01
2210.1,Impairment of devaluation of pledged assets,2021-09-30,0,2021-11-01
2210.2,Provision for doubtful debt,2021-09-30,0,2021-11-01
2211,Other Assets,2021-09-30,50000000000,2021-11-01
2212,TOTAL ASSETS,2021-09-30,276241423000,2021-11-01
2214,Securities Trading Payables,2021-09-30,0,2021-11-01
2215,Other Payables,2021-09-30,441187555,2021-11-01
2215.1,Payables to investors,2021-09-30,12606802,2021-11-01
2215.1.1,Subscription Pending allotment,2021-09-30,12606802,2021-11-01
2215.1.2,Payables to investors for investment bought on behalf,2021-09-30,0,2021-11-01
2215.1.3,Payables to investors for collected dividend,2021-09-30,0,2021-11-01
2215.1.4,Redemption payable to investors,2021-09-30,0,2021-11-01
2215.2,Tax payables and obligations to the State Budget,2021-09-30,980226,2021-11-01
2215.3,Subscription and Redemption fee payable to distributors and Fund Management Company,2021-09-30,2912277,2021-11-01
2215.4,Income payable to investors,2021-09-30,0,2021-11-01
2215.5,Remuneration Payable to Fund's Board of Representatives,2021-09-30,14309144,2021-11-01
2215.6,Management fee payable,2021-09-30,235054277,2021-11-01
2215.7,Fund Administration fee payable,2021-09-30,37262500,2021-11-01
2215.8,Supervisory service fee payable,2021-09-30,18150000,2021-11-01
2215.9,Transaction fee,2021-09-30,0,2021-11-01
2215.9.1,Brokerage fee payable,2021-09-30,0,2021-11-01
2215.9.2,Clearing Settlement fee payable,2021-09-30,0,2021-11-01
2215.10,Accrued expense for Custodian fee,2021-09-30,11950000,2021-11-01
2215.10.1,Custodian service - Safe Custody Fee,2021-09-30,11500000,2021-11-01
2215.10.2,Custodian service - Transaction fee,2021-09-30,450000,2021-11-01
2215.10.3,"Custodian service -  Depository fee, Position and Margin management fee paid to VSD",2021-09-30,0,2021-11-01
2215.11,Audit fee payable,2021-09-30,69932877,2021-11-01
2215.12,General meeting expense payable,2021-09-30,0,2021-11-01
2215.13,Annual report fee payable,2021-09-30,0,2021-11-01
2215.14,Transfer Agency fee payable,2021-09-30,11000000,2021-11-01
2215.15,Service fee payable to HOSE for calculating iNAV,2021-09-30,0,2021-11-01
2215.16,Authorising index service fee payable to HOSE,2021-09-30,0,2021-11-01
2215.17.1,Price feed fee payable,2021-09-30,19550000,2021-11-01
2215.17.2,"Accrued expense for Fund's Board of Representatives travelling, meeting",2021-09-30,0,2021-11-01
2215.17.3,Accrued expense for Annual Management Fee pay to SSC,2021-09-30,7479452,2021-11-01
2215.18,Short-term loans - Repo contracts,2021-09-30,0,2021-11-01
2215.18.1,Principal of repo contracts,2021-09-30,0,2021-11-01
2215.18.2,Accrued Interest Expense,2021-09-30,0,2021-11-01
2215.18.3,Principal of Short-term loans,2021-09-30,0,2021-11-01
2216,TOTAL LIABILITIES,2021-09-30,441187555,2021-11-01
2217,Net Asset Value ( = I.10 - II.4),2021-09-30,275800235445,2021-11-01
2218,Total Outstanding Fund Certificates,2021-09-30,29132005.85,2021-11-01
2219,Net Asset Value per Fund Certificate,2021-09-30,9467.25,2021-11-01
,Other Receivables,2021-10-31,0,2021-12-01
,Other payables,2021-10-31,0,2021-12-01
,Other payables,2021-10-31,5000000,2021-12-01
2201,Cash and Cash Equivalents,2021-10-31,13354868394,2021-12-01
2203,Cash at bank,2021-10-31,54868394,2021-12-01
2203.1,Cash at bank for Fund's subscription,2021-10-31,0,2021-12-01
2203.2,Cash at bank for Fund's redemption,2021-10-31,686958,2021-12-01
2203.3,Cash at bank for Fund's operation,2021-10-31,54181436,2021-12-01
2203.4,Margin account for trading derivatives,2021-10-31,0,2021-12-01
2203.5,"Cash, cash equivalents",2021-10-31,13300000000,2021-12-01
2205,Investments,2021-10-31,198675621025,2021-12-01
2205.1,Listed shares,2021-10-31,1647300,2021-12-01
2205.2,Unlisted shares,2021-10-31,0,2021-12-01
2205.3,Bonds,2021-10-31,78155820300,2021-12-01
2205.4,Certificates of Deposit,2021-10-31,80518153425,2021-12-01
2205.5,Deposits with term over three (03) months,2021-10-31,40000000000,2021-12-01
2205.6,Investment - Rights,2021-10-31,0,2021-12-01
2205.7,Index future contracts,2021-10-31,0,2021-12-01
2205.8,Other investments,2021-10-31,0,2021-12-01
2205.9,Reverse repo contracts,2021-10-31,0,2021-12-01
2206,"Dividend, Coupon receivables",2021-10-31,1966274521,2021-12-01
2206.1,Dividend receivables,2021-10-31,0,2021-12-01
2206.2,Coupon receivables,2021-10-31,1966274521,2021-12-01
2207,Interest receivables,2021-10-31,5307509864,2021-12-01
2207.1,Interest receivable from bank deposits,2021-10-31,959729042,2021-12-01
2207.2,Interest receivable from Certificates of Deposit,2021-10-31,4347780822,2021-12-01
2207.3,Interest receivable from reverse repo contracts,2021-10-31,0,2021-12-01
2208,Securities Trading Receivables,2021-10-31,0,2021-12-01
2210.1,Impairment of devaluation of pledged assets,2021-10-31,0,2021-12-01
2210.2,Provision for doubtful debt,2021-10-31,0,2021-12-01
2211,Other Assets,2021-10-31,50000000000,2021-12-01
2212,TOTAL ASSETS,2021-10-31,269304273804,2021-12-01
2214,Securities Trading Payables,2021-10-31,0,2021-12-01
2215,Other Payables,2021-10-31,419762383,2021-12-01
2215.1,Payables to investors,2021-10-31,3890859,2021-12-01
2215.1.1,Subscription Pending allotment,2021-10-31,3203901,2021-12-01
2215.1.2,Payables to investors for investment bought on behalf,2021-10-31,0,2021-12-01
2215.1.3,Payables to investors for collected dividend,2021-10-31,0,2021-12-01
2215.1.4,Redemption payable to investors,2021-10-31,686958,2021-12-01
2215.2,Tax payables and obligations to the State Budget,2021-10-31,542543,2021-12-01
2215.3,Subscription and Redemption fee payable to distributors and Fund Management Company,2021-10-31,10138359,2021-12-01
2215.4,Income payable to investors,2021-10-31,0,2021-12-01
2215.5,Remuneration Payable to Fund's Board of Representatives,2021-10-31,15075063,2021-12-01
2215.6,Management fee payable,2021-10-31,278682505,2021-12-01
2215.7,Fund Administration fee payable,2021-10-31,37262500,2021-12-01
2215.8,Supervisory service fee payable,2021-10-31,18150000,2021-12-01
2215.9,Transaction fee,2021-10-31,0,2021-12-01
2215.9.1,Brokerage fee payable,2021-10-31,0,2021-12-01
2215.9.2,Clearing Settlement fee payable,2021-10-31,0,2021-12-01
2215.10,Accrued expense for Custodian fee,2021-10-31,11646581,2021-12-01
2215.10.1,Custodian service - Safe Custody Fee,2021-10-31,11646581,2021-12-01
2215.10.2,Custodian service - Transaction fee,2021-10-31,0,2021-12-01
2215.10.3,"Custodian service -  Depository fee, Position and Margin management fee paid to VSD",2021-10-31,0,2021-12-01
2215.11,Audit fee payable,2021-10-31,28373973,2021-12-01
2215.12,General meeting expense payable,2021-10-31,0,2021-12-01
2215.13,Annual report fee payable,2021-10-31,0,2021-12-01
2215.14,Transfer Agency fee payable,2021-10-31,11000000,2021-12-01
2215.15,Service fee payable to HOSE for calculating iNAV,2021-10-31,0,2021-12-01
2215.16,Authorising index service fee payable to HOSE,2021-10-31,0,2021-12-01
2215.17.1,Price feed fee payable,2021-10-31,0,2021-12-01
2215.17.2,"Accrued expense for Fund's Board of Representatives travelling, meeting",2021-10-31,0,2021-12-01
2215.17.3,Accrued expense for Annual Management Fee pay to SSC,2021-10-31,5000000,2021-12-01
2215.18,Short-term loans - Repo contracts,2021-10-31,0,2021-12-01
2215.18.1,Principal of repo contracts,2021-10-31,0,2021-12-01
2215.18.2,Accrued Interest Expense,2021-10-31,0,2021-12-01
2215.18.3,Principal of Short-term loans,2021-10-31,0,2021-12-01
2216,TOTAL LIABILITIES,2021-10-31,419762383,2021-12-01
2217,Net Asset Value ( = I.10 - II.4),2021-10-31,268884511421,2021-12-01
2218,Total Outstanding Fund Certificates,2021-10-31,28295862.63,2021-12-01
2219,Net Asset Value per Fund Certificate,2021-10-31,9502.6,2021-12-01
,Other Receivables,2021-11-30,0,2022-01-05
,Other payables,2021-11-30,0,2022-01-05
,Other payables,2021-11-30,5000000,2022-01-05
2201,Cash and Cash Equivalents,2021-11-30,44394989071,2022-01-05
2203,Cash at bank,2021-11-30,16894989071,2022-01-05
2203.1,Cash at bank for Fund's subscription,2021-11-30,0,2022-01-05
2203.2,Cash at bank for Fund's redemption,2021-11-30,627381624,2022-01-05
2203.3,Cash at bank for Fund's operation,2021-11-30,16267607447,2022-01-05
2203.4,Margin account for trading derivatives,2021-11-30,0,2022-01-05
2203.5,"Cash, cash equivalents",2021-11-30,27500000000,2022-01-05
2205,Investments,2021-11-30,219892454125,2022-01-05
2205.1,Listed shares,2021-11-30,1650700,2022-01-05
2205.2,Unlisted shares,2021-11-30,0,2022-01-05
2205.3,Bonds,2021-11-30,89372650000,2022-01-05
2205.4,Certificates of Deposit,2021-11-30,90518153425,2022-01-05
2205.5,Deposits with term over three (03) months,2021-11-30,40000000000,2022-01-05
2205.6,Investment - Rights,2021-11-30,0,2022-01-05
2205.7,Index future contracts,2021-11-30,0,2022-01-05
2205.8,Other investments,2021-11-30,0,2022-01-05
2205.9,Reverse repo contracts,2021-11-30,0,2022-01-05
2206,"Dividend, Coupon receivables",2021-11-30,3208444384,2022-01-05
2206.1,Dividend receivables,2021-11-30,0,2022-01-05
2206.2,Coupon receivables,2021-11-30,3208444384,2022-01-05
2207,Interest receivables,2021-11-30,4874256165,2022-01-05
2207.1,Interest receivable from bank deposits,2021-11-30,1194173973,2022-01-05
2207.2,Interest receivable from Certificates of Deposit,2021-11-30,3680082192,2022-01-05
2207.3,Interest receivable from reverse repo contracts,2021-11-30,0,2022-01-05
2208,Securities Trading Receivables,2021-11-30,0,2022-01-05
2210.1,Impairment of devaluation of pledged assets,2021-11-30,0,2022-01-05
2210.2,Provision for doubtful debt,2021-11-30,0,2022-01-05
2211,Other Assets,2021-11-30,0,2022-01-05
2212,TOTAL ASSETS,2021-11-30,272370143745,2022-01-05
2214,Securities Trading Payables,2021-11-30,0,2022-01-05
2215,Other Payables,2021-11-30,1279047730,2022-01-05
2215.1,Payables to investors,2021-11-30,870963801,2022-01-05
2215.1.1,Subscription Pending allotment,2021-11-30,243570077,2022-01-05
2215.1.2,Payables to investors for investment bought on behalf,2021-11-30,0,2022-01-05
2215.1.3,Payables to investors for collected dividend,2021-11-30,0,2022-01-05
2215.1.4,Redemption payable to investors,2021-11-30,627393724,2022-01-05
2215.2,Tax payables and obligations to the State Budget,2021-11-30,2873714,2022-01-05
2215.3,Subscription and Redemption fee payable to distributors and Fund Management Company,2021-11-30,4258020,2022-01-05
2215.4,Income payable to investors,2021-11-30,0,2022-01-05
2215.5,Remuneration Payable to Fund's Board of Representatives,2021-11-30,15816274,2022-01-05
2215.6,Management fee payable,2021-11-30,266014517,2022-01-05
2215.7,Fund Administration fee payable,2021-11-30,37262500,2022-01-05
2215.8,Supervisory service fee payable,2021-11-30,18150000,2022-01-05
2215.9,Transaction fee,2021-11-30,0,2022-01-05
2215.9.1,Brokerage fee payable,2021-11-30,0,2022-01-05
2215.9.2,Clearing Settlement fee payable,2021-11-30,0,2022-01-05
2215.10,Accrued expense for Custodian fee,2021-11-30,11650000,2022-01-05
2215.10.1,Custodian service - Safe Custody Fee,2021-11-30,11500000,2022-01-05
2215.10.2,Custodian service - Transaction fee,2021-11-30,150000,2022-01-05
2215.10.3,"Custodian service -  Depository fee, Position and Margin management fee paid to VSD",2021-11-30,0,2022-01-05
2215.11,Audit fee payable,2021-11-30,36058904,2022-01-05
2215.12,General meeting expense payable,2021-11-30,0,2022-01-05
2215.13,Annual report fee payable,2021-11-30,0,2022-01-05
2215.14,Transfer Agency fee payable,2021-11-30,11000000,2022-01-05
2215.15,Service fee payable to HOSE for calculating iNAV,2021-11-30,0,2022-01-05
2215.16,Authorising index service fee payable to HOSE,2021-11-30,0,2022-01-05
2215.17.1,Price feed fee payable,2021-11-30,0,2022-01-05
2215.17.2,"Accrued expense for Fund's Board of Representatives travelling, meeting",2021-11-30,0,2022-01-05
2215.17.3,Accrued expense for Annual Management Fee pay to SSC,2021-11-30,5000000,2022-01-05
2215.18,Short-term loans - Repo contracts,2021-11-30,0,2022-01-05
2215.18.1,Principal of repo contracts,2021-11-30,0,2022-01-05
2215.18.2,Accrued Interest Expense,2021-11-30,0,2022-01-05
2215.18.3,Principal of Short-term loans,2021-11-30,0,2022-01-05
2216,TOTAL LIABILITIES,2021-11-30,1279047730,2022-01-05
2217,Net Asset Value ( = I.10 - II.4),2021-11-30,271091096015,2022-01-05
2218,Total Outstanding Fund Certificates,2021-11-30,28335387.83,2022-01-05
2219,Net Asset Value per Fund Certificate,2021-11-30,9567.22,2022-01-05
,Other Receivables,2021-12-31,0,2022-02-08
,Other payables,2021-12-31,0,2022-02-08
,Other payables,2021-12-31,27075000,2022-02-08
2201,Cash and Cash Equivalents,2021-12-31,30020086409,2022-02-08
2203,Cash at bank,2021-12-31,1520086409,2022-02-08
2203.1,Cash at bank for Fund's subscription,2021-12-31,0,2022-02-08
2203.2,Cash at bank for Fund's redemption,2021-12-31,87694,2022-02-08
2203.3,Cash at bank for Fund's operation,2021-12-31,1519998715,2022-02-08
2203.4,Margin account for trading derivatives,2021-12-31,0,2022-02-08
2203.5,"Cash, cash equivalents",2021-12-31,28500000000,2022-02-08
2205,Investments,2021-12-31,234247133425,2022-02-08
2205.1,Listed shares,2021-12-31,0,2022-02-08
2205.2,Unlisted shares,2021-12-31,0,2022-02-08
2205.3,Bonds,2021-12-31,103728980000,2022-02-08
2205.4,Certificates of Deposit,2021-12-31,90518153425,2022-02-08
2205.5,Deposits with term over three (03) months,2021-12-31,40000000000,2022-02-08
2205.6,Investment - Rights,2021-12-31,0,2022-02-08
2205.7,Index future contracts,2021-12-31,0,2022-02-08
2205.8,Other investments,2021-12-31,0,2022-02-08
2205.9,Reverse repo contracts,2021-12-31,0,2022-02-08
2206,"Dividend, Coupon receivables",2021-12-31,2058696985,2022-02-08
2206.1,Dividend receivables,2021-12-31,0,2022-02-08
2206.2,Coupon receivables,2021-12-31,2058696985,2022-02-08
2207,Interest receivables,2021-12-31,5540895891,2022-02-08
2207.1,Interest receivable from bank deposits,2021-12-31,1251854795,2022-02-08
2207.2,Interest receivable from Certificates of Deposit,2021-12-31,4289041096,2022-02-08
2207.3,Interest receivable from reverse repo contracts,2021-12-31,0,2022-02-08
2208,Securities Trading Receivables,2021-12-31,0,2022-02-08
2210.1,Impairment of devaluation of pledged assets,2021-12-31,0,2022-02-08
2210.2,Provision for doubtful debt,2021-12-31,0,2022-02-08
2211,Other Assets,2021-12-31,0,2022-02-08
2212,TOTAL ASSETS,2021-12-31,271866812710,2022-02-08
2214,Securities Trading Payables,2021-12-31,0,2022-02-08
2215,Other Payables,2021-12-31,534586785,2022-02-08
2215.1,Payables to investors,2021-12-31,82331595,2022-02-08
2215.1.1,Subscription Pending allotment,2021-12-31,82243901,2022-02-08
2215.1.2,Payables to investors for investment bought on behalf,2021-12-31,0,2022-02-08
2215.1.3,Payables to investors for collected dividend,2021-12-31,0,2022-02-08
2215.1.4,Redemption payable to investors,2021-12-31,87694,2022-02-08
2215.2,Tax payables and obligations to the State Budget,2021-12-31,3677587,2022-02-08
2215.3,Subscription and Redemption fee payable to distributors and Fund Management Company,2021-12-31,5382162,2022-02-08
2215.4,Income payable to investors,2021-12-31,0,2022-02-08
2215.5,Remuneration Payable to Fund's Board of Representatives,2021-12-31,16582193,2022-02-08
2215.6,Management fee payable,2021-12-31,276840716,2022-02-08
2215.7,Fund Administration fee payable,2021-12-31,37262500,2022-02-08
2215.8,Supervisory service fee payable,2021-12-31,18150000,2022-02-08
2215.9,Transaction fee,2021-12-31,0,2022-02-08
2215.9.1,Brokerage fee payable,2021-12-31,0,2022-02-08
2215.9.2,Clearing Settlement fee payable,2021-12-31,0,2022-02-08
2215.10,Accrued expense for Custodian fee,2021-12-31,12285032,2022-02-08
2215.10.1,Custodian service - Safe Custody Fee,2021-12-31,11535032,2022-02-08
2215.10.2,Custodian service - Transaction fee,2021-12-31,750000,2022-02-08
2215.10.3,"Custodian service -  Depository fee, Position and Margin management fee paid to VSD",2021-12-31,0,2022-02-08
2215.11,Audit fee payable,2021-12-31,44000000,2022-02-08
2215.12,General meeting expense payable,2021-12-31,0,2022-02-08
2215.13,Annual report fee payable,2021-12-31,0,2022-02-08
2215.14,Transfer Agency fee payable,2021-12-31,11000000,2022-02-08
2215.15,Service fee payable to HOSE for calculating iNAV,2021-12-31,0,2022-02-08
2215.16,Authorising index service fee payable to HOSE,2021-12-31,0,2022-02-08
2215.17.1,Price feed fee payable,2021-12-31,22075000,2022-02-08
2215.17.2,"Accrued expense for Fund's Board of Representatives travelling, meeting",2021-12-31,0,2022-02-08
2215.17.3,Accrued expense for Annual Management Fee pay to SSC,2021-12-31,5000000,2022-02-08
2215.18,Short-term loans - Repo contracts,2021-12-31,0,2022-02-08
2215.18.1,Principal of repo contracts,2021-12-31,0,2022-02-08
2215.18.2,Accrued Interest Expense,2021-12-31,0,2022-02-08
2215.18.3,Principal of Short-term loans,2021-12-31,0,2022-02-08
2216,TOTAL LIABILITIES,2021-12-31,534586785,2022-02-08
2217,Net Asset Value ( = I.10 - II.4),2021-12-31,271332225925,2022-02-08
2218,Total Outstanding Fund Certificates,2021-12-31,28078292.71,2022-02-08
2219,Net Asset Value per Fund Certificate,2021-12-31,9663.41,2022-02-08
,Other Receivables,2022-01-31,0,2022-03-01
,Other payables,2022-01-31,0,2022-03-01
,Other payables,2022-01-31,5000000,2022-03-01
2201,Cash and Cash Equivalents,2022-01-31,13698612227,2022-03-01
2203,Cash at bank,2022-01-31,698612227,2022-03-01
2203.1,Cash at bank for Fund's subscription,2022-01-31,0,2022-03-01
2203.2,Cash at bank for Fund's redemption,2022-01-31,0,2022-03-01
2203.3,Cash at bank for Fund's operation,2022-01-31,698612227,2022-03-01
2203.4,Margin account for trading derivatives,2022-01-31,0,2022-03-01
2203.5,"Cash, cash equivalents",2022-01-31,13000000000,2022-03-01
2205,Investments,2022-01-31,254470803425,2022-03-01
2205.1,Listed shares,2022-01-31,0,2022-03-01
2205.2,Unlisted shares,2022-01-31,0,2022-03-01
2205.3,Bonds,2022-01-31,123952650000,2022-03-01
2205.4,Certificates of Deposit,2022-01-31,90518153425,2022-03-01
2205.5,Deposits with term over three (03) months,2022-01-31,40000000000,2022-03-01
2205.6,Investment - Rights,2022-01-31,0,2022-03-01
2205.7,Index future contracts,2022-01-31,0,2022-03-01
2205.8,Other investments,2022-01-31,0,2022-03-01
2205.9,Reverse repo contracts,2022-01-31,0,2022-03-01
2206,"Dividend, Coupon receivables",2022-01-31,877037261,2022-03-01
2206.1,Dividend receivables,2022-01-31,0,2022-03-01
2206.2,Coupon receivables,2022-01-31,877037261,2022-03-01
2207,Interest receivables,2022-01-31,5910697262,2022-03-01
2207.1,Interest receivable from bank deposits,2022-01-31,1431108220,2022-03-01
2207.2,Interest receivable from Certificates of Deposit,2022-01-31,4479589042,2022-03-01
2207.3,Interest receivable from reverse repo contracts,2022-01-31,0,2022-03-01
2208,Securities Trading Receivables,2022-01-31,0,2022-03-01
2210.1,Impairment of devaluation of pledged assets,2022-01-31,0,2022-03-01
2210.2,Provision for doubtful debt,2022-01-31,0,2022-03-01
2211,Other Assets,2022-01-31,0,2022-03-01
2212,TOTAL ASSETS,2022-01-31,274957150175,2022-03-01
2214,Securities Trading Payables,2022-01-31,0,2022-03-01
2215,Other Payables,2022-01-31,447505626,2022-03-01
2215.1,Payables to investors,2022-01-31,20563901,2022-03-01
2215.1.1,Subscription Pending allotment,2022-01-31,20563901,2022-03-01
2215.1.2,Payables to investors for investment bought on behalf,2022-01-31,0,2022-03-01
2215.1.3,Payables to investors for collected dividend,2022-01-31,0,2022-03-01
2215.1.4,Redemption payable to investors,2022-01-31,0,2022-03-01
2215.2,Tax payables and obligations to the State Budget,2022-01-31,1666277,2022-03-01
2215.3,Subscription and Redemption fee payable to distributors and Fund Management Company,2022-01-31,2588167,2022-03-01
2215.4,Income payable to investors,2022-01-31,0,2022-03-01
2215.5,Remuneration Payable to Fund's Board of Representatives,2022-01-31,9764384,2022-03-01
2215.6,Management fee payable,2022-01-31,277842529,2022-03-01
2215.7,Fund Administration fee payable,2022-01-31,37262500,2022-03-01
2215.8,Supervisory service fee payable,2022-01-31,18150000,2022-03-01
2215.9,Transaction fee,2022-01-31,0,2022-03-01
2215.9.1,Brokerage fee payable,2022-01-31,0,2022-03-01
2215.9.2,Clearing Settlement fee payable,2022-01-31,0,2022-03-01
2215.10,Accrued expense for Custodian fee,2022-01-31,11726772,2022-03-01
2215.10.1,Custodian service - Safe Custody Fee,2022-01-31,11576772,2022-03-01
2215.10.2,Custodian service - Transaction fee,2022-01-31,150000,2022-03-01
2215.10.3,"Custodian service -  Depository fee, Position and Margin management fee paid to VSD",2022-01-31,0,2022-03-01
2215.11,Audit fee payable,2022-01-31,51941096,2022-03-01
2215.12,General meeting expense payable,2022-01-31,0,2022-03-01
2215.13,Annual report fee payable,2022-01-31,0,2022-03-01
2215.14,Transfer Agency fee payable,2022-01-31,11000000,2022-03-01
2215.15,Service fee payable to HOSE for calculating iNAV,2022-01-31,0,2022-03-01
2215.16,Authorising index service fee payable to HOSE,2022-01-31,0,2022-03-01
2215.17.1,Price feed fee payable,2022-01-31,0,2022-03-01
2215.17.2,"Accrued expense for Fund's Board of Representatives travelling, meeting",2022-01-31,0,2022-03-01
2215.17.3,Accrued expense for Annual Management Fee pay to SSC,2022-01-31,5000000,2022-03-01
2215.18,Short-term loans - Repo contracts,2022-01-31,0,2022-03-01
2215.18.1,Principal of repo contracts,2022-01-31,0,2022-03-01
2215.18.2,Accrued Interest Expense,2022-01-31,0,2022-03-01
2215.18.3,Principal of Short-term loans,2022-01-31,0,2022-03-01
2216,TOTAL LIABILITIES,2022-01-31,447505626,2022-03-01
2217,Net Asset Value ( = I.10 - II.4),2022-01-31,274509644549,2022-03-01
2218,Total Outstanding Fund Certificates,2022-01-31,28294523.25,2022-03-01
2219,Net Asset Value per Fund Certificate,2022-01-31,9701.86,2022-03-01
,Other Receivables,2022-02-28,0,2022-04-04
,Other payables,2022-02-28,0,2022-04-04
,Other payables,2022-02-28,5000000,2022-04-04
2201,Cash and Cash Equivalents,2022-02-28,58573508239,2022-04-04
2203,Cash at bank,2022-02-28,31073508239,2022-04-04
2203.1,Cash at bank for Fund's subscription,2022-02-28,0,2022-04-04
2203.2,Cash at bank for Fund's redemption,2022-02-28,0,2022-04-04
2203.3,Cash at bank for Fund's operation,2022-02-28,31073508239,2022-04-04
2203.4,Margin account for trading derivatives,2022-02-28,0,2022-04-04
2203.5,"Cash, cash equivalents",2022-02-28,27500000000,2022-04-04
2205,Investments,2022-02-28,244690209315,2022-04-04
2205.1,Listed shares,2022-02-28,0,2022-04-04
2205.2,Unlisted shares,2022-02-28,0,2022-04-04
2205.3,Bonds,2022-02-28,154152160000,2022-04-04
2205.4,Certificates of Deposit,2022-02-28,50538049315,2022-04-04
2205.5,Deposits with term over three (03) months,2022-02-28,40000000000,2022-04-04
2205.6,Investment - Rights,2022-02-28,0,2022-04-04
2205.7,Index future contracts,2022-02-28,0,2022-04-04
2205.8,Other investments,2022-02-28,0,2022-04-04
2205.9,Reverse repo contracts,2022-02-28,0,2022-04-04
2206,"Dividend, Coupon receivables",2022-02-28,2082206575,2022-04-04
2206.1,Dividend receivables,2022-02-28,0,2022-04-04
2206.2,Coupon receivables,2022-02-28,2082206575,2022-04-04
2207,Interest receivables,2022-02-28,2534360277,2022-04-04
2207.1,Interest receivable from bank deposits,2022-02-28,1590223291,2022-04-04
2207.2,Interest receivable from Certificates of Deposit,2022-02-28,944136986,2022-04-04
2207.3,Interest receivable from reverse repo contracts,2022-02-28,0,2022-04-04
2208,Securities Trading Receivables,2022-02-28,0,2022-04-04
2210.1,Impairment of devaluation of pledged assets,2022-02-28,0,2022-04-04
2210.2,Provision for doubtful debt,2022-02-28,0,2022-04-04
2211,Other Assets,2022-02-28,0,2022-04-04
2212,TOTAL ASSETS,2022-02-28,307880284406,2022-04-04
2214,Securities Trading Payables,2022-02-28,30314100000,2022-04-04
2215,Other Payables,2022-02-28,586439346,2022-04-04
2215.1,Payables to investors,2022-02-28,167853403,2022-04-04
2215.1.1,Subscription Pending allotment,2022-02-28,167853403,2022-04-04
2215.1.2,Payables to investors for investment bought on behalf,2022-02-28,0,2022-04-04
2215.1.3,Payables to investors for collected dividend,2022-02-28,0,2022-04-04
2215.1.4,Redemption payable to investors,2022-02-28,0,2022-04-04
2215.2,Tax payables and obligations to the State Budget,2022-02-28,2877447,2022-04-04
2215.3,Subscription and Redemption fee payable to distributors and Fund Management Company,2022-02-28,4611519,2022-04-04
2215.4,Income payable to investors,2022-02-28,0,2022-04-04
2215.5,Remuneration Payable to Fund's Board of Representatives,2022-02-28,10454795,2022-04-04
2215.6,Management fee payable,2022-02-28,253918868,2022-04-04
2215.7,Fund Administration fee payable,2022-02-28,37262500,2022-04-04
2215.8,Supervisory service fee payable,2022-02-28,18150000,2022-04-04
2215.9,Transaction fee,2022-02-28,4547115,2022-04-04
2215.9.1,Brokerage fee payable,2022-02-28,4547115,2022-04-04
2215.9.2,Clearing Settlement fee payable,2022-02-28,0,2022-04-04
2215.10,Accrued expense for Custodian fee,2022-02-28,11650000,2022-04-04
2215.10.1,Custodian service - Safe Custody Fee,2022-02-28,11500000,2022-04-04
2215.10.2,Custodian service - Transaction fee,2022-02-28,150000,2022-04-04
2215.10.3,"Custodian service -  Depository fee, Position and Margin management fee paid to VSD",2022-02-28,0,2022-04-04
2215.11,Audit fee payable,2022-02-28,59113699,2022-04-04
2215.12,General meeting expense payable,2022-02-28,0,2022-04-04
2215.13,Annual report fee payable,2022-02-28,0,2022-04-04
2215.14,Transfer Agency fee payable,2022-02-28,11000000,2022-04-04
2215.15,Service fee payable to HOSE for calculating iNAV,2022-02-28,0,2022-04-04
2215.16,Authorising index service fee payable to HOSE,2022-02-28,0,2022-04-04
2215.17.1,Price feed fee payable,2022-02-28,0,2022-04-04
2215.17.2,"Accrued expense for Fund's Board of Representatives travelling, meeting",2022-02-28,0,2022-04-04
2215.17.3,Accrued expense for Annual Management Fee pay to SSC,2022-02-28,5000000,2022-04-04
2215.18,Short-term loans - Repo contracts,2022-02-28,0,2022-04-04
2215.18.1,Principal of repo contracts,2022-02-28,0,2022-04-04
2215.18.2,Accrued Interest Expense,2022-02-28,0,2022-04-04
2215.18.3,Principal of Short-term loans,2022-02-28,0,2022-04-04
2216,TOTAL LIABILITIES,2022-02-28,30900539346,2022-04-04
2217,Net Asset Value ( = I.10 - II.4),2022-02-28,276979745060,2022-04-04
2218,Total Outstanding Fund Certificates,2022-02-28,28351358.72,2022-04-04
2219,Net Asset Value per Fund Certificate,2022-02-28,9769.54,2022-04-04
,Other Receivables,2022-03-31,0,2022-05-05
,Other payables,2022-03-31,0,2022-05-05
,Other payables,2022-03-31,5000000,2022-05-05
2201,Cash and Cash Equivalents,2022-03-31,14949568590,2022-05-05
2203,Cash at bank,2022-03-31,449568590,2022-05-05
2203.1,Cash at bank for Fund's subscription,2022-03-31,0,2022-05-05
2203.2,Cash at bank for Fund's redemption,2022-03-31,99910,2022-05-05
2203.3,Cash at bank for Fund's operation,2022-03-31,449468680,2022-05-05
2203.4,Margin account for trading derivatives,2022-03-31,0,2022-05-05
2203.5,"Cash, cash equivalents",2022-03-31,14500000000,2022-05-05
2205,Investments,2022-03-31,259649394215,2022-05-05
2205.1,Listed shares,2022-03-31,0,2022-05-05
2205.2,Unlisted shares,2022-03-31,0,2022-05-05
2205.3,Bonds,2022-03-31,169111344900,2022-05-05
2205.4,Certificates of Deposit,2022-03-31,50538049315,2022-05-05
2205.5,Deposits with term over three (03) months,2022-03-31,40000000000,2022-05-05
2205.6,Investment - Rights,2022-03-31,0,2022-05-05
2205.7,Index future contracts,2022-03-31,0,2022-05-05
2205.8,Other investments,2022-03-31,0,2022-05-05
2205.9,Reverse repo contracts,2022-03-31,0,2022-05-05
2206,"Dividend, Coupon receivables",2022-03-31,3190312328,2022-05-05
2206.1,Dividend receivables,2022-03-31,0,2022-05-05
2206.2,Coupon receivables,2022-03-31,3190312328,2022-05-05
2207,Interest receivables,2022-03-31,3045787666,2022-05-05
2207.1,Interest receivable from bank deposits,2022-03-31,1764472597,2022-05-05
2207.2,Interest receivable from Certificates of Deposit,2022-03-31,1281315069,2022-05-05
2207.3,Interest receivable from reverse repo contracts,2022-03-31,0,2022-05-05
2208,Securities Trading Receivables,2022-03-31,0,2022-05-05
2210.1,Impairment of devaluation of pledged assets,2022-03-31,0,2022-05-05
2210.2,Provision for doubtful debt,2022-03-31,0,2022-05-05
2211,Other Assets,2022-03-31,0,2022-05-05
2212,TOTAL ASSETS,2022-03-31,280835062799,2022-05-05
2214,Securities Trading Payables,2022-03-31,0,2022-05-05
2215,Other Payables,2022-03-31,670476318,2022-05-05
2215.1,Payables to investors,2022-03-31,210290754,2022-05-05
2215.1.1,Subscription Pending allotment,2022-03-31,210290754,2022-05-05
2215.1.2,Payables to investors for investment bought on behalf,2022-03-31,0,2022-05-05
2215.1.3,Payables to investors for collected dividend,2022-03-31,0,2022-05-05
2215.1.4,Redemption payable to investors,2022-03-31,0,2022-05-05
2215.2,Tax payables and obligations to the State Budget,2022-03-31,5766224,2022-05-05
2215.3,Subscription and Redemption fee payable to distributors and Fund Management Company,2022-03-31,9774688,2022-05-05
2215.4,Income payable to investors,2022-03-31,0,2022-05-05
2215.5,Remuneration Payable to Fund's Board of Representatives,2022-03-31,11219178,2022-05-05
2215.6,Management fee payable,2022-03-31,282727852,2022-05-05
2215.7,Fund Administration fee payable,2022-03-31,37262500,2022-05-05
2215.8,Supervisory service fee payable,2022-03-31,18150000,2022-05-05
2215.9,Transaction fee,2022-03-31,0,2022-05-05
2215.9.1,Brokerage fee payable,2022-03-31,0,2022-05-05
2215.9.2,Clearing Settlement fee payable,2022-03-31,0,2022-05-05
2215.10,Accrued expense for Custodian fee,2022-03-31,12230327,2022-05-05
2215.10.1,Custodian service - Safe Custody Fee,2022-03-31,11780327,2022-05-05
2215.10.2,Custodian service - Transaction fee,2022-03-31,450000,2022-05-05
2215.10.3,"Custodian service -  Depository fee, Position and Margin management fee paid to VSD",2022-03-31,0,2022-05-05
2215.11,Audit fee payable,2022-03-31,67054795,2022-05-05
2215.12,General meeting expense payable,2022-03-31,0,2022-05-05
2215.13,Annual report fee payable,2022-03-31,0,2022-05-05
2215.14,Transfer Agency fee payable,2022-03-31,11000000,2022-05-05
2215.15,Service fee payable to HOSE for calculating iNAV,2022-03-31,0,2022-05-05
2215.16,Authorising index service fee payable to HOSE,2022-03-31,0,2022-05-05
2215.17.1,Price feed fee payable,2022-03-31,0,2022-05-05
2215.17.2,"Accrued expense for Fund's Board of Representatives travelling, meeting",2022-03-31,0,2022-05-05
2215.17.3,Accrued expense for Annual Management Fee pay to SSC,2022-03-31,5000000,2022-05-05
2215.18,Short-term loans - Repo contracts,2022-03-31,0,2022-05-05
2215.18.1,Principal of repo contracts,2022-03-31,0,2022-05-05
2215.18.2,Accrued Interest Expense,2022-03-31,0,2022-05-05
2215.18.3,Principal of Short-term loans,2022-03-31,0,2022-05-05
2216,TOTAL LIABILITIES,2022-03-31,670476318,2022-05-05
2217,Net Asset Value ( = I.10 - II.4),2022-03-31,280164586481,2022-05-05
2218,Total Outstanding Fund Certificates,2022-03-31,28539856.68,2022-05-05
2219,Net Asset Value per Fund Certificate,2022-03-31,9816.6,2022-05-05
,Other Receivables,2022-04-30,4944685,2022-06-01
,Other payables,2022-04-30,0,2022-06-01
,Other payables,2022-04-30,5000000,2022-06-01
2201,Cash and Cash Equivalents,2022-04-30,37334470265,2022-06-01
2203,Cash at bank,2022-04-30,334470265,2022-06-01
2203.1,Cash at bank for Fund's subscription,2022-04-30,0,2022-06-01
2203.2,Cash at bank for Fund's redemption,2022-04-30,6050905,2022-06-01
2203.3,Cash at bank for Fund's operation,2022-04-30,328419360,2022-06-01
2203.4,Margin account for trading derivatives,2022-04-30,0,2022-06-01
2203.5,"Cash, cash equivalents",2022-04-30,37000000000,2022-06-01
2205,Investments,2022-04-30,250647259795,2022-06-01
2205.1,Listed shares,2022-04-30,0,2022-06-01
2205.2,Unlisted shares,2022-04-30,0,2022-06-01
2205.3,Bonds,2022-04-30,160109210480,2022-06-01
2205.4,Certificates of Deposit,2022-04-30,50538049315,2022-06-01
2205.5,Deposits with term over three (03) months,2022-04-30,40000000000,2022-06-01
2205.6,Investment - Rights,2022-04-30,0,2022-06-01
2205.7,Index future contracts,2022-04-30,0,2022-06-01
2205.8,Other investments,2022-04-30,0,2022-06-01
2205.9,Reverse repo contracts,2022-04-30,0,2022-06-01
2206,"Dividend, Coupon receivables",2022-04-30,2913060274,2022-06-01
2206.1,Dividend receivables,2022-04-30,0,2022-06-01
2206.2,Coupon receivables,2022-04-30,2913060274,2022-06-01
2207,Interest receivables,2022-04-30,3586291775,2022-06-01
2207.1,Interest receivable from bank deposits,2022-04-30,1978675337,2022-06-01
2207.2,Interest receivable from Certificates of Deposit,2022-04-30,1607616438,2022-06-01
2207.3,Interest receivable from reverse repo contracts,2022-04-30,0,2022-06-01
2208,Securities Trading Receivables,2022-04-30,0,2022-06-01
2210.1,Impairment of devaluation of pledged assets,2022-04-30,0,2022-06-01
2210.2,Provision for doubtful debt,2022-04-30,0,2022-06-01
2211,Other Assets,2022-04-30,0,2022-06-01
2212,TOTAL ASSETS,2022-04-30,294486026794,2022-06-01
2214,Securities Trading Payables,2022-04-30,0,2022-06-01
2215,Other Payables,2022-04-30,589140982,2022-06-01
2215.1,Payables to investors,2022-04-30,122558176,2022-06-01
2215.1.1,Subscription Pending allotment,2022-04-30,122007876,2022-06-01
2215.1.2,Payables to investors for investment bought on behalf,2022-04-30,0,2022-06-01
2215.1.3,Payables to investors for collected dividend,2022-04-30,0,2022-06-01
2215.1.4,Redemption payable to investors,2022-04-30,550300,2022-06-01
2215.2,Tax payables and obligations to the State Budget,2022-04-30,6476964,2022-06-01
2215.3,Subscription and Redemption fee payable to distributors and Fund Management Company,2022-04-30,5620949,2022-06-01
2215.4,Income payable to investors,2022-04-30,0,2022-06-01
2215.5,Remuneration Payable to Fund's Board of Representatives,2022-04-30,11958904,2022-06-01
2215.6,Management fee payable,2022-04-30,284230811,2022-06-01
2215.7,Fund Administration fee payable,2022-04-30,37262500,2022-06-01
2215.8,Supervisory service fee payable,2022-04-30,18150000,2022-06-01
2215.9,Transaction fee,2022-04-30,0,2022-06-01
2215.9.1,Brokerage fee payable,2022-04-30,0,2022-06-01
2215.9.2,Clearing Settlement fee payable,2022-04-30,0,2022-06-01
2215.10,Accrued expense for Custodian fee,2022-04-30,12142952,2022-06-01
2215.10.1,Custodian service - Safe Custody Fee,2022-04-30,11842952,2022-06-01
2215.10.2,Custodian service - Transaction fee,2022-04-30,300000,2022-06-01
2215.10.3,"Custodian service -  Depository fee, Position and Margin management fee paid to VSD",2022-04-30,0,2022-06-01
2215.11,Audit fee payable,2022-04-30,74739726,2022-06-01
2215.12,General meeting expense payable,2022-04-30,0,2022-06-01
2215.13,Annual report fee payable,2022-04-30,0,2022-06-01
2215.14,Transfer Agency fee payable,2022-04-30,11000000,2022-06-01
2215.15,Service fee payable to HOSE for calculating iNAV,2022-04-30,0,2022-06-01
2215.16,Authorising index service fee payable to HOSE,2022-04-30,0,2022-06-01
2215.17.1,Price feed fee payable,2022-04-30,0,2022-06-01
2215.17.2,"Accrued expense for Fund's Board of Representatives travelling, meeting",2022-04-30,0,2022-06-01
2215.17.3,Accrued expense for Annual Management Fee pay to SSC,2022-04-30,5000000,2022-06-01
2215.18,Short-term loans - Repo contracts,2022-04-30,0,2022-06-01
2215.18.1,Principal of repo contracts,2022-04-30,0,2022-06-01
2215.18.2,Accrued Interest Expense,2022-04-30,0,2022-06-01
2215.18.3,Principal of Short-term loans,2022-04-30,0,2022-06-01
2216,TOTAL LIABILITIES,2022-04-30,589140982,2022-06-01
2217,Net Asset Value ( = I.10 - II.4),2022-04-30,293896885812,2022-06-01
2218,Total Outstanding Fund Certificates,2022-04-30,29795646.34,2022-06-01
2219,Net Asset Value per Fund Certificate,2022-04-30,9863.75,2022-06-01
,Other Receivables,2022-05-31,697501,2022-07-01
,Other payables,2022-05-31,0,2022-07-01
,Other payables,2022-05-31,5000000,2022-07-01
2201,Cash and Cash Equivalents,2022-05-31,34037353775,2022-07-01
2203,Cash at bank,2022-05-31,3537353775,2022-07-01
2203.1,Cash at bank for Fund's subscription,2022-05-31,0,2022-07-01
2203.2,Cash at bank for Fund's redemption,2022-05-31,10905159,2022-07-01
2203.3,Cash at bank for Fund's operation,2022-05-31,3526448616,2022-07-01
2203.4,Margin account for trading derivatives,2022-05-31,0,2022-07-01
2203.5,"Cash, cash equivalents",2022-05-31,30500000000,2022-07-01
2205,Investments,2022-05-31,270875042805,2022-07-01
2205.1,Listed shares,2022-05-31,0,2022-07-01
2205.2,Unlisted shares,2022-05-31,0,2022-07-01
2205.3,Bonds,2022-05-31,220336993490,2022-07-01
2205.4,Certificates of Deposit,2022-05-31,50538049315,2022-07-01
2205.5,Deposits with term over three (03) months,2022-05-31,0,2022-07-01
2205.6,Investment - Rights,2022-05-31,0,2022-07-01
2205.7,Index future contracts,2022-05-31,0,2022-07-01
2205.8,Other investments,2022-05-31,0,2022-07-01
2205.9,Reverse repo contracts,2022-05-31,0,2022-07-01
2206,"Dividend, Coupon receivables",2022-05-31,6394731780,2022-07-01
2206.1,Dividend receivables,2022-05-31,0,2022-07-01
2206.2,Coupon receivables,2022-05-31,6394731780,2022-07-01
2207,Interest receivables,2022-05-31,421104110,2022-07-01
2207.1,Interest receivable from bank deposits,2022-05-31,36967123,2022-07-01
2207.2,Interest receivable from Certificates of Deposit,2022-05-31,384136987,2022-07-01
2207.3,Interest receivable from reverse repo contracts,2022-05-31,0,2022-07-01
2208,Securities Trading Receivables,2022-05-31,0,2022-07-01
2210.1,Impairment of devaluation of pledged assets,2022-05-31,0,2022-07-01
2210.2,Provision for doubtful debt,2022-05-31,0,2022-07-01
2211,Other Assets,2022-05-31,0,2022-07-01
2212,TOTAL ASSETS,2022-05-31,311728929971,2022-07-01
2214,Securities Trading Payables,2022-05-31,0,2022-07-01
2215,Other Payables,2022-05-31,2745225714,2022-07-01
2215.1,Payables to investors,2022-05-31,2294550333,2022-07-01
2215.1.1,Subscription Pending allotment,2022-05-31,2294345063,2022-07-01
2215.1.2,Payables to investors for investment bought on behalf,2022-05-31,0,2022-07-01
2215.1.3,Payables to investors for collected dividend,2022-05-31,0,2022-07-01
2215.1.4,Redemption payable to investors,2022-05-31,205270,2022-07-01
2215.2,Tax payables and obligations to the State Budget,2022-05-31,4435423,2022-07-01
2215.3,Subscription and Redemption fee payable to distributors and Fund Management Company,2022-05-31,9071609,2022-07-01
2215.4,Income payable to investors,2022-05-31,0,2022-07-01
2215.5,Remuneration Payable to Fund's Board of Representatives,2022-05-31,9343696,2022-07-01
2215.6,Management fee payable,2022-05-31,304446078,2022-07-01
2215.7,Fund Administration fee payable,2022-05-31,37262500,2022-07-01
2215.8,Supervisory service fee payable,2022-05-31,18150000,2022-07-01
2215.9,Transaction fee,2022-05-31,0,2022-07-01
2215.9.1,Brokerage fee payable,2022-05-31,0,2022-07-01
2215.9.2,Clearing Settlement fee payable,2022-05-31,0,2022-07-01
2215.10,Accrued expense for Custodian fee,2022-05-31,13285253,2022-07-01
2215.10.1,Custodian service - Safe Custody Fee,2022-05-31,12685253,2022-07-01
2215.10.2,Custodian service - Transaction fee,2022-05-31,600000,2022-07-01
2215.10.3,"Custodian service -  Depository fee, Position and Margin management fee paid to VSD",2022-05-31,0,2022-07-01
2215.11,Audit fee payable,2022-05-31,38680822,2022-07-01
2215.12,General meeting expense payable,2022-05-31,0,2022-07-01
2215.13,Annual report fee payable,2022-05-31,0,2022-07-01
2215.14,Transfer Agency fee payable,2022-05-31,11000000,2022-07-01
2215.15,Service fee payable to HOSE for calculating iNAV,2022-05-31,0,2022-07-01
2215.16,Authorising index service fee payable to HOSE,2022-05-31,0,2022-07-01
2215.17.1,Price feed fee payable,2022-05-31,0,2022-07-01
2215.17.2,"Accrued expense for Fund's Board of Representatives travelling, meeting",2022-05-31,0,2022-07-01
2215.17.3,Accrued expense for Annual Management Fee pay to SSC,2022-05-31,5000000,2022-07-01
2215.18,Short-term loans - Repo contracts,2022-05-31,0,2022-07-01
2215.18.1,Principal of repo contracts,2022-05-31,0,2022-07-01
2215.18.2,Accrued Interest Expense,2022-05-31,0,2022-07-01
2215.18.3,Principal of Short-term loans,2022-05-31,0,2022-07-01
2216,TOTAL LIABILITIES,2022-05-31,2745225714,2022-07-01
2217,Net Asset Value ( = I.10 - II.4),2022-05-31,308983704257,2022-07-01
2218,Total Outstanding Fund Certificates,2022-05-31,31166340.98,2022-07-01
2219,Net Asset Value per Fund Certificate,2022-05-31,9914.01,2022-07-01
,Other Receivables,2022-06-30,12100,2022-08-01
,Other payables,2022-06-30,0,2022-08-01
,Other payables,2022-06-30,5000000,2022-08-01
2201,Cash and Cash Equivalents,2022-06-30,69607440580,2022-08-01
2203,Cash at bank,2022-06-30,8607440580,2022-08-01
2203.1,Cash at bank for Fund's subscription,2022-06-30,0,2022-08-01
2203.2,Cash at bank for Fund's redemption,2022-06-30,11385290,2022-08-01
2203.3,Cash at bank for Fund's operation,2022-06-30,8596055290,2022-08-01
2203.4,Margin account for trading derivatives,2022-06-30,0,2022-08-01
2203.5,"Cash, cash equivalents",2022-06-30,61000000000,2022-08-01
2205,Investments,2022-06-30,294518928855,2022-08-01
2205.1,Listed shares,2022-06-30,0,2022-08-01
2205.2,Unlisted shares,2022-06-30,0,2022-08-01
2205.3,Bonds,2022-06-30,234380879540,2022-08-01
2205.4,Certificates of Deposit,2022-06-30,50538049315,2022-08-01
2205.5,Deposits with term over three (03) months,2022-06-30,9600000000,2022-08-01
2205.6,Investment - Rights,2022-06-30,0,2022-08-01
2205.7,Index future contracts,2022-06-30,0,2022-08-01
2205.8,Other investments,2022-06-30,0,2022-08-01
2205.9,Reverse repo contracts,2022-06-30,0,2022-08-01
2206,"Dividend, Coupon receivables",2022-06-30,5447342740,2022-08-01
2206.1,Dividend receivables,2022-06-30,0,2022-08-01
2206.2,Coupon receivables,2022-06-30,5447342740,2022-08-01
2207,Interest receivables,2022-06-30,828128216,2022-08-01
2207.1,Interest receivable from bank deposits,2022-06-30,117689860,2022-08-01
2207.2,Interest receivable from Certificates of Deposit,2022-06-30,710438356,2022-08-01
2207.3,Interest receivable from reverse repo contracts,2022-06-30,0,2022-08-01
2208,Securities Trading Receivables,2022-06-30,0,2022-08-01
2210.1,Impairment of devaluation of pledged assets,2022-06-30,0,2022-08-01
2210.2,Provision for doubtful debt,2022-06-30,0,2022-08-01
2211,Other Assets,2022-06-30,0,2022-08-01
2212,TOTAL ASSETS,2022-06-30,370401852491,2022-08-01
2214,Securities Trading Payables,2022-06-30,0,2022-08-01
2215,Other Payables,2022-06-30,9044324391,2022-08-01
2215.1,Payables to investors,2022-06-30,8533790040,2022-08-01
2215.1.1,Subscription Pending allotment,2022-06-30,8533790040,2022-08-01
2215.1.2,Payables to investors for investment bought on behalf,2022-06-30,0,2022-08-01
2215.1.3,Payables to investors for collected dividend,2022-06-30,0,2022-08-01
2215.1.4,Redemption payable to investors,2022-06-30,0,2022-08-01
2215.2,Tax payables and obligations to the State Budget,2022-06-30,10671744,2022-08-01
2215.3,Subscription and Redemption fee payable to distributors and Fund Management Company,2022-06-30,23552296,2022-08-01
2215.4,Income payable to investors,2022-06-30,0,2022-08-01
2215.5,Remuneration Payable to Fund's Board of Representatives,2022-06-30,9716081,2022-08-01
2215.6,Management fee payable,2022-06-30,332335935,2022-08-01
2215.7,Fund Administration fee payable,2022-06-30,37262500,2022-08-01
2215.8,Supervisory service fee payable,2022-06-30,18150000,2022-08-01
2215.9,Transaction fee,2022-06-30,0,2022-08-01
2215.9.1,Brokerage fee payable,2022-06-30,0,2022-08-01
2215.9.2,Clearing Settlement fee payable,2022-06-30,0,2022-08-01
2215.10,Accrued expense for Custodian fee,2022-06-30,14447331,2022-08-01
2215.10.1,Custodian service - Safe Custody Fee,2022-06-30,13847331,2022-08-01
2215.10.2,Custodian service - Transaction fee,2022-06-30,600000,2022-08-01
2215.10.3,"Custodian service -  Depository fee, Position and Margin management fee paid to VSD",2022-06-30,0,2022-08-01
2215.11,Audit fee payable,2022-06-30,48398464,2022-08-01
2215.12,General meeting expense payable,2022-06-30,0,2022-08-01
2215.13,Annual report fee payable,2022-06-30,0,2022-08-01
2215.14,Transfer Agency fee payable,2022-06-30,11000000,2022-08-01
2215.15,Service fee payable to HOSE for calculating iNAV,2022-06-30,0,2022-08-01
2215.16,Authorising index service fee payable to HOSE,2022-06-30,0,2022-08-01
2215.17.1,Price feed fee payable,2022-06-30,0,2022-08-01
2215.17.2,"Accrued expense for Fund's Board of Representatives travelling, meeting",2022-06-30,0,2022-08-01
2215.17.3,Accrued expense for Annual Management Fee pay to SSC,2022-06-30,5000000,2022-08-01
2215.18,Short-term loans - Repo contracts,2022-06-30,0,2022-08-01
2215.18.1,Principal of repo contracts,2022-06-30,0,2022-08-01
2215.18.2,Accrued Interest Expense,2022-06-30,0,2022-08-01
2215.18.3,Principal of Short-term loans,2022-06-30,0,2022-08-01
2216,TOTAL LIABILITIES,2022-06-30,9044324391,2022-08-01
2217,Net Asset Value ( = I.10 - II.4),2022-06-30,361357528100,2022-08-01
2218,Total Outstanding Fund Certificates,2022-06-30,36261654.34,2022-08-01
2219,Net Asset Value per Fund Certificate,2022-06-30,9965.27,2022-08-01
,Other Receivables,2022-07-31,24200,2022-09-05
,Other payables,2022-07-31,0,2022-09-05
,Other payables,2022-07-31,5000000,2022-09-05
2201,Cash and Cash Equivalents,2022-07-31,166342389847,2022-09-05
2203,Cash at bank,2022-07-31,81142389847,2022-09-05
2203.1,Cash at bank for Fund's subscription,2022-07-31,0,2022-09-05
2203.2,Cash at bank for Fund's redemption,2022-07-31,0,2022-09-05
2203.3,Cash at bank for Fund's operation,2022-07-31,81142389847,2022-09-05
2203.4,Margin account for trading derivatives,2022-07-31,0,2022-09-05
2203.5,"Cash, cash equivalents",2022-07-31,85200000000,2022-09-05
2205,Investments,2022-07-31,318851809848,2022-09-05
2205.1,Listed shares,2022-07-31,0,2022-09-05
2205.2,Unlisted shares,2022-07-31,0,2022-09-05
2205.3,Bonds,2022-07-31,247981855310,2022-09-05
2205.4,Certificates of Deposit,2022-07-31,40269954538,2022-09-05
2205.5,Deposits with term over three (03) months,2022-07-31,30600000000,2022-09-05
2205.6,Investment - Rights,2022-07-31,0,2022-09-05
2205.7,Index future contracts,2022-07-31,0,2022-09-05
2205.8,Other investments,2022-07-31,0,2022-09-05
2205.9,Reverse repo contracts,2022-07-31,0,2022-09-05
2206,"Dividend, Coupon receivables",2022-07-31,3795431507,2022-09-05
2206.1,Dividend receivables,2022-07-31,0,2022-09-05
2206.2,Coupon receivables,2022-07-31,3795431507,2022-09-05
2207,Interest receivables,2022-07-31,686915067,2022-09-05
2207.1,Interest receivable from bank deposits,2022-07-31,184024656,2022-09-05
2207.2,Interest receivable from Certificates of Deposit,2022-07-31,502890411,2022-09-05
2207.3,Interest receivable from reverse repo contracts,2022-07-31,0,2022-09-05
2208,Securities Trading Receivables,2022-07-31,0,2022-09-05
2210.1,Impairment of devaluation of pledged assets,2022-07-31,0,2022-09-05
2210.2,Provision for doubtful debt,2022-07-31,0,2022-09-05
2211,Other Assets,2022-07-31,0,2022-09-05
2212,TOTAL ASSETS,2022-07-31,489676570469,2022-09-05
2214,Securities Trading Payables,2022-07-31,0,2022-09-05
2215,Other Payables,2022-07-31,12857016279,2022-09-05
2215.1,Payables to investors,2022-07-31,12208980340,2022-09-05
2215.1.1,Subscription Pending allotment,2022-07-31,12208980340,2022-09-05
2215.1.2,Payables to investors for investment bought on behalf,2022-07-31,0,2022-09-05
2215.1.3,Payables to investors for collected dividend,2022-07-31,0,2022-09-05
2215.1.4,Redemption payable to investors,2022-07-31,0,2022-09-05
2215.2,Tax payables and obligations to the State Budget,2022-07-31,23084256,2022-09-05
2215.3,Subscription and Redemption fee payable to distributors and Fund Management Company,2022-07-31,56885087,2022-09-05
2215.4,Income payable to investors,2022-07-31,0,2022-09-05
2215.5,Remuneration Payable to Fund's Board of Representatives,2022-07-31,10100879,2022-09-05
2215.6,Management fee payable,2022-07-31,408444663,2022-09-05
2215.7,Fund Administration fee payable,2022-07-31,37262500,2022-09-05
2215.8,Supervisory service fee payable,2022-07-31,18150000,2022-09-05
2215.9,Transaction fee,2022-07-31,0,2022-09-05
2215.9.1,Brokerage fee payable,2022-07-31,0,2022-09-05
2215.9.2,Clearing Settlement fee payable,2022-07-31,0,2022-09-05
2215.10,Accrued expense for Custodian fee,2022-07-31,17468527,2022-09-05
2215.10.1,Custodian service - Safe Custody Fee,2022-07-31,17018527,2022-09-05
2215.10.2,Custodian service - Transaction fee,2022-07-31,450000,2022-09-05
2215.10.3,"Custodian service -  Depository fee, Position and Margin management fee paid to VSD",2022-07-31,0,2022-09-05
2215.11,Audit fee payable,2022-07-31,58440027,2022-09-05
2215.12,General meeting expense payable,2022-07-31,0,2022-09-05
2215.13,Annual report fee payable,2022-07-31,0,2022-09-05
2215.14,Transfer Agency fee payable,2022-07-31,13200000,2022-09-05
2215.15,Service fee payable to HOSE for calculating iNAV,2022-07-31,0,2022-09-05
2215.16,Authorising index service fee payable to HOSE,2022-07-31,0,2022-09-05
2215.17.1,Price feed fee payable,2022-07-31,0,2022-09-05
2215.17.2,"Accrued expense for Fund's Board of Representatives travelling, meeting",2022-07-31,0,2022-09-05
2215.17.3,Accrued expense for Annual Management Fee pay to SSC,2022-07-31,5000000,2022-09-05
2215.18,Short-term loans - Repo contracts,2022-07-31,0,2022-09-05
2215.18.1,Principal of repo contracts,2022-07-31,0,2022-09-05
2215.18.2,Accrued Interest Expense,2022-07-31,0,2022-09-05
2215.18.3,Principal of Short-term loans,2022-07-31,0,2022-09-05
2216,TOTAL LIABILITIES,2022-07-31,12857016279,2022-09-05
2217,Net Asset Value ( = I.10 - II.4),2022-07-31,476819554190,2022-09-05
2218,Total Outstanding Fund Certificates,2022-07-31,47584069.76,2022-09-05
2219,Net Asset Value per Fund Certificate,2022-07-31,10020.57,2022-09-05
,Other Receivables,2022-08-31,12100,2022-10-03
,Other payables,2022-08-31,0,2022-10-03
,Other payables,2022-08-31,5000000,2022-10-03
2201,Cash and Cash Equivalents,2022-08-31,195220393476,2022-10-03
2203,Cash at bank,2022-08-31,20120393476,2022-10-03
2203.1,Cash at bank for Fund's subscription,2022-08-31,0,2022-10-03
2203.2,Cash at bank for Fund's redemption,2022-08-31,1306991,2022-10-03
2203.3,Cash at bank for Fund's operation,2022-08-31,20119086485,2022-10-03
2203.4,Margin account for trading derivatives,2022-08-31,0,2022-10-03
2203.5,"Cash, cash equivalents",2022-08-31,175100000000,2022-10-03
2205,Investments,2022-08-31,650198725478,2022-10-03
2205.1,Listed shares,2022-08-31,0,2022-10-03
2205.2,Unlisted shares,2022-08-31,0,2022-10-03
2205.3,Bonds,2022-08-31,529422739570,2022-10-03
2205.4,Certificates of Deposit,2022-08-31,90175985908,2022-10-03
2205.5,Deposits with term over three (03) months,2022-08-31,30600000000,2022-10-03
2205.6,Investment - Rights,2022-08-31,0,2022-10-03
2205.7,Index future contracts,2022-08-31,0,2022-10-03
2205.8,Other investments,2022-08-31,0,2022-10-03
2205.9,Reverse repo contracts,2022-08-31,0,2022-10-03
2206,"Dividend, Coupon receivables",2022-08-31,11218383560,2022-10-03
2206.1,Dividend receivables,2022-08-31,0,2022-10-03
2206.2,Coupon receivables,2022-08-31,11218383560,2022-10-03
2207,Interest receivables,2022-08-31,2757992328,2022-10-03
2207.1,Interest receivable from bank deposits,2022-08-31,518019725,2022-10-03
2207.2,Interest receivable from Certificates of Deposit,2022-08-31,2239972603,2022-10-03
2207.3,Interest receivable from reverse repo contracts,2022-08-31,0,2022-10-03
2208,Securities Trading Receivables,2022-08-31,0,2022-10-03
2210.1,Impairment of devaluation of pledged assets,2022-08-31,0,2022-10-03
2210.2,Provision for doubtful debt,2022-08-31,0,2022-10-03
2211,Other Assets,2022-08-31,0,2022-10-03
2212,TOTAL ASSETS,2022-08-31,859395506942,2022-10-03
2214,Securities Trading Payables,2022-08-31,0,2022-10-03
2215,Other Payables,2022-08-31,14709503772,2022-10-03
2215.1,Payables to investors,2022-08-31,13727000385,2022-10-03
2215.1.1,Subscription Pending allotment,2022-08-31,13725803394,2022-10-03
2215.1.2,Payables to investors for investment bought on behalf,2022-08-31,0,2022-10-03
2215.1.3,Payables to investors for collected dividend,2022-08-31,0,2022-10-03
2215.1.4,Redemption payable to investors,2022-08-31,1196991,2022-10-03
2215.2,Tax payables and obligations to the State Budget,2022-08-31,73270422,2022-10-03
2215.3,Subscription and Redemption fee payable to distributors and Fund Management Company,2022-08-31,71208679,2022-10-03
2215.4,Income payable to investors,2022-08-31,0,2022-10-03
2215.5,Remuneration Payable to Fund's Board of Representatives,2022-08-31,10485678,2022-10-03
2215.6,Management fee payable,2022-08-31,655495465,2022-10-03
2215.7,Fund Administration fee payable,2022-08-31,37303417,2022-10-03
2215.8,Supervisory service fee payable,2022-08-31,19545826,2022-10-03
2215.9,Transaction fee,2022-08-31,0,2022-10-03
2215.9.1,Brokerage fee payable,2022-08-31,0,2022-10-03
2215.9.2,Clearing Settlement fee payable,2022-08-31,0,2022-10-03
2215.10,Accrued expense for Custodian fee,2022-08-31,28512310,2022-10-03
2215.10.1,Custodian service - Safe Custody Fee,2022-08-31,27312310,2022-10-03
2215.10.2,Custodian service - Transaction fee,2022-08-31,1200000,2022-10-03
2215.10.3,"Custodian service -  Depository fee, Position and Margin management fee paid to VSD",2022-08-31,0,2022-10-03
2215.11,Audit fee payable,2022-08-31,68481590,2022-10-03
2215.12,General meeting expense payable,2022-08-31,0,2022-10-03
2215.13,Annual report fee payable,2022-08-31,0,2022-10-03
2215.14,Transfer Agency fee payable,2022-08-31,13200000,2022-10-03
2215.15,Service fee payable to HOSE for calculating iNAV,2022-08-31,0,2022-10-03
2215.16,Authorising index service fee payable to HOSE,2022-08-31,0,2022-10-03
2215.17.1,Price feed fee payable,2022-08-31,0,2022-10-03
2215.17.2,"Accrued expense for Fund's Board of Representatives travelling, meeting",2022-08-31,0,2022-10-03
2215.17.3,Accrued expense for Annual Management Fee pay to SSC,2022-08-31,5000000,2022-10-03
2215.18,Short-term loans - Repo contracts,2022-08-31,0,2022-10-03
2215.18.1,Principal of repo contracts,2022-08-31,0,2022-10-03
2215.18.2,Accrued Interest Expense,2022-08-31,0,2022-10-03
2215.18.3,Principal of Short-term loans,2022-08-31,0,2022-10-03
2216,TOTAL LIABILITIES,2022-08-31,14709503772,2022-10-03
2217,Net Asset Value ( = I.10 - II.4),2022-08-31,844686003170,2022-10-03
2218,Total Outstanding Fund Certificates,2022-08-31,83863863.24,2022-10-03
2219,Net Asset Value per Fund Certificate,2022-08-31,10072.1,2022-10-03
,Other Receivables,2022-09-30,110000,2022-11-01
,Other payables,2022-09-30,0,2022-11-01
,Other payables,2022-09-30,5000000,2022-11-01
2201,Cash and Cash Equivalents,2022-09-30,147951287500,2022-11-01
2203,Cash at bank,2022-09-30,78951287500,2022-11-01
2203.1,Cash at bank for Fund's subscription,2022-09-30,0,2022-11-01
2203.2,Cash at bank for Fund's redemption,2022-09-30,50120632,2022-11-01
2203.3,Cash at bank for Fund's operation,2022-09-30,78901166868,2022-11-01
2203.4,Margin account for trading derivatives,2022-09-30,0,2022-11-01
2203.5,"Cash, cash equivalents",2022-09-30,69000000000,2022-11-01
2205,Investments,2022-09-30,895944472888,2022-11-01
2205.1,Listed shares,2022-09-30,0,2022-11-01
2205.2,Unlisted shares,2022-09-30,0,2022-11-01
2205.3,Bonds,2022-09-30,675197958350,2022-11-01
2205.4,Certificates of Deposit,2022-09-30,190146514538,2022-11-01
2205.5,Deposits with term over three (03) months,2022-09-30,30600000000,2022-11-01
2205.6,Investment - Rights,2022-09-30,0,2022-11-01
2205.7,Index future contracts,2022-09-30,0,2022-11-01
2205.8,Other investments,2022-09-30,0,2022-11-01
2205.9,Reverse repo contracts,2022-09-30,0,2022-11-01
2206,"Dividend, Coupon receivables",2022-09-30,19742010958,2022-11-01
2206.1,Dividend receivables,2022-09-30,0,2022-11-01
2206.2,Coupon receivables,2022-09-30,19742010958,2022-11-01
2207,Interest receivables,2022-09-30,6944326578,2022-11-01
2207.1,Interest receivable from bank deposits,2022-09-30,449011508,2022-11-01
2207.2,Interest receivable from Certificates of Deposit,2022-09-30,6495315070,2022-11-01
2207.3,Interest receivable from reverse repo contracts,2022-09-30,0,2022-11-01
2208,Securities Trading Receivables,2022-09-30,0,2022-11-01
2210.1,Impairment of devaluation of pledged assets,2022-09-30,0,2022-11-01
2210.2,Provision for doubtful debt,2022-09-30,0,2022-11-01
2211,Other Assets,2022-09-30,0,2022-11-01
2212,TOTAL ASSETS,2022-09-30,1070582207924,2022-11-01
2214,Securities Trading Payables,2022-09-30,18794840000,2022-11-01
2215,Other Payables,2022-09-30,29675001796,2022-11-01
2215.1,Payables to investors,2022-09-30,28189005760,2022-11-01
2215.1.1,Subscription Pending allotment,2022-09-30,28138885128,2022-11-01
2215.1.2,Payables to investors for investment bought on behalf,2022-09-30,0,2022-11-01
2215.1.3,Payables to investors for collected dividend,2022-09-30,0,2022-11-01
2215.1.4,Redemption payable to investors,2022-09-30,50120632,2022-11-01
2215.2,Tax payables and obligations to the State Budget,2022-09-30,212217997,2022-11-01
2215.3,Subscription and Redemption fee payable to distributors and Fund Management Company,2022-09-30,198646364,2022-11-01
2215.4,Income payable to investors,2022-09-30,0,2022-11-01
2215.5,Remuneration Payable to Fund's Board of Representatives,2022-09-30,10858064,2022-11-01
2215.6,Management fee payable,2022-09-30,914114480,2022-11-01
2215.7,Fund Administration fee payable,2022-09-30,40024682,2022-11-01
2215.8,Supervisory service fee payable,2022-09-30,25138148,2022-11-01
2215.9,Transaction fee,2022-09-30,3758968,2022-11-01
2215.9.1,Brokerage fee payable,2022-09-30,3758968,2022-11-01
2215.9.2,Clearing Settlement fee payable,2022-09-30,0,2022-11-01
2215.10,Accrued expense for Custodian fee,2022-09-30,38838101,2022-11-01
2215.10.1,Custodian service - Safe Custody Fee,2022-09-30,38088101,2022-11-01
2215.10.2,Custodian service - Transaction fee,2022-09-30,750000,2022-11-01
2215.10.3,"Custodian service -  Depository fee, Position and Margin management fee paid to VSD",2022-09-30,0,2022-11-01
2215.11,Audit fee payable,2022-09-30,24199232,2022-11-01
2215.12,General meeting expense payable,2022-09-30,0,2022-11-01
2215.13,Annual report fee payable,2022-09-30,0,2022-11-01
2215.14,Transfer Agency fee payable,2022-09-30,13200000,2022-11-01
2215.15,Service fee payable to HOSE for calculating iNAV,2022-09-30,0,2022-11-01
2215.16,Authorising index service fee payable to HOSE,2022-09-30,0,2022-11-01
2215.17.1,Price feed fee payable,2022-09-30,0,2022-11-01
2215.17.2,"Accrued expense for Fund's Board of Representatives travelling, meeting",2022-09-30,0,2022-11-01
2215.17.3,Accrued expense for Annual Management Fee pay to SSC,2022-09-30,5000000,2022-11-01
2215.18,Short-term loans - Repo contracts,2022-09-30,0,2022-11-01
2215.18.1,Principal of repo contracts,2022-09-30,0,2022-11-01
2215.18.2,Accrued Interest Expense,2022-09-30,0,2022-11-01
2215.18.3,Principal of Short-term loans,2022-09-30,0,2022-11-01
2216,TOTAL LIABILITIES,2022-09-30,48469841796,2022-11-01
2217,Net Asset Value ( = I.10 - II.4),2022-09-30,1022112366128,2022-11-01
2218,Total Outstanding Fund Certificates,2022-09-30,101025959.32,2022-11-01
2219,Net Asset Value per Fund Certificate,2022-09-30,10117.32,2022-11-01
,Other Receivables,2022-10-31,0,2022-12-02
,Other payables,2022-10-31,0,2022-12-02
,Other payables,2022-10-31,5000000,2022-12-02
2201,Cash and Cash Equivalents,2022-10-31,78933143840,2022-12-02
2203,Cash at bank,2022-10-31,8933143840,2022-12-02
2203.1,Cash at bank for Fund's subscription,2022-10-31,0,2022-12-02
2203.2,Cash at bank for Fund's redemption,2022-10-31,998018,2022-12-02
2203.3,Cash at bank for Fund's operation,2022-10-31,8932145822,2022-12-02
2203.4,Margin account for trading derivatives,2022-10-31,0,2022-12-02
2203.5,"Cash, cash equivalents",2022-10-31,70000000000,2022-12-02
2205,Investments,2022-10-31,640653702900,2022-12-02
2205.1,Listed shares,2022-10-31,0,2022-12-02
2205.2,Unlisted shares,2022-10-31,0,2022-12-02
2205.3,Bonds,2022-10-31,579485673950,2022-12-02
2205.4,Certificates of Deposit,2022-10-31,40068028950,2022-12-02
2205.5,Deposits with term over three (03) months,2022-10-31,21100000000,2022-12-02
2205.6,Investment - Rights,2022-10-31,0,2022-12-02
2205.7,Index future contracts,2022-10-31,0,2022-12-02
2205.8,Other investments,2022-10-31,0,2022-12-02
2205.9,Reverse repo contracts,2022-10-31,0,2022-12-02
2206,"Dividend, Coupon receivables",2022-10-31,18046472604,2022-12-02
2206.1,Dividend receivables,2022-10-31,0,2022-12-02
2206.2,Coupon receivables,2022-10-31,18046472604,2022-12-02
2207,Interest receivables,2022-10-31,4099417533,2022-12-02
2207.1,Interest receivable from bank deposits,2022-10-31,485718904,2022-12-02
2207.2,Interest receivable from Certificates of Deposit,2022-10-31,3613698629,2022-12-02
2207.3,Interest receivable from reverse repo contracts,2022-10-31,0,2022-12-02
2208,Securities Trading Receivables,2022-10-31,0,2022-12-02
2210.1,Impairment of devaluation of pledged assets,2022-10-31,0,2022-12-02
2210.2,Provision for doubtful debt,2022-10-31,0,2022-12-02
2211,Other Assets,2022-10-31,0,2022-12-02
2212,TOTAL ASSETS,2022-10-31,741732736877,2022-12-02
2214,Securities Trading Payables,2022-10-31,0,2022-12-02
2215,Other Payables,2022-10-31,4183946260,2022-12-02
2215.1,Payables to investors,2022-10-31,2292666937,2022-12-02
2215.1.1,Subscription Pending allotment,2022-10-31,2291668919,2022-12-02
2215.1.2,Payables to investors for investment bought on behalf,2022-10-31,0,2022-12-02
2215.1.3,Payables to investors for collected dividend,2022-10-31,0,2022-12-02
2215.1.4,Redemption payable to investors,2022-10-31,998018,2022-12-02
2215.2,Tax payables and obligations to the State Budget,2022-10-31,417458694,2022-12-02
2215.3,Subscription and Redemption fee payable to distributors and Fund Management Company,2022-10-31,389639711,2022-12-02
2215.4,Income payable to investors,2022-10-31,0,2022-12-02
2215.5,Remuneration Payable to Fund's Board of Representatives,2022-10-31,11242862,2022-12-02
2215.6,Management fee payable,2022-10-31,915169323,2022-12-02
2215.7,Fund Administration fee payable,2022-10-31,40528726,2022-12-02
2215.8,Supervisory service fee payable,2022-10-31,25167155,2022-12-02
2215.9,Transaction fee,2022-10-31,0,2022-12-02
2215.9.1,Brokerage fee payable,2022-10-31,0,2022-12-02
2215.9.2,Clearing Settlement fee payable,2022-10-31,0,2022-12-02
2215.10,Accrued expense for Custodian fee,2022-10-31,39632057,2022-12-02
2215.10.1,Custodian service - Safe Custody Fee,2022-10-31,38132057,2022-12-02
2215.10.2,Custodian service - Transaction fee,2022-10-31,1500000,2022-12-02
2215.10.3,"Custodian service -  Depository fee, Position and Margin management fee paid to VSD",2022-10-31,0,2022-12-02
2215.11,Audit fee payable,2022-10-31,34240795,2022-12-02
2215.12,General meeting expense payable,2022-10-31,0,2022-12-02
2215.13,Annual report fee payable,2022-10-31,0,2022-12-02
2215.14,Transfer Agency fee payable,2022-10-31,13200000,2022-12-02
2215.15,Service fee payable to HOSE for calculating iNAV,2022-10-31,0,2022-12-02
2215.16,Authorising index service fee payable to HOSE,2022-10-31,0,2022-12-02
2215.17.1,Price feed fee payable,2022-10-31,0,2022-12-02
2215.17.2,"Accrued expense for Fund's Board of Representatives travelling, meeting",2022-10-31,0,2022-12-02
2215.17.3,Accrued expense for Annual Management Fee pay to SSC,2022-10-31,5000000,2022-12-02
2215.18,Short-term loans - Repo contracts,2022-10-31,0,2022-12-02
2215.18.1,Principal of repo contracts,2022-10-31,0,2022-12-02
2215.18.2,Accrued Interest Expense,2022-10-31,0,2022-12-02
2215.18.3,Principal of Short-term loans,2022-10-31,0,2022-12-02
2216,TOTAL LIABILITIES,2022-10-31,4183946260,2022-12-02
2217,Net Asset Value ( = I.10 - II.4),2022-10-31,737548790617,2022-12-02
2218,Total Outstanding Fund Certificates,2022-10-31,72546487.75,2022-12-02
2219,Net Asset Value per Fund Certificate,2022-10-31,10166.56,2022-12-02
,Other Receivables,2022-11-30,0,2023-01-04
,Other payables,2022-11-30,0,2023-01-04
,Other payables,2022-11-30,5000000,2023-01-04
2201,Cash and Cash Equivalents,2022-11-30,33810607107,2023-01-04
2203,Cash at bank,2022-11-30,33810607107,2023-01-04
2203.1,Cash at bank for Fund's subscription,2022-11-30,0,2023-01-04
2203.2,Cash at bank for Fund's redemption,2022-11-30,1969705086,2023-01-04
2203.3,Cash at bank for Fund's operation,2022-11-30,3840902021,2023-01-04
2203.4,Margin account for trading derivatives,2022-11-30,0,2023-01-04
2203.5,"Cash, cash equivalents",2022-11-30,28000000000,2023-01-04
2205,Investments,2022-11-30,279185673530,2023-01-04
2205.1,Listed shares,2022-11-30,0,2023-01-04
2205.2,Unlisted shares,2022-11-30,0,2023-01-04
2205.3,Bonds,2022-11-30,279185673530,2023-01-04
2205.4,Certificates of Deposit,2022-11-30,0,2023-01-04
2205.5,Deposits with term over three (03) months,2022-11-30,0,2023-01-04
2205.6,Investment - Rights,2022-11-30,0,2023-01-04
2205.7,Index future contracts,2022-11-30,0,2023-01-04
2205.8,Other investments,2022-11-30,0,2023-01-04
2205.9,Reverse repo contracts,2022-11-30,0,2023-01-04
2206,"Dividend, Coupon receivables",2022-11-30,10179082191,2023-01-04
2206.1,Dividend receivables,2022-11-30,0,2023-01-04
2206.2,Coupon receivables,2022-11-30,10179082191,2023-01-04
2207,Interest receivables,2022-11-30,59835617,2023-01-04
2207.1,Interest receivable from bank deposits,2022-11-30,59835617,2023-01-04
2207.2,Interest receivable from Certificates of Deposit,2022-11-30,0,2023-01-04
2207.3,Interest receivable from reverse repo contracts,2022-11-30,0,2023-01-04
2208,Securities Trading Receivables,2022-11-30,0,2023-01-04
2210.1,Impairment of devaluation of pledged assets,2022-11-30,0,2023-01-04
2210.2,Provision for doubtful debt,2022-11-30,0,2023-01-04
2211,Other Assets,2022-11-30,0,2023-01-04
2212,TOTAL ASSETS,2022-11-30,323235198445,2023-01-04
2214,Securities Trading Payables,2022-11-30,0,2023-01-04
2215,Other Payables,2022-11-30,3425485544,2023-01-04
2215.1,Payables to investors,2022-11-30,2065151128,2023-01-04
2215.1.1,Subscription Pending allotment,2022-11-30,95446042,2023-01-04
2215.1.2,Payables to investors for investment bought on behalf,2022-11-30,0,2023-01-04
2215.1.3,Payables to investors for collected dividend,2022-11-30,0,2023-01-04
2215.1.4,Redemption payable to investors,2022-11-30,1969705086,2023-01-04
2215.2,Tax payables and obligations to the State Budget,2022-11-30,412539715,2023-01-04
2215.3,Subscription and Redemption fee payable to distributors and Fund Management Company,2022-11-30,293948269,2023-01-04
2215.4,Income payable to investors,2022-11-30,0,2023-01-04
2215.5,Remuneration Payable to Fund's Board of Representatives,2022-11-30,11615248,2023-01-04
2215.6,Management fee payable,2022-11-30,502456780,2023-01-04
2215.7,Fund Administration fee payable,2022-11-30,37262500,2023-01-04
2215.8,Supervisory service fee payable,2022-11-30,18217767,2023-01-04
2215.9,Transaction fee,2022-11-30,0,2023-01-04
2215.9.1,Brokerage fee payable,2022-11-30,0,2023-01-04
2215.9.2,Clearing Settlement fee payable,2022-11-30,0,2023-01-04
2215.10,Accrued expense for Custodian fee,2022-11-30,22135700,2023-01-04
2215.10.1,Custodian service - Safe Custody Fee,2022-11-30,20935700,2023-01-04
2215.10.2,Custodian service - Transaction fee,2022-11-30,1200000,2023-01-04
2215.10.3,"Custodian service -  Depository fee, Position and Margin management fee paid to VSD",2022-11-30,0,2023-01-04
2215.11,Audit fee payable,2022-11-30,43958437,2023-01-04
2215.12,General meeting expense payable,2022-11-30,0,2023-01-04
2215.13,Annual report fee payable,2022-11-30,0,2023-01-04
2215.14,Transfer Agency fee payable,2022-11-30,13200000,2023-01-04
2215.15,Service fee payable to HOSE for calculating iNAV,2022-11-30,0,2023-01-04
2215.16,Authorising index service fee payable to HOSE,2022-11-30,0,2023-01-04
2215.17.1,Price feed fee payable,2022-11-30,0,2023-01-04
2215.17.2,"Accrued expense for Fund's Board of Representatives travelling, meeting",2022-11-30,0,2023-01-04
2215.17.3,Accrued expense for Annual Management Fee pay to SSC,2022-11-30,5000000,2023-01-04
2215.18,Short-term loans - Repo contracts,2022-11-30,0,2023-01-04
2215.18.1,Principal of repo contracts,2022-11-30,0,2023-01-04
2215.18.2,Accrued Interest Expense,2022-11-30,0,2023-01-04
2215.18.3,Principal of Short-term loans,2022-11-30,0,2023-01-04
2216,TOTAL LIABILITIES,2022-11-30,3425485544,2023-01-04
2217,Net Asset Value ( = I.10 - II.4),2022-11-30,319809712901,2023-01-04
2218,Total Outstanding Fund Certificates,2022-11-30,32328310.89,2023-01-04
2219,Net Asset Value per Fund Certificate,2022-11-30,9892.55,2023-01-04
2220,Receivables from rental of investment property (not applicable),2022-11-30,0,2023-01-04
2221,Real Estate Proceeds Receivables (not applicale),2022-11-30,0,2023-01-04
2222,Real Estate Trading Payables (not applicable),2022-11-30,0,2023-01-04
,Other Receivables,2022-12-31,12100,2023-01-04
,Other payables,2022-12-31,0,2023-01-04
,Other payables,2022-12-31,5000000,2023-01-04
2200,ASSETS,2022-12-31,,2023-02-01
2201,Cash and Cash Equivalents,2022-12-31,34435735054,2023-02-01
2202,Cash,2022-12-31,,2023-02-01
2203,Cash at bank,2022-12-31,34435735054,2023-02-01
2203.1,Cash at bank for Fund's subscription,2022-12-31,0,2023-02-01
2203.2,Cash at bank for Fund's redemption,2022-12-31,31798155,2023-02-01
2203.3,Cash at bank for Fund's operation,2022-12-31,103936899,2023-02-01
2203.4,Margin account for trading derivatives,2022-12-31,0,2023-02-01
2203.5,"Cash, cash equivalents",2022-12-31,34300000000,2023-02-01
2205,Investments,2022-12-31,252622205320,2023-02-01
2205.1,Listed shares,2022-12-31,0,2023-02-01
2205.2,Unlisted shares,2022-12-31,0,2023-02-01
2205.3,Bonds,2022-12-31,252622205320,2023-02-01
2205.4,Certificates of Deposit,2022-12-31,0,2023-02-01
2205.5,Deposits with term over three (03) months,2022-12-31,0,2023-02-01
2205.6,Investment - Rights,2022-12-31,0,2023-02-01
2205.7,Index future contracts,2022-12-31,0,2023-02-01
2205.8,Other investments,2022-12-31,0,2023-02-01
2205.9,Reverse repo contracts,2022-12-31,0,2023-02-01
2206,"Dividend, Coupon receivables",2022-12-31,7233950684,2023-02-01
2206.1,Dividend receivables,2022-12-31,0,2023-02-01
2206.2,Coupon receivables,2022-12-31,7233950684,2023-02-01
2207,Interest receivables,2022-12-31,61873973,2023-02-01
2207.1,Interest receivable from bank deposits,2022-12-31,61873973,2023-02-01
2207.2,Interest receivable from Certificates of Deposit,2022-12-31,0,2023-02-01
2207.3,Interest receivable from reverse repo contracts,2022-12-31,0,2023-02-01
2208,Securities Trading Receivables,2022-12-31,0,2023-02-01
2210,Other Receivables,2022-12-31,12100,2023-02-01
2210.1,Impairment of devaluation of pledged assets,2022-12-31,0,2023-02-01
2210.2,Provision for doubtful debt,2022-12-31,0,2023-02-01
2210.3,Other Receivables,2022-12-31,12100,2023-02-01
2211,Other Assets,2022-12-31,0,2023-02-01
2212,TOTAL ASSETS,2022-12-31,294353777131,2023-02-01
2213,LIABILITIES,2022-12-31,,2023-02-01
2214,Securities Trading Payables,2022-12-31,0,2023-02-01
2215,Other Payables,2022-12-31,551205079,2023-02-01
2215.1,Payables to investors,2022-12-31,50723806,2023-02-01
2215.1.1,Subscription Pending allotment,2022-12-31,18913551,2023-02-01
2215.1.2,Payables to investors for investment bought on behalf,2022-12-31,0,2023-02-01
2215.1.3,Payables to investors for collected dividend,2022-12-31,0,2023-02-01
2215.1.4,Redemption payable to investors,2022-12-31,31810255,2023-02-01
2215.2,Tax payables and obligations to the State Budget,2022-12-31,28394825,2023-02-01
2215.3,Subscription and Redemption fee payable to distributors and Fund Management Company,2022-12-31,905822,2023-02-01
2215.4,Income payable to investors,2022-12-31,0,2023-02-01
2215.5,Remuneration Payable to Fund's Board of Representatives,2022-12-31,12000000,2023-02-01
2215.6,Management fee payable,2022-12-31,318017401,2023-02-01
2215.7,Fund Administration fee payable,2022-12-31,37262500,2023-02-01
2215.8,Supervisory service fee payable,2022-12-31,18150000,2023-02-01
2215.9,Transaction fee,2022-12-31,0,2023-02-01
2215.9.1,Brokerage fee payable,2022-12-31,0,2023-02-01
2215.9.2,Clearing Settlement fee payable,2022-12-31,0,2023-02-01
2215.10,Accrued expense for Custodian fee,2022-12-31,13550725,2023-02-01
2215.10.1,Custodian service - Safe Custody Fee,2022-12-31,13250725,2023-02-01
2215.10.2,Custodian service - Transaction fee,2022-12-31,300000,2023-02-01
2215.10.3,"Custodian service -  Depository fee, Position and Margin management fee paid to VSD",2022-12-31,0,2023-02-01
2215.11,Audit fee payable,2022-12-31,54000000,2023-02-01
2215.12,General meeting expense payable,2022-12-31,0,2023-02-01
2215.13,Annual report fee payable,2022-12-31,0,2023-02-01
2215.14,Transfer Agency fee payable,2022-12-31,13200000,2023-02-01
2215.15,Service fee payable to HOSE for calculating iNAV,2022-12-31,0,2023-02-01
2215.16,Authorising index service fee payable to HOSE,2022-12-31,0,2023-02-01
2215.17,Other payables,2022-12-31,5000000,2023-02-01
2215.17.1,Price feed fee payable,2022-12-31,0,2023-02-01
2215.17.2,"Accrued expense for Fund's Board of Representatives travelling, meeting",2022-12-31,0,2023-02-01
2215.17.3,Accrued expense for Annual Management Fee pay to SSC,2022-12-31,5000000,2023-02-01
2215.17.4,Other payables,2022-12-31,0,2023-02-01
2215.18,Short-term loans - Repo contracts,2022-12-31,0,2023-02-01
2215.18.1,Principal of repo contracts,2022-12-31,0,2023-02-01
2215.18.2,Accrued Interest Expense,2022-12-31,0,2023-02-01
2215.18.3,Principal of Short-term loans,2022-12-31,0,2023-02-01
2216,TOTAL LIABILITIES,2022-12-31,551205079,2023-02-01
2217,Net Asset Value ( = I.10 - II.4),2022-12-31,293802572052,2023-02-01
2218,Total Outstanding Fund Certificates,2022-12-31,29527770.31,2023-02-01
2219,Net Asset Value per Fund Certificate,2022-12-31,9950.04,2023-02-01
2220,Receivables from rental of investment property (not applicable),2022-12-31,0,2023-02-01
2221,Real Estate Proceeds Receivables (not applicale),2022-12-31,0,2023-02-01
2222,Real Estate Trading Payables (not applicable),2022-12-31,0,2023-02-01
2200,ASSETS,2023-01-31,,2023-03-02
2201,Cash and Cash Equivalents,2023-01-31,91280870322,2023-03-02
2202,Cash,2023-01-31,,2023-03-02
2203,Cash at bank,2023-01-31,91280870322,2023-03-02
2203.1,Cash at bank for Fund's subscription,2023-01-31,0,2023-03-02
2203.2,Cash at bank for Fund's redemption,2023-01-31,9875282,2023-03-02
2203.3,Cash at bank for Fund's operation,2023-01-31,1470995040,2023-03-02
2203.4,Margin account for trading derivatives,2023-01-31,0,2023-03-02
2203.5,"Cash, cash equivalents",2023-01-31,89800000000,2023-03-02
2205,Investments,2023-01-31,194362535250,2023-03-02
2205.1,"Listed Shares, fund certificates",2023-01-31,0,2023-03-02
2205.1,Listed shares,2023-01-31,0,2023-02-01
2205.2,"Unlisted Shares, fund certifictes",2023-01-31,0,2023-03-02
2205.2,Unlisted shares,2023-01-31,0,2023-02-01
2205.3,Bonds,2023-01-31,194362535250,2023-03-02
2205.4,Certificates of Deposit,2023-01-31,0,2023-03-02
2205.5,Deposits with term over three (03) months,2023-01-31,0,2023-03-02
2205.6,Investment - Rights,2023-01-31,0,2023-03-02
2205.7,Index future contracts,2023-01-31,0,2023-03-02
2205.8,Other investments,2023-01-31,0,2023-03-02
2205.9,Reverse repo contracts,2023-01-31,0,2023-03-02
2206,"Dividend, Coupon receivables",2023-01-31,6147627397,2023-03-02
2206.1,Dividend receivables,2023-01-31,0,2023-03-02
2206.2,Coupon receivables,2023-01-31,6147627397,2023-03-02
2207,Interest receivables,2023-01-31,227736985,2023-03-02
2207.1,Interest receivable from bank deposits,2023-01-31,227736985,2023-03-02
2207.2,Interest receivable from Certificates of Deposit,2023-01-31,0,2023-03-02
2207.3,Interest receivable from reverse repo contracts,2023-01-31,0,2023-03-02
2208,Securities Trading Receivables,2023-01-31,0,2023-03-02
2210,Other Receivables,2023-01-31,267850,2023-03-02
2210.1,Impairment of devaluation of pledged assets,2023-01-31,0,2023-03-02
2210.2,Provision for doubtful debt,2023-01-31,0,2023-03-02
2210.3,Other Receivables,2023-01-31,267850,2023-03-02
2211,Other Assets,2023-01-31,0,2023-03-02
2212,TOTAL ASSETS,2023-01-31,292019037804,2023-03-02
2213,LIABILITIES,2023-01-31,,2023-03-02
2214,Securities Trading Payables,2023-01-31,0,2023-03-02
2215,Other Payables,2023-01-31,514983851,2023-03-02
2215.1,Payables to investors,2023-01-31,43297914,2023-03-02
2215.1.1,Subscription Pending allotment,2023-01-31,33422632,2023-03-02
2215.1.2,Payables to investors for investment bought on behalf,2023-01-31,0,2023-03-02
2215.1.3,Payables to investors for collected dividend,2023-01-31,0,2023-03-02
2215.1.4,Redemption payable to investors,2023-01-31,9875282,2023-03-02
2215.2,Tax payables and obligations to the State Budget,2023-01-31,1779531,2023-03-02
2215.3,Subscription and Redemption fee payable to distributors and Fund Management Company,2023-01-31,0,2023-03-02
2215.4,Income payable to investors,2023-01-31,0,2023-03-02
2215.5,Remuneration Payable to Fund's Board of Representatives,2023-01-31,6509589,2023-03-02
2215.6,Management fee payable,2023-01-31,297666405,2023-03-02
2215.7,Fund Administration fee payable,2023-01-31,37262500,2023-03-02
2215.8,Supervisory service fee payable,2023-01-31,18150000,2023-03-02
2215.9,Transaction fee,2023-01-31,0,2023-03-02
2215.9.1,Brokerage fee payable,2023-01-31,0,2023-03-02
2215.9.2,Clearing Settlement fee payable,2023-01-31,0,2023-03-02
2215.10,Accrued expense for Custodian fee,2023-01-31,12852766,2023-03-02
2215.10.1,Custodian service - Safe Custody Fee,2023-01-31,12402766,2023-03-02
2215.10.2,Custodian service - Transaction fee,2023-01-31,450000,2023-03-02
2215.10.3,"Custodian service -  Depository fee, Position and Margin management fee paid to VSD",2023-01-31,0,2023-03-02
2215.11,Audit fee payable,2023-01-31,63342466,2023-03-02
2215.12,General meeting expense payable,2023-01-31,0,2023-03-02
2215.13,Annual report fee payable,2023-01-31,0,2023-03-02
2215.14,Transfer Agency fee payable,2023-01-31,13200000,2023-03-02
2215.15,Service fee payable to HOSE for calculating iNAV,2023-01-31,0,2023-03-02
2215.16,Authorising index service fee payable to HOSE,2023-01-31,0,2023-03-02
2215.17,Other payables,2023-01-31,20922680,2023-03-02
2215.17.1,Price feed fee payable,2023-01-31,8094444,2023-03-02
2215.17.2,"Accrued expense for Fund's Board of Representatives travelling, meeting",2023-01-31,0,2023-03-02
2215.17.3,Accrued expense for Annual Management Fee pay to SSC,2023-01-31,5636986,2023-03-02
2215.17.4,Other payables,2023-01-31,7191250,2023-03-02
2215.18,Short-term loans - Repo contracts,2023-01-31,0,2023-03-02
2215.18.1,Principal of repo contracts,2023-01-31,0,2023-03-02
2215.18.2,Accrued Interest Expense,2023-01-31,0,2023-03-02
2215.18.3,Principal of Short-term loans,2023-01-31,0,2023-03-02
2216,TOTAL LIABILITIES,2023-01-31,514983851,2023-03-02
2217,Net Asset Value ( = I.10 - II.4),2023-01-31,291504053953,2023-03-02
2218,Total Outstanding Fund Certificates,2023-01-31,29383353.65,2023-03-02
2219,Net Asset Value per Fund Certificate,2023-01-31,9920.72,2023-03-02
2220,Receivables from rental of investment property (not applicable),2023-01-31,0,2023-03-02
2221,Real Estate Proceeds Receivables (not applicale),2023-01-31,0,2023-03-02
2222,Real Estate Trading Payables (not applicable),2023-01-31,0,2023-03-02
2200,ASSETS,2023-02-28,,2023-04-04
2201,Cash and Cash Equivalents,2023-02-28,56105626640,2023-04-04
2202,Cash,2023-02-28,,2023-04-04
2203,Cash at bank,2023-02-28,56105626640,2023-04-04
2203.1,Cash at bank for Fund's subscription,2023-02-28,0,2023-04-04
2203.2,Cash at bank for Fund's redemption,2023-02-28,17320,2023-04-04
2203.3,Cash at bank for Fund's operation,2023-02-28,3205609320,2023-04-04
2203.4,Margin account for trading derivatives,2023-02-28,0,2023-04-04
2203.5,"Cash, cash equivalents",2023-02-28,52900000000,2023-04-04
2205,Investments,2023-02-28,229305612728,2023-04-04
2205.1,"Listed Shares, fund certificates",2023-02-28,0,2023-04-04
2205.2,"Unlisted Shares, fund certifictes",2023-02-28,0,2023-04-04
2205.3,Bonds,2023-02-28,200305612728,2023-04-04
2205.4,Certificates of Deposit,2023-02-28,0,2023-04-04
2205.5,Deposits with term over three (03) months,2023-02-28,29000000000,2023-04-04
2205.6,Investment - Rights,2023-02-28,0,2023-04-04
2205.7,Index future contracts,2023-02-28,0,2023-04-04
2205.8,Other investments,2023-02-28,0,2023-04-04
2205.9,Reverse repo contracts,2023-02-28,0,2023-04-04
2206,"Dividend, Coupon receivables",2023-02-28,7116432877,2023-04-04
2206.1,Dividend receivables,2023-02-28,0,2023-04-04
2206.2,Coupon receivables,2023-02-28,7116432877,2023-04-04
2207,Interest receivables,2023-02-28,83046571,2023-04-04
2207.1,Interest receivable from bank deposits,2023-02-28,83046571,2023-04-04
2207.2,Interest receivable from Certificates of Deposit,2023-02-28,0,2023-04-04
2207.3,Interest receivable from reverse repo contracts,2023-02-28,0,2023-04-04
2208,Securities Trading Receivables,2023-02-28,0,2023-04-04
2210,Other Receivables,2023-02-28,0,2023-04-04
2210.1,Impairment of devaluation of pledged assets,2023-02-28,0,2023-04-04
2210.2,Provision for doubtful debt,2023-02-28,0,2023-04-04
2210.3,Other Receivables,2023-02-28,0,2023-04-04
2211,Other Assets,2023-02-28,0,2023-04-04
2212,TOTAL ASSETS,2023-02-28,292610718816,2023-04-04
2213,LIABILITIES,2023-02-28,,2023-04-04
2214,Securities Trading Payables,2023-02-28,0,2023-04-04
2215,Other Payables,2023-02-28,1761328066,2023-04-04
2215.1,Payables to investors,2023-02-28,43945486,2023-04-04
2215.1.1,Subscription Pending allotment,2023-02-28,43928166,2023-04-04
2215.1.2,Payables to investors for investment bought on behalf,2023-02-28,0,2023-04-04
2215.1.3,Payables to investors for collected dividend,2023-02-28,0,2023-04-04
2215.1.4,Redemption payable to investors,2023-02-28,17320,2023-04-04
2215.2,Tax payables and obligations to the State Budget,2023-02-28,2742460,2023-04-04
2215.3,Subscription and Redemption fee payable to distributors and Fund Management Company,2023-02-28,0,2023-04-04
2215.4,Income payable to investors,2023-02-28,0,2023-04-04
2215.5,Remuneration Payable to Fund's Board of Representatives,2023-02-28,6969863,2023-04-04
2215.6,Management fee payable,2023-02-28,267762327,2023-04-04
2215.7,Fund Administration fee payable,2023-02-28,37262500,2023-04-04
2215.8,Supervisory service fee payable,2023-02-28,18150000,2023-04-04
2215.9,Transaction fee,2023-02-28,0,2023-04-04
2215.9.1,Brokerage fee payable,2023-02-28,0,2023-04-04
2215.9.2,Clearing Settlement fee payable,2023-02-28,0,2023-04-04
2215.10,Accrued expense for Custodian fee,2023-02-28,11500000,2023-04-04
2215.10.1,Custodian service - Safe Custody Fee,2023-02-28,11500000,2023-04-04
2215.10.2,Custodian service - Transaction fee,2023-02-28,0,2023-04-04
2215.10.3,"Custodian service -  Depository fee, Position and Margin management fee paid to VSD",2023-02-28,0,2023-04-04
2215.11,Audit fee payable,2023-02-28,71780822,2023-04-04
2215.12,General meeting expense payable,2023-02-28,0,2023-04-04
2215.13,Annual report fee payable,2023-02-28,0,2023-04-04
2215.14,Transfer Agency fee payable,2023-02-28,13200000,2023-04-04
2215.15,Service fee payable to HOSE for calculating iNAV,2023-02-28,0,2023-04-04
2215.16,Authorising index service fee payable to HOSE,2023-02-28,0,2023-04-04
2215.17,Other payables,2023-02-28,1288014608,2023-04-04
2215.17.1,Price feed fee payable,2023-02-28,15405556,2023-04-04
2215.17.2,"Accrued expense for Fund's Board of Representatives travelling, meeting",2023-02-28,0,2023-04-04
2215.17.3,Accrued expense for Annual Management Fee pay to SSC,2023-02-28,6212329,2023-04-04
2215.17.4,Other payables,2023-02-28,1266396723,2023-04-04
2215.18,Short-term loans - Repo contracts,2023-02-28,0,2023-04-04
2215.18.1,Principal of repo contracts,2023-02-28,0,2023-04-04
2215.18.2,Accrued Interest Expense,2023-02-28,0,2023-04-04
2215.18.3,Principal of Short-term loans,2023-02-28,0,2023-04-04
2216,TOTAL LIABILITIES,2023-02-28,1761328066,2023-04-04
2217,Net Asset Value ( = I.10 - II.4),2023-02-28,290849390750,2023-04-04
2218,Total Outstanding Fund Certificates,2023-02-28,29168238.35,2023-04-04
2219,Net Asset Value per Fund Certificate,2023-02-28,9971.44,2023-04-04
2220,Receivables from rental of investment property (not applicable),2023-02-28,0,2023-04-04
2221,Real Estate Proceeds Receivables (not applicale),2023-02-28,0,2023-04-04
2222,Real Estate Trading Payables (not applicable),2023-02-28,0,2023-04-04
2200,ASSETS,2023-03-31,,2023-05-05
2201,Cash and Cash Equivalents,2023-03-31,18451811401,2023-05-05
2202,Cash,2023-03-31,,2023-05-05
2203,Cash at bank,2023-03-31,18451811401,2023-05-05
2203.1,Cash at bank for Fund's subscription,2023-03-31,0,2023-05-05
2203.2,Cash at bank for Fund's redemption,2023-03-31,17320,2023-05-05
2203.3,Cash at bank for Fund's operation,2023-03-31,8451794081,2023-05-05
2203.4,Margin account for trading derivatives,2023-03-31,0,2023-05-05
2203.5,"Cash, cash equivalents",2023-03-31,10000000000,2023-05-05
2205,Investments,2023-03-31,271537800850,2023-05-05
2205.1,"Listed Shares, fund certificates",2023-03-31,0,2023-05-05
2205.2,"Unlisted Shares, fund certifictes",2023-03-31,0,2023-05-05
2205.3,Bonds,2023-03-31,242537800850,2023-05-05
2205.4,Certificates of Deposit,2023-03-31,0,2023-05-05
2205.5,Deposits with term over three (03) months,2023-03-31,29000000000,2023-05-05
2205.6,Investment - Rights,2023-03-31,0,2023-05-05
2205.7,Index future contracts,2023-03-31,0,2023-05-05
2205.8,Other investments,2023-03-31,0,2023-05-05
2205.9,Reverse repo contracts,2023-03-31,0,2023-05-05
2206,"Dividend, Coupon receivables",2023-03-31,4603254795,2023-05-05
2206.1,Dividend receivables,2023-03-31,0,2023-05-05
2206.2,Coupon receivables,2023-03-31,4603254795,2023-05-05
2207,Interest receivables,2023-03-31,6575342,2023-05-05
2207.1,Interest receivable from bank deposits,2023-03-31,6575342,2023-05-05
2207.2,Interest receivable from Certificates of Deposit,2023-03-31,0,2023-05-05
2207.3,Interest receivable from reverse repo contracts,2023-03-31,0,2023-05-05
2208,Securities Trading Receivables,2023-03-31,0,2023-05-05
2210,Other Receivables,2023-03-31,0,2023-05-05
2210.1,Impairment of devaluation of pledged assets,2023-03-31,0,2023-05-05
2210.2,Provision for doubtful debt,2023-03-31,0,2023-05-05
2210.3,Other Receivables,2023-03-31,0,2023-05-05
2211,Other Assets,2023-03-31,0,2023-05-05
2212,TOTAL ASSETS,2023-03-31,294599442388,2023-05-05
2213,LIABILITIES,2023-03-31,,2023-05-05
2214,Securities Trading Payables,2023-03-31,0,2023-05-05
2215,Other Payables,2023-03-31,1550471326,2023-05-05
2215.1,Payables to investors,2023-03-31,18513101,2023-05-05
2215.1.1,Subscription Pending allotment,2023-03-31,18495781,2023-05-05
2215.1.2,Payables to investors for investment bought on behalf,2023-03-31,0,2023-05-05
2215.1.3,Payables to investors for collected dividend,2023-03-31,0,2023-05-05
2215.1.4,Redemption payable to investors,2023-03-31,17320,2023-05-05
2215.2,Tax payables and obligations to the State Budget,2023-03-31,1121310,2023-05-05
2215.3,Subscription and Redemption fee payable to distributors and Fund Management Company,2023-03-31,402401,2023-05-05
2215.4,Income payable to investors,2023-03-31,0,2023-05-05
2215.5,Remuneration Payable to Fund's Board of Representatives,2023-03-31,7479452,2023-05-05
2215.6,Management fee payable,2023-03-31,297465149,2023-05-05
2215.7,Fund Administration fee payable,2023-03-31,37262500,2023-05-05
2215.8,Supervisory service fee payable,2023-03-31,18150000,2023-05-05
2215.9,Transaction fee,2023-03-31,0,2023-05-05
2215.9.1,Brokerage fee payable,2023-03-31,0,2023-05-05
2215.9.2,Clearing Settlement fee payable,2023-03-31,0,2023-05-05
2215.10,Accrued expense for Custodian fee,2023-03-31,12994382,2023-05-05
2215.10.1,Custodian service - Safe Custody Fee,2023-03-31,12394382,2023-05-05
2215.10.2,Custodian service - Transaction fee,2023-03-31,600000,2023-05-05
2215.10.3,"Custodian service -  Depository fee, Position and Margin management fee paid to VSD",2023-03-31,0,2023-05-05
2215.11,Audit fee payable,2023-03-31,81123288,2023-05-05
2215.12,General meeting expense payable,2023-03-31,0,2023-05-05
2215.13,Annual report fee payable,2023-03-31,0,2023-05-05
2215.14,Transfer Agency fee payable,2023-03-31,13200000,2023-05-05
2215.15,Service fee payable to HOSE for calculating iNAV,2023-03-31,0,2023-05-05
2215.16,Authorising index service fee payable to HOSE,2023-03-31,0,2023-05-05
2215.17,Other payables,2023-03-31,1062759743,2023-05-05
2215.17.1,Price feed fee payable,2023-03-31,23500000,2023-05-05
2215.17.2,"Accrued expense for Fund's Board of Representatives travelling, meeting",2023-03-31,0,2023-05-05
2215.17.3,Accrued expense for Annual Management Fee pay to SSC,2023-03-31,6849315,2023-05-05
2215.17.4,Other payables,2023-03-31,1032410428,2023-05-05
2215.18,Short-term loans - Repo contracts,2023-03-31,0,2023-05-05
2215.18.1,Principal of repo contracts,2023-03-31,0,2023-05-05
2215.18.2,Accrued Interest Expense,2023-03-31,0,2023-05-05
2215.18.3,Principal of Short-term loans,2023-03-31,0,2023-05-05
2216,TOTAL LIABILITIES,2023-03-31,1550471326,2023-05-05
2217,Net Asset Value ( = I.10 - II.4),2023-03-31,293048971062,2023-05-05
2218,Total Outstanding Fund Certificates,2023-03-31,29184972.54,2023-05-05
2219,Net Asset Value per Fund Certificate,2023-03-31,10041.09,2023-05-05
2220,Receivables from rental of investment property (not applicable),2023-03-31,0,2023-05-05
2221,Real Estate Proceeds Receivables (not applicale),2023-03-31,0,2023-05-05
2222,Real Estate Trading Payables (not applicable),2023-03-31,0,2023-05-05
2200,ASSETS,2023-04-30,,2023-06-02
2201,Cash and Cash Equivalents,2023-04-30,27944072802,2023-06-02
2202,Cash,2023-04-30,,2023-06-02
2203,Cash at bank,2023-04-30,27944072802,2023-06-02
2203.1,Cash at bank for Fund's subscription,2023-04-30,0,2023-06-02
2203.2,Cash at bank for Fund's redemption,2023-04-30,17320,2023-06-02
2203.3,Cash at bank for Fund's operation,2023-04-30,3944055482,2023-06-02
2203.4,Margin account for trading derivatives,2023-04-30,0,2023-06-02
2203.5,"Cash, cash equivalents",2023-04-30,24000000000,2023-06-02
2205,Investments,2023-04-30,263877624014,2023-06-02
2205.1,"Listed Shares, fund certificates",2023-04-30,0,2023-06-02
2205.2,"Unlisted Shares, fund certifictes",2023-04-30,0,2023-06-02
2205.3,Bonds,2023-04-30,234877624014,2023-06-02
2205.4,Certificates of Deposit,2023-04-30,0,2023-06-02
2205.5,Deposits with term over three (03) months,2023-04-30,29000000000,2023-06-02
2205.6,Investment - Rights,2023-04-30,0,2023-06-02
2205.7,Index future contracts,2023-04-30,0,2023-06-02
2205.8,Other investments,2023-04-30,0,2023-06-02
2205.9,Reverse repo contracts,2023-04-30,0,2023-06-02
2206,"Dividend, Coupon receivables",2023-04-30,4731187671,2023-06-02
2206.1,Dividend receivables,2023-04-30,0,2023-06-02
2206.2,Coupon receivables,2023-04-30,4731187671,2023-06-02
2207,Interest receivables,2023-04-30,50630136,2023-06-02
2207.1,Interest receivable from bank deposits,2023-04-30,50630136,2023-06-02
2207.2,Interest receivable from Certificates of Deposit,2023-04-30,0,2023-06-02
2207.3,Interest receivable from reverse repo contracts,2023-04-30,0,2023-06-02
2208,Securities Trading Receivables,2023-04-30,0,2023-06-02
2210,Other Receivables,2023-04-30,0,2023-06-02
2210.1,Impairment of devaluation of pledged assets,2023-04-30,0,2023-06-02
2210.2,Provision for doubtful debt,2023-04-30,0,2023-06-02
2210.3,Other Receivables,2023-04-30,0,2023-06-02
2211,Other Assets,2023-04-30,0,2023-06-02
2212,TOTAL ASSETS,2023-04-30,296603514623,2023-06-02
2213,LIABILITIES,2023-04-30,,2023-06-02
2214,Securities Trading Payables,2023-04-30,0,2023-06-02
2215,Other Payables,2023-04-30,1254983881,2023-06-02
2215.1,Payables to investors,2023-04-30,16651029,2023-06-02
2215.1.1,Subscription Pending allotment,2023-04-30,16633709,2023-06-02
2215.1.2,Payables to investors for investment bought on behalf,2023-04-30,0,2023-06-02
2215.1.3,Payables to investors for collected dividend,2023-04-30,0,2023-06-02
2215.1.4,Redemption payable to investors,2023-04-30,17320,2023-06-02
2215.2,Tax payables and obligations to the State Budget,2023-04-30,1303452,2023-06-02
2215.3,Subscription and Redemption fee payable to distributors and Fund Management Company,2023-04-30,557038,2023-06-02
2215.4,Income payable to investors,2023-04-30,0,2023-06-02
2215.5,Remuneration Payable to Fund's Board of Representatives,2023-04-30,7972603,2023-06-02
2215.6,Management fee payable,2023-04-30,290004287,2023-06-02
2215.7,Fund Administration fee payable,2023-04-30,37262500,2023-06-02
2215.8,Supervisory service fee payable,2023-04-30,18150000,2023-06-02
2215.9,Transaction fee,2023-04-30,0,2023-06-02
2215.9.1,Brokerage fee payable,2023-04-30,0,2023-06-02
2215.9.2,Clearing Settlement fee payable,2023-04-30,0,2023-06-02
2215.10,Accrued expense for Custodian fee,2023-04-30,12533510,2023-06-02
2215.10.1,Custodian service - Safe Custody Fee,2023-04-30,12083510,2023-06-02
2215.10.2,Custodian service - Transaction fee,2023-04-30,450000,2023-06-02
2215.10.3,"Custodian service -  Depository fee, Position and Margin management fee paid to VSD",2023-04-30,0,2023-06-02
2215.11,Audit fee payable,2023-04-30,36164384,2023-06-02
2215.12,General meeting expense payable,2023-04-30,0,2023-06-02
2215.13,Annual report fee payable,2023-04-30,0,2023-06-02
2215.14,Transfer Agency fee payable,2023-04-30,13200000,2023-06-02
2215.15,Service fee payable to HOSE for calculating iNAV,2023-04-30,0,2023-06-02
2215.16,Authorising index service fee payable to HOSE,2023-04-30,0,2023-06-02
2215.17,Other payables,2023-04-30,821185078,2023-06-02
2215.17.1,Price feed fee payable,2023-04-30,7747253,2023-06-02
2215.17.2,"Accrued expense for Fund's Board of Representatives travelling, meeting",2023-04-30,0,2023-06-02
2215.17.3,Accrued expense for Annual Management Fee pay to SSC,2023-04-30,7465753,2023-06-02
2215.17.4,Other payables,2023-04-30,805972072,2023-06-02
2215.18,Short-term loans - Repo contracts,2023-04-30,0,2023-06-02
2215.18.1,Principal of repo contracts,2023-04-30,0,2023-06-02
2215.18.2,Accrued Interest Expense,2023-04-30,0,2023-06-02
2215.18.3,Principal of Short-term loans,2023-04-30,0,2023-06-02
2216,TOTAL LIABILITIES,2023-04-30,1254983881,2023-06-02
2217,Net Asset Value ( = I.10 - II.4),2023-04-30,295348530742,2023-06-02
2218,Total Outstanding Fund Certificates,2023-04-30,29217396.53,2023-06-02
2219,Net Asset Value per Fund Certificate,2023-04-30,10108.65,2023-06-02
2220,Receivables from rental of investment property (not applicable),2023-04-30,0,2023-06-02
2221,Real Estate Proceeds Receivables (not applicale),2023-04-30,0,2023-06-02
2222,Real Estate Trading Payables (not applicable),2023-04-30,0,2023-06-02
2200,ASSETS,2023-05-31,,2023-07-04
2201,Cash and Cash Equivalents,2023-05-31,56302349929,2023-07-04
2202,Cash,2023-05-31,,2023-07-04
2203,Cash at bank,2023-05-31,56302349929,2023-07-04
2203.1,Cash at bank for Fund's subscription,2023-05-31,0,2023-07-04
2203.2,Cash at bank for Fund's redemption,2023-05-31,17320,2023-07-04
2203.3,Cash at bank for Fund's operation,2023-05-31,1802332609,2023-07-04
2203.4,Margin account for trading derivatives,2023-05-31,0,2023-07-04
2203.5,"Cash, cash equivalents",2023-05-31,54500000000,2023-07-04
2205,Investments,2023-05-31,226696743111,2023-07-04
2205.1,"Listed Shares, fund certificates",2023-05-31,0,2023-07-04
2205.2,"Unlisted Shares, fund certifictes",2023-05-31,0,2023-07-04
2205.3,Bonds,2023-05-31,197696743111,2023-07-04
2205.4,Certificates of Deposit,2023-05-31,0,2023-07-04
2205.5,Deposits with term over three (03) months,2023-05-31,29000000000,2023-07-04
2205.6,Investment - Rights,2023-05-31,0,2023-07-04
2205.7,Index future contracts,2023-05-31,0,2023-07-04
2205.8,Other investments,2023-05-31,0,2023-07-04
2205.9,Reverse repo contracts,2023-05-31,0,2023-07-04
2206,"Dividend, Coupon receivables",2023-05-31,5990451369,2023-07-04
2206.1,Dividend receivables,2023-05-31,0,2023-07-04
2206.2,Coupon receivables,2023-05-31,5990451369,2023-07-04
2207,Interest receivables,2023-05-31,50993150,2023-07-04
2207.1,Interest receivable from bank deposits,2023-05-31,50993150,2023-07-04
2207.2,Interest receivable from Certificates of Deposit,2023-05-31,0,2023-07-04
2207.3,Interest receivable from reverse repo contracts,2023-05-31,0,2023-07-04
2208,Securities Trading Receivables,2023-05-31,0,2023-07-04
2210,Other Receivables,2023-05-31,0,2023-07-04
2210.1,Impairment of devaluation of pledged assets,2023-05-31,0,2023-07-04
2210.2,Provision for doubtful debt,2023-05-31,0,2023-07-04
2210.3,Other Receivables,2023-05-31,0,2023-07-04
2211,Other Assets,2023-05-31,0,2023-07-04
2212,TOTAL ASSETS,2023-05-31,289040537559,2023-07-04
2213,LIABILITIES,2023-05-31,,2023-07-04
2214,Securities Trading Payables,2023-05-31,0,2023-07-04
2215,Other Payables,2023-05-31,1067998643,2023-07-04
2215.1,Payables to investors,2023-05-31,33281723,2023-07-04
2215.1.1,Subscription Pending allotment,2023-05-31,33264403,2023-07-04
2215.1.2,Payables to investors for investment bought on behalf,2023-05-31,0,2023-07-04
2215.1.3,Payables to investors for collected dividend,2023-05-31,0,2023-07-04
2215.1.4,Redemption payable to investors,2023-05-31,17320,2023-07-04
2215.2,Tax payables and obligations to the State Budget,2023-05-31,1369650,2023-07-04
2215.3,Subscription and Redemption fee payable to distributors and Fund Management Company,2023-05-31,287443,2023-07-04
2215.4,Income payable to investors,2023-05-31,0,2023-07-04
2215.5,Remuneration Payable to Fund's Board of Representatives,2023-05-31,8482192,2023-07-04
2215.6,Management fee payable,2023-05-31,301744347,2023-07-04
2215.7,Fund Administration fee payable,2023-05-31,37262500,2023-07-04
2215.8,Supervisory service fee payable,2023-05-31,18150000,2023-07-04
2215.9,Transaction fee,2023-05-31,0,2023-07-04
2215.9.1,Brokerage fee payable,2023-05-31,0,2023-07-04
2215.9.2,Clearing Settlement fee payable,2023-05-31,0,2023-07-04
2215.10,Accrued expense for Custodian fee,2023-05-31,12872682,2023-07-04
2215.10.1,Custodian service - Safe Custody Fee,2023-05-31,12572682,2023-07-04
2215.10.2,Custodian service - Transaction fee,2023-05-31,300000,2023-07-04
2215.10.3,"Custodian service -  Depository fee, Position and Margin management fee paid to VSD",2023-05-31,0,2023-07-04
2215.11,Audit fee payable,2023-05-31,45506849,2023-07-04
2215.12,General meeting expense payable,2023-05-31,0,2023-07-04
2215.13,Annual report fee payable,2023-05-31,0,2023-07-04
2215.14,Transfer Agency fee payable,2023-05-31,13200000,2023-07-04
2215.15,Service fee payable to HOSE for calculating iNAV,2023-05-31,0,2023-07-04
2215.16,Authorising index service fee payable to HOSE,2023-05-31,0,2023-07-04
2215.17,Other payables,2023-05-31,595841257,2023-07-04
2215.17.1,Price feed fee payable,2023-05-31,15752747,2023-07-04
2215.17.2,"Accrued expense for Fund's Board of Representatives travelling, meeting",2023-05-31,0,2023-07-04
2215.17.3,Accrued expense for Annual Management Fee pay to SSC,2023-05-31,8102740,2023-07-04
2215.17.4,Other payables,2023-05-31,571985770,2023-07-04
2215.18,Short-term loans - Repo contracts,2023-05-31,0,2023-07-04
2215.18.1,Principal of repo contracts,2023-05-31,0,2023-07-04
2215.18.2,Accrued Interest Expense,2023-05-31,0,2023-07-04
2215.18.3,Principal of Short-term loans,2023-05-31,0,2023-07-04
2216,TOTAL LIABILITIES,2023-05-31,1067998643,2023-07-04
2217,Net Asset Value ( = I.10 - II.4),2023-05-31,287972538916,2023-07-04
2218,Total Outstanding Fund Certificates,2023-05-31,28285524.87,2023-07-04
2219,Net Asset Value per Fund Certificate,2023-05-31,10180.91,2023-07-04
2220,Receivables from rental of investment property (not applicable),2023-05-31,0,2023-07-04
2221,Real Estate Proceeds Receivables (not applicale),2023-05-31,0,2023-07-04
2222,Real Estate Trading Payables (not applicable),2023-05-31,0,2023-07-04
2200,ASSETS,2023-06-30,,2023-08-02
2201,Cash and Cash Equivalents,2023-06-30,3042565739,2023-08-02
2202,Cash,2023-06-30,,2023-08-02
2203,Cash at bank,2023-06-30,3042565739,2023-08-02
2203.1,Cash at bank for Fund's subscription,2023-06-30,0,2023-08-02
2203.2,Cash at bank for Fund's redemption,2023-06-30,17320,2023-08-02
2203.3,Cash at bank for Fund's operation,2023-06-30,3042548419,2023-08-02
2203.4,Margin account for trading derivatives,2023-06-30,0,2023-08-02
2203.5,"Cash, cash equivalents",2023-06-30,0,2023-08-02
2205,Investments,2023-06-30,275413597340,2023-08-02
2205.1,"Listed Shares, fund certificates",2023-06-30,0,2023-08-02
2205.2,"Unlisted Shares, fund certifictes",2023-06-30,0,2023-08-02
2205.3,Bonds,2023-06-30,196782149600,2023-08-02
2205.4,Certificates of Deposit,2023-06-30,49631447740,2023-08-02
2205.5,Deposits with term over three (03) months,2023-06-30,29000000000,2023-08-02
2205.6,Investment - Rights,2023-06-30,0,2023-08-02
2205.7,Index future contracts,2023-06-30,0,2023-08-02
2205.8,Other investments,2023-06-30,0,2023-08-02
2205.9,Reverse repo contracts,2023-06-30,0,2023-08-02
2206,"Dividend, Coupon receivables",2023-06-30,6522315753,2023-08-02
2206.1,Dividend receivables,2023-06-30,0,2023-08-02
2206.2,Coupon receivables,2023-06-30,6522315753,2023-08-02
2207,Interest receivables,2023-06-30,4730000000,2023-08-02
2207.1,Interest receivable from bank deposits,2023-06-30,0,2023-08-02
2207.2,Interest receivable from Certificates of Deposit,2023-06-30,4730000000,2023-08-02
2207.3,Interest receivable from reverse repo contracts,2023-06-30,0,2023-08-02
2208,Securities Trading Receivables,2023-06-30,0,2023-08-02
2210,Other Receivables,2023-06-30,0,2023-08-02
2210.1,Impairment of devaluation of pledged assets,2023-06-30,0,2023-08-02
2210.2,Provision for doubtful debt,2023-06-30,0,2023-08-02
2210.3,Other Receivables,2023-06-30,0,2023-08-02
2211,Other Assets,2023-06-30,0,2023-08-02
2212,TOTAL ASSETS,2023-06-30,289708478832,2023-08-02
2213,LIABILITIES,2023-06-30,,2023-08-02
2214,Securities Trading Payables,2023-06-30,0,2023-08-02
2215,Other Payables,2023-06-30,837855692,2023-08-02
2215.1,Payables to investors,2023-06-30,28213258,2023-08-02
2215.1.1,Subscription Pending allotment,2023-06-30,28195938,2023-08-02
2215.1.2,Payables to investors for investment bought on behalf,2023-06-30,0,2023-08-02
2215.1.3,Payables to investors for collected dividend,2023-06-30,0,2023-08-02
2215.1.4,Redemption payable to investors,2023-06-30,17320,2023-08-02
2215.2,Tax payables and obligations to the State Budget,2023-06-30,1570701,2023-08-02
2215.3,Subscription and Redemption fee payable to distributors and Fund Management Company,2023-06-30,289682,2023-08-02
2215.4,Income payable to investors,2023-06-30,0,2023-08-02
2215.5,Remuneration Payable to Fund's Board of Representatives,2023-06-30,8975342,2023-08-02
2215.6,Management fee payable,2023-06-30,284418679,2023-08-02
2215.7,Fund Administration fee payable,2023-06-30,37262500,2023-08-02
2215.8,Supervisory service fee payable,2023-06-30,18150000,2023-08-02
2215.9,Transaction fee,2023-06-30,0,2023-08-02
2215.9.1,Brokerage fee payable,2023-06-30,0,2023-08-02
2215.9.2,Clearing Settlement fee payable,2023-06-30,0,2023-08-02
2215.10,Accrued expense for Custodian fee,2023-06-30,13200778,2023-08-02
2215.10.1,Custodian service - Safe Custody Fee,2023-06-30,11850778,2023-08-02
2215.10.2,Custodian service - Transaction fee,2023-06-30,1350000,2023-08-02
2215.10.3,"Custodian service -  Depository fee, Position and Margin management fee paid to VSD",2023-06-30,0,2023-08-02
2215.11,Audit fee payable,2023-06-30,54808160,2023-08-02
2215.12,General meeting expense payable,2023-06-30,0,2023-08-02
2215.13,Annual report fee payable,2023-06-30,0,2023-08-02
2215.14,Transfer Agency fee payable,2023-06-30,13200000,2023-08-02
2215.15,Service fee payable to HOSE for calculating iNAV,2023-06-30,0,2023-08-02
2215.16,Authorising index service fee payable to HOSE,2023-06-30,0,2023-08-02
2215.17,Other payables,2023-06-30,377766592,2023-08-02
2215.17.1,Price feed fee payable,2023-06-30,23500000,2023-08-02
2215.17.2,"Accrued expense for Fund's Board of Representatives travelling, meeting",2023-06-30,0,2023-08-02
2215.17.3,Accrued expense for Annual Management Fee pay to SSC,2023-06-30,8719178,2023-08-02
2215.17.4,Other payables,2023-06-30,345547414,2023-08-02
2215.18,Short-term loans - Repo contracts,2023-06-30,0,2023-08-02
2215.18.1,Principal of repo contracts,2023-06-30,0,2023-08-02
2215.18.2,Accrued Interest Expense,2023-06-30,0,2023-08-02
2215.18.3,Principal of Short-term loans,2023-06-30,0,2023-08-02
2216,TOTAL LIABILITIES,2023-06-30,837855692,2023-08-02
2217,Net Asset Value ( = I.10 - II.4),2023-06-30,288870623140,2023-08-02
2218,Total Outstanding Fund Certificates,2023-06-30,28174430.2,2023-08-02
2219,Net Asset Value per Fund Certificate,2023-06-30,10252.93,2023-08-02
2220,Receivables from rental of investment property (not applicable),2023-06-30,0,2023-08-02
2221,Real Estate Proceeds Receivables (not applicale),2023-06-30,0,2023-08-02
2222,Real Estate Trading Payables (not applicable),2023-06-30,0,2023-08-02
2200,ASSETS,2023-07-31,,2023-09-05
2201,Cash and Cash Equivalents,2023-07-31,37646203004,2023-09-05
2202,Cash,2023-07-31,,2023-09-05
2203,Cash at bank,2023-07-31,37646203004,2023-09-05
2203.1,Cash at bank for Fund's subscription,2023-07-31,0,2023-09-05
2203.2,Cash at bank for Fund's redemption,2023-07-31,17320,2023-09-05
2203.3,Cash at bank for Fund's operation,2023-07-31,5446185684,2023-09-05
2203.4,Margin account for trading derivatives,2023-07-31,0,2023-09-05
2203.5,"Cash, cash equivalents",2023-07-31,32200000000,2023-09-05
2205,Investments,2023-07-31,279681008546,2023-09-05
2205.1,"Listed Shares, fund certificates",2023-07-31,0,2023-09-05
2205.2,"Unlisted Shares, fund certifictes",2023-07-31,0,2023-09-05
2205.3,Bonds,2023-07-31,196152999508,2023-09-05
2205.4,Certificates of Deposit,2023-07-31,49428009038,2023-09-05
2205.5,Deposits with term over three (03) months,2023-07-31,34100000000,2023-09-05
2205.6,Investment - Rights,2023-07-31,0,2023-09-05
2205.7,Index future contracts,2023-07-31,0,2023-09-05
2205.8,Other investments,2023-07-31,0,2023-09-05
2205.9,Reverse repo contracts,2023-07-31,0,2023-09-05
2206,"Dividend, Coupon receivables",2023-07-31,5120348375,2023-09-05
2206.1,Dividend receivables,2023-07-31,0,2023-09-05
2206.2,Coupon receivables,2023-07-31,5120348375,2023-09-05
2207,Interest receivables,2023-07-31,2296012055,2023-09-05
2207.1,Interest receivable from bank deposits,2023-07-31,26724383,2023-09-05
2207.2,Interest receivable from Certificates of Deposit,2023-07-31,2269287672,2023-09-05
2207.3,Interest receivable from reverse repo contracts,2023-07-31,0,2023-09-05
2208,Securities Trading Receivables,2023-07-31,0,2023-09-05
2210,Other Receivables,2023-07-31,0,2023-09-05
2210.1,Impairment of devaluation of pledged assets,2023-07-31,0,2023-09-05
2210.2,Provision for doubtful debt,2023-07-31,0,2023-09-05
2210.3,Other Receivables,2023-07-31,0,2023-09-05
2211,Other Assets,2023-07-31,0,2023-09-05
2212,TOTAL ASSETS,2023-07-31,324743571980,2023-09-05
2213,LIABILITIES,2023-07-31,,2023-09-05
2214,Securities Trading Payables,2023-07-31,0,2023-09-05
2215,Other Payables,2023-07-31,2998254772,2023-09-05
2215.1,Payables to investors,2023-07-31,2465574339,2023-09-05
2215.1.1,Subscription Pending allotment,2023-07-31,2465557019,2023-09-05
2215.1.2,Payables to investors for investment bought on behalf,2023-07-31,0,2023-09-05
2215.1.3,Payables to investors for collected dividend,2023-07-31,0,2023-09-05
2215.1.4,Redemption payable to investors,2023-07-31,17320,2023-09-05
2215.2,Tax payables and obligations to the State Budget,2023-07-31,1553953,2023-09-05
2215.3,Subscription and Redemption fee payable to distributors and Fund Management Company,2023-07-31,738956,2023-09-05
2215.4,Income payable to investors,2023-07-31,0,2023-09-05
2215.5,Remuneration Payable to Fund's Board of Representatives,2023-07-31,9484932,2023-09-05
2215.6,Management fee payable,2023-07-31,246705685,2023-09-05
2215.7,Fund Administration fee payable,2023-07-31,37262500,2023-09-05
2215.8,Supervisory service fee payable,2023-07-31,18150000,2023-09-05
2215.9,Transaction fee,2023-07-31,0,2023-09-05
2215.9.1,Brokerage fee payable,2023-07-31,0,2023-09-05
2215.9.2,Clearing Settlement fee payable,2023-07-31,0,2023-09-05
2215.10,Accrued expense for Custodian fee,2023-07-31,13564693,2023-09-05
2215.10.1,Custodian service - Safe Custody Fee,2023-07-31,12364693,2023-09-05
2215.10.2,Custodian service - Transaction fee,2023-07-31,750000,2023-09-05
2215.10.3,"Custodian service -  Depository fee, Position and Margin management fee paid to VSD",2023-07-31,450000,2023-09-05
2215.11,Audit fee payable,2023-07-31,68183959,2023-09-05
2215.12,General meeting expense payable,2023-07-31,0,2023-09-05
2215.13,Annual report fee payable,2023-07-31,0,2023-09-05
2215.14,Transfer Agency fee payable,2023-07-31,13200000,2023-09-05
2215.15,Service fee payable to HOSE for calculating iNAV,2023-07-31,0,2023-09-05
2215.16,Authorising index service fee payable to HOSE,2023-07-31,0,2023-09-05
2215.17,Other payables,2023-07-31,123835755,2023-09-05
2215.17.1,Price feed fee payable,2023-07-31,7918478,2023-09-05
2215.17.2,"Accrued expense for Fund's Board of Representatives travelling, meeting",2023-07-31,0,2023-09-05
2215.17.3,Accrued expense for Annual Management Fee pay to SSC,2023-07-31,4356164,2023-09-05
2215.17.4,Other payables,2023-07-31,111561113,2023-09-05
2215.18,Short-term loans - Repo contracts,2023-07-31,0,2023-09-05
2215.18.1,Principal of repo contracts,2023-07-31,0,2023-09-05
2215.18.2,Accrued Interest Expense,2023-07-31,0,2023-09-05
2215.18.3,Principal of Short-term loans,2023-07-31,0,2023-09-05
2216,TOTAL LIABILITIES,2023-07-31,2998254772,2023-09-05
2217,Net Asset Value ( = I.10 - II.4),2023-07-31,321745317208,2023-09-05
2218,Total Outstanding Fund Certificates,2023-07-31,31117667.28,2023-09-05
2219,Net Asset Value per Fund Certificate,2023-07-31,10339.63,2023-09-05
2220,Receivables from rental of investment property (not applicable),2023-07-31,0,2023-09-05
2221,Real Estate Proceeds Receivables (not applicale),2023-07-31,0,2023-09-05
2222,Real Estate Trading Payables (not applicable),2023-07-31,0,2023-09-05
2200,ASSETS,2023-08-31,,2023-10-02
2201,Cash and Cash Equivalents,2023-08-31,85107061315,2023-10-02
2202,Cash,2023-08-31,,2023-10-02
2203,Cash at bank,2023-08-31,85107061315,2023-10-02
2203.1,Cash at bank for Fund's subscription,2023-08-31,4718011231,2023-10-02
2203.2,Cash at bank for Fund's redemption,2023-08-31,17320,2023-10-02
2203.3,Cash at bank for Fund's operation,2023-08-31,1489032764,2023-10-02
2203.4,Margin account for trading derivatives,2023-08-31,0,2023-10-02
2203.5,"Cash, cash equivalents",2023-08-31,78900000000,2023-10-02
2205,Investments,2023-08-31,335180935941,2023-10-02
2205.1,"Listed Shares, fund certificates",2023-08-31,0,2023-10-02
2205.2,"Unlisted Shares, fund certifictes",2023-08-31,0,2023-10-02
2205.3,Bonds,2023-08-31,248803622679,2023-10-02
2205.4,Certificates of Deposit,2023-08-31,79277313262,2023-10-02
2205.5,Deposits with term over three (03) months,2023-08-31,7100000000,2023-10-02
2205.6,Investment - Rights,2023-08-31,0,2023-10-02
2205.7,Index future contracts,2023-08-31,0,2023-10-02
2205.8,Other investments,2023-08-31,0,2023-10-02
2205.9,Reverse repo contracts,2023-08-31,0,2023-10-02
2206,"Dividend, Coupon receivables",2023-08-31,5914348094,2023-10-02
2206.1,Dividend receivables,2023-08-31,0,2023-10-02
2206.2,Coupon receivables,2023-08-31,5914348094,2023-10-02
2207,Interest receivables,2023-08-31,3068728632,2023-10-02
2207.1,Interest receivable from bank deposits,2023-08-31,242975207,2023-10-02
2207.2,Interest receivable from Certificates of Deposit,2023-08-31,2825753425,2023-10-02
2207.3,Interest receivable from reverse repo contracts,2023-08-31,0,2023-10-02
2208,Securities Trading Receivables,2023-08-31,0,2023-10-02
2210,Other Receivables,2023-08-31,0,2023-10-02
2210.1,Impairment of devaluation of pledged assets,2023-08-31,0,2023-10-02
2210.2,Provision for doubtful debt,2023-08-31,0,2023-10-02
2210.3,Other Receivables,2023-08-31,0,2023-10-02
2211,Other Assets,2023-08-31,0,2023-10-02
2212,TOTAL ASSETS,2023-08-31,429271073982,2023-10-02
2213,LIABILITIES,2023-08-31,,2023-10-02
2214,Securities Trading Payables,2023-08-31,0,2023-10-02
2215,Other Payables,2023-08-31,5289885089,2023-10-02
2215.1,Payables to investors,2023-08-31,4718028551,2023-10-02
2215.1.1,Subscription Pending allotment,2023-08-31,4718011231,2023-10-02
2215.1.2,Payables to investors for investment bought on behalf,2023-08-31,0,2023-10-02
2215.1.3,Payables to investors for collected dividend,2023-08-31,0,2023-10-02
2215.1.4,Redemption payable to investors,2023-08-31,17320,2023-10-02
2215.2,Tax payables and obligations to the State Budget,2023-08-31,41798391,2023-10-02
2215.3,Subscription and Redemption fee payable to distributors and Fund Management Company,2023-08-31,40408898,2023-10-02
2215.4,Income payable to investors,2023-08-31,0,2023-10-02
2215.5,Remuneration Payable to Fund's Board of Representatives,2023-08-31,9994521,2023-10-02
2215.6,Management fee payable,2023-08-31,349752013,2023-10-02
2215.7,Fund Administration fee payable,2023-08-31,37262500,2023-10-02
2215.8,Supervisory service fee payable,2023-08-31,18150000,2023-10-02
2215.9,Transaction fee,2023-08-31,0,2023-10-02
2215.9.1,Brokerage fee payable,2023-08-31,0,2023-10-02
2215.9.2,Clearing Settlement fee payable,2023-08-31,0,2023-10-02
2215.10,Accrued expense for Custodian fee,2023-08-31,17589099,2023-10-02
2215.10.1,Custodian service - Safe Custody Fee,2023-08-31,15939099,2023-10-02
2215.10.2,Custodian service - Transaction fee,2023-08-31,1200000,2023-10-02
2215.10.3,"Custodian service -  Depository fee, Position and Margin management fee paid to VSD",2023-08-31,450000,2023-10-02
2215.11,Audit fee payable,2023-08-31,15679758,2023-10-02
2215.12,General meeting expense payable,2023-08-31,0,2023-10-02
2215.13,Annual report fee payable,2023-08-31,0,2023-10-02
2215.14,Transfer Agency fee payable,2023-08-31,13200000,2023-10-02
2215.15,Service fee payable to HOSE for calculating iNAV,2023-08-31,0,2023-10-02
2215.16,Authorising index service fee payable to HOSE,2023-08-31,0,2023-10-02
2215.17,Other payables,2023-08-31,28021358,2023-10-02
2215.17.1,Price feed fee payable,2023-08-31,15836957,2023-10-02
2215.17.2,"Accrued expense for Fund's Board of Representatives travelling, meeting",2023-08-31,0,2023-10-02
2215.17.3,Accrued expense for Annual Management Fee pay to SSC,2023-08-31,4993151,2023-10-02
2215.17.4,Other payables,2023-08-31,7191250,2023-10-02
2215.18,Short-term loans - Repo contracts,2023-08-31,0,2023-10-02
2215.18.1,Principal of repo contracts,2023-08-31,0,2023-10-02
2215.18.2,Accrued Interest Expense,2023-08-31,0,2023-10-02
2215.18.3,Principal of Short-term loans,2023-08-31,0,2023-10-02
2216,TOTAL LIABILITIES,2023-08-31,5289885089,2023-10-02
2217,Net Asset Value ( = I.10 - II.4),2023-08-31,423981188893,2023-10-02
2218,Total Outstanding Fund Certificates,2023-08-31,40727506.74,2023-10-02
2219,Net Asset Value per Fund Certificate,2023-08-31,10410.19,2023-10-02
2220,Receivables from rental of investment property (not applicable),2023-08-31,0,2023-10-02
2221,Real Estate Proceeds Receivables (not applicale),2023-08-31,0,2023-10-02
2222,Real Estate Trading Payables (not applicable),2023-08-31,0,2023-10-02
2200,ASSETS,2023-09-30,,2023-11-02
2201,Cash and Cash Equivalents,2023-09-30,94651428990,2023-11-02
2202,Cash,2023-09-30,,2023-11-02
2203,Cash at bank,2023-09-30,94651428990,2023-11-02
2203.1,Cash at bank for Fund's subscription,2023-09-30,9978445488,2023-11-02
2203.2,Cash at bank for Fund's redemption,2023-09-30,37217,2023-11-02
2203.3,Cash at bank for Fund's operation,2023-09-30,272946285,2023-11-02
2203.4,Margin account for trading derivatives,2023-09-30,0,2023-11-02
2203.5,"Cash, cash equivalents",2023-09-30,84400000000,2023-11-02
2205,Investments,2023-09-30,397276659284,2023-11-02
2205.1,"Listed Shares, fund certificates",2023-09-30,0,2023-11-02
2205.2,"Unlisted Shares, fund certifictes",2023-09-30,0,2023-11-02
2205.3,Bonds,2023-09-30,271045133697,2023-11-02
2205.4,Certificates of Deposit,2023-09-30,119131525587,2023-10-02
2205.4,Money market instruments,2023-09-30,119131525587,2023-11-02
2205.5,Deposits with term over three (03) months,2023-09-30,7100000000,2023-11-02
2205.6,Investment - Rights,2023-09-30,0,2023-11-02
2205.7,Index future contracts,2023-09-30,0,2023-11-02
2205.8,Other investments,2023-09-30,0,2023-11-02
2205.9,Reverse repo contracts,2023-09-30,0,2023-11-02
2206,"Dividend, Coupon receivables",2023-09-30,7964597986,2023-11-02
2206.1,Dividend receivables,2023-09-30,0,2023-11-02
2206.2,Coupon receivables,2023-09-30,7964597986,2023-11-02
2207,Interest receivables,2023-09-30,4234608770,2023-11-02
2207.1,Interest receivable from bank deposits,2023-09-30,300526577,2023-11-02
2207.2,Interest receivable from Certificates of Deposit,2023-09-30,3934082193,2023-10-02
2207.2,Interest receivable from Money market instruments,2023-09-30,3934082193,2023-11-02
2207.3,Interest receivable from reverse repo contracts,2023-09-30,0,2023-11-02
2208,Securities Trading Receivables,2023-09-30,0,2023-11-02
2210,Other Receivables,2023-09-30,229900,2023-11-02
2210.1,Impairment of devaluation of pledged assets,2023-09-30,0,2023-11-02
2210.2,Provision for doubtful debt,2023-09-30,0,2023-11-02
2210.3,Other Receivables,2023-09-30,229900,2023-11-02
2211,Other Assets,2023-09-30,0,2023-11-02
2212,TOTAL ASSETS,2023-09-30,504127524930,2023-11-02
2213,LIABILITIES,2023-09-30,,2023-11-02
2214,Securities Trading Payables,2023-09-30,0,2023-11-02
2215,Other Payables,2023-09-30,10708561703,2023-11-02
2215.1,Payables to investors,2023-09-30,9978482705,2023-11-02
2215.1.1,Subscription Pending allotment,2023-09-30,9978445488,2023-11-02
2215.1.2,Payables to investors for investment bought on behalf,2023-09-30,0,2023-11-02
2215.1.3,Payables to investors for collected dividend,2023-09-30,0,2023-11-02
2215.1.4,Redemption payable to investors,2023-09-30,37217,2023-11-02
2215.2,Tax payables and obligations to the State Budget,2023-09-30,98572272,2023-11-02
2215.3,Subscription and Redemption fee payable to distributors and Fund Management Company,2023-09-30,34228469,2023-11-02
2215.4,Income payable to investors,2023-09-30,0,2023-11-02
2215.5,Remuneration Payable to Fund's Board of Representatives,2023-09-30,10487671,2023-11-02
2215.6,Management fee payable,2023-09-30,433339542,2023-11-02
2215.7,Fund Administration fee payable,2023-09-30,37262500,2023-11-02
2215.8,Supervisory service fee payable,2023-09-30,18150000,2023-11-02
2215.9,Transaction fee,2023-09-30,0,2023-11-02
2215.9.1,Brokerage fee payable,2023-09-30,0,2023-11-02
2215.9.2,Clearing Settlement fee payable,2023-09-30,0,2023-11-02
2215.10,Accrued expense for Custodian fee,2023-09-30,19913625,2023-11-02
2215.10.1,Custodian service - Safe Custody Fee,2023-09-30,18713625,2023-11-02
2215.10.2,Custodian service - Transaction fee,2023-09-30,750000,2023-11-02
2215.10.3,"Custodian service -  Depository fee, Position and Margin management fee paid to VSD",2023-09-30,450000,2023-11-02
2215.11,Audit fee payable,2023-09-30,28624080,2023-11-02
2215.12,General meeting expense payable,2023-09-30,0,2023-11-02
2215.13,Annual report fee payable,2023-09-30,0,2023-11-02
2215.14,Transfer Agency fee payable,2023-09-30,13200000,2023-11-02
2215.15,Service fee payable to HOSE for calculating iNAV,2023-09-30,0,2023-11-02
2215.16,Authorising index service fee payable to HOSE,2023-09-30,0,2023-11-02
2215.17,Other payables,2023-09-30,36300839,2023-11-02
2215.17.1,Price feed fee payable,2023-09-30,23500000,2023-11-02
2215.17.2,"Accrued expense for Fund's Board of Representatives travelling, meeting",2023-09-30,0,2023-11-02
2215.17.3,Accrued expense for Annual Management Fee pay to SSC,2023-09-30,5609589,2023-11-02
2215.17.4,Other payables,2023-09-30,7191250,2023-11-02
2215.18,Short-term loans - Repo contracts,2023-09-30,0,2023-11-02
2215.18.1,Principal of repo contracts,2023-09-30,0,2023-11-02
2215.18.2,Accrued Interest Expense,2023-09-30,0,2023-11-02
2215.18.3,Principal of Short-term loans,2023-09-30,0,2023-11-02
2216,TOTAL LIABILITIES,2023-09-30,10708561703,2023-11-02
2217,Net Asset Value ( = I.10 - II.4),2023-09-30,493418963227,2023-11-02
2218,Total Outstanding Fund Certificates,2023-09-30,47115334.84,2023-11-02
2219,Net Asset Value per Fund Certificate,2023-09-30,10472.57,2023-11-02
2220,Receivables from rental of investment property (not applicable),2023-09-30,0,2023-11-02
2221,Real Estate Proceeds Receivables (not applicale),2023-09-30,0,2023-11-02
2222,Real Estate Trading Payables (not applicable),2023-09-30,0,2023-11-02
2200,ASSETS,2023-10-31,,2023-12-04
2201,Cash and Cash Equivalents,2023-10-31,181312646476,2023-12-04
2202,Cash,2023-10-31,,2023-12-04
2203,Cash at bank,2023-10-31,181312646476,2023-12-04
2203.1,Cash at bank for Fund's subscription,2023-10-31,8512937548,2023-12-04
2203.2,Cash at bank for Fund's redemption,2023-10-31,139373,2023-12-04
2203.3,Cash at bank for Fund's operation,2023-10-31,53799569555,2023-12-04
2203.4,Margin account for trading derivatives,2023-10-31,0,2023-12-04
2203.5,"Cash, cash equivalents",2023-10-31,119000000000,2023-12-04
2205,Investments,2023-10-31,502955019024,2023-12-04
2205.1,"Listed Shares, fund certificates",2023-10-31,0,2023-12-04
2205.2,"Unlisted Shares, fund certifictes",2023-10-31,0,2023-12-04
2205.3,Bonds,2023-10-31,336723493437,2023-12-04
2205.4,Money market instruments,2023-10-31,139131525587,2023-12-04
2205.5,Deposits with term over three (03) months,2023-10-31,27100000000,2023-12-04
2205.6,Investment - Rights,2023-10-31,0,2023-12-04
2205.7,Index future contracts,2023-10-31,0,2023-12-04
2205.8,Other investments,2023-10-31,0,2023-12-04
2205.9,Reverse repo contracts,2023-10-31,0,2023-12-04
2206,"Dividend, Coupon receivables",2023-10-31,8129229024,2023-12-04
2206.1,Dividend receivables,2023-10-31,0,2023-12-04
2206.2,Coupon receivables,2023-10-31,8129229024,2023-12-04
2207,Interest receivables,2023-10-31,5251567121,2023-12-04
2207.1,Interest receivable from bank deposits,2023-10-31,424471232,2023-12-04
2207.2,Interest receivable from Money market instruments,2023-10-31,4827095889,2023-12-04
2207.3,Interest receivable from reverse repo contracts,2023-10-31,0,2023-12-04
2208,Securities Trading Receivables,2023-10-31,0,2023-12-04
2210,Other Receivables,2023-10-31,229900,2023-12-04
2210.1,Impairment of devaluation of pledged assets,2023-10-31,0,2023-12-04
2210.2,Provision for doubtful debt,2023-10-31,0,2023-12-04
2210.3,Other Receivables,2023-10-31,229900,2023-12-04
2211,Other Assets,2023-10-31,0,2023-12-04
2212,TOTAL ASSETS,2023-10-31,697648691545,2023-12-04
2213,LIABILITIES,2023-10-31,,2023-12-04
2214,Securities Trading Payables,2023-10-31,0,2023-12-04
2215,Other Payables,2023-10-31,9327079882,2023-12-04
2215.1,Payables to investors,2023-10-31,8513076921,2023-12-04
2215.1.1,Subscription Pending allotment,2023-10-31,8512937548,2023-12-04
2215.1.2,Payables to investors for investment bought on behalf,2023-10-31,0,2023-12-04
2215.1.3,Payables to investors for collected dividend,2023-10-31,0,2023-12-04
2215.1.4,Redemption payable to investors,2023-10-31,139373,2023-12-04
2215.2,Tax payables and obligations to the State Budget,2023-10-31,72846223,2023-12-04
2215.3,Subscription and Redemption fee payable to distributors and Fund Management Company,2023-10-31,0,2023-12-04
2215.4,Income payable to investors,2023-10-31,0,2023-12-04
2215.5,Remuneration Payable to Fund's Board of Representatives,2023-10-31,10997260,2023-12-04
2215.6,Management fee payable,2023-10-31,572561722,2023-12-04
2215.7,Fund Administration fee payable,2023-10-31,37262500,2023-12-04
2215.8,Supervisory service fee payable,2023-10-31,18186861,2023-12-04
2215.9,Transaction fee,2023-10-31,0,2023-12-04
2215.9.1,Brokerage fee payable,2023-10-31,0,2023-12-04
2215.9.2,Clearing Settlement fee payable,2023-10-31,0,2023-12-04
2215.10,Accrued expense for Custodian fee,2023-10-31,25592213,2023-12-04
2215.10.1,Custodian service - Safe Custody Fee,2023-10-31,23942213,2023-12-04
2215.10.2,Custodian service - Transaction fee,2023-10-31,1200000,2023-12-04
2215.10.3,"Custodian service -  Depository fee, Position and Margin management fee paid to VSD",2023-10-31,450000,2023-11-02
2215.10.3,"Custodian service -  Depository fee, Position and Margin management fee paid to VSDC",2023-10-31,450000,2023-12-04
2215.11,Audit fee payable,2023-10-31,41999879,2023-12-04
2215.12,General meeting expense payable,2023-10-31,0,2023-12-04
2215.13,Annual report fee payable,2023-10-31,0,2023-12-04
2215.14,Transfer Agency fee payable,2023-10-31,13200000,2023-12-04
2215.15,Service fee payable to HOSE for calculating iNAV,2023-10-31,0,2023-12-04
2215.16,Authorising index service fee payable to HOSE,2023-10-31,0,2023-12-04
2215.17,Other payables,2023-10-31,21356303,2023-12-04
2215.17.1,Price feed fee payable,2023-10-31,7918478,2023-12-04
2215.17.2,"Accrued expense for Fund's Board of Representatives travelling, meeting",2023-10-31,0,2023-12-04
2215.17.3,Accrued expense for Annual Management Fee pay to SSC,2023-10-31,6246575,2023-12-04
2215.17.4,Other payables,2023-10-31,7191250,2023-12-04
2215.18,Short-term loans - Repo contracts,2023-10-31,0,2023-12-04
2215.18.1,Principal of repo contracts,2023-10-31,0,2023-12-04
2215.18.2,Accrued Interest Expense,2023-10-31,0,2023-12-04
2215.18.3,Principal of Short-term loans,2023-10-31,0,2023-12-04
2216,TOTAL LIABILITIES,2023-10-31,9327079882,2023-12-04
2217,Net Asset Value ( = I.10 - II.4),2023-10-31,688321611663,2023-12-04
2218,Total Outstanding Fund Certificates,2023-10-31,65342479.06,2023-12-04
2219,Net Asset Value per Fund Certificate,2023-10-31,10534.06,2023-12-04
2220,Receivables from rental of investment property (not applicable),2023-10-31,0,2023-12-04
2221,Real Estate Proceeds Receivables (not applicale),2023-10-31,0,2023-12-04
2222,Real Estate Trading Payables (not applicable),2023-10-31,0,2023-12-04
2200,ASSETS,2023-11-30,,2024-01-03
2201,Cash and Cash Equivalents,2023-11-30,316667085954,2024-01-03
2202,Cash,2023-11-30,,2024-01-03
2203,Cash at bank,2023-11-30,316667085954,2024-01-03
2203.1,Cash at bank for Fund's subscription,2023-11-30,22455480348,2024-01-03
2203.2,Cash at bank for Fund's redemption,2023-11-30,1005324038,2024-01-03
2203.3,Cash at bank for Fund's operation,2023-11-30,36206281568,2024-01-03
2203.4,Margin account for trading derivatives,2023-11-30,0,2024-01-03
2203.5,"Cash, cash equivalents",2023-11-30,257000000000,2024-01-03
2205,Investments,2023-11-30,827413637203,2024-01-03
2205.1,"Listed Shares, fund certificates",2023-11-30,0,2024-01-03
2205.2,"Unlisted Shares, fund certifictes",2023-11-30,0,2024-01-03
2205.3,Bonds,2023-11-30,611610129421,2024-01-03
2205.4,Money market instruments,2023-11-30,159703507782,2024-01-03
2205.5,Deposits with term over three (03) months,2023-11-30,56100000000,2024-01-03
2205.6,Investment - Rights,2023-11-30,0,2024-01-03
2205.7,Index future contracts,2023-11-30,0,2024-01-03
2205.8,Other investments,2023-11-30,0,2024-01-03
2205.9,Reverse repo contracts,2023-11-30,0,2024-01-03
2206,"Dividend, Coupon receivables",2023-11-30,18160073621,2024-01-03
2206.1,Dividend receivables,2023-11-30,0,2024-01-03
2206.2,Coupon receivables,2023-11-30,18160073621,2024-01-03
2207,Interest receivables,2023-11-30,4038991781,2024-01-03
2207.1,Interest receivable from bank deposits,2023-11-30,792136987,2024-01-03
2207.2,Interest receivable from Money market instruments,2023-11-30,3246854794,2024-01-03
2207.3,Interest receivable from reverse repo contracts,2023-11-30,0,2024-01-03
2208,Securities Trading Receivables,2023-11-30,0,2024-01-03
2210,Other Receivables,2023-11-30,0,2024-01-03
2210.1,Impairment of devaluation of pledged assets,2023-11-30,0,2024-01-03
2210.2,Provision for doubtful debt,2023-11-30,0,2024-01-03
2210.3,Other Receivables,2023-11-30,0,2024-01-03
2211,Other Assets,2023-11-30,0,2024-01-03
2212,TOTAL ASSETS,2023-11-30,1166279788559,2024-01-03
2213,LIABILITIES,2023-11-30,,2024-01-03
2214,Securities Trading Payables,2023-11-30,21503400000,2024-01-03
2215,Other Payables,2023-11-30,24661286873,2024-01-03
2215.1,Payables to investors,2023-11-30,23460804386,2024-01-03
2215.1.1,Subscription Pending allotment,2023-11-30,22455480348,2024-01-03
2215.1.2,Payables to investors for investment bought on behalf,2023-11-30,0,2024-01-03
2215.1.3,Payables to investors for collected dividend,2023-11-30,0,2024-01-03
2215.1.4,Redemption payable to investors,2023-11-30,1005324038,2024-01-03
2215.2,Tax payables and obligations to the State Budget,2023-11-30,147043274,2024-01-03
2215.3,Subscription and Redemption fee payable to distributors and Fund Management Company,2023-11-30,0,2024-01-03
2215.4,Income payable to investors,2023-11-30,0,2024-01-03
2215.5,Remuneration Payable to Fund's Board of Representatives,2023-11-30,11490411,2024-01-03
2215.6,Management fee payable,2023-11-30,840387611,2024-01-03
2215.7,Fund Administration fee payable,2023-11-30,39428886,2024-01-03
2215.8,Supervisory service fee payable,2023-11-30,23110659,2024-01-03
2215.9,Transaction fee,2023-11-30,3225510,2024-01-03
2215.9.1,Brokerage fee payable,2023-11-30,3225510,2024-01-03
2215.9.2,Clearing Settlement fee payable,2023-11-30,0,2024-01-03
2215.10,Accrued expense for Custodian fee,2023-11-30,38016149,2024-01-03
2215.10.1,Custodian service - Safe Custody Fee,2023-11-30,35016149,2024-01-03
2215.10.2,Custodian service - Transaction fee,2023-11-30,2550000,2024-01-03
2215.10.3,"Custodian service -  Depository fee, Position and Margin management fee paid to VSDC",2023-11-30,450000,2024-01-03
2215.11,Audit fee payable,2023-11-30,54944201,2024-01-03
2215.12,General meeting expense payable,2023-11-30,0,2024-01-03
2215.13,Annual report fee payable,2023-11-30,0,2024-01-03
2215.14,Transfer Agency fee payable,2023-11-30,13200000,2024-01-03
2215.15,Service fee payable to HOSE for calculating iNAV,2023-11-30,0,2024-01-03
2215.16,Authorising index service fee payable to HOSE,2023-11-30,0,2024-01-03
2215.17,Other payables,2023-11-30,29635786,2024-01-03
2215.17.1,Price feed fee payable,2023-11-30,15581522,2024-01-03
2215.17.2,"Accrued expense for Fund's Board of Representatives travelling, meeting",2023-11-30,0,2024-01-03
2215.17.3,Accrued expense for Annual Management Fee pay to SSC,2023-11-30,6863014,2024-01-03
2215.17.4,Other payables,2023-11-30,7191250,2024-01-03
2215.18,Short-term loans - Repo contracts,2023-11-30,0,2024-01-03
2215.18.1,Principal of repo contracts,2023-11-30,0,2024-01-03
2215.18.2,Accrued Interest Expense,2023-11-30,0,2024-01-03
2215.18.3,Principal of Short-term loans,2023-11-30,0,2024-01-03
2216,TOTAL LIABILITIES,2023-11-30,46164686873,2024-01-03
2217,Net Asset Value ( = I.10 - II.4),2023-11-30,1120115101686,2024-01-03
2218,Total Outstanding Fund Certificates,2023-11-30,105608026.84,2024-01-03
2219,Net Asset Value per Fund Certificate,2023-11-30,10606.34,2024-01-03
2220,Receivables from rental of investment property (not applicable),2023-11-30,0,2024-01-03
2221,Real Estate Proceeds Receivables (not applicale),2023-11-30,0,2024-01-03
2222,Real Estate Trading Payables (not applicable),2023-11-30,0,2024-01-03
2200,ASSETS,2023-12-31,,2024-02-02
2201,Cash and Cash Equivalents,2023-12-31,568442850746,2024-02-02
2202,Cash,2023-12-31,,2024-02-02
2203,Cash at bank,2023-12-31,568442850746,2024-02-02
2203.1,Cash at bank for Fund's subscription,2023-12-31,35595392421,2024-02-02
2203.2,Cash at bank for Fund's redemption,2023-12-31,602766818,2024-02-02
2203.3,Cash at bank for Fund's operation,2023-12-31,126844691507,2024-02-02
2203.4,Margin account for trading derivatives,2023-12-31,0,2024-02-02
2203.5,"Cash, cash equivalents",2023-12-31,405400000000,2024-02-02
2205,Investments,2023-12-31,1119690746707,2024-02-02
2205.1,"Listed Shares, fund certificates",2023-12-31,0,2024-02-02
2205.2,"Unlisted Shares, fund certifictes",2023-12-31,0,2024-02-02
2205.3,Bonds,2023-12-31,783821851274,2024-02-02
2205.4,Money market instruments,2023-12-31,279768895433,2024-02-02
2205.5,Deposits with term over three (03) months,2023-12-31,56100000000,2024-02-02
2205.6,Investment - Rights,2023-12-31,0,2024-02-02
2205.7,Index future contracts,2023-12-31,0,2024-02-02
2205.8,Other investments,2023-12-31,0,2024-02-02
2205.9,Reverse repo contracts,2023-12-31,0,2024-02-02
2206,"Dividend, Coupon receivables",2023-12-31,32097059501,2024-02-02
2206.1,Dividend receivables,2023-12-31,0,2024-02-02
2206.2,Coupon receivables,2023-12-31,32097059501,2024-02-02
2207,Interest receivables,2023-12-31,15036789317,2024-02-02
2207.1,Interest receivable from bank deposits,2023-12-31,1196915344,2024-02-02
2207.2,Interest receivable from Money market instruments,2023-12-31,13839873973,2024-02-02
2207.3,Interest receivable from reverse repo contracts,2023-12-31,0,2024-02-02
2208,Securities Trading Receivables,2023-12-31,4076000000,2024-02-02
2210,Other Receivables,2023-12-31,48400,2024-02-02
2210.1,Impairment of devaluation of pledged assets,2023-12-31,0,2024-02-02
2210.2,Provision for doubtful debt,2023-12-31,0,2024-02-02
2210.3,Other Receivables,2023-12-31,48400,2024-02-02
2211,Other Assets,2023-12-31,0,2024-02-02
2212,TOTAL ASSETS,2023-12-31,1739343494671,2024-02-02
2213,LIABILITIES,2023-12-31,,2024-02-02
2214,Securities Trading Payables,2023-12-31,121386100000,2024-02-02
2215,Other Payables,2023-12-31,38188376499,2024-02-02
2215.1,Payables to investors,2023-12-31,36198159239,2024-02-02
2215.1.1,Subscription Pending allotment,2023-12-31,35595392421,2024-02-02
2215.1.2,Payables to investors for investment bought on behalf,2023-12-31,0,2024-02-02
2215.1.3,Payables to investors for collected dividend,2023-12-31,0,2024-02-02
2215.1.4,Redemption payable to investors,2023-12-31,602766818,2024-02-02
2215.2,Tax payables and obligations to the State Budget,2023-12-31,354288711,2024-02-02
2215.3,Subscription and Redemption fee payable to distributors and Fund Management Company,2023-12-31,0,2024-02-02
2215.4,Income payable to investors,2023-12-31,0,2024-02-02
2215.5,Remuneration Payable to Fund's Board of Representatives,2023-12-31,12000000,2024-02-02
2215.6,Management fee payable,2023-12-31,1333433764,2024-02-02
2215.7,Fund Administration fee payable,2023-12-31,55368543,2024-02-02
2215.8,Supervisory service fee payable,2023-12-31,36679533,2024-02-02
2215.9,Transaction fee,2023-12-31,18819315,2024-02-02
2215.9.1,Brokerage fee payable,2023-12-31,18819315,2024-02-02
2215.9.2,Clearing Settlement fee payable,2023-12-31,0,2024-02-02
2215.10,Accrued expense for Custodian fee,2023-12-31,58875049,2024-02-02
2215.10.1,Custodian service - Safe Custody Fee,2023-12-31,55575049,2024-02-02
2215.10.2,Custodian service - Transaction fee,2023-12-31,2850000,2024-02-02
2215.10.3,"Custodian service -  Depository fee, Position and Margin management fee paid to VSDC",2023-12-31,450000,2024-02-02
2215.11,Audit fee payable,2023-12-31,68320000,2024-02-02
2215.12,General meeting expense payable,2023-12-31,0,2024-02-02
2215.13,Annual report fee payable,2023-12-31,0,2024-02-02
2215.14,Transfer Agency fee payable,2023-12-31,13200000,2024-02-02
2215.15,Service fee payable to HOSE for calculating iNAV,2023-12-31,0,2024-02-02
2215.16,Authorising index service fee payable to HOSE,2023-12-31,0,2024-02-02
2215.17,Other payables,2023-12-31,39232345,2024-02-02
2215.17.1,Price feed fee payable,2023-12-31,23500000,2024-02-02
2215.17.2,"Accrued expense for Fund's Board of Representatives travelling, meeting",2023-12-31,0,2024-02-02
2215.17.3,Accrued expense for Annual Management Fee pay to SSC,2023-12-31,7500000,2024-02-02
2215.17.4,Other payables,2023-12-31,8232345,2024-02-02
2215.18,Short-term loans - Repo contracts,2023-12-31,0,2024-02-02
2215.18.1,Principal of repo contracts,2023-12-31,0,2024-02-02
2215.18.2,Accrued Interest Expense,2023-12-31,0,2024-02-02
2215.18.3,Principal of Short-term loans,2023-12-31,0,2024-02-02
2216,TOTAL LIABILITIES,2023-12-31,159574476499,2024-02-02
2217,Net Asset Value ( = I.10 - II.4),2023-12-31,1579769018172,2024-02-02
2218,Total Outstanding Fund Certificates,2023-12-31,148053837.72,2024-02-02
2219,Net Asset Value per Fund Certificate,2023-12-31,10670.23,2024-02-02
2220,Receivables from rental of investment property (not applicable),2023-12-31,0,2024-02-02
2221,Real Estate Proceeds Receivables (not applicale),2023-12-31,0,2024-02-02
2222,Real Estate Trading Payables (not applicable),2023-12-31,0,2024-02-02
2200,ASSETS,2024-01-31,,2024-03-01
2201,Cash and Cash Equivalents,2024-01-31,666028180372,2024-03-01
2202,Cash,2024-01-31,,2024-03-01
2203,Cash at bank,2024-01-31,666028180372,2024-03-01
2203.1,Cash at bank for Fund's subscription,2024-01-31,59254949245,2024-03-01
2203.2,Cash at bank for Fund's redemption,2024-01-31,937853,2024-03-01
2203.3,Cash at bank for Fund's operation,2024-01-31,472293274,2024-03-01
2203.4,Margin account for trading derivatives,2024-01-31,0,2024-03-01
2203.5,"Cash, cash equivalents",2024-01-31,606300000000,2024-03-01
2205,Investments,2024-01-31,1560451010703,2024-03-01
2205.1,"Listed Shares, fund certificates",2024-01-31,0,2024-03-01
2205.2,"Unlisted Shares, fund certifictes",2024-01-31,0,2024-03-01
2205.3,Bonds,2024-01-31,1072586573672,2024-03-01
2205.4,Money market instruments,2024-01-31,220064437031,2024-03-01
2205.5,Deposits with term over three (03) months,2024-01-31,267800000000,2024-03-01
2205.6,Investment - Rights,2024-01-31,0,2024-03-01
2205.7,Index future contracts,2024-01-31,0,2024-03-01
2205.8,Other investments,2024-01-31,0,2024-03-01
2205.9,Reverse repo contracts,2024-01-31,0,2024-03-01
2206,"Dividend, Coupon receivables",2024-01-31,44472321112,2024-03-01
2206.1,Dividend receivables,2024-01-31,0,2024-03-01
2206.2,Coupon receivables,2024-01-31,44472321112,2024-03-01
2207,Interest receivables,2024-01-31,12061312331,2024-03-01
2207.1,Interest receivable from bank deposits,2024-01-31,1648468495,2024-03-01
2207.2,Interest receivable from Money market instruments,2024-01-31,10412843836,2024-03-01
2207.3,Interest receivable from reverse repo contracts,2024-01-31,0,2024-03-01
2208,Securities Trading Receivables,2024-01-31,0,2024-03-01
2210,Other Receivables,2024-01-31,0,2024-03-01
2210.1,Impairment of devaluation of pledged assets,2024-01-31,0,2024-03-01
2210.2,Provision for doubtful debt,2024-01-31,0,2024-03-01
2210.3,Other Receivables,2024-01-31,0,2024-03-01
2211,Other Assets,2024-01-31,0,2024-03-01
2212,TOTAL ASSETS,2024-01-31,2283012824518,2024-03-01
2213,LIABILITIES,2024-01-31,,2024-03-01
2214,Securities Trading Payables,2024-01-31,0,2024-03-01
2215,Other Payables,2024-01-31,61986365548,2024-03-01
2215.1,Payables to investors,2024-01-31,59255887098,2024-03-01
2215.1.1,Subscription Pending allotment,2024-01-31,59254949245,2024-03-01
2215.1.2,Payables to investors for investment bought on behalf,2024-01-31,0,2024-03-01
2215.1.3,Payables to investors for collected dividend,2024-01-31,0,2024-03-01
2215.1.4,Redemption payable to investors,2024-01-31,937853,2024-03-01
2215.2,Tax payables and obligations to the State Budget,2024-01-31,420469478,2024-03-01
2215.3,Subscription and Redemption fee payable to distributors and Fund Management Company,2024-01-31,0,2024-03-01
2215.4,Income payable to investors,2024-01-31,0,2024-03-01
2215.5,Remuneration Payable to Fund's Board of Representatives,2024-01-31,6508197,2024-03-01
2215.6,Management fee payable,2024-01-31,1965615229,2024-03-01
2215.7,Fund Administration fee payable,2024-01-31,78535060,2024-03-01
2215.8,Supervisory service fee payable,2024-01-31,54054418,2024-03-01
2215.9,Transaction fee,2024-01-31,0,2024-03-01
2215.9.1,Brokerage fee payable,2024-01-31,0,2024-03-01
2215.9.2,Clearing Settlement fee payable,2024-01-31,0,2024-03-01
2215.10,Accrued expense for Custodian fee,2024-01-31,85350634,2024-03-01
2215.10.1,Custodian service - Safe Custody Fee,2024-01-31,81900634,2024-03-01
2215.10.2,Custodian service - Transaction fee,2024-01-31,3000000,2024-03-01
2215.10.3,"Custodian service -  Depository fee, Position and Margin management fee paid to VSDC",2024-01-31,450000,2024-03-01
2215.11,Audit fee payable,2024-01-31,79686667,2024-03-01
2215.12,General meeting expense payable,2024-01-31,0,2024-03-01
2215.13,Annual report fee payable,2024-01-31,0,2024-03-01
2215.14,Transfer Agency fee payable,2024-01-31,13200000,2024-03-01
2215.15,Service fee payable to HOSE for calculating iNAV,2024-01-31,0,2024-03-01
2215.16,Authorising index service fee payable to HOSE,2024-01-31,0,2024-03-01
2215.17,Other payables,2024-01-31,27058767,2024-03-01
2215.17.1,Price feed fee payable,2024-01-31,8005495,2024-03-01
2215.17.2,"Accrued expense for Fund's Board of Representatives travelling, meeting",2024-01-31,0,2024-03-01
2215.17.3,Accrued expense for Annual Management Fee pay to SSC,2024-01-31,8135246,2024-03-01
2215.17.4,Other payables,2024-01-31,10918026,2024-03-01
2215.18,Short-term loans - Repo contracts,2024-01-31,0,2024-03-01
2215.18.1,Principal of repo contracts,2024-01-31,0,2024-03-01
2215.18.2,Accrued Interest Expense,2024-01-31,0,2024-03-01
2215.18.3,Principal of Short-term loans,2024-01-31,0,2024-03-01
2216,TOTAL LIABILITIES,2024-01-31,61986365548,2024-03-01
2217,Net Asset Value ( = I.10 - II.4),2024-01-31,2221026458970,2024-03-01
2218,Total Outstanding Fund Certificates,2024-01-31,207238440.09,2024-03-01
2219,Net Asset Value per Fund Certificate,2024-01-31,10717.25,2024-03-01
2220,Receivables from rental of investment property (not applicable),2024-01-31,0,2024-03-01
2221,Real Estate Proceeds Receivables (not applicale),2024-01-31,0,2024-03-01
2222,Real Estate Trading Payables (not applicable),2024-01-31,0,2024-03-01
2200,ASSETS,2024-02-29,,2024-04-01
2201,Cash and Cash Equivalents,2024-02-29,755511962803,2024-04-01
2202,Cash,2024-02-29,,2024-04-01
2203,Cash at bank,2024-02-29,755511962803,2024-04-01
2203.1,Cash at bank for Fund's subscription,2024-02-29,58988913035,2024-04-01
2203.2,Cash at bank for Fund's redemption,2024-02-29,1298512206,2024-04-01
2203.3,Cash at bank for Fund's operation,2024-02-29,36724537562,2024-04-01
2203.4,Margin account for trading derivatives,2024-02-29,0,2024-04-01
2203.5,"Cash, cash equivalents",2024-02-29,658500000000,2024-04-01
2205,Investments,2024-02-29,1542492071407,2024-04-01
2205.1,"Listed Shares, fund certificates",2024-02-29,0,2024-04-01
2205.2,"Unlisted Shares, fund certifictes",2024-02-29,0,2024-04-01
2205.3,Bonds,2024-02-29,919964272250,2024-04-01
2205.4,Money market instruments,2024-02-29,326727799157,2024-04-01
2205.5,Deposits with term over three (03) months,2024-02-29,295800000000,2024-04-01
2205.6,Investment - Rights,2024-02-29,0,2024-04-01
2205.7,Index future contracts,2024-02-29,0,2024-04-01
2205.8,Other investments,2024-02-29,0,2024-04-01
2205.9,Reverse repo contracts,2024-02-29,0,2024-04-01
2206,"Dividend, Coupon receivables",2024-02-29,21833490442,2024-04-01
2206.1,Dividend receivables,2024-02-29,0,2024-04-01
2206.2,Coupon receivables,2024-02-29,21833490442,2024-04-01
2207,Interest receivables,2024-02-29,12659022608,2024-04-01
2207.1,Interest receivable from bank deposits,2024-02-29,2513543156,2024-04-01
2207.2,Interest receivable from Money market instruments,2024-02-29,10145479452,2024-04-01
2207.3,Interest receivable from reverse repo contracts,2024-02-29,0,2024-04-01
2208,Securities Trading Receivables,2024-02-29,0,2024-04-01
2210,Other Receivables,2024-02-29,0,2024-04-01
2210.1,Impairment of devaluation of pledged assets,2024-02-29,0,2024-04-01
2210.2,Provision for doubtful debt,2024-02-29,0,2024-04-01
2210.3,Other Receivables,2024-02-29,0,2024-04-01
2211,Other Assets,2024-02-29,0,2024-04-01
2212,TOTAL ASSETS,2024-02-29,2332496547260,2024-04-01
2213,LIABILITIES,2024-02-29,,2024-04-01
2214,Securities Trading Payables,2024-02-29,20085800000,2024-04-01
2215,Other Payables,2024-02-29,63428366002,2024-04-01
2215.1,Payables to investors,2024-02-29,60287425241,2024-04-01
2215.1.1,Subscription Pending allotment,2024-02-29,58988913035,2024-04-01
2215.1.2,Payables to investors for investment bought on behalf,2024-02-29,0,2024-04-01
2215.1.3,Payables to investors for collected dividend,2024-02-29,0,2024-04-01
2215.1.4,Redemption payable to investors,2024-02-29,1298512206,2024-04-01
2215.2,Tax payables and obligations to the State Budget,2024-02-29,551254828,2024-04-01
2215.3,Subscription and Redemption fee payable to distributors and Fund Management Company,2024-02-29,0,2024-04-01
2215.4,Income payable to investors,2024-02-29,0,2024-04-01
2215.5,Remuneration Payable to Fund's Board of Representatives,2024-02-29,6983607,2024-04-01
2215.6,Management fee payable,2024-02-29,2165646721,2024-04-01
2215.7,Fund Administration fee payable,2024-02-29,85869547,2024-04-01
2215.8,Supervisory service fee payable,2024-02-29,59555283,2024-04-01
2215.9,Transaction fee,2024-02-29,3012870,2024-04-01
2215.9.1,Brokerage fee payable,2024-02-29,3012870,2024-04-01
2215.9.2,Clearing Settlement fee payable,2024-02-29,0,2024-04-01
2215.10,Accrued expense for Custodian fee,2024-02-29,92935280,2024-04-01
2215.10.1,Custodian service - Safe Custody Fee,2024-02-29,90235280,2024-04-01
2215.10.2,Custodian service - Transaction fee,2024-02-29,2250000,2024-04-01
2215.10.3,"Custodian service -  Depository fee, Position and Margin management fee paid to VSDC",2024-02-29,450000,2024-04-01
2215.11,Audit fee payable,2024-02-29,90320000,2024-04-01
2215.12,General meeting expense payable,2024-02-29,0,2024-04-01
2215.13,Annual report fee payable,2024-02-29,0,2024-04-01
2215.14,Transfer Agency fee payable,2024-02-29,13200000,2024-04-01
2215.15,Service fee payable to HOSE for calculating iNAV,2024-02-29,0,2024-04-01
2215.16,Authorising index service fee payable to HOSE,2024-02-29,0,2024-04-01
2215.17,Other payables,2024-02-29,72162625,2024-04-01
2215.17.1,Price feed fee payable,2024-02-29,15494505,2024-04-01
2215.17.2,"Accrued expense for Fund's Board of Representatives travelling, meeting",2024-02-29,0,2024-04-01
2215.17.3,Accrued expense for Annual Management Fee pay to SSC,2024-02-29,8729508,2024-04-01
2215.17.4,Other payables,2024-02-29,47938612,2024-04-01
2215.18,Short-term loans - Repo contracts,2024-02-29,0,2024-04-01
2215.18.1,Principal of repo contracts,2024-02-29,0,2024-04-01
2215.18.2,Accrued Interest Expense,2024-02-29,0,2024-04-01
2215.18.3,Principal of Short-term loans,2024-02-29,0,2024-04-01
2216,TOTAL LIABILITIES,2024-02-29,83514166002,2024-04-01
2217,Net Asset Value ( = I.10 - II.4),2024-02-29,2248982381258,2024-04-01
2218,Total Outstanding Fund Certificates,2024-02-29,209075016.2,2024-04-01
2219,Net Asset Value per Fund Certificate,2024-02-29,10756.82,2024-04-01
2220,Receivables from rental of investment property (not applicable),2024-02-29,0,2024-04-01
2221,Real Estate Proceeds Receivables (not applicale),2024-02-29,0,2024-04-01
2222,Real Estate Trading Payables (not applicable),2024-02-29,0,2024-04-01
2200,ASSETS,2024-03-31,,2024-05-03
2201,Cash and Cash Equivalents,2024-03-31,887520438694,2024-05-03
2202,Cash,2024-03-31,,2024-05-03
2203,Cash at bank,2024-03-31,887520438694,2024-05-03
2203.1,Cash at bank for Fund's subscription,2024-03-31,31449345794,2024-05-03
2203.2,Cash at bank for Fund's redemption,2024-03-31,635391,2024-05-03
2203.3,Cash at bank for Fund's operation,2024-03-31,9170457509,2024-05-03
2203.4,Margin account for trading derivatives,2024-03-31,0,2024-05-03
2203.5,"Cash, cash equivalents",2024-03-31,846900000000,2024-05-03
2205,Investments,2024-03-31,1512495435138,2024-05-03
2205.1,"Listed Shares, fund certificates",2024-03-31,0,2024-05-03
2205.2,"Unlisted Shares, fund certifictes",2024-03-31,0,2024-05-03
2205.3,Bonds,2024-03-31,839703508584,2024-05-03
2205.4,Money market instruments,2024-03-31,376991926554,2024-05-03
2205.5,Deposits with term over three (03) months,2024-03-31,295800000000,2024-05-03
2205.6,Investment - Rights,2024-03-31,0,2024-05-03
2205.7,Index future contracts,2024-03-31,0,2024-05-03
2205.8,Other investments,2024-03-31,0,2024-05-03
2205.9,Reverse repo contracts,2024-03-31,0,2024-05-03
2206,"Dividend, Coupon receivables",2024-03-31,11963338787,2024-05-03
2206.1,Dividend receivables,2024-03-31,0,2024-05-03
2206.2,Coupon receivables,2024-03-31,11963338787,2024-05-03
2207,Interest receivables,2024-03-31,20872310689,2024-05-03
2207.1,Interest receivable from bank deposits,2024-03-31,4732433976,2024-05-03
2207.2,Interest receivable from Money market instruments,2024-03-31,16139876713,2024-05-03
2207.3,Interest receivable from reverse repo contracts,2024-03-31,0,2024-05-03
2208,Securities Trading Receivables,2024-03-31,0,2024-05-03
2210,Other Receivables,2024-03-31,0,2024-05-03
2210.1,Impairment of devaluation of pledged assets,2024-03-31,0,2024-05-03
2210.2,Provision for doubtful debt,2024-03-31,0,2024-05-03
2210.3,Other Receivables,2024-03-31,0,2024-05-03
2211,Other Assets,2024-03-31,57956685,2024-05-03
2212,TOTAL ASSETS,2024-03-31,2432909479993,2024-05-03
2213,LIABILITIES,2024-03-31,,2024-05-03
2214,Securities Trading Payables,2024-03-31,8199840000,2024-05-03
2215,Other Payables,2024-03-31,35012209265,2024-05-03
2215.1,Payables to investors,2024-03-31,31449981185,2024-05-03
2215.1.1,Subscription Pending allotment,2024-03-31,31449345794,2024-05-03
2215.1.2,Payables to investors for investment bought on behalf,2024-03-31,0,2024-05-03
2215.1.3,Payables to investors for collected dividend,2024-03-31,0,2024-05-03
2215.1.4,Redemption payable to investors,2024-03-31,635391,2024-05-03
2215.2,Tax payables and obligations to the State Budget,2024-03-31,833740921,2024-05-03
2215.3,Subscription and Redemption fee payable to distributors and Fund Management Company,2024-03-31,0,2024-05-03
2215.4,Income payable to investors,2024-03-31,0,2024-05-03
2215.5,Remuneration Payable to Fund's Board of Representatives,2024-03-31,7491803,2024-05-03
2215.6,Management fee payable,2024-03-31,2379228525,2024-05-03
2215.7,Fund Administration fee payable,2024-03-31,93700880,2024-05-03
2215.8,Supervisory service fee payable,2024-03-31,65428783,2024-05-03
2215.9,Transaction fee,2024-03-31,1229976,2024-05-03
2215.9.1,Brokerage fee payable,2024-03-31,1229976,2024-05-03
2215.9.2,Clearing Settlement fee payable,2024-03-31,0,2024-05-03
2215.10,Accrued expense for Custodian fee,2024-03-31,101384521,2024-05-03
2215.10.1,Custodian service - Safe Custody Fee,2024-03-31,99134521,2024-05-03
2215.10.2,Custodian service - Transaction fee,2024-03-31,1800000,2024-05-03
2215.10.3,"Custodian service -  Depository fee, Position and Margin management fee paid to VSDC",2024-03-31,450000,2024-05-03
2215.11,Audit fee payable,2024-03-31,33366667,2024-05-03
2215.12,General meeting expense payable,2024-03-31,0,2024-05-03
2215.13,Annual report fee payable,2024-03-31,0,2024-05-03
2215.14,Transfer Agency fee payable,2024-03-31,13200000,2024-05-03
2215.15,Service fee payable to HOSE for calculating iNAV,2024-03-31,0,2024-05-03
2215.16,Authorising index service fee payable to HOSE,2024-03-31,0,2024-05-03
2215.17,Other payables,2024-03-31,33456004,2024-05-03
2215.17.1,Price feed fee payable,2024-03-31,23500000,2024-05-03
2215.17.2,"Accrued expense for Fund's Board of Representatives travelling, meeting",2024-03-31,0,2024-05-03
2215.17.3,Accrued expense for Annual Management Fee pay to SSC,2024-03-31,9364754,2024-05-03
2215.17.4,Other payables,2024-03-31,591250,2024-05-03
2215.18,Short-term loans - Repo contracts,2024-03-31,0,2024-05-03
2215.18.1,Principal of repo contracts,2024-03-31,0,2024-05-03
2215.18.2,Accrued Interest Expense,2024-03-31,0,2024-05-03
2215.18.3,Principal of Short-term loans,2024-03-31,0,2024-05-03
2216,TOTAL LIABILITIES,2024-03-31,43212049265,2024-05-03
2217,Net Asset Value ( = I.10 - II.4),2024-03-31,2389697430728,2024-05-03
2218,Total Outstanding Fund Certificates,2024-03-31,221307075.14,2024-05-03
2219,Net Asset Value per Fund Certificate,2024-03-31,10798.1,2024-05-03
2220,Receivables from rental of investment property (not applicable),2024-03-31,0,2024-05-03
2221,Real Estate Proceeds Receivables (not applicale),2024-03-31,0,2024-05-03
2222,Real Estate Trading Payables (not applicable),2024-03-31,0,2024-05-03
2200,ASSETS,2024-04-30,,2024-06-03
2201,Cash and Cash Equivalents,2024-04-30,534144793476,2024-06-03
2202,Cash,2024-04-30,,2024-06-03
2203,Cash at bank,2024-04-30,534144793476,2024-06-03
2203.1,Cash at bank for Fund's subscription,2024-04-30,43209355460,2024-06-03
2203.2,Cash at bank for Fund's redemption,2024-04-30,101020002,2024-06-03
2203.3,Cash at bank for Fund's operation,2024-04-30,4834418014,2024-06-03
2203.4,Margin account for trading derivatives,2024-04-30,0,2024-06-03
2203.5,"Cash, cash equivalents",2024-04-30,486000000000,2024-06-03
2205,Investments,2024-04-30,1551819944784,2024-06-03
2205.1,"Listed Shares, fund certificates",2024-04-30,0,2024-06-03
2205.2,"Unlisted Shares, fund certifictes",2024-04-30,0,2024-06-03
2205.3,Bonds,2024-04-30,839092463298,2024-06-03
2205.4,Money market instruments,2024-04-30,416927481486,2024-06-03
2205.5,Deposits with term over three (03) months,2024-04-30,295800000000,2024-06-03
2205.6,Investment - Rights,2024-04-30,0,2024-06-03
2205.7,Index future contracts,2024-04-30,0,2024-06-03
2205.8,Other investments,2024-04-30,0,2024-06-03
2205.9,Reverse repo contracts,2024-04-30,0,2024-06-03
2206,"Dividend, Coupon receivables",2024-04-30,13703916050,2024-06-03
2206.1,Dividend receivables,2024-04-30,0,2024-06-03
2206.2,Coupon receivables,2024-04-30,13703916050,2024-06-03
2207,Interest receivables,2024-04-30,16164183564,2024-06-03
2207.1,Interest receivable from bank deposits,2024-04-30,5883402741,2024-06-03
2207.2,Interest receivable from Money market instruments,2024-04-30,10280780823,2024-06-03
2207.3,Interest receivable from reverse repo contracts,2024-04-30,0,2024-06-03
2208,Securities Trading Receivables,2024-04-30,0,2024-06-03
2210,Other Receivables,2024-04-30,0,2024-06-03
2210.1,Impairment of devaluation of pledged assets,2024-04-30,0,2024-06-03
2210.2,Provision for doubtful debt,2024-04-30,0,2024-06-03
2210.3,Other Receivables,2024-04-30,0,2024-06-03
2211,Other Assets,2024-04-30,54432319,2024-06-03
2212,TOTAL ASSETS,2024-04-30,2115887270193,2024-06-03
2213,LIABILITIES,2024-04-30,,2024-06-03
2214,Securities Trading Payables,2024-04-30,0,2024-06-03
2215,Other Payables,2024-04-30,46597152801,2024-06-03
2215.1,Payables to investors,2024-04-30,43310375462,2024-06-03
2215.1.1,Subscription Pending allotment,2024-04-30,43209355460,2024-06-03
2215.1.2,Payables to investors for investment bought on behalf,2024-04-30,0,2024-06-03
2215.1.3,Payables to investors for collected dividend,2024-04-30,0,2024-06-03
2215.1.4,Redemption payable to investors,2024-04-30,101020002,2024-06-03
2215.2,Tax payables and obligations to the State Budget,2024-04-30,817977796,2024-06-03
2215.3,Subscription and Redemption fee payable to distributors and Fund Management Company,2024-04-30,0,2024-06-03
2215.4,Income payable to investors,2024-04-30,0,2024-06-03
2215.5,Remuneration Payable to Fund's Board of Representatives,2024-04-30,7983607,2024-06-03
2215.6,Management fee payable,2024-04-30,2150295788,2024-06-03
2215.7,Fund Administration fee payable,2024-04-30,85306678,2024-06-03
2215.8,Supervisory service fee payable,2024-04-30,59133133,2024-06-03
2215.9,Transaction fee,2024-04-30,0,2024-06-03
2215.9.1,Brokerage fee payable,2024-04-30,0,2024-06-03
2215.9.2,Clearing Settlement fee payable,2024-04-30,0,2024-06-03
2215.10,Accrued expense for Custodian fee,2024-04-30,90195659,2024-06-03
2215.10.1,Custodian service - Safe Custody Fee,2024-04-30,89595659,2024-06-03
2215.10.2,Custodian service - Transaction fee,2024-04-30,150000,2024-06-03
2215.10.3,"Custodian service -  Depository fee, Position and Margin management fee paid to VSDC",2024-04-30,450000,2024-06-03
2215.11,Audit fee payable,2024-04-30,44366667,2024-06-03
2215.12,General meeting expense payable,2024-04-30,0,2024-06-03
2215.13,Annual report fee payable,2024-04-30,0,2024-06-03
2215.14,Transfer Agency fee payable,2024-04-30,13200000,2024-06-03
2215.15,Service fee payable to HOSE for calculating iNAV,2024-04-30,0,2024-06-03
2215.16,Authorising index service fee payable to HOSE,2024-04-30,0,2024-06-03
2215.17,Other payables,2024-04-30,18318011,2024-06-03
2215.17.1,Price feed fee payable,2024-04-30,7747253,2024-06-03
2215.17.2,"Accrued expense for Fund's Board of Representatives travelling, meeting",2024-04-30,0,2024-06-03
2215.17.3,Accrued expense for Annual Management Fee pay to SSC,2024-04-30,9979508,2024-06-03
2215.17.4,Other payables,2024-04-30,591250,2024-06-03
2215.18,Short-term loans - Repo contracts,2024-04-30,0,2024-06-03
2215.18.1,Principal of repo contracts,2024-04-30,0,2024-06-03
2215.18.2,Accrued Interest Expense,2024-04-30,0,2024-06-03
2215.18.3,Principal of Short-term loans,2024-04-30,0,2024-06-03
2216,TOTAL LIABILITIES,2024-04-30,46597152801,2024-06-03
2217,Net Asset Value ( = I.10 - II.4),2024-04-30,2069290117392,2024-06-03
2218,Total Outstanding Fund Certificates,2024-04-30,190877840.82,2024-06-03
2219,Net Asset Value per Fund Certificate,2024-04-30,10840.91,2024-06-03
2220,Receivables from rental of investment property (not applicable),2024-04-30,0,2024-06-03
2221,Real Estate Proceeds Receivables (not applicale),2024-04-30,0,2024-06-03
2222,Real Estate Trading Payables (not applicable),2024-04-30,0,2024-06-03
2200,ASSETS,2024-05-31,,2024-07-01
2201,Cash and Cash Equivalents,2024-05-31,390430417131,2024-07-01
2202,Cash,2024-05-31,,2024-07-01
2203,Cash at bank,2024-05-31,390430417131,2024-07-01
2203.1,Cash at bank for Fund's subscription,2024-05-31,14449925072,2024-07-01
2203.2,Cash at bank for Fund's redemption,2024-05-31,206251594,2024-07-01
2203.3,Cash at bank for Fund's operation,2024-05-31,10774240465,2024-07-01
2203.4,Margin account for trading derivatives,2024-05-31,0,2024-07-01
2203.5,"Cash, cash equivalents",2024-05-31,365000000000,2024-07-01
2205,Investments,2024-05-31,1445388010546,2024-07-01
2205.1,"Listed Shares, fund certificates",2024-05-31,0,2024-07-01
2205.2,"Unlisted Shares, fund certifictes",2024-05-31,0,2024-07-01
2205.3,Bonds,2024-05-31,821632021526,2024-07-01
2205.4,Money market instruments,2024-05-31,376955989020,2024-07-01
2205.5,Deposits with term over three (03) months,2024-05-31,246800000000,2024-07-01
2205.6,Investment - Rights,2024-05-31,0,2024-07-01
2205.7,Index future contracts,2024-05-31,0,2024-07-01
2205.8,Other investments,2024-05-31,0,2024-07-01
2205.9,Reverse repo contracts,2024-05-31,0,2024-07-01
2206,"Dividend, Coupon receivables",2024-05-31,20099248143,2024-07-01
2206.1,Dividend receivables,2024-05-31,0,2024-07-01
2206.2,Coupon receivables,2024-05-31,20099248143,2024-07-01
2207,Interest receivables,2024-05-31,17524767124,2024-07-01
2207.1,Interest receivable from bank deposits,2024-05-31,4629452056,2024-07-01
2207.2,Interest receivable from Money market instruments,2024-05-31,12895315068,2024-07-01
2207.3,Interest receivable from reverse repo contracts,2024-05-31,0,2024-07-01
2208,Securities Trading Receivables,2024-05-31,0,2024-07-01
2210,Other Receivables,2024-05-31,0,2024-07-01
2210.1,Impairment of devaluation of pledged assets,2024-05-31,0,2024-07-01
2210.2,Provision for doubtful debt,2024-05-31,0,2024-07-01
2210.3,Other Receivables,2024-05-31,0,2024-07-01
2211,Other Assets,2024-05-31,50790474,2024-07-01
2212,TOTAL ASSETS,2024-05-31,1873493233418,2024-07-01
2213,LIABILITIES,2024-05-31,,2024-07-01
2214,Securities Trading Payables,2024-05-31,0,2024-07-01
2215,Other Payables,2024-05-31,17699015374,2024-07-01
2215.1,Payables to investors,2024-05-31,14656176666,2024-07-01
2215.1.1,Subscription Pending allotment,2024-05-31,14449925072,2024-07-01
2215.1.2,Payables to investors for investment bought on behalf,2024-05-31,0,2024-07-01
2215.1.3,Payables to investors for collected dividend,2024-05-31,0,2024-07-01
2215.1.4,Redemption payable to investors,2024-05-31,206251594,2024-07-01
2215.2,Tax payables and obligations to the State Budget,2024-05-31,690024500,2024-07-01
2215.3,Subscription and Redemption fee payable to distributors and Fund Management Company,2024-05-31,0,2024-07-01
2215.4,Income payable to investors,2024-05-31,0,2024-07-01
2215.5,Remuneration Payable to Fund's Board of Representatives,2024-05-31,8491803,2024-07-01
2215.6,Management fee payable,2024-05-31,2026587329,2024-07-01
2215.7,Fund Administration fee payable,2024-05-31,80770702,2024-07-01
2215.8,Supervisory service fee payable,2024-05-31,55731151,2024-07-01
2215.9,Transaction fee,2024-05-31,0,2024-07-01
2215.9.1,Brokerage fee payable,2024-05-31,0,2024-07-01
2215.9.2,Clearing Settlement fee payable,2024-05-31,0,2024-07-01
2215.10,Accrued expense for Custodian fee,2024-05-31,85341139,2024-07-01
2215.10.1,Custodian service - Safe Custody Fee,2024-05-31,84441139,2024-07-01
2215.10.2,Custodian service - Transaction fee,2024-05-31,450000,2024-07-01
2215.10.3,"Custodian service -  Depository fee, Position and Margin management fee paid to VSDC",2024-05-31,450000,2024-07-01
2215.11,Audit fee payable,2024-05-31,55733333,2024-07-01
2215.12,General meeting expense payable,2024-05-31,0,2024-07-01
2215.13,Annual report fee payable,2024-05-31,0,2024-07-01
2215.14,Transfer Agency fee payable,2024-05-31,13200000,2024-07-01
2215.15,Service fee payable to HOSE for calculating iNAV,2024-05-31,0,2024-07-01
2215.16,Authorising index service fee payable to HOSE,2024-05-31,0,2024-07-01
2215.17,Other payables,2024-05-31,26958751,2024-07-01
2215.17.1,Price feed fee payable,2024-05-31,15752747,2024-07-01
2215.17.2,"Accrued expense for Fund's Board of Representatives travelling, meeting",2024-05-31,0,2024-07-01
2215.17.3,Accrued expense for Annual Management Fee pay to SSC,2024-05-31,10614754,2024-07-01
2215.17.4,Other payables,2024-05-31,591250,2024-07-01
2215.18,Short-term loans - Repo contracts,2024-05-31,0,2024-07-01
2215.18.1,Principal of repo contracts,2024-05-31,0,2024-07-01
2215.18.2,Accrued Interest Expense,2024-05-31,0,2024-07-01
2215.18.3,Principal of Short-term loans,2024-05-31,0,2024-07-01
2216,TOTAL LIABILITIES,2024-05-31,17699015374,2024-07-01
2217,Net Asset Value ( = I.10 - II.4),2024-05-31,1855794218044,2024-07-01
2218,Total Outstanding Fund Certificates,2024-05-31,170431653.94,2024-07-01
2219,Net Asset Value per Fund Certificate,2024-05-31,10888.78,2024-07-01
2220,Receivables from rental of investment property (not applicable),2024-05-31,0,2024-07-01
2221,Real Estate Proceeds Receivables (not applicale),2024-05-31,0,2024-07-01
2222,Real Estate Trading Payables (not applicable),2024-05-31,0,2024-07-01
2200,ASSETS,2024-06-30,,2024-08-01
2201,Cash and Cash Equivalents,2024-06-30,273947685898,2024-08-01
2202,Cash,2024-06-30,,2024-08-01
2203,Cash at bank,2024-06-30,273947685898,2024-08-01
2203.1,Cash at bank for Fund's subscription,2024-06-30,25072385974,2024-08-01
2203.2,Cash at bank for Fund's redemption,2024-06-30,841484060,2024-08-01
2203.3,Cash at bank for Fund's operation,2024-06-30,1033815864,2024-08-01
2203.4,Margin account for trading derivatives,2024-06-30,0,2024-08-01
2203.5,"Cash, cash equivalents",2024-06-30,247000000000,2024-08-01
2205,Investments,2024-06-30,1289135405183,2024-08-01
2205.1,"Listed Shares, fund certificates",2024-06-30,0,2024-08-01
2205.2,"Unlisted Shares, fund certifictes",2024-06-30,0,2024-08-01
2205.3,Bonds,2024-06-30,665672051094,2024-08-01
2205.4,Money market instruments,2024-06-30,376663354089,2024-08-01
2205.5,Deposits with term over three (03) months,2024-06-30,246800000000,2024-08-01
2205.6,Investment - Rights,2024-06-30,0,2024-08-01
2205.7,Index future contracts,2024-06-30,0,2024-08-01
2205.8,Other investments,2024-06-30,0,2024-08-01
2205.9,Reverse repo contracts,2024-06-30,0,2024-08-01
2206,"Dividend, Coupon receivables",2024-06-30,16961561218,2024-08-01
2206.1,Dividend receivables,2024-06-30,0,2024-08-01
2206.2,Coupon receivables,2024-06-30,16961561218,2024-08-01
2207,Interest receivables,2024-06-30,14897317808,2024-08-01
2207.1,Interest receivable from bank deposits,2024-06-30,5430441096,2024-08-01
2207.2,Interest receivable from Money market instruments,2024-06-30,9466876712,2024-08-01
2207.3,Interest receivable from reverse repo contracts,2024-06-30,0,2024-08-01
2208,Securities Trading Receivables,2024-06-30,102362820000,2024-08-01
2210,Other Receivables,2024-06-30,0,2024-08-01
2210.1,Impairment of devaluation of pledged assets,2024-06-30,0,2024-08-01
2210.2,Provision for doubtful debt,2024-06-30,0,2024-08-01
2210.3,Other Receivables,2024-06-30,0,2024-08-01
2211,Other Assets,2024-06-30,47266109,2024-08-01
2212,TOTAL ASSETS,2024-06-30,1697352056216,2024-08-01
2213,LIABILITIES,2024-06-30,,2024-08-01
2214,Securities Trading Payables,2024-06-30,0,2024-08-01
2215,Other Payables,2024-06-30,28655361903,2024-08-01
2215.1,Payables to investors,2024-06-30,25913870034,2024-08-01
2215.1.1,Subscription Pending allotment,2024-06-30,25072385974,2024-08-01
2215.1.2,Payables to investors for investment bought on behalf,2024-06-30,0,2024-08-01
2215.1.3,Payables to investors for collected dividend,2024-06-30,0,2024-08-01
2215.1.4,Redemption payable to investors,2024-06-30,841484060,2024-08-01
2215.2,Tax payables and obligations to the State Budget,2024-06-30,696367503,2024-08-01
2215.3,Subscription and Redemption fee payable to distributors and Fund Management Company,2024-06-30,0,2024-08-01
2215.4,Income payable to investors,2024-06-30,0,2024-08-01
2215.5,Remuneration Payable to Fund's Board of Representatives,2024-06-30,8983607,2024-08-01
2215.6,Management fee payable,2024-06-30,1710301862,2024-08-01
2215.7,Fund Administration fee payable,2024-06-30,69173568,2024-08-01
2215.8,Supervisory service fee payable,2024-06-30,47033299,2024-08-01
2215.9,Transaction fee,2024-06-30,16328524,2024-08-01
2215.9.1,Brokerage fee payable,2024-06-30,16328524,2024-08-01
2215.9.2,Clearing Settlement fee payable,2024-06-30,0,2024-08-01
2215.10,Accrued expense for Custodian fee,2024-06-30,72762578,2024-08-01
2215.10.1,Custodian service - Safe Custody Fee,2024-06-30,71262578,2024-08-01
2215.10.2,Custodian service - Transaction fee,2024-06-30,1050000,2024-08-01
2215.10.3,"Custodian service -  Depository fee, Position and Margin management fee paid to VSDC",2024-06-30,450000,2024-08-01
2215.11,Audit fee payable,2024-06-30,66733333,2024-08-01
2215.12,General meeting expense payable,2024-06-30,5286837,2024-08-01
2215.13,Annual report fee payable,2024-06-30,0,2024-08-01
2215.14,Transfer Agency fee payable,2024-06-30,13200000,2024-08-01
2215.15,Service fee payable to HOSE for calculating iNAV,2024-06-30,0,2024-08-01
2215.16,Authorising index service fee payable to HOSE,2024-06-30,0,2024-08-01
2215.17,Other payables,2024-06-30,35320758,2024-08-01
2215.17.1,Price feed fee payable,2024-06-30,23500000,2024-08-01
2215.17.2,"Accrued expense for Fund's Board of Representatives travelling, meeting",2024-06-30,0,2024-08-01
2215.17.3,Accrued expense for Annual Management Fee pay to SSC,2024-06-30,11229508,2024-08-01
2215.17.4,Other payables,2024-06-30,591250,2024-08-01
2215.18,Short-term loans - Repo contracts,2024-06-30,0,2024-08-01
2215.18.1,Principal of repo contracts,2024-06-30,0,2024-08-01
2215.18.2,Accrued Interest Expense,2024-06-30,0,2024-08-01
2215.18.3,Principal of Short-term loans,2024-06-30,0,2024-08-01
2216,TOTAL LIABILITIES,2024-06-30,28655361903,2024-08-01
2217,Net Asset Value ( = I.10 - II.4),2024-06-30,1668696694313,2024-08-01
2218,Total Outstanding Fund Certificates,2024-06-30,152206028.79,2024-08-01
2219,Net Asset Value per Fund Certificate,2024-06-30,10963.4,2024-08-01
2220,Receivables from rental of investment property (not applicable),2024-06-30,0,2024-08-01
2221,Real Estate Proceeds Receivables (not applicale),2024-06-30,0,2024-08-01
2222,Real Estate Trading Payables (not applicable),2024-06-30,0,2024-08-01
2200,ASSETS,2024-07-31,,2024-09-04
2201,Cash and Cash Equivalents,2024-07-31,793014213290,2024-09-04
2202,Cash,2024-07-31,,2024-09-04
2203,Cash at bank,2024-07-31,793014213290,2024-09-04
2203.1,Cash at bank for Fund's subscription,2024-07-31,21035902146,2024-09-04
2203.2,Cash at bank for Fund's redemption,2024-07-31,118474073,2024-09-04
2203.3,Cash at bank for Fund's operation,2024-07-31,159837071,2024-09-04
2203.4,Margin account for trading derivatives,2024-07-31,0,2024-09-04
2203.5,"Cash, cash equivalents",2024-07-31,771700000000,2024-09-04
2205,Investments,2024-07-31,976838122944,2024-09-04
2205.1,"Listed Shares, fund certificates",2024-07-31,0,2024-09-04
2205.2,"Unlisted Shares, fund certifictes",2024-07-31,0,2024-09-04
2205.3,Bonds,2024-07-31,622338122944,2024-09-04
2205.4,Money market instruments,2024-07-31,270000000000,2024-09-04
2205.5,Deposits with term over three (03) months,2024-07-31,84500000000,2024-09-04
2205.6,Investment - Rights,2024-07-31,0,2024-09-04
2205.7,Index future contracts,2024-07-31,0,2024-09-04
2205.8,Other investments,2024-07-31,0,2024-09-04
2205.9,Reverse repo contracts,2024-07-31,0,2024-09-04
2206,"Dividend, Coupon receivables",2024-07-31,14678717016,2024-09-04
2206.1,Dividend receivables,2024-07-31,0,2024-09-04
2206.2,Coupon receivables,2024-07-31,14678717016,2024-09-04
2207,Interest receivables,2024-07-31,5769271504,2024-09-04
2207.1,Interest receivable from bank deposits,2024-07-31,2061929038,2024-09-04
2207.2,Interest receivable from Money market instruments,2024-07-31,3707342466,2024-09-04
2207.3,Interest receivable from reverse repo contracts,2024-07-31,0,2024-09-04
2208,Securities Trading Receivables,2024-07-31,0,2024-09-04
2210,Other Receivables,2024-07-31,0,2024-09-04
2210.1,Impairment of devaluation of pledged assets,2024-07-31,0,2024-09-04
2210.2,Provision for doubtful debt,2024-07-31,0,2024-09-04
2210.3,Other Receivables,2024-07-31,0,2024-09-04
2211,Other Assets,2024-07-31,67231335,2024-09-04
2212,TOTAL ASSETS,2024-07-31,1790367556089,2024-09-04
2213,LIABILITIES,2024-07-31,,2024-09-04
2214,Securities Trading Payables,2024-07-31,0,2024-09-04
2215,Other Payables,2024-07-31,23769335724,2024-09-04
2215.1,Payables to investors,2024-07-31,21154376219,2024-09-04
2215.1.1,Subscription Pending allotment,2024-07-31,21035902146,2024-09-04
2215.1.2,Payables to investors for investment bought on behalf,2024-07-31,0,2024-09-04
2215.1.3,Payables to investors for collected dividend,2024-07-31,0,2024-09-04
2215.1.4,Redemption payable to investors,2024-07-31,118474073,2024-09-04
2215.2,Tax payables and obligations to the State Budget,2024-07-31,540137187,2024-09-04
2215.3,Subscription and Redemption fee payable to distributors and Fund Management Company,2024-07-31,0,2024-09-04
2215.4,Income payable to investors,2024-07-31,0,2024-09-04
2215.5,Remuneration Payable to Fund's Board of Representatives,2024-07-31,9491803,2024-09-04
2215.6,Management fee payable,2024-07-31,1748262205,2024-09-04
2215.7,Fund Administration fee payable,2024-07-31,70565447,2024-09-04
2215.8,Supervisory service fee payable,2024-07-31,48077212,2024-09-04
2215.9,Transaction fee,2024-07-31,0,2024-09-04
2215.9.1,Brokerage fee payable,2024-07-31,0,2024-09-04
2215.9.2,Clearing Settlement fee payable,2024-07-31,0,2024-09-04
2215.10,Accrued expense for Custodian fee,2024-07-31,75394260,2024-09-04
2215.10.1,Custodian service - Safe Custody Fee,2024-07-31,72844260,2024-09-04
2215.10.2,Custodian service - Transaction fee,2024-07-31,2100000,2024-09-04
2215.10.3,"Custodian service -  Depository fee, Position and Margin management fee paid to VSDC",2024-07-31,450000,2024-09-04
2215.11,Audit fee payable,2024-07-31,78100000,2024-09-04
2215.12,General meeting expense payable,2024-07-31,11356909,2024-09-04
2215.13,Annual report fee payable,2024-07-31,0,2024-09-04
2215.14,Transfer Agency fee payable,2024-07-31,13200000,2024-09-04
2215.15,Service fee payable to HOSE for calculating iNAV,2024-07-31,0,2024-09-04
2215.16,Authorising index service fee payable to HOSE,2024-07-31,0,2024-09-04
2215.17,Other payables,2024-07-31,20374482,2024-09-04
2215.17.1,Price feed fee payable,2024-07-31,7918478,2024-09-04
2215.17.2,"Accrued expense for Fund's Board of Representatives travelling, meeting",2024-07-31,0,2024-09-04
2215.17.3,Accrued expense for Annual Management Fee pay to SSC,2024-07-31,11864754,2024-09-04
2215.17.4,Other payables,2024-07-31,591250,2024-09-04
2215.18,Short-term loans - Repo contracts,2024-07-31,0,2024-09-04
2215.18.1,Principal of repo contracts,2024-07-31,0,2024-09-04
2215.18.2,Accrued Interest Expense,2024-07-31,0,2024-09-04
2215.18.3,Principal of Short-term loans,2024-07-31,0,2024-09-04
2216,TOTAL LIABILITIES,2024-07-31,23769335724,2024-09-04
2217,Net Asset Value ( = I.10 - II.4),2024-07-31,1766598220365,2024-09-04
2218,Total Outstanding Fund Certificates,2024-07-31,160599750.44,2024-09-04
2219,Net Asset Value per Fund Certificate,2024-07-31,11000,2024-09-04
2220,Receivables from rental of investment property (not applicable),2024-07-31,0,2024-09-04
2221,Real Estate Proceeds Receivables (not applicale),2024-07-31,0,2024-09-04
2222,Real Estate Trading Payables (not applicable),2024-07-31,0,2024-09-04
2200,ASSETS,2024-08-31,,2024-10-01
2201,Cash and Cash Equivalents,2024-08-31,177298083083,2024-10-01
2202,Cash,2024-08-31,,2024-10-01
2203,Cash at bank,2024-08-31,177298083083,2024-10-01
2203.1,Cash at bank for Fund's subscription,2024-08-31,9559590068,2024-10-01
2203.2,Cash at bank for Fund's redemption,2024-08-31,131022502,2024-10-01
2203.3,Cash at bank for Fund's operation,2024-08-31,63407470513,2024-10-01
2203.4,Margin account for trading derivatives,2024-08-31,0,2024-10-01
2203.5,"Cash, cash equivalents",2024-08-31,104200000000,2024-10-01
2205,Investments,2024-08-31,1092170522887,2024-10-01
2205.1,"Listed Shares, fund certificates",2024-08-31,0,2024-10-01
2205.2,"Unlisted Shares, fund certifictes",2024-08-31,0,2024-10-01
2205.3,Bonds,2024-08-31,785670522887,2024-10-01
2205.4,Money market instruments,2024-08-31,300000000000,2024-10-01
2205.5,Deposits with term over three (03) months,2024-08-31,6500000000,2024-10-01
2205.6,Investment - Rights,2024-08-31,0,2024-10-01
2205.7,Index future contracts,2024-08-31,0,2024-10-01
2205.8,Other investments,2024-08-31,0,2024-10-01
2205.9,Reverse repo contracts,2024-08-31,0,2024-10-01
2206,"Dividend, Coupon receivables",2024-08-31,8480748492,2024-10-01
2206.1,Dividend receivables,2024-08-31,0,2024-10-01
2206.2,Coupon receivables,2024-08-31,8480748492,2024-10-01
2207,Interest receivables,2024-08-31,4737752054,2024-10-01
2207.1,Interest receivable from bank deposits,2024-08-31,379779452,2024-10-01
2207.2,Interest receivable from Money market instruments,2024-08-31,4357972602,2024-10-01
2207.3,Interest receivable from reverse repo contracts,2024-08-31,0,2024-10-01
2208,Securities Trading Receivables,2024-08-31,106071300000,2024-10-01
2210,Other Receivables,2024-08-31,0,2024-10-01
2210.1,Impairment of devaluation of pledged assets,2024-08-31,0,2024-10-01
2210.2,Provision for doubtful debt,2024-08-31,0,2024-10-01
2210.3,Other Receivables,2024-08-31,0,2024-10-01
2211,Other Assets,2024-08-31,54946562,2024-10-01
2212,TOTAL ASSETS,2024-08-31,1388813353078,2024-10-01
2213,LIABILITIES,2024-08-31,,2024-10-01
2214,Securities Trading Payables,2024-08-31,0,2024-10-01
2215,Other Payables,2024-08-31,12545230853,2024-10-01
2215.1,Payables to investors,2024-08-31,9690612570,2024-10-01
2215.1.1,Subscription Pending allotment,2024-08-31,9559590068,2024-10-01
2215.1.2,Payables to investors for investment bought on behalf,2024-08-31,0,2024-10-01
2215.1.3,Payables to investors for collected dividend,2024-08-31,0,2024-10-01
2215.1.4,Redemption payable to investors,2024-08-31,131022502,2024-10-01
2215.2,Tax payables and obligations to the State Budget,2024-08-31,967533650,2024-10-01
2215.3,Subscription and Redemption fee payable to distributors and Fund Management Company,2024-08-31,0,2024-10-01
2215.4,Income payable to investors,2024-08-31,0,2024-10-01
2215.5,Remuneration Payable to Fund's Board of Representatives,2024-08-31,10000000,2024-10-01
2215.6,Management fee payable,2024-08-31,1576960997,2024-10-01
2215.7,Fund Administration fee payable,2024-08-31,64284404,2024-10-01
2215.8,Supervisory service fee payable,2024-08-31,43366427,2024-10-01
2215.9,Transaction fee,2024-08-31,15910695,2024-10-01
2215.9.1,Brokerage fee payable,2024-08-31,15910695,2024-10-01
2215.9.2,Clearing Settlement fee payable,2024-08-31,0,2024-10-01
2215.10,Accrued expense for Custodian fee,2024-08-31,68706710,2024-10-01
2215.10.1,Custodian service - Safe Custody Fee,2024-08-31,65706710,2024-10-01
2215.10.2,Custodian service - Transaction fee,2024-08-31,2550000,2024-10-01
2215.10.3,"Custodian service -  Depository fee, Position and Margin management fee paid to VSDC",2024-08-31,450000,2024-10-01
2215.11,Audit fee payable,2024-08-31,23586667,2024-10-01
2215.12,General meeting expense payable,2024-08-31,17426981,2024-10-01
2215.13,Annual report fee payable,2024-08-31,0,2024-10-01
2215.14,Transfer Agency fee payable,2024-08-31,13200000,2024-10-01
2215.15,Service fee payable to HOSE for calculating iNAV,2024-08-31,0,2024-10-01
2215.16,Authorising index service fee payable to HOSE,2024-08-31,0,2024-10-01
2215.17,Other payables,2024-08-31,53641752,2024-10-01
2215.17.1,Price feed fee payable,2024-08-31,15836957,2024-10-01
2215.17.2,"Accrued expense for Fund's Board of Representatives travelling, meeting",2024-08-31,0,2024-10-01
2215.17.3,Accrued expense for Annual Management Fee pay to SSC,2024-08-31,12500000,2024-10-01
2215.17.4,Other payables,2024-08-31,25304795,2024-10-01
2215.18,Short-term loans - Repo contracts,2024-08-31,0,2024-10-01
2215.18.1,Principal of repo contracts,2024-08-31,0,2024-10-01
2215.18.2,Accrued Interest Expense,2024-08-31,0,2024-10-01
2215.18.3,Principal of Short-term loans,2024-08-31,0,2024-10-01
2216,TOTAL LIABILITIES,2024-08-31,12545230853,2024-10-01
2217,Net Asset Value ( = I.10 - II.4),2024-08-31,1376268122225,2024-10-01
2218,Total Outstanding Fund Certificates,2024-08-31,124617577.34,2024-10-01
2219,Net Asset Value per Fund Certificate,2024-08-31,11043.93,2024-10-01
2220,Receivables from rental of investment property (not applicable),2024-08-31,0,2024-10-01
2221,Real Estate Proceeds Receivables (not applicale),2024-08-31,0,2024-10-01
2222,Real Estate Trading Payables (not applicable),2024-08-31,0,2024-10-01
2200,ASSETS,2024-09-30,,2024-11-01
2201,Cash and Cash Equivalents,2024-09-30,323998696966,2024-11-01
2202,Cash,2024-09-30,,2024-11-01
2203,Cash at bank,2024-09-30,323998696966,2024-11-01
2203.1,Cash at bank for Fund's subscription,2024-09-30,26784612269,2024-11-01
2203.2,Cash at bank for Fund's redemption,2024-09-30,36224842,2024-11-01
2203.3,Cash at bank for Fund's operation,2024-09-30,23677859855,2024-11-01
2203.4,Margin account for trading derivatives,2024-09-30,0,2024-11-01
2203.5,"Cash, cash equivalents",2024-09-30,273500000000,2024-11-01
2205,Investments,2024-09-30,871876481686,2024-11-01
2205.1,"Listed Shares, fund certificates",2024-09-30,0,2024-11-01
2205.2,"Unlisted Shares, fund certifictes",2024-09-30,0,2024-11-01
2205.3,Bonds,2024-09-30,565376481686,2024-11-01
2205.4,Money market instruments,2024-09-30,300000000000,2024-11-01
2205.5,Deposits with term over three (03) months,2024-09-30,6500000000,2024-11-01
2205.6,Investment - Rights,2024-09-30,0,2024-11-01
2205.7,Index future contracts,2024-09-30,0,2024-11-01
2205.8,Other investments,2024-09-30,0,2024-11-01
2205.9,Reverse repo contracts,2024-09-30,0,2024-11-01
2206,"Dividend, Coupon receivables",2024-09-30,11464641880,2024-11-01
2206.1,Dividend receivables,2024-09-30,0,2024-11-01
2206.2,Coupon receivables,2024-09-30,11464641880,2024-11-01
2207,Interest receivables,2024-09-30,6261653425,2024-11-01
2207.1,Interest receivable from bank deposits,2024-09-30,248338356,2024-11-01
2207.2,Interest receivable from Money market instruments,2024-09-30,6013315069,2024-11-01
2207.3,Interest receivable from reverse repo contracts,2024-09-30,0,2024-11-01
2208,Securities Trading Receivables,2024-09-30,0,2024-11-01
2210,Other Receivables,2024-09-30,0,2024-11-01
2210.1,Impairment of devaluation of pledged assets,2024-09-30,0,2024-11-01
2210.2,Provision for doubtful debt,2024-09-30,0,2024-11-01
2210.3,Other Receivables,2024-09-30,0,2024-11-01
2211,Other Assets,2024-09-30,43058071,2024-11-01
2212,TOTAL ASSETS,2024-09-30,1213644532028,2024-11-01
2213,LIABILITIES,2024-09-30,,2024-11-01
2214,Securities Trading Payables,2024-09-30,0,2024-11-01
2215,Other Payables,2024-09-30,28965631749,2024-11-01
2215.1,Payables to investors,2024-09-30,26820837111,2024-11-01
2215.1.1,Subscription Pending allotment,2024-09-30,26784612269,2024-11-01
2215.1.2,Payables to investors for investment bought on behalf,2024-09-30,0,2024-11-01
2215.1.3,Payables to investors for collected dividend,2024-09-30,0,2024-11-01
2215.1.4,Redemption payable to investors,2024-09-30,36224842,2024-11-01
2215.2,Tax payables and obligations to the State Budget,2024-09-30,671566661,2024-11-01
2215.3,Subscription and Redemption fee payable to distributors and Fund Management Company,2024-09-30,0,2024-11-01
2215.4,Income payable to investors,2024-09-30,0,2024-11-01
2215.5,Remuneration Payable to Fund's Board of Representatives,2024-09-30,10491803,2024-11-01
2215.6,Management fee payable,2024-09-30,1216251099,2024-11-01
2215.7,Fund Administration fee payable,2024-09-30,51058374,2024-11-01
2215.8,Supervisory service fee payable,2024-09-30,33446906,2024-11-01
2215.9,Transaction fee,2024-09-30,0,2024-11-01
2215.9.1,Brokerage fee payable,2024-09-30,0,2024-11-01
2215.9.2,Clearing Settlement fee payable,2024-09-30,0,2024-11-01
2215.10,Accrued expense for Custodian fee,2024-09-30,54277130,2024-11-01
2215.10.1,Custodian service - Safe Custody Fee,2024-09-30,50677130,2024-11-01
2215.10.2,Custodian service - Transaction fee,2024-09-30,3150000,2024-11-01
2215.10.3,"Custodian service -  Depository fee, Position and Margin management fee paid to VSDC",2024-09-30,450000,2024-11-01
2215.11,Audit fee payable,2024-09-30,34586667,2024-11-01
2215.12,General meeting expense payable,2024-09-30,23301244,2024-11-01
2215.13,Annual report fee payable,2024-09-30,0,2024-11-01
2215.14,Transfer Agency fee payable,2024-09-30,13200000,2024-11-01
2215.15,Service fee payable to HOSE for calculating iNAV,2024-09-30,0,2024-11-01
2215.16,Authorising index service fee payable to HOSE,2024-09-30,0,2024-11-01
2215.17,Other payables,2024-09-30,36614754,2024-11-01
2215.17.1,Price feed fee payable,2024-09-30,23500000,2024-11-01
2215.17.2,"Accrued expense for Fund's Board of Representatives travelling, meeting",2024-09-30,0,2024-11-01
2215.17.3,Accrued expense for Annual Management Fee pay to SSC,2024-09-30,13114754,2024-11-01
2215.17.4,Other payables,2024-09-30,0,2024-11-01
2215.18,Short-term loans - Repo contracts,2024-09-30,0,2024-11-01
2215.18.1,Principal of repo contracts,2024-09-30,0,2024-11-01
2215.18.2,Accrued Interest Expense,2024-09-30,0,2024-11-01
2215.18.3,Principal of Short-term loans,2024-09-30,0,2024-11-01
2216,TOTAL LIABILITIES,2024-09-30,28965631749,2024-11-01
2217,Net Asset Value ( = I.10 - II.4),2024-09-30,1184678900279,2024-11-01
2218,Total Outstanding Fund Certificates,2024-09-30,106868925.22,2024-11-01
2219,Net Asset Value per Fund Certificate,2024-09-30,11085.34,2024-11-01
2220,Receivables from rental of investment property (not applicable),2024-09-30,0,2024-11-01
2221,Real Estate Proceeds Receivables (not applicale),2024-09-30,0,2024-11-01
2222,Real Estate Trading Payables (not applicable),2024-09-30,0,2024-11-01
2200,ASSETS,2024-10-31,,2024-12-02
2201,Cash and Cash Equivalents,2024-10-31,462240792818,2024-12-02
2202,Cash,2024-10-31,,2024-12-02
2203,Cash at bank,2024-10-31,462240792818,2024-12-02
2203.1,Cash at bank for Fund's subscription,2024-10-31,21894476234,2024-12-02
2203.2,Cash at bank for Fund's dividend payment and redemption,2024-10-31,26949753,2024-12-02
2203.2,Cash at bank for Fund's redemption,2024-10-31,26949753,2024-11-01
2203.3,Cash at bank for Fund's operation,2024-10-31,35519366831,2024-12-02
2203.4,Margin account for trading derivatives,2024-10-31,0,2024-12-02
2203.5,"Cash, cash equivalents",2024-10-31,404800000000,2024-12-02
2205,Investments,2024-10-31,757180537690,2024-12-02
2205.1,"Listed Shares, fund certificates",2024-10-31,0,2024-12-02
2205.2,"Unlisted Shares, fund certifictes",2024-10-31,0,2024-12-02
2205.3,Bonds,2024-10-31,450680537690,2024-12-02
2205.4,Money market instruments,2024-10-31,300000000000,2024-12-02
2205.5,Deposits with term over three (03) months,2024-10-31,6500000000,2024-12-02
2205.6,Investment - Rights,2024-10-31,0,2024-12-02
2205.7,Index future contracts,2024-10-31,0,2024-12-02
2205.8,Other investments,2024-10-31,0,2024-12-02
2205.9,Reverse repo contracts,2024-10-31,0,2024-12-02
2206,"Dividend, Coupon receivables",2024-10-31,14005264042,2024-12-02
2206.1,Dividend receivables,2024-10-31,0,2024-12-02
2206.2,Coupon receivables,2024-10-31,14005264042,2024-12-02
2207,Interest receivables,2024-10-31,8429628769,2024-12-02
2207.1,Interest receivable from bank deposits,2024-10-31,705793153,2024-12-02
2207.2,Interest receivable from Money market instruments,2024-10-31,7723835616,2024-12-02
2207.3,Interest receivable from reverse repo contracts,2024-10-31,0,2024-12-02
2208,Securities Trading Receivables,2024-10-31,0,2024-12-02
2210,Other Receivables,2024-10-31,0,2024-12-02
2210.1,Impairment of devaluation of pledged assets,2024-10-31,0,2024-12-02
2210.2,Provision for doubtful debt,2024-10-31,0,2024-12-02
2210.3,Other Receivables,2024-10-31,0,2024-12-02
2211,Other Assets,2024-10-31,30773299,2024-12-02
2212,TOTAL ASSETS,2024-10-31,1241886996618,2024-12-02
2213,LIABILITIES,2024-10-31,,2024-12-02
2214,Securities Trading Payables,2024-10-31,13244722224,2024-12-02
2215,Other Payables,2024-10-31,23951178756,2024-12-02
2215.1,Payables to investors,2024-10-31,21921425987,2024-12-02
2215.1.1,Subscription Pending allotment,2024-10-31,21894476234,2024-12-02
2215.1.2,Payables to investors for investment bought on behalf,2024-10-31,0,2024-12-02
2215.1.3,Payables to investors for collected dividend,2024-10-31,0,2024-12-02
2215.1.4,Redemption payable to investors,2024-10-31,26949753,2024-12-02
2215.2,Tax payables and obligations to the State Budget,2024-10-31,579084926,2024-12-02
2215.3,Subscription and Redemption fee payable to distributors and Fund Management Company,2024-10-31,0,2024-12-02
2215.4,Income payable to investors,2024-10-31,0,2024-12-02
2215.5,Remuneration Payable to Fund's Board of Representatives,2024-10-31,11000000,2024-12-02
2215.6,Management fee payable,2024-10-31,1188711608,2024-12-02
2215.7,Fund Administration fee payable,2024-10-31,50360176,2024-12-02
2215.8,Supervisory service fee payable,2024-10-31,32923258,2024-12-02
2215.9,Transaction fee,2024-10-31,1986708,2024-12-02
2215.9.1,Brokerage fee payable,2024-10-31,1986708,2024-12-02
2215.9.2,Clearing Settlement fee payable,2024-10-31,0,2024-12-02
2215.10,Accrued expense for Custodian fee,2024-10-31,51533727,2024-12-02
2215.10.1,Custodian service - Safe Custody Fee,2024-10-31,49883727,2024-12-02
2215.10.2,Custodian service - Transaction fee,2024-10-31,1200000,2024-12-02
2215.10.3,"Custodian service -  Depository fee, Position and Margin management fee paid to VSDC",2024-10-31,450000,2024-12-02
2215.11,Audit fee payable,2024-10-31,45953333,2024-12-02
2215.12,General meeting expense payable,2024-10-31,29371316,2024-12-02
2215.13,Annual report fee payable,2024-10-31,0,2024-12-02
2215.14,Transfer Agency fee payable,2024-10-31,13200000,2024-12-02
2215.15,Service fee payable to HOSE for calculating iNAV,2024-10-31,0,2024-12-02
2215.16,Authorising index service fee payable to HOSE,2024-10-31,0,2024-12-02
2215.17,Other payables,2024-10-31,25627717,2024-12-02
2215.17.1,Price feed fee payable,2024-10-31,11877717,2024-12-02
2215.17.2,"Accrued expense for Fund's Board of Representatives travelling, meeting",2024-10-31,0,2024-12-02
2215.17.3,Accrued expense for Annual Management Fee pay to SSC,2024-10-31,13750000,2024-12-02
2215.17.4,Other payables,2024-10-31,0,2024-12-02
2215.18,Short-term loans - Repo contracts,2024-10-31,0,2024-12-02
2215.18.1,Principal of repo contracts,2024-10-31,0,2024-12-02
2215.18.2,Accrued Interest Expense,2024-10-31,0,2024-12-02
2215.18.3,Principal of Short-term loans,2024-10-31,0,2024-12-02
2216,TOTAL LIABILITIES,2024-10-31,37195900980,2024-12-02
2217,Net Asset Value ( = I.10 - II.4),2024-10-31,1204691095638,2024-12-02
2218,Total Outstanding Fund Certificates,2024-10-31,108154253.37,2024-12-02
2219,Net Asset Value per Fund Certificate,2024-10-31,11138.63,2024-12-02
2220,Receivables from rental of investment property (not applicable),2024-10-31,0,2024-12-02
2221,Real Estate Proceeds Receivables (not applicale),2024-10-31,0,2024-12-02
2222,Real Estate Trading Payables (not applicable),2024-10-31,0,2024-12-02
2200,ASSETS,2024-11-30,,2025-01-03
2201,Cash and Cash Equivalents,2024-11-30,318904337181,2025-01-03
2202,Cash,2024-11-30,,2025-01-03
2203,Cash at bank,2024-11-30,318904337181,2025-01-03
2203.1,Cash at bank for Fund's subscription,2024-11-30,28804237072,2025-01-03
2203.2,Cash at bank for Fund's dividend payment and redemption,2024-11-30,208776,2025-01-03
2203.3,Cash at bank for Fund's operation,2024-11-30,21099891333,2025-01-03
2203.4,Margin account for trading derivatives,2024-11-30,0,2025-01-03
2203.5,"Cash, cash equivalents",2024-11-30,269000000000,2025-01-03
2205,Investments,2024-11-30,796467799748,2025-01-03
2205.1,"Listed Shares, fund certificates",2024-11-30,0,2025-01-03
2205.2,"Unlisted Shares, fund certifictes",2024-11-30,0,2025-01-03
2205.3,Bonds,2024-11-30,489967799748,2025-01-03
2205.4,Money market instruments,2024-11-30,300000000000,2025-01-03
2205.5,Deposits with term over three (03) months,2024-11-30,6500000000,2025-01-03
2205.6,Investment - Rights,2024-11-30,0,2025-01-03
2205.7,Index future contracts,2024-11-30,0,2025-01-03
2205.8,Other investments,2024-11-30,0,2025-01-03
2205.9,Reverse repo contracts,2024-11-30,0,2025-01-03
2206,"Dividend, Coupon receivables",2024-11-30,15268554295,2025-01-03
2206.1,Dividend receivables,2024-11-30,0,2025-01-03
2206.2,Coupon receivables,2024-11-30,15268554295,2025-01-03
2207,Interest receivables,2024-11-30,10072339725,2025-01-03
2207.1,Interest receivable from bank deposits,2024-11-30,693161643,2025-01-03
2207.2,Interest receivable from Money market instruments,2024-11-30,9379178082,2025-01-03
2207.3,Interest receivable from reverse repo contracts,2024-11-30,0,2025-01-03
2208,Securities Trading Receivables,2024-11-30,0,2025-01-03
2210,Other Receivables,2024-11-30,0,2025-01-03
2210.1,Impairment of devaluation of pledged assets,2024-11-30,0,2025-01-03
2210.2,Provision for doubtful debt,2024-11-30,0,2025-01-03
2210.3,Other Receivables,2024-11-30,0,2025-01-03
2211,Other Assets,2024-11-30,18884808,2025-01-03
2212,TOTAL ASSETS,2024-11-30,1140731915757,2025-01-03
2213,LIABILITIES,2024-11-30,,2025-01-03
2214,Securities Trading Payables,2024-11-30,0,2025-01-03
2215,Other Payables,2024-11-30,30784283376,2025-01-03
2215.1,Payables to investors,2024-11-30,28804445848,2025-01-03
2215.1.1,Subscription Pending allotment,2024-11-30,28804237072,2025-01-03
2215.1.2,Payables to investors for investment bought on behalf,2024-11-30,0,2025-01-03
2215.1.3,Payables to investors for collected dividend,2024-11-30,0,2025-01-03
2215.1.4,Redemption payable to investors,2024-11-30,208776,2025-01-03
2215.2,Tax payables and obligations to the State Budget,2024-11-30,621753361,2025-01-03
2215.3,Subscription and Redemption fee payable to distributors and Fund Management Company,2024-11-30,0,2025-01-03
2215.4,Income payable to investors,2024-11-30,0,2025-01-03
2215.5,Remuneration Payable to Fund's Board of Representatives,2024-11-30,11491803,2025-01-03
2215.6,Management fee payable,2024-11-30,1081299388,2025-01-03
2215.7,Fund Administration fee payable,2024-11-30,46129894,2025-01-03
2215.8,Supervisory service fee payable,2024-11-30,29750549,2025-01-03
2215.9,Transaction fee,2024-11-30,0,2025-01-03
2215.9.1,Brokerage fee payable,2024-11-30,0,2025-01-03
2215.9.2,Clearing Settlement fee payable,2024-11-30,0,2025-01-03
2215.10,Accrued expense for Custodian fee,2024-11-30,46276584,2025-01-03
2215.10.1,Custodian service - Safe Custody Fee,2024-11-30,45076584,2025-01-03
2215.10.2,Custodian service - Transaction fee,2024-11-30,750000,2025-01-03
2215.10.3,"Custodian service -  Depository fee, Position and Margin management fee paid to VSDC",2024-11-30,450000,2025-01-03
2215.11,Audit fee payable,2024-11-30,56953333,2025-01-03
2215.12,General meeting expense payable,2024-11-30,35245579,2025-01-03
2215.13,Annual report fee payable,2024-11-30,0,2025-01-03
2215.14,Transfer Agency fee payable,2024-11-30,13200000,2025-01-03
2215.15,Service fee payable to HOSE for calculating iNAV,2024-11-30,0,2025-01-03
2215.16,Authorising index service fee payable to HOSE,2024-11-30,0,2025-01-03
2215.17,Other payables,2024-11-30,37737037,2025-01-03
2215.17.1,Price feed fee payable,2024-11-30,23372283,2025-01-03
2215.17.2,"Accrued expense for Fund's Board of Representatives travelling, meeting",2024-11-30,0,2025-01-03
2215.17.3,Accrued expense for Annual Management Fee pay to SSC,2024-11-30,14364754,2025-01-03
2215.17.4,Other payables,2024-11-30,0,2025-01-03
2215.18,Short-term loans - Repo contracts,2024-11-30,0,2025-01-03
2215.18.1,Principal of repo contracts,2024-11-30,0,2025-01-03
2215.18.2,Accrued Interest Expense,2024-11-30,0,2025-01-03
2215.18.3,Principal of Short-term loans,2024-11-30,0,2025-01-03
2216,TOTAL LIABILITIES,2024-11-30,30784283376,2025-01-03
2217,Net Asset Value ( = I.10 - II.4),2024-11-30,1109947632381,2025-01-03
2218,Total Outstanding Fund Certificates,2024-11-30,99149915.6,2025-01-03
2219,Net Asset Value per Fund Certificate,2024-11-30,11194.64,2025-01-03
2220,Receivables from rental of investment property (not applicable),2024-11-30,0,2025-01-03
2221,Real Estate Proceeds Receivables (not applicale),2024-11-30,0,2025-01-03
2222,Real Estate Trading Payables (not applicable),2024-11-30,0,2025-01-03
2200,ASSETS,2024-12-31,,2025-02-03
2201,Cash and Cash Equivalents,2024-12-31,532821835814,2025-02-03
2202,Cash,2024-12-31,,2025-02-03
2203,Cash at bank,2024-12-31,532821835814,2025-02-03
2203.1,Cash at bank for Fund's subscription,2024-12-31,15719104214,2025-02-03
2203.2,Cash at bank for Fund's dividend payment and redemption,2024-12-31,700928,2025-02-03
2203.3,Cash at bank for Fund's operation,2024-12-31,22302030672,2025-02-03
2203.4,Margin account for trading derivatives,2024-12-31,0,2025-02-03
2203.5,"Cash, cash equivalents",2024-12-31,494800000000,2025-02-03
2205,Investments,2024-12-31,639279969928,2025-02-03
2205.1,"Listed Shares, fund certificates",2024-12-31,0,2025-02-03
2205.2,"Unlisted Shares, fund certifictes",2024-12-31,0,2025-02-03
2205.3,Bonds,2024-12-31,392779969928,2025-02-03
2205.4,Money market instruments,2024-12-31,240000000000,2025-02-03
2205.5,Deposits with term over three (03) months,2024-12-31,6500000000,2025-02-03
2205.6,Investment - Rights,2024-12-31,0,2025-02-03
2205.7,Index future contracts,2024-12-31,0,2025-02-03
2205.8,Other investments,2024-12-31,0,2025-02-03
2205.9,Reverse repo contracts,2024-12-31,0,2025-02-03
2206,"Dividend, Coupon receivables",2024-12-31,15045345017,2025-02-03
2206.1,Dividend receivables,2024-12-31,0,2025-02-03
2206.2,Coupon receivables,2024-12-31,15045345017,2025-02-03
2207,Interest receivables,2024-12-31,9672578083,2025-02-03
2207.1,Interest receivable from bank deposits,2024-12-31,672194521,2025-02-03
2207.2,Interest receivable from Money market instruments,2024-12-31,9000383562,2025-02-03
2207.3,Interest receivable from reverse repo contracts,2024-12-31,0,2025-02-03
2208,Securities Trading Receivables,2024-12-31,0,2025-02-03
2210,Other Receivables,2024-12-31,0,2025-02-03
2210.1,Impairment of devaluation of pledged assets,2024-12-31,0,2025-02-03
2210.2,Provision for doubtful debt,2024-12-31,0,2025-02-03
2210.3,Other Receivables,2024-12-31,0,2025-02-03
2211,Other Assets,2024-12-31,0,2025-02-03
2212,TOTAL ASSETS,2024-12-31,1196819728842,2025-02-03
2213,LIABILITIES,2024-12-31,,2025-02-03
2214,Securities Trading Payables,2024-12-31,0,2025-02-03
2215,Other Payables,2024-12-31,17727968070,2025-02-03
2215.1,Payables to investors,2024-12-31,15719805142,2025-02-03
2215.1.1,Subscription Pending allotment,2024-12-31,15719104214,2025-02-03
2215.1.2,Payables to investors for investment bought on behalf,2024-12-31,0,2025-02-03
2215.1.3,Payables to investors for collected dividend,2024-12-31,0,2025-02-03
2215.1.4,Redemption payable to investors,2024-12-31,700928,2025-02-03
2215.2,Tax payables and obligations to the State Budget,2024-12-31,642183967,2025-02-03
2215.3,Subscription and Redemption fee payable to distributors and Fund Management Company,2024-12-31,0,2025-02-03
2215.4,Income payable to investors,2024-12-31,0,2025-02-03
2215.5,Remuneration Payable to Fund's Board of Representatives,2024-12-31,12000000,2025-02-03
2215.6,Management fee payable,2024-12-31,1074647304,2025-02-03
2215.7,Fund Administration fee payable,2024-12-31,45866235,2025-02-03
2215.8,Supervisory service fee payable,2024-12-31,29552800,2025-02-03
2215.9,Transaction fee,2024-12-31,0,2025-02-03
2215.9.1,Brokerage fee payable,2024-12-31,0,2025-02-03
2215.9.2,Clearing Settlement fee payable,2024-12-31,0,2025-02-03
2215.10,Accrued expense for Custodian fee,2024-12-31,45826971,2025-02-03
2215.10.1,Custodian service - Safe Custody Fee,2024-12-31,44776971,2025-02-03
2215.10.2,Custodian service - Transaction fee,2024-12-31,600000,2025-02-03
2215.10.3,"Custodian service -  Depository fee, Position and Margin management fee paid to VSDC",2024-12-31,450000,2025-02-03
2215.11,Audit fee payable,2024-12-31,68320000,2025-02-03
2215.12,General meeting expense payable,2024-12-31,41315651,2025-02-03
2215.13,Annual report fee payable,2024-12-31,0,2025-02-03
2215.14,Transfer Agency fee payable,2024-12-31,13200000,2025-02-03
2215.15,Service fee payable to HOSE for calculating iNAV,2024-12-31,0,2025-02-03
2215.16,Authorising index service fee payable to HOSE,2024-12-31,0,2025-02-03
2215.17,Other payables,2024-12-31,35250000,2025-02-03
2215.17.1,Price feed fee payable,2024-12-31,35250000,2025-02-03
2215.17.2,"Accrued expense for Fund's Board of Representatives travelling, meeting",2024-12-31,0,2025-02-03
2215.17.3,Accrued expense for Annual Management Fee pay to SSC,2024-12-31,0,2025-02-03
2215.17.4,Other payables,2024-12-31,0,2025-02-03
2215.18,Short-term loans - Repo contracts,2024-12-31,0,2025-02-03
2215.18.1,Principal of repo contracts,2024-12-31,0,2025-02-03
2215.18.2,Accrued Interest Expense,2024-12-31,0,2025-02-03
2215.18.3,Principal of Short-term loans,2024-12-31,0,2025-02-03
2216,TOTAL LIABILITIES,2024-12-31,17727968070,2025-02-03
2217,Net Asset Value ( = I.10 - II.4),2024-12-31,1179091760772,2025-02-03
2218,Total Outstanding Fund Certificates,2024-12-31,104923542.79,2025-02-03
2219,Net Asset Value per Fund Certificate,2024-12-31,11237.62,2025-02-03
2220,Receivables from rental of investment property (not applicable),2024-12-31,0,2025-02-03
2221,Real Estate Proceeds Receivables (not applicale),2024-12-31,0,2025-02-03
2222,Real Estate Trading Payables (not applicable),2024-12-31,0,2025-02-03
2200,ASSETS,2025-01-31,,2025-03-03
2201,Cash and Cash Equivalents,2025-01-31,477960899858,2025-03-03
2202,Cash,2025-01-31,,2025-03-03
2203,Cash at bank,2025-01-31,477960899858,2025-03-03
2203.1,Cash at bank for Fund's subscription,2025-01-31,21079370388,2025-03-03
2203.2,Cash at bank for Fund's dividend payment and redemption,2025-01-31,813246448,2025-03-03
2203.3,Cash at bank for Fund's operation,2025-01-31,1068283022,2025-03-03
2203.4,Margin account for trading derivatives,2025-01-31,0,2025-03-03
2203.5,"Cash, cash equivalents",2025-01-31,455000000000,2025-03-03
2205,Investments,2025-01-31,680480722827,2025-03-03
2205.1,"Listed Shares, fund certificates",2025-01-31,0,2025-03-03
2205.2,"Unlisted Shares, fund certifictes",2025-01-31,0,2025-03-03
2205.3,Bonds,2025-01-31,433980722827,2025-03-03
2205.4,Money market instruments,2025-01-31,240000000000,2025-03-03
2205.5,Deposits with term over three (03) months,2025-01-31,6500000000,2025-03-03
2205.6,Investment - Rights,2025-01-31,0,2025-03-03
2205.7,Index future contracts,2025-01-31,0,2025-03-03
2205.8,Other investments,2025-01-31,0,2025-03-03
2205.9,Reverse repo contracts,2025-01-31,0,2025-03-03
2206,"Dividend, Coupon receivables",2025-01-31,18502110604,2025-03-03
2206.1,Dividend receivables,2025-01-31,0,2025-03-03
2206.2,Coupon receivables,2025-01-31,18502110604,2025-03-03
2207,Interest receivables,2025-01-31,9710897259,2025-03-03
2207.1,Interest receivable from bank deposits,2025-01-31,1926678081,2025-03-03
2207.2,Interest receivable from Money market instruments,2025-01-31,7784219178,2025-03-03
2207.3,Interest receivable from reverse repo contracts,2025-01-31,0,2025-03-03
2208,Securities Trading Receivables,2025-01-31,0,2025-03-03
2210,Other Receivables,2025-01-31,0,2025-03-03
2210.1,Impairment of devaluation of pledged assets,2025-01-31,0,2025-03-03
2210.2,Provision for doubtful debt,2025-01-31,0,2025-03-03
2210.3,Other Receivables,2025-01-31,0,2025-03-03
2211,Other Assets,2025-01-31,0,2025-03-03
2212,TOTAL ASSETS,2025-01-31,1186654630548,2025-03-03
2213,LIABILITIES,2025-01-31,,2025-03-03
2214,Securities Trading Payables,2025-01-31,0,2025-03-03
2215,Other Payables,2025-01-31,23859030223,2025-03-03
2215.1,Payables to investors,2025-01-31,21892616836,2025-03-03
2215.1.1,Subscription Pending allotment,2025-01-31,21079370388,2025-03-03
2215.1.2,Payables to investors for investment bought on behalf,2025-01-31,0,2025-03-03
2215.1.3,Payables to investors for collected dividend,2025-01-31,0,2025-03-03
2215.1.4,Redemption payable to investors,2025-01-31,813246448,2025-03-03
2215.2,Tax payables and obligations to the State Budget,2025-01-31,369822338,2025-03-03
2215.3,Subscription and Redemption fee payable to distributors and Fund Management Company,2025-01-31,0,2025-03-03
2215.4,Income payable to investors,2025-01-31,0,2025-03-03
2215.5,Remuneration Payable to Fund's Board of Representatives,2025-01-31,6509589,2025-03-03
2215.6,Management fee payable,2025-01-31,1185352077,2025-03-03
2215.7,Fund Administration fee payable,2025-01-31,95791643,2025-03-03
2215.8,Supervisory service fee payable,2025-01-31,62149984,2025-03-03
2215.9,Transaction fee,2025-01-31,0,2025-03-03
2215.9.1,Brokerage fee payable,2025-01-31,0,2025-03-03
2215.9.2,Clearing Settlement fee payable,2025-01-31,0,2025-03-03
2215.10,Accrued expense for Custodian fee,2025-01-31,96266644,2025-03-03
2215.10.1,Custodian service - Safe Custody Fee,2025-01-31,94166644,2025-03-03
2215.10.2,Custodian service - Transaction fee,2025-01-31,1200000,2025-03-03
2215.10.3,"Custodian service -  Depository fee, Position and Margin management fee paid to VSDC",2025-01-31,900000,2025-03-03
2215.11,Audit fee payable,2025-01-31,79717808,2025-03-03
2215.12,General meeting expense payable,2025-01-31,44824651,2025-03-03
2215.13,Annual report fee payable,2025-01-31,0,2025-03-03
2215.14,Transfer Agency fee payable,2025-01-31,13200000,2025-03-03
2215.15,Service fee payable to HOSE for calculating iNAV,2025-01-31,0,2025-03-03
2215.16,Authorising index service fee payable to HOSE,2025-01-31,0,2025-03-03
2215.17,Other payables,2025-01-31,12778653,2025-03-03
2215.17.1,Price feed fee payable,2025-01-31,12141667,2025-03-03
2215.17.2,"Accrued expense for Fund's Board of Representatives travelling, meeting",2025-01-31,0,2025-03-03
2215.17.3,Accrued expense for Annual Management Fee pay to SSC,2025-01-31,636986,2025-03-03
2215.17.4,Other payables,2025-01-31,0,2025-03-03
2215.18,Short-term loans - Repo contracts,2025-01-31,0,2025-03-03
2215.18.1,Principal of repo contracts,2025-01-31,0,2025-03-03
2215.18.2,Accrued Interest Expense,2025-01-31,0,2025-03-03
2215.18.3,Principal of Short-term loans,2025-01-31,0,2025-03-03
2216,TOTAL LIABILITIES,2025-01-31,23859030223,2025-03-03
2217,Net Asset Value ( = I.10 - II.4),2025-01-31,1162795600325,2025-03-03
2218,Total Outstanding Fund Certificates,2025-01-31,103016944.44,2025-03-03
2219,Net Asset Value per Fund Certificate,2025-01-31,11287.42,2025-03-03
2220,Receivables from rental of investment property (not applicable),2025-01-31,0,2025-03-03
2221,Real Estate Proceeds Receivables (not applicale),2025-01-31,0,2025-03-03
2222,Real Estate Trading Payables (not applicable),2025-01-31,0,2025-03-03
2200,ASSETS,2025-02-28,,2025-04-01
2201,Cash and Cash Equivalents,2025-02-28,625286336249,2025-04-01
2202,Cash,2025-02-28,,2025-04-01
2203,Cash at bank,2025-02-28,625286336249,2025-04-01
2203.1,Cash at bank for Fund's subscription,2025-02-28,37642261615,2025-04-01
2203.2,Cash at bank for Fund's dividend payment and redemption,2025-02-28,508731,2025-04-01
2203.3,Cash at bank for Fund's operation,2025-02-28,15643565903,2025-04-01
2203.4,Margin account for trading derivatives,2025-02-28,0,2025-04-01
2203.5,"Cash, cash equivalents",2025-02-28,572000000000,2025-04-01
2205,Investments,2025-02-28,632200898273,2025-04-01
2205.1,"Listed Shares, fund certificates",2025-02-28,0,2025-04-01
2205.2,"Unlisted Shares, fund certifictes",2025-02-28,0,2025-04-01
2205.3,Bonds,2025-02-28,392200898273,2025-04-01
2205.4,Money market instruments,2025-02-28,240000000000,2025-04-01
2205.5,Deposits with term over three (03) months,2025-02-28,0,2025-04-01
2205.6,Investment - Rights,2025-02-28,0,2025-04-01
2205.7,Index future contracts,2025-02-28,0,2025-04-01
2205.8,Other investments,2025-02-28,0,2025-04-01
2205.9,Reverse repo contracts,2025-02-28,0,2025-04-01
2206,"Dividend, Coupon receivables",2025-02-28,2839000351,2025-04-01
2206.1,Dividend receivables,2025-02-28,0,2025-04-01
2206.2,Coupon receivables,2025-02-28,2839000351,2025-04-01
2207,Interest receivables,2025-02-28,10282294524,2025-04-01
2207.1,Interest receivable from bank deposits,2025-02-28,1235390414,2025-04-01
2207.2,Interest receivable from Money market instruments,2025-02-28,9046904110,2025-04-01
2207.3,Interest receivable from reverse repo contracts,2025-02-28,0,2025-04-01
2208,Securities Trading Receivables,2025-02-28,0,2025-04-01
2210,Other Receivables,2025-02-28,0,2025-04-01
2210.1,Impairment of devaluation of pledged assets,2025-02-28,0,2025-04-01
2210.2,Provision for doubtful debt,2025-02-28,0,2025-04-01
2210.3,Other Receivables,2025-02-28,0,2025-04-01
2211,Other Assets,2025-02-28,0,2025-04-01
2212,TOTAL ASSETS,2025-02-28,1270608529397,2025-04-01
2213,LIABILITIES,2025-02-28,,2025-04-01
2214,Securities Trading Payables,2025-02-28,0,2025-04-01
2215,Other Payables,2025-02-28,39563109713,2025-04-01
2215.1,Payables to investors,2025-02-28,37642770346,2025-04-01
2215.1.1,Subscription Pending allotment,2025-02-28,37642261615,2025-04-01
2215.1.2,Payables to investors for investment bought on behalf,2025-02-28,0,2025-04-01
2215.1.3,Payables to investors for collected dividend,2025-02-28,0,2025-04-01
2215.1.4,Redemption payable to investors,2025-02-28,508731,2025-04-01
2215.2,Tax payables and obligations to the State Budget,2025-02-28,491067194,2025-04-01
2215.3,Subscription and Redemption fee payable to distributors and Fund Management Company,2025-02-28,0,2025-04-01
2215.4,Income payable to investors,2025-02-28,0,2025-04-01
2215.5,Remuneration Payable to Fund's Board of Representatives,2025-02-28,6969863,2025-04-01
2215.6,Management fee payable,2025-02-28,1120523716,2025-04-01
2215.7,Fund Administration fee payable,2025-02-28,47548370,2025-04-01
2215.8,Supervisory service fee payable,2025-02-28,30814400,2025-04-01
2215.9,Transaction fee,2025-02-28,0,2025-04-01
2215.9.1,Brokerage fee payable,2025-02-28,0,2025-04-01
2215.9.2,Clearing Settlement fee payable,2025-02-28,0,2025-04-01
2215.10,Accrued expense for Custodian fee,2025-02-28,47888488,2025-04-01
2215.10.1,Custodian service - Safe Custody Fee,2025-02-28,46688488,2025-04-01
2215.10.2,Custodian service - Transaction fee,2025-02-28,750000,2025-04-01
2215.10.3,"Custodian service -  Depository fee, Position and Margin management fee paid to VSDC",2025-02-28,450000,2025-04-01
2215.11,Audit fee payable,2025-02-28,90012603,2025-04-01
2215.12,General meeting expense payable,2025-02-28,47994071,2025-04-01
2215.13,Annual report fee payable,2025-02-28,0,2025-04-01
2215.14,Transfer Agency fee payable,2025-02-28,13200000,2025-04-01
2215.15,Service fee payable to HOSE for calculating iNAV,2025-02-28,0,2025-04-01
2215.16,Authorising index service fee payable to HOSE,2025-02-28,0,2025-04-01
2215.17,Other payables,2025-02-28,24320662,2025-04-01
2215.17.1,Price feed fee payable,2025-02-28,23108333,2025-04-01
2215.17.2,"Accrued expense for Fund's Board of Representatives travelling, meeting",2025-02-28,0,2025-04-01
2215.17.3,Accrued expense for Annual Management Fee pay to SSC,2025-02-28,1212329,2025-04-01
2215.17.4,Other payables,2025-02-28,0,2025-04-01
2215.18,Short-term loans - Repo contracts,2025-02-28,0,2025-04-01
2215.18.1,Principal of repo contracts,2025-02-28,0,2025-04-01
2215.18.2,Accrued Interest Expense,2025-02-28,0,2025-04-01
2215.18.3,Principal of Short-term loans,2025-02-28,0,2025-04-01
2216,TOTAL LIABILITIES,2025-02-28,39563109713,2025-04-01
2217,Net Asset Value ( = I.10 - II.4),2025-02-28,1231045419684,2025-04-01
2218,Total Outstanding Fund Certificates,2025-02-28,108573676.53,2025-04-01
2219,Net Asset Value per Fund Certificate,2025-02-28,11338.34,2025-04-01
2220,Receivables from rental of investment property (not applicable),2025-02-28,0,2025-04-01
2221,Real Estate Proceeds Receivables (not applicale),2025-02-28,0,2025-04-01
2222,Real Estate Trading Payables (not applicable),2025-02-28,0,2025-04-01
2200,ASSETS,2025-03-31,,2025-05-05
2201,Cash and Cash Equivalents,2025-03-31,448647196936,2025-05-05
2202,Cash,2025-03-31,,2025-05-05
2203,Cash at bank,2025-03-31,448647196936,2025-05-05
2203.1,Cash at bank for Fund's subscription,2025-03-31,26592801680,2025-05-05
2203.2,Cash at bank for Fund's dividend payment and redemption,2025-03-31,213635346,2025-05-05
2203.3,Cash at bank for Fund's operation,2025-03-31,56240759910,2025-05-05
2203.4,Margin account for trading derivatives,2025-03-31,0,2025-05-05
2203.5,"Cash, cash equivalents",2025-03-31,365600000000,2025-05-05
2205,Investments,2025-03-31,772570554749,2025-05-05
2205.1,"Listed Shares, fund certificates",2025-03-31,0,2025-05-05
2205.2,"Unlisted Shares, fund certifictes",2025-03-31,0,2025-05-05
2205.3,Bonds,2025-03-31,384570554749,2025-05-05
2205.4,Money market instruments,2025-03-31,260000000000,2025-05-05
2205.5,Deposits with term over three (03) months,2025-03-31,128000000000,2025-05-05
2205.6,Investment - Rights,2025-03-31,0,2025-05-05
2205.7,Index future contracts,2025-03-31,0,2025-05-05
2205.8,Other investments,2025-03-31,0,2025-05-05
2205.9,Reverse repo contracts,2025-03-31,0,2025-05-05
2206,"Dividend, Coupon receivables",2025-03-31,4429718946,2025-05-05
2206.1,Dividend receivables,2025-03-31,0,2025-05-05
2206.2,Coupon receivables,2025-03-31,4429718946,2025-05-05
2207,Interest receivables,2025-03-31,7937938355,2025-05-05
2207.1,Interest receivable from bank deposits,2025-03-31,1358815068,2025-05-05
2207.2,Interest receivable from Money market instruments,2025-03-31,6579123287,2025-05-05
2207.3,Interest receivable from reverse repo contracts,2025-03-31,0,2025-05-05
2208,Securities Trading Receivables,2025-03-31,0,2025-05-05
2210,Other Receivables,2025-03-31,0,2025-05-05
2210.1,Impairment of devaluation of pledged assets,2025-03-31,0,2025-05-05
2210.2,Provision for doubtful debt,2025-03-31,0,2025-05-05
2210.3,Other Receivables,2025-03-31,0,2025-05-05
2211,Other Assets,2025-03-31,0,2025-05-05
2212,TOTAL ASSETS,2025-03-31,1233585408986,2025-05-05
2213,LIABILITIES,2025-03-31,,2025-05-05
2214,Securities Trading Payables,2025-03-31,0,2025-05-05
2215,Other Payables,2025-03-31,29076515356,2025-05-05
2215.1,Payables to investors,2025-03-31,26806437026,2025-05-05
2215.1.1,Subscription Pending allotment,2025-03-31,26592801680,2025-05-05
2215.1.2,Payables to investors for investment bought on behalf,2025-03-31,0,2025-05-05
2215.1.3,Payables to investors for collected dividend,2025-03-31,0,2025-05-05
2215.1.4,Redemption payable to investors,2025-03-31,213635346,2025-05-05
2215.2,Tax payables and obligations to the State Budget,2025-03-31,664967190,2025-05-05
2215.3,Subscription and Redemption fee payable to distributors and Fund Management Company,2025-03-31,0,2025-05-05
2215.4,Income payable to investors,2025-03-31,0,2025-05-05
2215.5,Remuneration Payable to Fund's Board of Representatives,2025-03-31,7479452,2025-05-05
2215.6,Management fee payable,2025-03-31,1257536468,2025-05-05
2215.7,Fund Administration fee payable,2025-03-31,48402818,2025-05-05
2215.8,Supervisory service fee payable,2025-03-31,34582252,2025-05-05
2215.9,Transaction fee,2025-03-31,0,2025-05-05
2215.9.1,Brokerage fee payable,2025-03-31,0,2025-05-05
2215.9.2,Clearing Settlement fee payable,2025-03-31,0,2025-05-05
2215.10,Accrued expense for Custodian fee,2025-03-31,53897352,2025-05-05
2215.10.1,Custodian service - Safe Custody Fee,2025-03-31,52397352,2025-05-05
2215.10.2,Custodian service - Transaction fee,2025-03-31,1050000,2025-05-05
2215.10.3,"Custodian service -  Depository fee, Position and Margin management fee paid to VSDC",2025-03-31,450000,2025-05-05
2215.11,Audit fee payable,2025-03-31,101410411,2025-05-05
2215.12,General meeting expense payable,2025-03-31,51503072,2025-05-05
2215.13,Annual report fee payable,2025-03-31,0,2025-05-05
2215.14,Transfer Agency fee payable,2025-03-31,13200000,2025-05-05
2215.15,Service fee payable to HOSE for calculating iNAV,2025-03-31,0,2025-05-05
2215.16,Authorising index service fee payable to HOSE,2025-03-31,0,2025-05-05
2215.17,Other payables,2025-03-31,37099315,2025-05-05
2215.17.1,Price feed fee payable,2025-03-31,35250000,2025-05-05
2215.17.2,"Accrued expense for Fund's Board of Representatives travelling, meeting",2025-03-31,0,2025-05-05
2215.17.3,Accrued expense for Annual Management Fee pay to SSC,2025-03-31,1849315,2025-05-05
2215.17.4,Other payables,2025-03-31,0,2025-05-05
2215.18,Short-term loans - Repo contracts,2025-03-31,0,2025-05-05
2215.18.1,Principal of repo contracts,2025-03-31,0,2025-05-05
2215.18.2,Accrued Interest Expense,2025-03-31,0,2025-05-05
2215.18.3,Principal of Short-term loans,2025-03-31,0,2025-05-05
2216,TOTAL LIABILITIES,2025-03-31,29076515356,2025-05-05
2217,Net Asset Value ( = I.10 - II.4),2025-03-31,1204508893630,2025-05-05
2218,Total Outstanding Fund Certificates,2025-03-31,105804699.94,2025-05-05
2219,Net Asset Value per Fund Certificate,2025-03-31,11384.26,2025-05-05
2220,Receivables from rental of investment property (not applicable),2025-03-31,0,2025-05-05
2221,Real Estate Proceeds Receivables (not applicale),2025-03-31,0,2025-05-05
2222,Real Estate Trading Payables (not applicable),2025-03-31,0,2025-05-05
2200,ASSETS,2025-04-30,,2025-06-02
2201,Cash and Cash Equivalents,2025-04-30,220175961489,2025-06-02
2202,Cash,2025-04-30,,2025-06-02
2203,Cash at bank,2025-04-30,220175961489,2025-06-02
2203.1,Cash at bank for Fund's subscription,2025-04-30,16246415963,2025-06-02
2203.2,Cash at bank for Fund's dividend payment and redemption,2025-04-30,2349070,2025-06-02
2203.3,Cash at bank for Fund's operation,2025-04-30,927196456,2025-06-02
2203.4,Margin account for trading derivatives,2025-04-30,0,2025-06-02
2203.5,"Cash, cash equivalents",2025-04-30,203000000000,2025-06-02
2205,Investments,2025-04-30,862961923315,2025-06-02
2205.1,"Listed Shares, fund certificates",2025-04-30,0,2025-06-02
2205.2,"Unlisted Shares, fund certifictes",2025-04-30,0,2025-06-02
2205.3,Bonds,2025-04-30,461961923315,2025-06-02
2205.4,Money market instruments,2025-04-30,210000000000,2025-06-02
2205.5,Deposits with term over three (03) months,2025-04-30,191000000000,2025-06-02
2205.6,Investment - Rights,2025-04-30,0,2025-06-02
2205.7,Index future contracts,2025-04-30,0,2025-06-02
2205.8,Other investments,2025-04-30,0,2025-06-02
2205.9,Reverse repo contracts,2025-04-30,0,2025-06-02
2206,"Dividend, Coupon receivables",2025-04-30,9001352204,2025-06-02
2206.1,Dividend receivables,2025-04-30,0,2025-06-02
2206.2,Coupon receivables,2025-04-30,9001352204,2025-06-02
2207,Interest receivables,2025-04-30,3981445204,2025-06-02
2207.1,Interest receivable from bank deposits,2025-04-30,1713801369,2025-06-02
2207.2,Interest receivable from Money market instruments,2025-04-30,2267643835,2025-06-02
2207.3,Interest receivable from reverse repo contracts,2025-04-30,0,2025-06-02
2208,Securities Trading Receivables,2025-04-30,0,2025-06-02
2210,Other Receivables,2025-04-30,0,2025-06-02
2210.1,Impairment of devaluation of pledged assets,2025-04-30,0,2025-06-02
2210.2,Provision for doubtful debt,2025-04-30,0,2025-06-02
2210.3,Other Receivables,2025-04-30,0,2025-06-02
2211,Other Assets,2025-04-30,46228246,2025-06-02
2212,TOTAL ASSETS,2025-04-30,1096166910458,2025-06-02
2213,LIABILITIES,2025-04-30,,2025-06-02
2214,Securities Trading Payables,2025-04-30,0,2025-06-02
2215,Other Payables,2025-04-30,18358306628,2025-06-02
2215.1,Payables to investors,2025-04-30,16248765033,2025-06-02
2215.1.1,Subscription Pending allotment,2025-04-30,16246415963,2025-06-02
2215.1.2,Payables to investors for investment bought on behalf,2025-04-30,0,2025-06-02
2215.1.3,Payables to investors for collected dividend,2025-04-30,0,2025-06-02
2215.1.4,Redemption payable to investors,2025-04-30,2349070,2025-06-02
2215.2,Tax payables and obligations to the State Budget,2025-04-30,772320736,2025-06-02
2215.3,Subscription and Redemption fee payable to distributors and Fund Management Company,2025-04-30,0,2025-06-02
2215.4,Income payable to investors,2025-04-30,0,2025-06-02
2215.5,Remuneration Payable to Fund's Board of Representatives,2025-04-30,7972603,2025-06-02
2215.6,Management fee payable,2025-04-30,1109454844,2025-06-02
2215.7,Fund Administration fee payable,2025-04-30,40680010,2025-06-02
2215.8,Supervisory service fee payable,2025-04-30,30510008,2025-06-02
2215.9,Transaction fee,2025-04-30,0,2025-06-02
2215.9.1,Brokerage fee payable,2025-04-30,0,2025-06-02
2215.9.2,Clearing Settlement fee payable,2025-04-30,0,2025-06-02
2215.10,Accrued expense for Custodian fee,2025-04-30,47727285,2025-06-02
2215.10.1,Custodian service - Safe Custody Fee,2025-04-30,46227285,2025-06-02
2215.10.2,Custodian service - Transaction fee,2025-04-30,1050000,2025-06-02
2215.10.3,"Custodian service -  Depository fee, Position and Margin management fee paid to VSDC",2025-04-30,450000,2025-06-02
2215.11,Audit fee payable,2025-04-30,44120548,2025-06-02
2215.12,General meeting expense payable,2025-04-30,29468929,2025-06-02
2215.13,Annual report fee payable,2025-04-30,0,2025-06-02
2215.14,Transfer Agency fee payable,2025-04-30,13200000,2025-06-02
2215.15,Service fee payable to HOSE for calculating iNAV,2025-04-30,0,2025-06-02
2215.16,Authorising index service fee payable to HOSE,2025-04-30,0,2025-06-02
2215.17,Other payables,2025-04-30,14086632,2025-06-02
2215.17.1,Price feed fee payable,2025-04-30,11620879,2025-06-02
2215.17.2,"Accrued expense for Fund's Board of Representatives travelling, meeting",2025-04-30,0,2025-06-02
2215.17.3,Accrued expense for Annual Management Fee pay to SSC,2025-04-30,2465753,2025-06-02
2215.17.4,Other payables,2025-04-30,0,2025-06-02
2215.18,Short-term loans - Repo contracts,2025-04-30,0,2025-06-02
2215.18.1,Principal of repo contracts,2025-04-30,0,2025-06-02
2215.18.2,Accrued Interest Expense,2025-04-30,0,2025-06-02
2215.18.3,Principal of Short-term loans,2025-04-30,0,2025-06-02
2216,TOTAL LIABILITIES,2025-04-30,18358306628,2025-06-02
2217,Net Asset Value ( = I.10 - II.4),2025-04-30,1077808603830,2025-06-02
2218,Total Outstanding Fund Certificates,2025-04-30,94207749,2025-06-02
2219,Net Asset Value per Fund Certificate,2025-04-30,11440.76,2025-06-02
2220,Receivables from rental of investment property (not applicable),2025-04-30,0,2025-06-02
2221,Real Estate Proceeds Receivables (not applicale),2025-04-30,0,2025-06-02
2222,Real Estate Trading Payables (not applicable),2025-04-30,0,2025-06-02
2200,ASSETS,2025-05-31,,2025-07-01
2201,Cash and Cash Equivalents,2025-05-31,377422942046,2025-07-01
2202,Cash,2025-05-31,,2025-07-01
2203,Cash at bank,2025-05-31,377422942046,2025-07-01
2203.1,Cash at bank for Fund's subscription,2025-05-31,23462594250,2025-07-01
2203.2,Cash at bank for Fund's dividend payment and redemption,2025-05-31,5163990,2025-07-01
2203.3,Cash at bank for Fund's operation,2025-05-31,1880756409,2025-07-01
2203.4,Margin account for trading derivatives,2025-05-31,0,2025-07-01
2203.5,"Cash, cash equivalents",2025-05-31,352074427397,2025-07-01
2205,Investments,2025-05-31,905476968531,2025-07-01
2205.1,"Listed Shares, fund certificates",2025-05-31,0,2025-07-01
2205.2,"Unlisted Shares, fund certifictes",2025-05-31,0,2025-07-01
2205.3,Bonds,2025-05-31,474482043198,2025-07-01
2205.4,Money market instruments,2025-05-31,239994925333,2025-07-01
2205.5,Deposits with term over three (03) months,2025-05-31,191000000000,2025-07-01
2205.6,Investment - Rights,2025-05-31,0,2025-07-01
2205.7,Index future contracts,2025-05-31,0,2025-07-01
2205.8,Other investments,2025-05-31,0,2025-07-01
2205.9,Reverse repo contracts,2025-05-31,0,2025-07-01
2206,"Dividend, Coupon receivables",2025-05-31,10670331645,2025-07-01
2206.1,Dividend receivables,2025-05-31,0,2025-07-01
2206.2,Coupon receivables,2025-05-31,10670331645,2025-07-01
2207,Interest receivables,2025-05-31,6725198575,2025-07-01
2207.1,Interest receivable from bank deposits,2025-05-31,3006376657,2025-07-01
2207.2,Interest receivable from Money market instruments,2025-05-31,3718821918,2025-07-01
2207.3,Interest receivable from reverse repo contracts,2025-05-31,0,2025-07-01
2208,Securities Trading Receivables,2025-05-31,0,2025-07-01
2210,Other Receivables,2025-05-31,0,2025-07-01
2210.1,Impairment of devaluation of pledged assets,2025-05-31,0,2025-07-01
2210.2,Provision for doubtful debt,2025-05-31,0,2025-07-01
2210.3,Other Receivables,2025-05-31,0,2025-07-01
2211,Other Assets,2025-05-31,40378958,2025-07-01
2212,TOTAL ASSETS,2025-05-31,1300335819755,2025-07-01
2213,LIABILITIES,2025-05-31,,2025-07-01
2214,Securities Trading Payables,2025-05-31,0,2025-07-01
2215,Other Payables,2025-05-31,25515374390,2025-07-01
2215.1,Payables to investors,2025-05-31,23467758240,2025-07-01
2215.1.1,Subscription Pending allotment,2025-05-31,23462594250,2025-07-01
2215.1.2,Payables to investors for investment bought on behalf,2025-05-31,0,2025-07-01
2215.1.3,Payables to investors for collected dividend,2025-05-31,0,2025-07-01
2215.1.4,Redemption payable to investors,2025-05-31,5163990,2025-07-01
2215.2,Tax payables and obligations to the State Budget,2025-05-31,633390750,2025-07-01
2215.3,Subscription and Redemption fee payable to distributors and Fund Management Company,2025-05-31,0,2025-07-01
2215.4,Income payable to investors,2025-05-31,0,2025-07-01
2215.5,Remuneration Payable to Fund's Board of Representatives,2025-05-31,8482192,2025-07-01
2215.6,Management fee payable,2025-05-31,1168892928,2025-07-01
2215.7,Fund Administration fee payable,2025-05-31,42859407,2025-07-01
2215.8,Supervisory service fee payable,2025-05-31,32144556,2025-07-01
2215.9,Transaction fee,2025-05-31,0,2025-07-01
2215.9.1,Brokerage fee payable,2025-05-31,0,2025-07-01
2215.9.2,Clearing Settlement fee payable,2025-05-31,0,2025-07-01
2215.10,Accrued expense for Custodian fee,2025-05-31,49303872,2025-07-01
2215.10.1,Custodian service - Safe Custody Fee,2025-05-31,48703872,2025-07-01
2215.10.2,Custodian service - Transaction fee,2025-05-31,150000,2025-07-01
2215.10.3,"Custodian service -  Depository fee, Position and Margin management fee paid to VSDC",2025-05-31,450000,2025-07-01
2215.11,Audit fee payable,2025-05-31,55518356,2025-07-01
2215.12,General meeting expense payable,2025-05-31,17092228,2025-07-01
2215.13,Annual report fee payable,2025-05-31,0,2025-07-01
2215.14,Transfer Agency fee payable,2025-05-31,13200000,2025-07-01
2215.15,Service fee payable to HOSE for calculating iNAV,2025-05-31,0,2025-07-01
2215.16,Authorising index service fee payable to HOSE,2025-05-31,0,2025-07-01
2215.17,Other payables,2025-05-31,26731861,2025-07-01
2215.17.1,Price feed fee payable,2025-05-31,23629121,2025-07-01
2215.17.2,"Accrued expense for Fund's Board of Representatives travelling, meeting",2025-05-31,0,2025-07-01
2215.17.3,Accrued expense for Annual Management Fee pay to SSC,2025-05-31,3102740,2025-07-01
2215.17.4,Other payables,2025-05-31,0,2025-07-01
2215.18,Short-term loans - Repo contracts,2025-05-31,0,2025-07-01
2215.18.1,Principal of repo contracts,2025-05-31,0,2025-07-01
2215.18.2,Accrued Interest Expense,2025-05-31,0,2025-07-01
2215.18.3,Principal of Short-term loans,2025-05-31,0,2025-07-01
2216,TOTAL LIABILITIES,2025-05-31,25515374390,2025-07-01
2217,Net Asset Value ( = I.10 - II.4),2025-05-31,1274820445365,2025-07-01
2218,Total Outstanding Fund Certificates,2025-05-31,110897319.9,2025-07-01
2219,Net Asset Value per Fund Certificate,2025-05-31,11495.5,2025-07-01
2220,Receivables from rental of investment property (not applicable),2025-05-31,0,2025-07-01
2221,Real Estate Proceeds Receivables (not applicale),2025-05-31,0,2025-07-01
2222,Real Estate Trading Payables (not applicable),2025-05-31,0,2025-07-01
2200,ASSETS,2025-06-30,,2025-08-01
2201,Cash and Cash Equivalents,2025-06-30,519034274674,2025-08-01
2202,Cash,2025-06-30,,2025-08-01
2203,Cash at bank,2025-06-30,519034274674,2025-08-01
2203.1,Cash at bank for Fund's subscription,2025-06-30,97016559505,2025-08-01
2203.2,Cash at bank for Fund's dividend payment and redemption,2025-06-30,18158047,2025-08-01
2203.3,Cash at bank for Fund's operation,2025-06-30,4425129725,2025-08-01
2203.4,Margin account for trading derivatives,2025-06-30,0,2025-08-01
2203.5,"Cash, cash equivalents",2025-06-30,417574427397,2025-08-01
2205,Investments,2025-06-30,986408486969,2025-08-01
2205.1,"Listed Shares, fund certificates",2025-06-30,0,2025-08-01
2205.2,"Unlisted Shares, fund certifictes",2025-06-30,0,2025-08-01
2205.3,Bonds,2025-06-30,529413561636,2025-08-01
2205.4,Money market instruments,2025-06-30,239994925333,2025-08-01
2205.5,Deposits with term over three (03) months,2025-06-30,217000000000,2025-08-01
2205.6,Investment - Rights,2025-06-30,0,2025-08-01
2205.7,Index future contracts,2025-06-30,0,2025-08-01
2205.8,Other investments,2025-06-30,0,2025-08-01
2205.9,Reverse repo contracts,2025-06-30,0,2025-08-01
2206,"Dividend, Coupon receivables",2025-06-30,16915891697,2025-08-01
2206.1,Dividend receivables,2025-06-30,0,2025-08-01
2206.2,Coupon receivables,2025-06-30,16915891697,2025-08-01
2207,Interest receivables,2025-06-30,9233779244,2025-08-01
2207.1,Interest receivable from bank deposits,2025-06-30,4148313491,2025-08-01
2207.2,Interest receivable from Money market instruments,2025-06-30,5085465753,2025-08-01
2207.3,Interest receivable from reverse repo contracts,2025-06-30,0,2025-08-01
2208,Securities Trading Receivables,2025-06-30,0,2025-08-01
2210,Other Receivables,2025-06-30,0,2025-08-01
2210.1,Impairment of devaluation of pledged assets,2025-06-30,0,2025-08-01
2210.2,Provision for doubtful debt,2025-06-30,0,2025-08-01
2210.3,Other Receivables,2025-06-30,0,2025-08-01
2211,Other Assets,2025-06-30,34718356,2025-08-01
2212,TOTAL ASSETS,2025-06-30,1531627150940,2025-08-01
2213,LIABILITIES,2025-06-30,,2025-08-01
2214,Securities Trading Payables,2025-06-30,0,2025-08-01
2215,Other Payables,2025-06-30,99256427916,2025-08-01
2215.1,Payables to investors,2025-06-30,97034717552,2025-08-01
2215.1.1,Subscription Pending allotment,2025-06-30,97016559505,2025-08-01
2215.1.2,Payables to investors for investment bought on behalf,2025-06-30,0,2025-08-01
2215.1.3,Payables to investors for collected dividend,2025-06-30,0,2025-08-01
2215.1.4,Redemption payable to investors,2025-06-30,18158047,2025-08-01
2215.2,Tax payables and obligations to the State Budget,2025-06-30,588255688,2025-08-01
2215.3,Subscription and Redemption fee payable to distributors and Fund Management Company,2025-06-30,0,2025-08-01
2215.4,Income payable to investors,2025-06-30,0,2025-08-01
2215.5,Remuneration Payable to Fund's Board of Representatives,2025-06-30,8975342,2025-08-01
2215.6,Management fee payable,2025-06-30,1339686059,2025-08-01
2215.7,Fund Administration fee payable,2025-06-30,49121822,2025-08-01
2215.8,Supervisory service fee payable,2025-06-30,36841365,2025-08-01
2215.9,Transaction fee,2025-06-30,0,2025-08-01
2215.9.1,Brokerage fee payable,2025-06-30,0,2025-08-01
2215.9.2,Clearing Settlement fee payable,2025-06-30,0,2025-08-01
2215.10,Accrued expense for Custodian fee,2025-06-30,56570253,2025-08-01
2215.10.1,Custodian service - Safe Custody Fee,2025-06-30,55820253,2025-08-01
2215.10.2,Custodian service - Transaction fee,2025-06-30,300000,2025-08-01
2215.10.3,"Custodian service -  Depository fee, Position and Margin management fee paid to VSDC",2025-06-30,450000,2025-08-01
2215.11,Audit fee payable,2025-06-30,67274148,2025-08-01
2215.12,General meeting expense payable,2025-06-30,22816509,2025-08-01
2215.13,Annual report fee payable,2025-06-30,0,2025-08-01
2215.14,Transfer Agency fee payable,2025-06-30,13200000,2025-08-01
2215.15,Service fee payable to HOSE for calculating iNAV,2025-06-30,0,2025-08-01
2215.16,Authorising index service fee payable to HOSE,2025-06-30,0,2025-08-01
2215.17,Other payables,2025-06-30,38969178,2025-08-01
2215.17.1,Price feed fee payable,2025-06-30,35250000,2025-08-01
2215.17.2,"Accrued expense for Fund's Board of Representatives travelling, meeting",2025-06-30,0,2025-08-01
2215.17.3,Accrued expense for Annual Management Fee pay to SSC,2025-06-30,3719178,2025-08-01
2215.17.4,Other payables,2025-06-30,0,2025-08-01
2215.18,Short-term loans - Repo contracts,2025-06-30,0,2025-08-01
2215.18.1,Principal of repo contracts,2025-06-30,0,2025-08-01
2215.18.2,Accrued Interest Expense,2025-06-30,0,2025-08-01
2215.18.3,Principal of Short-term loans,2025-06-30,0,2025-08-01
2216,TOTAL LIABILITIES,2025-06-30,99256427916,2025-08-01
2217,Net Asset Value ( = I.10 - II.4),2025-06-30,1432370723024,2025-08-01
2218,Total Outstanding Fund Certificates,2025-06-30,124069620.79,2025-08-01
2219,Net Asset Value per Fund Certificate,2025-06-30,11544.89,2025-08-01
2220,Receivables from rental of investment property (not applicable),2025-06-30,0,2025-08-01
2221,Real Estate Proceeds Receivables (not applicale),2025-06-30,0,2025-08-01
2222,Real Estate Trading Payables (not applicable),2025-06-30,0,2025-08-01
2200,ASSETS,2025-07-31,,2025-09-03
2201,Cash and Cash Equivalents,2025-07-31,567396099429,2025-09-03
2202,Cash,2025-07-31,,2025-09-03
2203,Cash at bank,2025-07-31,567396099429,2025-09-03
2203.1,Cash at bank for Fund's subscription,2025-07-31,26706434660,2025-09-03
2203.2,Cash at bank for Fund's dividend payment and redemption,2025-07-31,10959432,2025-09-03
2203.3,Cash at bank for Fund's operation,2025-07-31,4978705337,2025-09-03
2203.4,Margin account for trading derivatives,2025-07-31,0,2025-09-03
2203.5,"Cash, cash equivalents",2025-07-31,535700000000,2025-09-03
2205,Investments,2025-07-31,1286244367509,2025-09-03
2205.1,"Listed Shares, fund certificates",2025-07-31,0,2025-09-03
2205.2,"Unlisted Shares, fund certifictes",2025-07-31,0,2025-09-03
2205.3,Bonds,2025-07-31,619281152406,2025-09-03
2205.4,Money market instruments,2025-07-31,439963215103,2025-09-03
2205.5,Deposits with term over three (03) months,2025-07-31,227000000000,2025-09-03
2205.6,Investment - Rights,2025-07-31,0,2025-09-03
2205.7,Index future contracts,2025-07-31,0,2025-09-03
2205.8,Other investments,2025-07-31,0,2025-09-03
2205.9,Reverse repo contracts,2025-07-31,0,2025-09-03
2206,"Dividend, Coupon receivables",2025-07-31,14779868589,2025-09-03
2206.1,Dividend receivables,2025-07-31,0,2025-09-03
2206.2,Coupon receivables,2025-07-31,14779868589,2025-09-03
2207,Interest receivables,2025-07-31,16473060960,2025-09-03
2207.1,Interest receivable from bank deposits,2025-07-31,5497040412,2025-09-03
2207.2,Interest receivable from Money market instruments,2025-07-31,10976020548,2025-09-03
2207.3,Interest receivable from reverse repo contracts,2025-07-31,0,2025-09-03
2208,Securities Trading Receivables,2025-07-31,0,2025-09-03
2210,Other Receivables,2025-07-31,0,2025-09-03
2210.1,Impairment of devaluation of pledged assets,2025-07-31,0,2025-09-03
2210.2,Provision for doubtful debt,2025-07-31,0,2025-09-03
2210.3,Other Receivables,2025-07-31,0,2025-09-03
2211,Other Assets,2025-07-31,28869068,2025-09-03
2212,TOTAL ASSETS,2025-07-31,1884922265555,2025-09-03
2213,LIABILITIES,2025-07-31,,2025-09-03
2214,Securities Trading Payables,2025-07-31,0,2025-09-03
2215,Other Payables,2025-07-31,29395721540,2025-09-03
2215.1,Payables to investors,2025-07-31,26717394092,2025-09-03
2215.1.1,Subscription Pending allotment,2025-07-31,26706434660,2025-09-03
2215.1.2,Payables to investors for investment bought on behalf,2025-07-31,0,2025-09-03
2215.1.3,Payables to investors for collected dividend,2025-07-31,0,2025-09-03
2215.1.4,Redemption payable to investors,2025-07-31,10959432,2025-09-03
2215.2,Tax payables and obligations to the State Budget,2025-07-31,750541641,2025-09-03
2215.3,Subscription and Redemption fee payable to distributors and Fund Management Company,2025-07-31,0,2025-09-03
2215.4,Income payable to investors,2025-07-31,0,2025-09-03
2215.5,Remuneration Payable to Fund's Board of Representatives,2025-07-31,9484932,2025-09-03
2215.6,Management fee payable,2025-07-31,1601151954,2025-09-03
2215.7,Fund Administration fee payable,2025-07-31,58708903,2025-09-03
2215.8,Supervisory service fee payable,2025-07-31,44031680,2025-09-03
2215.9,Transaction fee,2025-07-31,0,2025-09-03
2215.9.1,Brokerage fee payable,2025-07-31,0,2025-09-03
2215.9.2,Clearing Settlement fee payable,2025-07-31,0,2025-09-03
2215.10,Accrued expense for Custodian fee,2025-07-31,73987122,2025-09-03
2215.10.1,Custodian service - Safe Custody Fee,2025-07-31,72877122,2025-09-03
2215.10.2,Custodian service - Transaction fee,2025-07-31,660000,2025-09-03
2215.10.3,"Custodian service -  Depository fee, Position and Margin management fee paid to VSDC",2025-07-31,450000,2025-09-03
2215.11,Audit fee payable,2025-07-31,81885569,2025-09-03
2215.12,General meeting expense payable,2025-07-31,29101766,2025-09-03
2215.13,Annual report fee payable,2025-07-31,0,2025-09-03
2215.14,Transfer Agency fee payable,2025-07-31,13200000,2025-09-03
2215.15,Service fee payable to HOSE for calculating iNAV,2025-07-31,0,2025-09-03
2215.16,Authorising index service fee payable to HOSE,2025-07-31,0,2025-09-03
2215.17,Other payables,2025-07-31,16233881,2025-09-03
2215.17.1,Price feed fee payable,2025-07-31,11877717,2025-09-03
2215.17.2,"Accrued expense for Fund's Board of Representatives travelling, meeting",2025-07-31,0,2025-09-03
2215.17.3,Accrued expense for Annual Management Fee pay to SSC,2025-07-31,4356164,2025-09-03
2215.17.4,Other payables,2025-07-31,0,2025-09-03
2215.18,Short-term loans - Repo contracts,2025-07-31,0,2025-09-03
2215.18.1,Principal of repo contracts,2025-07-31,0,2025-09-03
2215.18.2,Accrued Interest Expense,2025-07-31,0,2025-09-03
2215.18.3,Principal of Short-term loans,2025-07-31,0,2025-09-03
2216,TOTAL LIABILITIES,2025-07-31,29395721540,2025-09-03
2217,Net Asset Value ( = I.10 - II.4),2025-07-31,1855526544015,2025-09-03
2218,Total Outstanding Fund Certificates,2025-07-31,160072631.78,2025-09-03
2219,Net Asset Value per Fund Certificate,2025-07-31,11591.77,2025-09-03
2220,Receivables from rental of investment property (not applicable),2025-07-31,0,2025-09-03
2221,Real Estate Proceeds Receivables (not applicale),2025-07-31,0,2025-09-03
2222,Real Estate Trading Payables (not applicable),2025-07-31,0,2025-09-03
2200,ASSETS,2025-08-31,,2025-10-01
2201,Cash and Cash Equivalents,2025-08-31,436906455665,2025-10-01
2202,Cash,2025-08-31,,2025-10-01
2203,Cash at bank,2025-08-31,436906455665,2025-10-01
2203.1,Cash at bank for Fund's subscription,2025-08-31,29300975163,2025-10-01
2203.2,Cash at bank for Fund's dividend payment and redemption,2025-08-31,249727472,2025-10-01
2203.3,Cash at bank for Fund's operation,2025-08-31,655753030,2025-10-01
2203.4,Margin account for trading derivatives,2025-08-31,0,2025-10-01
2203.5,"Cash, cash equivalents",2025-08-31,406700000000,2025-10-01
2205,Investments,2025-08-31,1505838200924,2025-10-01
2205.1,"Listed Shares, fund certificates",2025-08-31,0,2025-10-01
2205.2,"Unlisted Shares, fund certifictes",2025-08-31,0,2025-10-01
2205.3,Bonds,2025-08-31,589508094536,2025-10-01
2205.4,Money market instruments,2025-08-31,619330106388,2025-10-01
2205.5,Deposits with term over three (03) months,2025-08-31,297000000000,2025-10-01
2205.6,Investment - Rights,2025-08-31,0,2025-10-01
2205.7,Index future contracts,2025-08-31,0,2025-10-01
2205.8,Other investments,2025-08-31,0,2025-10-01
2205.9,Reverse repo contracts,2025-08-31,0,2025-10-01
2206,"Dividend, Coupon receivables",2025-08-31,3133895648,2025-10-01
2206.1,Dividend receivables,2025-08-31,0,2025-10-01
2206.2,Coupon receivables,2025-08-31,3133895648,2025-10-01
2207,Interest receivables,2025-08-31,19558855875,2025-10-01
2207.1,Interest receivable from bank deposits,2025-08-31,7103901370,2025-10-01
2207.2,Interest receivable from Money market instruments,2025-08-31,12454954505,2025-10-01
2207.3,Interest receivable from reverse repo contracts,2025-08-31,0,2025-10-01
2208,Securities Trading Receivables,2025-08-31,0,2025-10-01
2210,Other Receivables,2025-08-31,0,2025-10-01
2210.1,Impairment of devaluation of pledged assets,2025-08-31,0,2025-10-01
2210.2,Provision for doubtful debt,2025-08-31,0,2025-10-01
2210.3,Other Receivables,2025-08-31,0,2025-10-01
2211,Other Assets,2025-08-31,23019780,2025-10-01
2212,TOTAL ASSETS,2025-08-31,1965460427892,2025-10-01
2213,LIABILITIES,2025-08-31,,2025-10-01
2214,Securities Trading Payables,2025-08-31,0,2025-10-01
2215,Other Payables,2025-08-31,32693898211,2025-10-01
2215.1,Payables to investors,2025-08-31,29550702635,2025-10-01
2215.1.1,Subscription Pending allotment,2025-08-31,29300975163,2025-10-01
2215.1.2,Payables to investors for investment bought on behalf,2025-08-31,0,2025-10-01
2215.1.3,Payables to investors for collected dividend,2025-08-31,0,2025-10-01
2215.1.4,Redemption payable to investors,2025-08-31,249727472,2025-10-01
2215.2,Tax payables and obligations to the State Budget,2025-08-31,837692004,2025-10-01
2215.3,Subscription and Redemption fee payable to distributors and Fund Management Company,2025-08-31,0,2025-10-01
2215.4,Income payable to investors,2025-08-31,0,2025-10-01
2215.5,Remuneration Payable to Fund's Board of Representatives,2025-08-31,9994521,2025-10-01
2215.6,Management fee payable,2025-08-31,1989797923,2025-10-01
2215.7,Fund Administration fee payable,2025-08-31,72959256,2025-10-01
2215.8,Supervisory service fee payable,2025-08-31,54719442,2025-10-01
2215.9,Transaction fee,2025-08-31,0,2025-10-01
2215.9.1,Brokerage fee payable,2025-08-31,0,2025-10-01
2215.9.2,Clearing Settlement fee payable,2025-08-31,0,2025-10-01
2215.10,Accrued expense for Custodian fee,2025-08-31,84108246,2025-10-01
2215.10.1,Custodian service - Safe Custody Fee,2025-08-31,82908246,2025-10-01
2215.10.2,Custodian service - Transaction fee,2025-08-31,750000,2025-10-01
2215.10.3,"Custodian service -  Depository fee, Position and Margin management fee paid to VSDC",2025-08-31,450000,2025-10-01
2215.11,Audit fee payable,2025-08-31,20896989,2025-10-01
2215.12,General meeting expense payable,2025-08-31,31078609,2025-10-01
2215.13,Annual report fee payable,2025-08-31,0,2025-10-01
2215.14,Transfer Agency fee payable,2025-08-31,13200000,2025-10-01
2215.15,Service fee payable to HOSE for calculating iNAV,2025-08-31,0,2025-10-01
2215.16,Authorising index service fee payable to HOSE,2025-08-31,0,2025-10-01
2215.17,Other payables,2025-08-31,28748586,2025-10-01
2215.17.1,Price feed fee payable,2025-08-31,23755435,2025-10-01
2215.17.2,"Accrued expense for Fund's Board of Representatives travelling, meeting",2025-08-31,0,2025-10-01
2215.17.3,Accrued expense for Annual Management Fee pay to SSC,2025-08-31,4993151,2025-10-01
2215.17.4,Other payables,2025-08-31,0,2025-10-01
2215.18,Short-term loans - Repo contracts,2025-08-31,0,2025-10-01
2215.18.1,Principal of repo contracts,2025-08-31,0,2025-10-01
2215.18.2,Accrued Interest Expense,2025-08-31,0,2025-10-01
2215.18.3,Principal of Short-term loans,2025-08-31,0,2025-10-01
2216,TOTAL LIABILITIES,2025-08-31,32693898211,2025-10-01
2217,Net Asset Value ( = I.10 - II.4),2025-08-31,1932766529681,2025-10-01
2218,Total Outstanding Fund Certificates,2025-08-31,166101492.87,2025-10-01
2219,Net Asset Value per Fund Certificate,2025-08-31,11636.05,2025-10-01
2220,Receivables from rental of investment property (not applicable),2025-08-31,0,2025-10-01
2221,Real Estate Proceeds Receivables (not applicale),2025-08-31,0,2025-10-01
2222,Real Estate Trading Payables (not applicable),2025-08-31,0,2025-10-01
2200,ASSETS,2025-09-30,,2025-11-03
2201,Cash and Cash Equivalents,2025-09-30,260768867647,2025-11-03
2202,Cash,2025-09-30,,2025-11-03
2203,Cash at bank,2025-09-30,260768867647,2025-11-03
2203.1,Cash at bank for Fund's subscription,2025-09-30,12086464686,2025-11-03
2203.2,Cash at bank for Fund's dividend payment and redemption,2025-09-30,11929055,2025-11-03
2203.3,Cash at bank for Fund's operation,2025-09-30,2170473906,2025-11-03
2203.4,Margin account for trading derivatives,2025-09-30,0,2025-11-03
2203.5,"Cash, cash equivalents",2025-09-30,246500000000,2025-11-03
2205,Investments,2025-09-30,1726471426885,2025-11-03
2205.1,"Listed Shares, fund certificates",2025-09-30,0,2025-11-03
2205.2,"Unlisted Shares, fund certifictes",2025-09-30,0,2025-11-03
2205.3,Bonds,2025-09-30,660453231831,2025-11-03
2205.4,Money market instruments,2025-09-30,867018195054,2025-11-03
2205.5,Deposits with term over three (03) months,2025-09-30,199000000000,2025-11-03
2205.6,Investment - Rights,2025-09-30,0,2025-11-03
2205.7,Index future contracts,2025-09-30,0,2025-11-03
2205.8,Other investments,2025-09-30,0,2025-11-03
2205.9,Reverse repo contracts,2025-09-30,0,2025-11-03
2206,"Dividend, Coupon receivables",2025-09-30,8532253878,2025-11-03
2206.1,Dividend receivables,2025-09-30,0,2025-11-03
2206.2,Coupon receivables,2025-09-30,8532253878,2025-11-03
2207,Interest receivables,2025-09-30,26283187788,2025-11-03
2207.1,Interest receivable from bank deposits,2025-09-30,3394602057,2025-11-03
2207.2,Interest receivable from Money market instruments,2025-09-30,22888585731,2025-11-03
2207.3,Interest receivable from reverse repo contracts,2025-09-30,0,2025-11-03
2208,Securities Trading Receivables,2025-09-30,0,2025-11-03
2210,Other Receivables,2025-09-30,0,2025-11-03
2210.1,Impairment of devaluation of pledged assets,2025-09-30,0,2025-11-03
2210.2,Provision for doubtful debt,2025-09-30,0,2025-11-03
2210.3,Other Receivables,2025-09-30,0,2025-11-03
2211,Other Assets,2025-09-30,17359178,2025-11-03
2212,TOTAL ASSETS,2025-09-30,2022073095376,2025-11-03
2213,LIABILITIES,2025-09-30,,2025-11-03
2214,Securities Trading Payables,2025-09-30,0,2025-11-03
2215,Other Payables,2025-09-30,15141464664,2025-11-03
2215.1,Payables to investors,2025-09-30,12098393741,2025-11-03
2215.1.1,Subscription Pending allotment,2025-09-30,12086464686,2025-11-03
2215.1.2,Payables to investors for investment bought on behalf,2025-09-30,0,2025-11-03
2215.1.3,Payables to investors for collected dividend,2025-09-30,0,2025-11-03
2215.1.4,Redemption payable to investors,2025-09-30,11929055,2025-11-03
2215.2,Tax payables and obligations to the State Budget,2025-09-30,719734358,2025-11-03
2215.3,Subscription and Redemption fee payable to distributors and Fund Management Company,2025-09-30,0,2025-11-03
2215.4,Income payable to investors,2025-09-30,0,2025-11-03
2215.5,Remuneration Payable to Fund's Board of Representatives,2025-09-30,10487671,2025-11-03
2215.6,Management fee payable,2025-09-30,1969916393,2025-11-03
2215.7,Fund Administration fee payable,2025-09-30,72230270,2025-11-03
2215.8,Supervisory service fee payable,2025-09-30,54172701,2025-11-03
2215.9,Transaction fee,2025-09-30,0,2025-11-03
2215.9.1,Brokerage fee payable,2025-09-30,0,2025-11-03
2215.9.2,Clearing Settlement fee payable,2025-09-30,0,2025-11-03
2215.10,Accrued expense for Custodian fee,2025-09-30,83129848,2025-11-03
2215.10.1,Custodian service - Safe Custody Fee,2025-09-30,82079848,2025-11-03
2215.10.2,Custodian service - Transaction fee,2025-09-30,600000,2025-11-03
2215.10.3,"Custodian service -  Depository fee, Position and Margin management fee paid to VSDC",2025-09-30,450000,2025-11-03
2215.11,Audit fee payable,2025-09-30,35037074,2025-11-03
2215.12,General meeting expense payable,2025-09-30,44303019,2025-11-03
2215.13,Annual report fee payable,2025-09-30,0,2025-11-03
2215.14,Transfer Agency fee payable,2025-09-30,13200000,2025-11-03
2215.15,Service fee payable to HOSE for calculating iNAV,2025-09-30,0,2025-11-03
2215.16,Authorising index service fee payable to HOSE,2025-09-30,0,2025-11-03
2215.17,Other payables,2025-09-30,40859589,2025-11-03
2215.17.1,Price feed fee payable,2025-09-30,35250000,2025-11-03
2215.17.2,"Accrued expense for Fund's Board of Representatives travelling, meeting",2025-09-30,0,2025-11-03
2215.17.3,Accrued expense for Annual Management Fee pay to SSC,2025-09-30,5609589,2025-11-03
2215.17.4,Other payables,2025-09-30,0,2025-11-03
2215.18,Short-term loans - Repo contracts,2025-09-30,0,2025-11-03
2215.18.1,Principal of repo contracts,2025-09-30,0,2025-11-03
2215.18.2,Accrued Interest Expense,2025-09-30,0,2025-11-03
2215.18.3,Principal of Short-term loans,2025-09-30,0,2025-11-03
2216,TOTAL LIABILITIES,2025-09-30,15141464664,2025-11-03
2217,Net Asset Value ( = I.10 - II.4),2025-09-30,2006931630712,2025-11-03
2218,Total Outstanding Fund Certificates,2025-09-30,171653539.18,2025-11-03
2219,Net Asset Value per Fund Certificate,2025-09-30,11691.75,2025-11-03
2220,Receivables from rental of investment property (not applicable),2025-09-30,0,2025-11-03
2221,Real Estate Proceeds Receivables (not applicale),2025-09-30,0,2025-11-03
2222,Real Estate Trading Payables (not applicable),2025-09-30,0,2025-11-03
2200,ASSETS,2025-10-31,,2025-12-02
2201,Cash and Cash Equivalents,2025-10-31,143099683657,2025-12-02
2202,Cash,2025-10-31,,2025-12-02
2203,Cash at bank,2025-10-31,143099683657,2025-12-02
2203.1,Cash at bank for Fund's subscription,2025-10-31,14238549720,2025-12-02
2203.2,Cash at bank for Fund's dividend payment and redemption,2025-10-31,21813754,2025-12-02
2203.3,Cash at bank for Fund's operation,2025-10-31,839320183,2025-12-02
2203.4,Margin account for trading derivatives,2025-10-31,0,2025-12-02
2203.5,"Cash, cash equivalents",2025-10-31,128000000000,2025-12-02
2205,Investments,2025-10-31,1743955983068,2025-12-02
2205.1,"Listed Shares, fund certificates",2025-10-31,0,2025-12-02
2205.2,"Unlisted Shares, fund certifictes",2025-10-31,0,2025-12-02
2205.3,Bonds,2025-10-31,640368526776,2025-12-02
2205.4,Money market instruments,2025-10-31,967587456292,2025-12-02
2205.5,Deposits with term over three (03) months,2025-10-31,136000000000,2025-12-02
2205.6,Investment - Rights,2025-10-31,0,2025-12-02
2205.7,Index future contracts,2025-10-31,0,2025-12-02
2205.8,Other investments,2025-10-31,0,2025-12-02
2205.9,Reverse repo contracts,2025-10-31,0,2025-12-02
2206,"Dividend, Coupon receivables",2025-10-31,12743707153,2025-12-02
2206.1,Dividend receivables,2025-10-31,0,2025-12-02
2206.2,Coupon receivables,2025-10-31,12743707153,2025-12-02
2207,Interest receivables,2025-10-31,18529231679,2025-12-02
2207.1,Interest receivable from bank deposits,2025-10-31,2145836987,2025-12-02
2207.2,Interest receivable from Money market instruments,2025-10-31,16383394692,2025-12-02
2207.3,Interest receivable from reverse repo contracts,2025-10-31,0,2025-12-02
2208,Securities Trading Receivables,2025-10-31,20355400000,2025-12-02
2210,Other Receivables,2025-10-31,0,2025-12-02
2210.1,Impairment of devaluation of pledged assets,2025-10-31,0,2025-12-02
2210.2,Provision for doubtful debt,2025-10-31,0,2025-12-02
2210.3,Other Receivables,2025-10-31,0,2025-12-02
2211,Other Assets,2025-10-31,11509890,2025-12-02
2212,TOTAL ASSETS,2025-10-31,1938695515447,2025-12-02
2213,LIABILITIES,2025-10-31,,2025-12-02
2214,Securities Trading Payables,2025-10-31,0,2025-12-02
2215,Other Payables,2025-10-31,17559700689,2025-12-02
2215.1,Payables to investors,2025-10-31,14260363474,2025-12-02
2215.1.1,Subscription Pending allotment,2025-10-31,14238549720,2025-12-02
2215.1.2,Payables to investors for investment bought on behalf,2025-10-31,0,2025-12-02
2215.1.3,Payables to investors for collected dividend,2025-10-31,0,2025-12-02
2215.1.4,Redemption payable to investors,2025-10-31,21813754,2025-12-02
2215.2,Tax payables and obligations to the State Budget,2025-10-31,910328749,2025-12-02
2215.3,Subscription and Redemption fee payable to distributors and Fund Management Company,2025-10-31,0,2025-12-02
2215.4,Income payable to investors,2025-10-31,0,2025-12-02
2215.5,Remuneration Payable to Fund's Board of Representatives,2025-10-31,10997260,2025-12-02
2215.6,Management fee payable,2025-10-31,2013825337,2025-12-02
2215.7,Fund Administration fee payable,2025-10-31,73840263,2025-12-02
2215.8,Supervisory service fee payable,2025-10-31,55380196,2025-12-02
2215.9,Transaction fee,2025-10-31,2035540,2025-12-02
2215.9.1,Brokerage fee payable,2025-10-31,2035540,2025-12-02
2215.9.2,Clearing Settlement fee payable,2025-10-31,0,2025-12-02
2215.10,Accrued expense for Custodian fee,2025-10-31,84509389,2025-12-02
2215.10.1,Custodian service - Safe Custody Fee,2025-10-31,83909389,2025-12-02
2215.10.2,Custodian service - Transaction fee,2025-10-31,150000,2025-12-02
2215.10.3,"Custodian service -  Depository fee, Position and Margin management fee paid to VSDC",2025-10-31,450000,2025-12-02
2215.11,Audit fee payable,2025-10-31,49648495,2025-12-02
2215.12,General meeting expense payable,2025-10-31,57968242,2025-12-02
2215.13,Annual report fee payable,2025-10-31,0,2025-12-02
2215.14,Transfer Agency fee payable,2025-10-31,13200000,2025-12-02
2215.15,Service fee payable to HOSE for calculating iNAV,2025-10-31,0,2025-12-02
2215.16,Authorising index service fee payable to HOSE,2025-10-31,0,2025-12-02
2215.17,Other payables,2025-10-31,27603744,2025-12-02
2215.17.1,Price feed fee payable,2025-10-31,11877717,2025-12-02
2215.17.2,"Accrued expense for Fund's Board of Representatives travelling, meeting",2025-10-31,0,2025-12-02
2215.17.3,Accrued expense for Annual Management Fee pay to SSC,2025-10-31,6246575,2025-12-02
2215.17.4,Other payables,2025-10-31,9479452,2025-12-02
2215.18,Short-term loans - Repo contracts,2025-10-31,0,2025-12-02
2215.18.1,Principal of repo contracts,2025-10-31,0,2025-12-02
2215.18.2,Accrued Interest Expense,2025-10-31,0,2025-12-02
2215.18.3,Principal of Short-term loans,2025-10-31,0,2025-12-02
2216,TOTAL LIABILITIES,2025-10-31,17559700689,2025-12-02
2217,Net Asset Value ( = I.10 - II.4),2025-10-31,1921135814758,2025-12-02
2218,Total Outstanding Fund Certificates,2025-10-31,163576148.09,2025-12-02
2219,Net Asset Value per Fund Certificate,2025-10-31,11744.59,2025-12-02
2220,Receivables from rental of investment property (not applicable),2025-10-31,0,2025-12-02
2221,Real Estate Proceeds Receivables (not applicale),2025-10-31,0,2025-12-02
2222,Real Estate Trading Payables (not applicable),2025-10-31,0,2025-12-02
2200,ASSETS,2025-11-30,,2026-01-06
2201,Cash and Cash Equivalents,2025-11-30,133076326308,2026-01-06
2202,Cash,2025-11-30,,2026-01-06
2203,Cash at bank,2025-11-30,133076326308,2026-01-06
2203.1,Cash at bank for Fund's subscription,2025-11-30,15770555289,2026-01-06
2203.2,Cash at bank for Fund's dividend payment and redemption,2025-11-30,690834679,2026-01-06
2203.3,Cash at bank for Fund's operation,2025-11-30,614936340,2026-01-06
2203.4,Margin account for trading derivatives,2025-11-30,0,2026-01-06
2203.5,"Cash, cash equivalents",2025-11-30,116000000000,2026-01-06
2205,Investments,2025-11-30,1649696763354,2026-01-06
2205.1,"Listed Shares, fund certificates",2025-11-30,0,2026-01-06
2205.2,"Unlisted Shares, fund certifictes",2025-11-30,0,2026-01-06
2205.3,Bonds,2025-11-30,695769034847,2026-01-06
2205.4,Money market instruments,2025-11-30,817927728507,2026-01-06
2205.5,Deposits with term over three (03) months,2025-11-30,136000000000,2026-01-06
2205.6,Investment - Rights,2025-11-30,0,2026-01-06
2205.7,Index future contracts,2025-11-30,0,2026-01-06
2205.8,Other investments,2025-11-30,0,2026-01-06
2205.9,Reverse repo contracts,2025-11-30,0,2026-01-06
2206,"Dividend, Coupon receivables",2025-11-30,20877450939,2026-01-06
2206.1,Dividend receivables,2025-11-30,0,2026-01-06
2206.2,Coupon receivables,2025-11-30,20877450939,2026-01-06
2207,Interest receivables,2025-11-30,18198635961,2026-01-06
2207.1,Interest receivable from bank deposits,2025-11-30,2614610960,2026-01-06
2207.2,Interest receivable from Money market instruments,2025-11-30,15584025001,2026-01-06
2207.3,Interest receivable from reverse repo contracts,2025-11-30,0,2026-01-06
2208,Securities Trading Receivables,2025-11-30,0,2026-01-06
2210,Other Receivables,2025-11-30,0,2026-01-06
2210.1,Impairment of devaluation of pledged assets,2025-11-30,0,2026-01-06
2210.2,Provision for doubtful debt,2025-11-30,0,2026-01-06
2210.3,Other Receivables,2025-11-30,0,2026-01-06
2211,Other Assets,2025-11-30,5849288,2026-01-06
2212,TOTAL ASSETS,2025-11-30,1821855025850,2026-01-06
2213,LIABILITIES,2025-11-30,,2026-01-06
2214,Securities Trading Payables,2025-11-30,0,2026-01-06
2215,Other Payables,2025-11-30,19335442427,2026-01-06
2215.1,Payables to investors,2025-11-30,16461389968,2026-01-06
2215.1.1,Subscription Pending allotment,2025-11-30,15770555289,2026-01-06
2215.1.2,Payables to investors for investment bought on behalf,2025-11-30,0,2026-01-06
2215.1.3,Payables to investors for collected dividend,2025-11-30,0,2026-01-06
2215.1.4,Redemption payable to investors,2025-11-30,690834679,2026-01-06
2215.2,Tax payables and obligations to the State Budget,2025-11-30,671564616,2026-01-06
2215.3,Subscription and Redemption fee payable to distributors and Fund Management Company,2025-11-30,0,2026-01-06
2215.4,Income payable to investors,2025-11-30,0,2026-01-06
2215.5,Remuneration Payable to Fund's Board of Representatives,2025-11-30,11490411,2026-01-06
2215.6,Management fee payable,2025-11-30,1818339930,2026-01-06
2215.7,Fund Administration fee payable,2025-11-30,66672463,2026-01-06
2215.8,Supervisory service fee payable,2025-11-30,50004348,2026-01-06
2215.9,Transaction fee,2025-11-30,0,2026-01-06
2215.9.1,Brokerage fee payable,2025-11-30,0,2026-01-06
2215.9.2,Clearing Settlement fee payable,2025-11-30,0,2026-01-06
2215.10,Accrued expense for Custodian fee,2025-11-30,77564164,2026-01-06
2215.10.1,Custodian service - Safe Custody Fee,2025-11-30,75764164,2026-01-06
2215.10.2,Custodian service - Transaction fee,2025-11-30,1350000,2026-01-06
2215.10.3,"Custodian service -  Depository fee, Position and Margin management fee paid to VSDC",2025-11-30,450000,2026-01-06
2215.11,Audit fee payable,2025-11-30,63788579,2026-01-06
2215.12,General meeting expense payable,2025-11-30,71192651,2026-01-06
2215.13,Annual report fee payable,2025-11-30,0,2026-01-06
2215.14,Transfer Agency fee payable,2025-11-30,13200000,2026-01-06
2215.15,Service fee payable to HOSE for calculating iNAV,2025-11-30,0,2026-01-06
2215.16,Authorising index service fee payable to HOSE,2025-11-30,0,2026-01-06
2215.17,Other payables,2025-11-30,30235297,2026-01-06
2215.17.1,Price feed fee payable,2025-11-30,23372283,2026-01-06
2215.17.2,"Accrued expense for Fund's Board of Representatives travelling, meeting",2025-11-30,0,2026-01-06
2215.17.3,Accrued expense for Annual Management Fee pay to SSC,2025-11-30,6863014,2026-01-06
2215.17.4,Other payables,2025-11-30,0,2026-01-06
2215.18,Short-term loans - Repo contracts,2025-11-30,0,2026-01-06
2215.18.1,Principal of repo contracts,2025-11-30,0,2026-01-06
2215.18.2,Accrued Interest Expense,2025-11-30,0,2026-01-06
2215.18.3,Principal of Short-term loans,2025-11-30,0,2026-01-06
2216,TOTAL LIABILITIES,2025-11-30,19335442427,2026-01-06
2217,Net Asset Value ( = I.10 - II.4),2025-11-30,1802519583423,2026-01-06
2218,Total Outstanding Fund Certificates,2025-11-30,152781988.18,2026-01-06
2219,Net Asset Value per Fund Certificate,2025-11-30,11797.98,2026-01-06
2220,Receivables from rental of investment property (not applicable),2025-11-30,0,2026-01-06
2221,Real Estate Proceeds Receivables (not applicale),2025-11-30,0,2026-01-06
2222,Real Estate Trading Payables (not applicable),2025-11-30,0,2026-01-06
2200,ASSETS,2025-12-31,,2026-02-02
2201,Cash and Cash Equivalents,2025-12-31,78546789408,2026-02-02
2202,Cash,2025-12-31,,2026-02-02
2203,Cash at bank,2025-12-31,78546789408,2026-02-02
2203.1,Cash at bank for Fund's subscription,2025-12-31,21527465725,2026-02-02
2203.2,Cash at bank for Fund's dividend payment and redemption,2025-12-31,821711488,2026-02-02
2203.3,Cash at bank for Fund's operation,2025-12-31,1197612195,2026-02-02
2203.4,Margin account for trading derivatives,2025-12-31,0,2026-02-02
2203.5,"Cash, cash equivalents",2025-12-31,55000000000,2026-02-02
2205,Investments,2025-12-31,1254654159384,2026-02-02
2205.1,"Listed Shares, fund certificates",2025-12-31,0,2026-02-02
2205.2,"Unlisted Shares, fund certifictes",2025-12-31,0,2026-02-02
2205.3,Bonds,2025-12-31,714813798775,2026-02-02
2205.4,Money market instruments,2025-12-31,469940360609,2026-02-02
2205.5,Deposits with term over three (03) months,2025-12-31,69900000000,2026-02-02
2205.6,Investment - Rights,2025-12-31,0,2026-02-02
2205.7,Index future contracts,2025-12-31,0,2026-02-02
2205.8,Other investments,2025-12-31,0,2026-02-02
2205.9,Reverse repo contracts,2025-12-31,0,2026-02-02
2206,"Dividend, Coupon receivables",2025-12-31,23864415000,2026-02-02
2206.1,Dividend receivables,2025-12-31,0,2026-02-02
2206.2,Coupon receivables,2025-12-31,23864415000,2026-02-02
2207,Interest receivables,2025-12-31,10937472606,2026-02-02
2207.1,Interest receivable from bank deposits,2025-12-31,1634554796,2026-02-02
2207.2,Interest receivable from Money market instruments,2025-12-31,9302917810,2026-02-02
2207.3,Interest receivable from reverse repo contracts,2025-12-31,0,2026-02-02
2208,Securities Trading Receivables,2025-12-31,0,2026-02-02
2210,Other Receivables,2025-12-31,0,2026-02-02
2210.1,Impairment of devaluation of pledged assets,2025-12-31,0,2026-02-02
2210.2,Provision for doubtful debt,2025-12-31,0,2026-02-02
2210.3,Other Receivables,2025-12-31,0,2026-02-02
2211,Other Assets,2025-12-31,0,2026-02-02
2212,TOTAL ASSETS,2025-12-31,1368002836398,2026-02-02
2213,LIABILITIES,2025-12-31,,2026-02-02
2214,Securities Trading Payables,2025-12-31,0,2026-02-02
2215,Other Payables,2025-12-31,25660486546,2026-02-02
2215.1,Payables to investors,2025-12-31,22349177213,2026-02-02
2215.1.1,Subscription Pending allotment,2025-12-31,21527465725,2026-02-02
2215.1.2,Payables to investors for investment bought on behalf,2025-12-31,0,2026-02-02
2215.1.3,Payables to investors for collected dividend,2025-12-31,0,2026-02-02
2215.1.4,Redemption payable to investors,2025-12-31,821711488,2026-02-02
2215.2,Tax payables and obligations to the State Budget,2025-12-31,1157467393,2026-02-02
2215.3,Subscription and Redemption fee payable to distributors and Fund Management Company,2025-12-31,0,2026-02-02
2215.4,Income payable to investors,2025-12-31,0,2026-02-02
2215.5,Remuneration Payable to Fund's Board of Representatives,2025-12-31,12000000,2026-02-02
2215.6,Management fee payable,2025-12-31,1743919278,2026-02-02
2215.7,Fund Administration fee payable,2025-12-31,63943705,2026-02-02
2215.8,Supervisory service fee payable,2025-12-31,47957779,2026-02-02
2215.9,Transaction fee,2025-12-31,0,2026-02-02
2215.9.1,Brokerage fee payable,2025-12-31,0,2026-02-02
2215.9.2,Clearing Settlement fee payable,2025-12-31,0,2026-02-02
2215.10,Accrued expense for Custodian fee,2025-12-31,74313304,2026-02-02
2215.10.1,Custodian service - Safe Custody Fee,2025-12-31,72663304,2026-02-02
2215.10.2,Custodian service - Transaction fee,2025-12-31,1200000,2026-02-02
2215.10.3,"Custodian service -  Depository fee, Position and Margin management fee paid to VSDC",2025-12-31,450000,2026-02-02
2215.11,Audit fee payable,2025-12-31,78400000,2026-02-02
2215.12,General meeting expense payable,2025-12-31,84857874,2026-02-02
2215.13,Annual report fee payable,2025-12-31,0,2026-02-02
2215.14,Transfer Agency fee payable,2025-12-31,13200000,2026-02-02
2215.15,Service fee payable to HOSE for calculating iNAV,2025-12-31,0,2026-02-02
2215.16,Authorising index service fee payable to HOSE,2025-12-31,0,2026-02-02
2215.17,Other payables,2025-12-31,35250000,2026-02-02
2215.17.1,Price feed fee payable,2025-12-31,35250000,2026-02-02
2215.17.2,"Accrued expense for Fund's Board of Representatives travelling, meeting",2025-12-31,0,2026-02-02
2215.17.3,Accrued expense for Annual Management Fee pay to SSC,2025-12-31,0,2026-02-02
2215.17.4,Other payables,2025-12-31,0,2026-02-02
2215.18,Short-term loans - Repo contracts,2025-12-31,0,2026-02-02
2215.18.1,Principal of repo contracts,2025-12-31,0,2026-02-02
2215.18.2,Accrued Interest Expense,2025-12-31,0,2026-02-02
2215.18.3,Principal of Short-term loans,2025-12-31,0,2026-02-02
2216,TOTAL LIABILITIES,2025-12-31,25660486546,2026-02-02
2217,Net Asset Value ( = I.10 - II.4),2025-12-31,1342342349852,2026-02-02
2218,Total Outstanding Fund Certificates,2025-12-31,113149440.94,2026-02-02
2219,Net Asset Value per Fund Certificate,2025-12-31,11863.44,2026-02-02
2220,Receivables from rental of investment property (not applicable),2025-12-31,0,2026-02-02
2221,Real Estate Proceeds Receivables (not applicale),2025-12-31,0,2026-02-02
2222,Real Estate Trading Payables (not applicable),2025-12-31,0,2026-02-02
2200,ASSETS,2026-01-31,,2026-03-02
2201,Cash and Cash Equivalents,2026-01-31,85232469717,2026-03-02
2202,Cash,2026-01-31,,2026-03-02
2203,Cash at bank,2026-01-31,85232469717,2026-03-02
2203.1,Cash at bank for Fund's subscription,2026-01-31,9537986827,2026-03-02
2203.2,Cash at bank for Fund's dividend payment and redemption,2026-01-31,692447604,2026-03-02
2203.3,Cash at bank for Fund's operation,2026-01-31,502035286,2026-03-02
2203.4,Margin account for trading derivatives,2026-01-31,0,2026-03-02
2203.5,"Cash, cash equivalents",2026-01-31,74500000000,2026-03-02
2205,Investments,2026-01-31,1067208978683,2026-03-02
2205.1,"Listed Shares, fund certificates",2026-01-31,0,2026-03-02
2205.2,"Unlisted Shares, fund certifictes",2026-01-31,0,2026-03-02
2205.3,Bonds,2026-01-31,637309440016,2026-03-02
2205.4,Money market instruments,2026-01-31,369999538667,2026-03-02
2205.5,Deposits with term over three (03) months,2026-01-31,59900000000,2026-03-02
2205.6,Investment - Rights,2026-01-31,0,2026-03-02
2205.7,Index future contracts,2026-01-31,0,2026-03-02
2205.8,Other investments,2026-01-31,0,2026-03-02
2205.9,Reverse repo contracts,2026-01-31,0,2026-03-02
2206,"Dividend, Coupon receivables",2026-01-31,17800286672,2026-03-02
2206.1,Dividend receivables,2026-01-31,0,2026-03-02
2206.2,Coupon receivables,2026-01-31,17800286672,2026-03-02
2207,Interest receivables,2026-01-31,12162579452,2026-03-02
2207.1,Interest receivable from bank deposits,2026-01-31,1769120547,2026-03-02
2207.2,Interest receivable from Money market instruments,2026-01-31,10393458905,2026-03-02
2207.3,Interest receivable from reverse repo contracts,2026-01-31,0,2026-03-02
2208,Securities Trading Receivables,2026-01-31,0,2026-03-02
2210,Other Receivables,2026-01-31,0,2026-03-02
2210.1,Impairment of devaluation of pledged assets,2026-01-31,0,2026-03-02
2210.2,Provision for doubtful debt,2026-01-31,0,2026-03-02
2210.3,Other Receivables,2026-01-31,0,2026-03-02
2211,Other Assets,2026-01-31,0,2026-03-02
2212,TOTAL ASSETS,2026-01-31,1182404314524,2026-03-02
2213,LIABILITIES,2026-01-31,,2026-03-02
2214,Securities Trading Payables,2026-01-31,0,2026-03-02
2215,Other Payables,2026-01-31,12536536102,2026-03-02
2215.1,Payables to investors,2026-01-31,10230434431,2026-03-02
2215.1.1,Subscription Pending allotment,2026-01-31,9537986827,2026-03-02
2215.1.2,Payables to investors for investment bought on behalf,2026-01-31,0,2026-03-02
2215.1.3,Payables to investors for collected dividend,2026-01-31,0,2026-03-02
2215.1.4,Redemption payable to investors,2026-01-31,692447604,2026-03-02
2215.2,Tax payables and obligations to the State Budget,2026-01-31,648450125,2026-03-02
2215.3,Subscription and Redemption fee payable to distributors and Fund Management Company,2026-01-31,0,2026-03-02
2215.4,Income payable to investors,2026-01-31,0,2026-03-02
2215.5,Remuneration Payable to Fund's Board of Representatives,2026-01-31,6509589,2026-03-02
2215.6,Management fee payable,2026-01-31,1301640517,2026-03-02
2215.7,Fund Administration fee payable,2026-01-31,47726818,2026-03-02
2215.8,Supervisory service fee payable,2026-01-31,35795116,2026-03-02
2215.9,Transaction fee,2026-01-31,0,2026-03-02
2215.9.1,Brokerage fee payable,2026-01-31,0,2026-03-02
2215.9.2,Clearing Settlement fee payable,2026-01-31,0,2026-03-02
2215.10,Accrued expense for Custodian fee,2026-01-31,55585023,2026-03-02
2215.10.1,Custodian service - Safe Custody Fee,2026-01-31,54235023,2026-03-02
2215.10.2,Custodian service - Transaction fee,2026-01-31,900000,2026-03-02
2215.10.3,"Custodian service -  Depository fee, Position and Margin management fee paid to VSDC",2026-01-31,450000,2026-03-02
2215.11,Audit fee payable,2026-01-31,91479452,2026-03-02
2215.12,General meeting expense payable,2026-01-31,92936378,2026-03-02
2215.13,Annual report fee payable,2026-01-31,0,2026-03-02
2215.14,Transfer Agency fee payable,2026-01-31,13200000,2026-03-02
2215.15,Service fee payable to HOSE for calculating iNAV,2026-01-31,0,2026-03-02
2215.16,Authorising index service fee payable to HOSE,2026-01-31,0,2026-03-02
2215.17,Other payables,2026-01-31,12778653,2026-03-02
2215.17.1,Price feed fee payable,2026-01-31,12141667,2026-03-02
2215.17.2,"Accrued expense for Fund's Board of Representatives travelling, meeting",2026-01-31,0,2026-03-02
2215.17.3,Accrued expense for Annual Management Fee pay to SSC,2026-01-31,636986,2026-03-02
2215.17.4,Other payables,2026-01-31,0,2026-03-02
2215.18,Short-term loans - Repo contracts,2026-01-31,0,2026-03-02
2215.18.1,Principal of repo contracts,2026-01-31,0,2026-03-02
2215.18.2,Accrued Interest Expense,2026-01-31,0,2026-03-02
2215.18.3,Principal of Short-term loans,2026-01-31,0,2026-03-02
2216,TOTAL LIABILITIES,2026-01-31,12536536102,2026-03-02
2217,Net Asset Value ( = I.10 - II.4),2026-01-31,1169867778422,2026-03-02
2218,Total Outstanding Fund Certificates,2026-01-31,97986324.53,2026-03-02
2219,Net Asset Value per Fund Certificate,2026-01-31,11939.09,2026-03-02
2220,Receivables from rental of investment property (not applicable),2026-01-31,0,2026-03-02
2221,Real Estate Proceeds Receivables (not applicale),2026-01-31,0,2026-03-02
2222,Real Estate Trading Payables (not applicable),2026-01-31,0,2026-03-02
2200,ASSETS,2026-02-28,,2026-04-01
2201,Cash and Cash Equivalents,2026-02-28,69245980901,2026-04-01
2202,Cash,2026-02-28,,2026-04-01
2203,Cash at bank,2026-02-28,69245980901,2026-04-01
2203.1,Cash at bank for Fund's subscription,2026-02-28,17008917115,2026-04-01
2203.2,Cash at bank for Fund's dividend payment and redemption,2026-02-28,707334936,2026-04-01
2203.3,Cash at bank for Fund's operation,2026-02-28,529728850,2026-04-01
2203.4,Margin account for trading derivatives,2026-02-28,0,2026-04-01
2203.5,"Cash, cash equivalents",2026-02-28,51000000000,2026-04-01
2205,Investments,2026-02-28,1095136242496,2026-04-01
2205.1,"Listed Shares, fund certificates",2026-02-28,0,2026-04-01
2205.2,"Unlisted Shares, fund certifictes",2026-02-28,0,2026-04-01
2205.3,Bonds,2026-02-28,655183122795,2026-04-01
2205.4,Money market instruments,2026-02-28,410053119701,2026-04-01
2205.5,Deposits with term over three (03) months,2026-02-28,29900000000,2026-04-01
2205.6,Investment - Rights,2026-02-28,0,2026-04-01
2205.7,Index future contracts,2026-02-28,0,2026-04-01
2205.8,Other investments,2026-02-28,0,2026-04-01
2205.9,Reverse repo contracts,2026-02-28,0,2026-04-01
2206,"Dividend, Coupon receivables",2026-02-28,10053530439,2026-04-01
2206.1,Dividend receivables,2026-02-28,0,2026-04-01
2206.2,Coupon receivables,2026-02-28,10053530439,2026-04-01
2207,Interest receivables,2026-02-28,12574201368,2026-04-01
2207.1,Interest receivable from bank deposits,2026-02-28,367235616,2026-04-01
2207.2,Interest receivable from Money market instruments,2026-02-28,12206965752,2026-04-01
2207.3,Interest receivable from reverse repo contracts,2026-02-28,0,2026-04-01
2208,Securities Trading Receivables,2026-02-28,0,2026-04-01
2210,Other Receivables,2026-02-28,0,2026-04-01
2210.1,Impairment of devaluation of pledged assets,2026-02-28,0,2026-04-01
2210.2,Provision for doubtful debt,2026-02-28,0,2026-04-01
2210.3,Other Receivables,2026-02-28,0,2026-04-01
2211,Other Assets,2026-02-28,0,2026-04-01
2212,TOTAL ASSETS,2026-02-28,1187009955204,2026-04-01
2213,LIABILITIES,2026-02-28,,2026-04-01
2214,Securities Trading Payables,2026-02-28,0,2026-04-01
2215,Other Payables,2026-02-28,19474801383,2026-04-01
2215.1,Payables to investors,2026-02-28,17716252051,2026-04-01
2215.1.1,Subscription Pending allotment,2026-02-28,17008917115,2026-04-01
2215.1.2,Payables to investors for investment bought on behalf,2026-02-28,0,2026-04-01
2215.1.3,Payables to investors for collected dividend,2026-02-28,0,2026-04-01
2215.1.4,Redemption payable to investors,2026-02-28,707334936,2026-04-01
2215.2,Tax payables and obligations to the State Budget,2026-02-28,347201653,2026-04-01
2215.3,Subscription and Redemption fee payable to distributors and Fund Management Company,2026-02-28,0,2026-04-01
2215.4,Income payable to investors,2026-02-28,0,2026-04-01
2215.5,Remuneration Payable to Fund's Board of Representatives,2026-02-28,6969863,2026-04-01
2215.6,Management fee payable,2026-02-28,1050773994,2026-04-01
2215.7,Fund Administration fee payable,2026-02-28,38528381,2026-04-01
2215.8,Supervisory service fee payable,2026-02-28,28896285,2026-04-01
2215.9,Transaction fee,2026-02-28,0,2026-04-01
2215.9.1,Brokerage fee payable,2026-02-28,0,2026-04-01
2215.9.2,Clearing Settlement fee payable,2026-02-28,0,2026-04-01
2215.10,Accrued expense for Custodian fee,2026-02-28,45132251,2026-04-01
2215.10.1,Custodian service - Safe Custody Fee,2026-02-28,43782251,2026-04-01
2215.10.2,Custodian service - Transaction fee,2026-02-28,900000,2026-04-01
2215.10.3,"Custodian service -  Depository fee, Position and Margin management fee paid to VSDC",2026-02-28,450000,2026-04-01
2215.11,Audit fee payable,2026-02-28,103293151,2026-04-01
2215.12,General meeting expense payable,2026-02-28,100233092,2026-04-01
2215.13,Annual report fee payable,2026-02-28,0,2026-04-01
2215.14,Transfer Agency fee payable,2026-02-28,13200000,2026-04-01
2215.15,Service fee payable to HOSE for calculating iNAV,2026-02-28,0,2026-04-01
2215.16,Authorising index service fee payable to HOSE,2026-02-28,0,2026-04-01
2215.17,Other payables,2026-02-28,24320662,2026-04-01
2215.17.1,Price feed fee payable,2026-02-28,23108333,2026-04-01
2215.17.2,"Accrued expense for Fund's Board of Representatives travelling, meeting",2026-02-28,0,2026-04-01
2215.17.3,Accrued expense for Annual Management Fee pay to SSC,2026-02-28,1212329,2026-04-01
2215.17.4,Other payables,2026-02-28,0,2026-04-01
2215.18,Short-term loans - Repo contracts,2026-02-28,0,2026-04-01
2215.18.1,Principal of repo contracts,2026-02-28,0,2026-04-01
2215.18.2,Accrued Interest Expense,2026-02-28,0,2026-04-01
2215.18.3,Principal of Short-term loans,2026-02-28,0,2026-04-01
2216,TOTAL LIABILITIES,2026-02-28,19474801383,2026-04-01
2217,Net Asset Value ( = I.10 - II.4),2026-02-28,1167535153821,2026-04-01
2218,Total Outstanding Fund Certificates,2026-02-28,97330833.64,2026-04-01
2219,Net Asset Value per Fund Certificate,2026-02-28,11995.53,2026-04-01
2220,Receivables from rental of investment property (not applicable),2026-02-28,0,2026-04-01
2221,Real Estate Proceeds Receivables (not applicale),2026-02-28,0,2026-04-01
2222,Real Estate Trading Payables (not applicable),2026-02-28,0,2026-04-01
2200,ASSETS,2026-03-31,,2026-05-04
2201,Cash and Cash Equivalents,2026-03-31,216760268283,2026-05-04
2202,Cash,2026-03-31,,2026-05-04
2203,Cash at bank,2026-03-31,216760268283,2026-05-04
2203.1,Cash at bank for Fund's subscription,2026-03-31,8763053629,2026-05-04
2203.2,Cash at bank for Fund's dividend payment and redemption,2026-03-31,693549013,2026-05-04
2203.3,Cash at bank for Fund's operation,2026-03-31,303665641,2026-05-04
2203.4,Margin account for trading derivatives,2026-03-31,0,2026-05-04
2203.5,"Cash, cash equivalents",2026-03-31,207000000000,2026-05-04
2205,Investments,2026-03-31,809818177790,2026-05-04
2205.1,"Listed Shares, fund certificates",2026-03-31,0,2026-05-04
2205.2,"Unlisted Shares, fund certifictes",2026-03-31,0,2026-05-04
2205.3,Bonds,2026-03-31,585818177790,2026-05-04
2205.4,Money market instruments,2026-03-31,204000000000,2026-05-04
2205.5,Deposits with term over three (03) months,2026-03-31,20000000000,2026-05-04
2205.6,Investment - Rights,2026-03-31,0,2026-05-04
2205.7,Index future contracts,2026-03-31,0,2026-05-04
2205.8,Other investments,2026-03-31,0,2026-05-04
2205.9,Reverse repo contracts,2026-03-31,0,2026-05-04
2206,"Dividend, Coupon receivables",2026-03-31,12266735039,2026-05-04
2206.1,Dividend receivables,2026-03-31,0,2026-05-04
2206.2,Coupon receivables,2026-03-31,12266735039,2026-05-04
2207,Interest receivables,2026-03-31,7622321917,2026-05-04
2207.1,Interest receivable from bank deposits,2026-03-31,262541095,2026-05-04
2207.2,Interest receivable from Money market instruments,2026-03-31,7359780822,2026-05-04
2207.3,Interest receivable from reverse repo contracts,2026-03-31,0,2026-05-04
2208,Securities Trading Receivables,2026-03-31,0,2026-05-04
2210,Other Receivables,2026-03-31,0,2026-05-04
2210.1,Impairment of devaluation of pledged assets,2026-03-31,0,2026-05-04
2210.2,Provision for doubtful debt,2026-03-31,0,2026-05-04
2210.3,Other Receivables,2026-03-31,0,2026-05-04
2211,Other Assets,2026-03-31,0,2026-05-04
2212,TOTAL ASSETS,2026-03-31,1046467503029,2026-05-04
2213,LIABILITIES,2026-03-31,,2026-05-04
2214,Securities Trading Payables,2026-03-31,0,2026-05-04
2215,Other Payables,2026-03-31,11596584507,2026-05-04
2215.1,Payables to investors,2026-03-31,9456600642,2026-05-04
2215.1.1,Subscription Pending allotment,2026-03-31,8763051629,2026-05-04
2215.1.2,Payables to investors for investment bought on behalf,2026-03-31,0,2026-05-04
2215.1.3,Payables to investors for collected dividend,2026-03-31,0,2026-05-04
2215.1.4,Redemption payable to investors,2026-03-31,693549013,2026-05-04
2215.2,Tax payables and obligations to the State Budget,2026-03-31,726465088,2026-05-04
2215.3,Subscription and Redemption fee payable to distributors and Fund Management Company,2026-03-31,0,2026-05-04
2215.4,Income payable to investors,2026-03-31,0,2026-05-04
2215.5,Remuneration Payable to Fund's Board of Representatives,2026-03-31,7479452,2026-05-04
2215.6,Management fee payable,2026-03-31,1092213240,2026-05-04
2215.7,Fund Administration fee payable,2026-03-31,40047819,2026-05-04
2215.8,Supervisory service fee payable,2026-03-31,30035866,2026-05-04
2215.9,Transaction fee,2026-03-31,0,2026-05-04
2215.9.1,Brokerage fee payable,2026-03-31,0,2026-05-04
2215.9.2,Clearing Settlement fee payable,2026-03-31,0,2026-05-04
2215.10,Accrued expense for Custodian fee,2026-03-31,47158886,2026-05-04
2215.10.1,Custodian service - Safe Custody Fee,2026-03-31,45508886,2026-05-04
2215.10.2,Custodian service - Transaction fee,2026-03-31,1200000,2026-05-04
2215.10.3,"Custodian service -  Depository fee, Position and Margin management fee paid to VSDC",2026-03-31,450000,2026-05-04
2215.11,Audit fee payable,2026-03-31,37972603,2026-05-04
2215.12,General meeting expense payable,2026-03-31,108311596,2026-05-04
2215.13,Annual report fee payable,2026-03-31,0,2026-05-04
2215.14,Transfer Agency fee payable,2026-03-31,13200000,2026-05-04
2215.15,Service fee payable to HOSE for calculating iNAV,2026-03-31,0,2026-05-04
2215.16,Authorising index service fee payable to HOSE,2026-03-31,0,2026-05-04
2215.17,Other payables,2026-03-31,37099315,2026-05-04
2215.17.1,Price feed fee payable,2026-03-31,35250000,2026-05-04
2215.17.2,"Accrued expense for Fund's Board of Representatives travelling, meeting",2026-03-31,0,2026-05-04
2215.17.3,Accrued expense for Annual Management Fee pay to SSC,2026-03-31,1849315,2026-05-04
2215.17.4,Other payables,2026-03-31,0,2026-05-04
2215.18,Short-term loans - Repo contracts,2026-03-31,0,2026-05-04
2215.18.1,Principal of repo contracts,2026-03-31,0,2026-05-04
2215.18.2,Accrued Interest Expense,2026-03-31,0,2026-05-04
2215.18.3,Principal of Short-term loans,2026-03-31,0,2026-05-04
2216,TOTAL LIABILITIES,2026-03-31,11596584507,2026-05-04
2217,Net Asset Value ( = I.10 - II.4),2026-03-31,1034870918522,2026-05-04
2218,Total Outstanding Fund Certificates,2026-03-31,86040739.32,2026-05-04
2219,Net Asset Value per Fund Certificate,2026-03-31,12027.68,2026-05-04
2220,Receivables from rental of investment property (not applicable),2026-03-31,0,2026-05-04
2221,Real Estate Proceeds Receivables (not applicale),2026-03-31,0,2026-05-04
2222,Real Estate Trading Payables (not applicable),2026-03-31,0,2026-05-04
2200,ASSETS,2026-04-30,,2026-06-02
2201,Cash and Cash Equivalents,2026-04-30,72180393604,2026-06-02
2202,Cash,2026-04-30,,2026-06-02
2203,Cash at bank,2026-04-30,72180393604,2026-06-02
2203.1,Cash at bank for Fund's subscription,2026-04-30,2151643251,2026-06-02
2203.2,Cash at bank for Fund's dividend payment and redemption,2026-04-30,157048358,2026-06-02
2203.3,Cash at bank for Fund's operation,2026-04-30,871701995,2026-06-02
2203.4,Margin account for trading derivatives,2026-04-30,0,2026-06-02
2203.5,"Cash, cash equivalents",2026-04-30,69000000000,2026-06-02
2205,Investments,2026-04-30,728459960462,2026-06-02
2205.1,"Listed Shares, fund certificates",2026-04-30,0,2026-06-02
2205.2,"Unlisted Shares, fund certifictes",2026-04-30,0,2026-06-02
2205.3,Bonds,2026-04-30,514459960462,2026-06-02
2205.4,Money market instruments,2026-04-30,184000000000,2026-06-02
2205.5,Deposits with term over three (03) months,2026-04-30,30000000000,2026-06-02
2205.6,Investment - Rights,2026-04-30,0,2026-06-02
2205.7,Index future contracts,2026-04-30,0,2026-06-02
2205.8,Other investments,2026-04-30,0,2026-06-02
2205.9,Reverse repo contracts,2026-04-30,0,2026-06-02
2206,"Dividend, Coupon receivables",2026-04-30,9966048453,2026-06-02
2206.1,Dividend receivables,2026-04-30,0,2026-06-02
2206.2,Coupon receivables,2026-04-30,9966048453,2026-06-02
2207,Interest receivables,2026-04-30,6195123287,2026-06-02
2207.1,Interest receivable from bank deposits,2026-04-30,379780822,2026-06-02
2207.2,Interest receivable from Money market instruments,2026-04-30,5815342465,2026-06-02
2207.3,Interest receivable from reverse repo contracts,2026-04-30,0,2026-06-02
2208,Securities Trading Receivables,2026-04-30,0,2026-06-02
2210,Other Receivables,2026-04-30,0,2026-06-02
2210.1,Impairment of devaluation of pledged assets,2026-04-30,0,2026-06-02
2210.2,Provision for doubtful debt,2026-04-30,0,2026-06-02
2210.3,Other Receivables,2026-04-30,0,2026-06-02
2211,Other Assets,2026-04-30,0,2026-06-02
2212,TOTAL ASSETS,2026-04-30,816801525806,2026-06-02
2213,LIABILITIES,2026-04-30,,2026-06-02
2214,Securities Trading Payables,2026-04-30,0,2026-06-02
2215,Other Payables,2026-04-30,3909362328,2026-06-02
2215.1,Payables to investors,2026-04-30,2308691609,2026-06-02
2215.1.1,Subscription Pending allotment,2026-04-30,2151643251,2026-06-02
2215.1.2,Payables to investors for investment bought on behalf,2026-04-30,0,2026-06-02
2215.1.3,Payables to investors for collected dividend,2026-04-30,0,2026-06-02
2215.1.4,Redemption payable to investors,2026-04-30,157048358,2026-06-02
2215.2,Tax payables and obligations to the State Budget,2026-04-30,448701142,2026-06-02
2215.3,Subscription and Redemption fee payable to distributors and Fund Management Company,2026-04-30,0,2026-06-02
2215.4,Income payable to investors,2026-04-30,0,2026-06-02
2215.5,Remuneration Payable to Fund's Board of Representatives,2026-04-30,7972603,2026-06-02
2215.6,Management fee payable,2026-04-30,874356598,2026-06-02
2215.7,Fund Administration fee payable,2026-04-30,32475172,2026-06-02
2215.8,Supervisory service fee payable,2026-04-30,24044805,2026-06-02
2215.9,Transaction fee,2026-04-30,0,2026-06-02
2215.9.1,Brokerage fee payable,2026-04-30,0,2026-06-02
2215.9.2,Clearing Settlement fee payable,2026-04-30,0,2026-06-02
2215.10,Accrued expense for Custodian fee,2026-04-30,37331526,2026-06-02
2215.10.1,Custodian service - Safe Custody Fee,2026-04-30,36431526,2026-06-02
2215.10.2,Custodian service - Transaction fee,2026-04-30,450000,2026-06-02
2215.10.3,"Custodian service -  Depository fee, Position and Margin management fee paid to VSDC",2026-04-30,450000,2026-06-02
2215.11,Audit fee payable,2026-04-30,50630137,2026-06-02
2215.12,General meeting expense payable,2026-04-30,97872104,2026-06-02
2215.13,Annual report fee payable,2026-04-30,0,2026-06-02
2215.14,Transfer Agency fee payable,2026-04-30,13200000,2026-06-02
2215.15,Service fee payable to HOSE for calculating iNAV,2026-04-30,0,2026-06-02
2215.16,Authorising index service fee payable to HOSE,2026-04-30,0,2026-06-02
2215.17,Other payables,2026-04-30,14086632,2026-06-02
2215.17.1,Price feed fee payable,2026-04-30,11620879,2026-06-02
2215.17.2,"Accrued expense for Fund's Board of Representatives travelling, meeting",2026-04-30,0,2026-06-02
2215.17.3,Accrued expense for Annual Management Fee pay to SSC,2026-04-30,2465753,2026-06-02
2215.17.4,Other payables,2026-04-30,0,2026-06-02
2215.18,Short-term loans - Repo contracts,2026-04-30,0,2026-06-02
2215.18.1,Principal of repo contracts,2026-04-30,0,2026-06-02
2215.18.2,Accrued Interest Expense,2026-04-30,0,2026-06-02
2215.18.3,Principal of Short-term loans,2026-04-30,0,2026-06-02
2216,TOTAL LIABILITIES,2026-04-30,3909362328,2026-06-02
2217,Net Asset Value ( = I.10 - II.4),2026-04-30,812892163478,2026-06-02
2218,Total Outstanding Fund Certificates,2026-04-30,67232992.84,2026-06-02
2219,Net Asset Value per Fund Certificate,2026-04-30,12090.67,2026-06-02
2220,Receivables from rental of investment property (not applicable),2026-04-30,0,2026-06-02
2221,Real Estate Proceeds Receivables (not applicale),2026-04-30,0,2026-06-02
2222,Real Estate Trading Payables (not applicable),2026-04-30,0,2026-06-02
2200,ASSETS,2026-05-31,,2026-07-02
2201,Cash and Cash Equivalents,2026-05-31,130647981407,2026-07-02
2202,Cash,2026-05-31,,2026-07-02
2203,Cash at bank,2026-05-31,130647981407,2026-07-02
2203.1,Cash at bank for Fund's subscription,2026-05-31,4849012115,2026-07-02
2203.2,Cash at bank for Fund's dividend payment and redemption,2026-05-31,7277727,2026-07-02
2203.3,Cash at bank for Fund's operation,2026-05-31,32291691565,2026-07-02
2203.4,Margin account for trading derivatives,2026-05-31,0,2026-07-02
2203.5,"Cash, cash equivalents",2026-05-31,93500000000,2026-07-02
2205,Investments,2026-05-31,633601425077,2026-07-02
2205.1,"Listed Shares, fund certificates",2026-05-31,0,2026-07-02
2205.2,"Unlisted Shares, fund certifictes",2026-05-31,0,2026-07-02
2205.3,Bonds,2026-05-31,439601425077,2026-07-02
2205.4,Money market instruments,2026-05-31,164000000000,2026-07-02
2205.5,Deposits with term over three (03) months,2026-05-31,30000000000,2026-07-02
2205.6,Investment - Rights,2026-05-31,0,2026-07-02
2205.7,Index future contracts,2026-05-31,0,2026-07-02
2205.8,Other investments,2026-05-31,0,2026-07-02
2205.9,Reverse repo contracts,2026-05-31,0,2026-07-02
2206,"Dividend, Coupon receivables",2026-05-31,10821774320,2026-07-02
2206.1,Dividend receivables,2026-05-31,0,2026-07-02
2206.2,Coupon receivables,2026-05-31,10821774320,2026-07-02
2207,Interest receivables,2026-05-31,6448465069,2026-07-02
2207.1,Interest receivable from bank deposits,2026-05-31,665243151,2026-07-02
2207.2,Interest receivable from Money market instruments,2026-05-31,5783221918,2026-07-02
2207.3,Interest receivable from reverse repo contracts,2026-05-31,0,2026-07-02
2208,Securities Trading Receivables,2026-05-31,0,2026-07-02
2210,Other Receivables,2026-05-31,0,2026-07-02
2210.1,Impairment of devaluation of pledged assets,2026-05-31,0,2026-07-02
2210.2,Provision for doubtful debt,2026-05-31,0,2026-07-02
2210.3,Other Receivables,2026-05-31,0,2026-07-02
2211,Other Assets,2026-05-31,0,2026-07-02
2212,TOTAL ASSETS,2026-05-31,781519645873,2026-07-02
2213,LIABILITIES,2026-05-31,,2026-07-02
2214,Securities Trading Payables,2026-05-31,0,2026-07-02
2215,Other Payables,2026-05-31,6334778031,2026-07-02
2215.1,Payables to investors,2026-05-31,4856289842,2026-07-02
2215.1.1,Subscription Pending allotment,2026-05-31,4849012115,2026-07-02
2215.1.2,Payables to investors for investment bought on behalf,2026-05-31,0,2026-07-02
2215.1.3,Payables to investors for collected dividend,2026-05-31,0,2026-07-02
2215.1.4,Redemption payable to investors,2026-05-31,7277727,2026-07-02
2215.2,Tax payables and obligations to the State Budget,2026-05-31,378871423,2026-07-02
2215.3,Subscription and Redemption fee payable to distributors and Fund Management Company,2026-05-31,0,2026-07-02
2215.4,Income payable to investors,2026-05-31,0,2026-07-02
2215.5,Remuneration Payable to Fund's Board of Representatives,2026-05-31,8482192,2026-07-02
2215.6,Management fee payable,2026-05-31,818627046,2026-07-02
2215.7,Fund Administration fee payable,2026-05-31,30932696,2026-07-02
2215.8,Supervisory service fee payable,2026-05-31,22547817,2026-07-02
2215.9,Transaction fee,2026-05-31,0,2026-07-02
2215.9.1,Brokerage fee payable,2026-05-31,0,2026-07-02
2215.9.2,Clearing Settlement fee payable,2026-05-31,0,2026-07-02
2215.10,Accrued expense for Custodian fee,2026-05-31,35063357,2026-07-02
2215.10.1,Custodian service - Safe Custody Fee,2026-05-31,34163357,2026-07-02
2215.10.2,Custodian service - Transaction fee,2026-05-31,450000,2026-07-02
2215.10.3,"Custodian service -  Depository fee, Position and Margin management fee paid to VSDC",2026-05-31,450000,2026-07-02
2215.11,Audit fee payable,2026-05-31,63709589,2026-07-02
2215.12,General meeting expense payable,2026-05-31,80322208,2026-07-02
2215.13,Annual report fee payable,2026-05-31,0,2026-07-02
2215.14,Transfer Agency fee payable,2026-05-31,13200000,2026-07-02
2215.15,Service fee payable to HOSE for calculating iNAV,2026-05-31,0,2026-07-02
2215.16,Authorising index service fee payable to HOSE,2026-05-31,0,2026-07-02
2215.17,Other payables,2026-05-31,26731861,2026-07-02
2215.17.1,Price feed fee payable,2026-05-31,23629121,2026-07-02
2215.17.2,"Accrued expense for Fund's Board of Representatives travelling, meeting",2026-05-31,0,2026-07-02
2215.17.3,Accrued expense for Annual Management Fee pay to SSC,2026-05-31,3102740,2026-07-02
2215.17.4,Other payables,2026-05-31,0,2026-07-02
2215.18,Short-term loans - Repo contracts,2026-05-31,0,2026-07-02
2215.18.1,Principal of repo contracts,2026-05-31,0,2026-07-02
2215.18.2,Accrued Interest Expense,2026-05-31,0,2026-07-02
2215.18.3,Principal of Short-term loans,2026-05-31,0,2026-07-02
2216,TOTAL LIABILITIES,2026-05-31,6334778031,2026-07-02
2217,Net Asset Value ( = I.10 - II.4),2026-05-31,775184867842,2026-07-02
2218,Total Outstanding Fund Certificates,2026-05-31,63779258.24,2026-07-02
2219,Net Asset Value per Fund Certificate,2026-05-31,12154.18,2026-07-02
2220,Receivables from rental of investment property (not applicable),2026-05-31,0,2026-07-02
2221,Real Estate Proceeds Receivables (not applicale),2026-05-31,0,2026-07-02
2222,Real Estate Trading Payables (not applicable),2026-05-31,0,2026-07-02
2200,ASSETS,2026-06-30,,2026-08-03
2201,Cash and Cash Equivalents,2026-06-30,48831168345,2026-08-03
2202,Cash,2026-06-30,,2026-08-03
2203,Cash at bank,2026-06-30,48831168345,2026-08-03
2203.1,Cash at bank for Fund's subscription,2026-06-30,13016594468,2026-08-03
2203.2,Cash at bank for Fund's dividend payment and redemption,2026-06-30,68923713,2026-08-03
2203.3,Cash at bank for Fund's operation,2026-06-30,5745650164,2026-08-03
2203.4,Margin account for trading derivatives,2026-06-30,0,2026-08-03
2203.5,"Cash, cash equivalents",2026-06-30,30000000000,2026-08-03
2205,Investments,2026-06-30,683670983445,2026-08-03
2205.1,"Listed Shares, fund certificates",2026-06-30,0,2026-08-03
2205.2,"Unlisted Shares, fund certifictes",2026-06-30,0,2026-08-03
2205.3,Bonds,2026-06-30,349568231168,2026-08-03
2205.4,Money market instruments,2026-06-30,304102752277,2026-08-03
2205.5,Deposits with term over three (03) months,2026-06-30,30000000000,2026-08-03
2205.6,Investment - Rights,2026-06-30,0,2026-08-03
2205.7,Index future contracts,2026-06-30,0,2026-08-03
2205.8,Other investments,2026-06-30,0,2026-08-03
2205.9,Reverse repo contracts,2026-06-30,0,2026-08-03
2206,"Dividend, Coupon receivables",2026-06-30,10870600060,2026-08-03
2206.1,Dividend receivables,2026-06-30,0,2026-08-03
2206.2,Coupon receivables,2026-06-30,10870600060,2026-08-03
2207,Interest receivables,2026-06-30,14645287670,2026-08-03
2207.1,Interest receivable from bank deposits,2026-06-30,806328767,2026-08-03
2207.2,Interest receivable from Money market instruments,2026-06-30,13838958903,2026-08-03
2207.3,Interest receivable from reverse repo contracts,2026-06-30,0,2026-08-03
2208,Securities Trading Receivables,2026-06-30,0,2026-08-03
2210,Other Receivables,2026-06-30,0,2026-08-03
2210.1,Impairment of devaluation of pledged assets,2026-06-30,0,2026-08-03
2210.2,Provision for doubtful debt,2026-06-30,0,2026-08-03
2210.3,Other Receivables,2026-06-30,0,2026-08-03
2211,Other Assets,2026-06-30,0,2026-08-03
2212,TOTAL ASSETS,2026-06-30,758018039520,2026-08-03
2213,LIABILITIES,2026-06-30,,2026-08-03
2214,Securities Trading Payables,2026-06-30,0,2026-08-03
2215,Other Payables,2026-06-30,14356682493,2026-08-03
2215.1,Payables to investors,2026-06-30,13085518181,2026-08-03
2215.1.1,Subscription Pending allotment,2026-06-30,13016594468,2026-08-03
2215.1.2,Payables to investors for investment bought on behalf,2026-06-30,0,2026-08-03
2215.1.3,Payables to investors for collected dividend,2026-06-30,0,2026-08-03
2215.1.4,Redemption payable to investors,2026-06-30,68923713,2026-08-03
2215.2,Tax payables and obligations to the State Budget,2026-06-30,255998106,2026-08-03
2215.3,Subscription and Redemption fee payable to distributors and Fund Management Company,2026-06-30,0,2026-08-03
2215.4,Income payable to investors,2026-06-30,0,2026-08-03
2215.5,Remuneration Payable to Fund's Board of Representatives,2026-06-30,8975342,2026-08-03
2215.6,Management fee payable,2026-06-30,738523431,2026-08-03
2215.7,Fund Administration fee payable,2026-06-30,30800000,2026-08-03
2215.8,Supervisory service fee payable,2026-06-30,20309394,2026-08-03
2215.9,Transaction fee,2026-06-30,0,2026-08-03
2215.9.1,Brokerage fee payable,2026-06-30,0,2026-08-03
2215.9.2,Clearing Settlement fee payable,2026-06-30,0,2026-08-03
2215.10,Accrued expense for Custodian fee,2026-06-30,31671810,2026-08-03
2215.10.1,Custodian service - Safe Custody Fee,2026-06-30,30771810,2026-08-03
2215.10.2,Custodian service - Transaction fee,2026-06-30,450000,2026-08-03
2215.10.3,"Custodian service -  Depository fee, Position and Margin management fee paid to VSDC",2026-06-30,450000,2026-08-03
2215.11,Audit fee payable,2026-06-30,76771205,2026-08-03
2215.12,General meeting expense payable,2026-06-30,76195846,2026-08-03
2215.13,Annual report fee payable,2026-06-30,0,2026-08-03
2215.14,Transfer Agency fee payable,2026-06-30,13200000,2026-08-03
2215.15,Service fee payable to HOSE for calculating iNAV,2026-06-30,0,2026-08-03
2215.16,Authorising index service fee payable to HOSE,2026-06-30,0,2026-08-03
2215.17,Other payables,2026-06-30,18719178,2026-08-03
2215.17.1,Price feed fee payable,2026-06-30,15000000,2026-08-03
2215.17.2,"Accrued expense for Fund's Board of Representatives travelling, meeting",2026-06-30,0,2026-08-03
2215.17.3,Accrued expense for Annual Management Fee pay to SSC,2026-06-30,3719178,2026-08-03
2215.17.4,Other payables,2026-06-30,0,2026-08-03
2215.18,Short-term loans - Repo contracts,2026-06-30,0,2026-08-03
2215.18.1,Principal of repo contracts,2026-06-30,0,2026-08-03
2215.18.2,Accrued Interest Expense,2026-06-30,0,2026-08-03
2215.18.3,Principal of Short-term loans,2026-06-30,0,2026-08-03
2216,TOTAL LIABILITIES,2026-06-30,14356682493,2026-08-03
2217,Net Asset Value ( = I.10 - II.4),2026-06-30,743661357027,2026-08-03
2218,Total Outstanding Fund Certificates,2026-06-30,60872914.02,2026-08-03
2219,Net Asset Value per Fund Certificate,2026-06-30,12216.62,2026-08-03
2220,Receivables from rental of investment property (not applicable),2026-06-30,0,2026-08-03
2221,Real Estate Proceeds Receivables (not applicale),2026-06-30,0,2026-08-03
2222,Real Estate Trading Payables (not applicable),2026-06-30,0,2026-08-03
2200,ASSETS,2026-07-31,,2026-08-03
2201,Cash and Cash Equivalents,2026-07-31,68577122438,2026-08-03
2202,Cash,2026-07-31,,2026-08-03
2203,Cash at bank,2026-07-31,68577122438,2026-08-03
2203.1,Cash at bank for Fund's subscription,2026-07-31,1321990004,2026-08-03
2203.2,Cash at bank for Fund's dividend payment and redemption,2026-07-31,26527042,2026-08-03
2203.3,Cash at bank for Fund's operation,2026-07-31,7228605392,2026-08-03
2203.4,Margin account for trading derivatives,2026-07-31,0,2026-08-03
2203.5,"Cash, cash equivalents",2026-07-31,60000000000,2026-08-03
2205,Investments,2026-07-31,496161021206,2026-08-03
2205.1,"Listed Shares, fund certificates",2026-07-31,0,2026-08-03
2205.2,"Unlisted Shares, fund certifictes",2026-07-31,0,2026-08-03
2205.3,Bonds,2026-07-31,299850526768,2026-08-03
2205.4,Money market instruments,2026-07-31,164310494438,2026-08-03
2205.5,Deposits with term over three (03) months,2026-07-31,32000000000,2026-08-03
2205.6,Investment - Rights,2026-07-31,0,2026-08-03
2205.7,Index future contracts,2026-07-31,0,2026-08-03
2205.8,Other investments,2026-07-31,0,2026-08-03
2205.9,Reverse repo contracts,2026-07-31,0,2026-08-03
2206,"Dividend, Coupon receivables",2026-07-31,3586234330,2026-08-03
2206.1,Dividend receivables,2026-07-31,0,2026-08-03
2206.2,Coupon receivables,2026-07-31,3586234330,2026-08-03
2207,Interest receivables,2026-07-31,6744767121,2026-08-03
2207.1,Interest receivable from bank deposits,2026-07-31,1091967121,2026-08-03
2207.2,Interest receivable from Money market instruments,2026-07-31,5652800000,2026-08-03
2207.3,Interest receivable from reverse repo contracts,2026-07-31,0,2026-08-03
2208,Securities Trading Receivables,2026-07-31,0,2026-08-03
2210,Other Receivables,2026-07-31,0,2026-08-03
2210.1,Impairment of devaluation of pledged assets,2026-07-31,0,2026-08-03
2210.2,Provision for doubtful debt,2026-07-31,0,2026-08-03
2210.3,Other Receivables,2026-07-31,0,2026-08-03
2211,Other Assets,2026-07-31,0,2026-08-03
2212,TOTAL ASSETS,2026-07-31,575069145095,2026-08-03
2213,LIABILITIES,2026-07-31,,2026-08-03
2214,Securities Trading Payables,2026-07-31,0,2026-08-03
2215,Other Payables,2026-07-31,2666712499,2026-08-03
2215.1,Payables to investors,2026-07-31,1348517046,2026-08-03
2215.1.1,Subscription Pending allotment,2026-07-31,1321990004,2026-08-03
2215.1.2,Payables to investors for investment bought on behalf,2026-07-31,0,2026-08-03
2215.1.3,Payables to investors for collected dividend,2026-07-31,0,2026-08-03
2215.1.4,Redemption payable to investors,2026-07-31,26527042,2026-08-03
2215.2,Tax payables and obligations to the State Budget,2026-07-31,400710204,2026-08-03
2215.3,Subscription and Redemption fee payable to distributors and Fund Management Company,2026-07-31,0,2026-08-03
2215.4,Income payable to investors,2026-07-31,0,2026-08-03
2215.5,Remuneration Payable to Fund's Board of Representatives,2026-07-31,9484932,2026-08-03
2215.6,Management fee payable,2026-07-31,629613121,2026-08-03
2215.7,Fund Administration fee payable,2026-07-31,30800000,2026-08-03
2215.8,Supervisory service fee payable,2026-07-31,18326213,2026-08-03
2215.9,Transaction fee,2026-07-31,0,2026-08-03
2215.9.1,Brokerage fee payable,2026-07-31,0,2026-08-03
2215.9.2,Clearing Settlement fee payable,2026-07-31,0,2026-08-03
2215.10,Accrued expense for Custodian fee,2026-07-31,28333881,2026-08-03
2215.10.1,Custodian service - Safe Custody Fee,2026-07-31,26233881,2026-08-03
2215.10.2,Custodian service - Transaction fee,2026-07-31,1650000,2026-08-03
2215.10.3,"Custodian service -  Depository fee, Position and Margin management fee paid to VSDC",2026-07-31,450000,2026-08-03
2215.11,Audit fee payable,2026-07-31,90894535,2026-08-03
2215.12,General meeting expense payable,2026-07-31,76212816,2026-08-03
2215.13,Annual report fee payable,2026-07-31,0,2026-08-03
2215.14,Transfer Agency fee payable,2026-07-31,13200000,2026-08-03
2215.15,Service fee payable to HOSE for calculating iNAV,2026-07-31,0,2026-08-03
2215.16,Authorising index service fee payable to HOSE,2026-07-31,0,2026-08-03
2215.17,Other payables,2026-07-31,20619751,2026-08-03
2215.17.1,Price feed fee payable,2026-07-31,16263587,2026-08-03
2215.17.2,"Accrued expense for Fund's Board of Representatives travelling, meeting",2026-07-31,0,2026-08-03
2215.17.3,Accrued expense for Annual Management Fee pay to SSC,2026-07-31,4356164,2026-08-03
2215.17.4,Other payables,2026-07-31,0,2026-08-03
2215.18,Short-term loans - Repo contracts,2026-07-31,0,2026-08-03
2215.18.1,Principal of repo contracts,2026-07-31,0,2026-08-03
2215.18.2,Accrued Interest Expense,2026-07-31,0,2026-08-03
2215.18.3,Principal of Short-term loans,2026-07-31,0,2026-08-03
2216,TOTAL LIABILITIES,2026-07-31,2666712499,2026-08-03
2217,Net Asset Value ( = I.10 - II.4),2026-07-31,572402432596,2026-08-03
2218,Total Outstanding Fund Certificates,2026-07-31,46633802.3,2026-08-03
2219,Net Asset Value per Fund Certificate,2026-07-31,12274.41,2026-08-03
2220,Receivables from rental of investment property (not applicable),2026-07-31,0,2026-08-03
2221,Real Estate Proceeds Receivables (not applicale),2026-07-31,0,2026-08-03
2222,Real Estate Trading Payables (not applicable),2026-07-31,0,2026-08-03
