code,line_item,period_end,measure,value,asOf
2265,Management fee paid to the fund management company/Average NAV (%),2021-05-31,month,0.0122314333638007,2021-07-01
2266,Custody and supervising fees paid to the Supervisory Bank/Average NAV (%),2021-05-31,month,0.0038940124511376087,2021-07-01
2267,Auditing fee paid to auditing organizations (if any)/Average NAV (%),2021-05-31,month,0.00103247835391249,2021-07-01
2268,"Legal consultancy, price quotation and other appropriate service fees; remunerations paid to the Board of Representatives/Average NAV (%)",2021-05-31,month,0.00126973656703844,2021-07-01
2269,Expense/Average NAV (%),2021-05-31,month,0.027886908800746,2021-07-01
2270,Portfolio turnover rate (%) = (Total value of purchase transactions + total value of sales transactions) x 100%/ (2 x Average NAV) (**),2021-05-31,month,5.28473274968713,2021-07-01
2273,Fund scale at the beginning of the period (based on par value of fund certificate),2021-05-31,month,6703543200,2021-07-01
2274,Total value of outstanding Fund Certificate at the beginning of period,2021-05-31,month,6703543200,2021-07-01
2275,Total number of outstanding Fund Certificate at the beginning of period,2021-05-31,month,670354.32,2021-07-01
2276,Change of Fund scale during the period (based on par value of fund certificate),2021-05-31,month,220699663300,2021-07-01
2277,Number of Fund Certificates subscribed during the period,2021-05-31,month,22488132.71,2021-07-01
2278,Net subscription amount during the period (based on par value),2021-05-31,month,224881327100,2021-07-01
2279,Fund scale at the end of the period (based on par value),2021-05-31,month,227403206500,2021-07-01
2280,Total value of outstanding Fund Certificate at the end of the period (based on par value),2021-05-31,month,227403206500,2021-07-01
2281,Total number of outstanding Fund Certificate at the end of the period,2021-05-31,month,22740320.65,2021-07-01
2282,Fund Management Company and related parties' ownership ratio at the end of the period,2021-05-31,month,0.94228243435081,2021-07-01
2283,Top 10 investors' ownership ratio at the end of the period,2021-05-31,month,0.997,2021-07-01
2284,Foreign investors' ownership ratio at the end of the period,2021-05-31,month,0.0002,2021-07-01
2285,Net asset value per Fund Certificate at the end of period,2021-05-31,month,9294.76,2021-07-01
22661,"Fund admin fee, and other fees paid to relating services providers by the fund management company/Average NAV (%)",2021-05-31,month,0.006274973665082478,2021-07-01
22761,Change of Number of Fund Certificates during the period,2021-05-31,month,22069966.33,2021-07-01
22762,Change in capital amount during the period (based on par value),2021-05-31,month,220699663300,2021-07-01
22781,Number of Fund Certificates redeemed during the period,2021-05-31,month,-418166.38,2021-07-01
22782,Net redemption amount during the period (based on par value),2021-05-31,month,-4181663800,2021-07-01
22841,Number of investors of the Fund at the end of the period,2021-05-31,month,65,2021-07-01
2265,Management fee paid to the fund management company/Average NAV (%),2021-06-30,month,0.0118365198717176,2021-08-02
2266,Custody and supervising fees paid to the Supervisory Bank/Average NAV (%),2021-06-30,month,0.0017419705307432807,2021-08-02
2267,Auditing fee paid to auditing organizations (if any)/Average NAV (%),2021-06-30,month,0.000631393730705832,2021-08-02
2268,"Legal consultancy, price quotation and other appropriate service fees; remunerations paid to the Board of Representatives/Average NAV (%)",2021-06-30,month,0.000552732980317664,2021-08-02
2269,Expense/Average NAV (%),2021-06-30,month,0.0182813066853646,2021-08-02
2270,Portfolio turnover rate (%) = (Total value of purchase transactions + total value of sales transactions) x 100%/ (2 x Average NAV) (**),2021-06-30,month,1.70692642860451,2021-08-02
2273,Fund scale at the beginning of the period (based on par value of fund certificate),2021-06-30,month,227403206500,2021-08-02
2274,Total value of outstanding Fund Certificate at the beginning of period,2021-06-30,month,227403206500,2021-08-02
2275,Total number of outstanding Fund Certificate at the beginning of period,2021-06-30,month,22740320.65,2021-08-02
2276,Change of Fund scale during the period (based on par value of fund certificate),2021-06-30,month,-80470600,2021-08-02
2277,Number of Fund Certificates subscribed during the period,2021-06-30,month,43744.97,2021-08-02
2278,Net subscription amount during the period (based on par value),2021-06-30,month,437449700,2021-08-02
2279,Fund scale at the end of the period (based on par value),2021-06-30,month,227322735900,2021-08-02
2280,Total value of outstanding Fund Certificate at the end of the period (based on par value),2021-06-30,month,227322735900,2021-08-02
2281,Total number of outstanding Fund Certificate at the end of the period,2021-06-30,month,22732273.59,2021-08-02
2282,Fund Management Company and related parties' ownership ratio at the end of the period,2021-06-30,month,0.942615995499287,2021-08-02
2283,Top 10 investors' ownership ratio at the end of the period,2021-06-30,month,0.9981,2021-08-02
2284,Foreign investors' ownership ratio at the end of the period,2021-06-30,month,0.0002,2021-08-02
2285,Net asset value per Fund Certificate at the end of period,2021-06-30,month,9332.44,2021-08-02
22661,"Fund admin fee, and other fees paid to relating services providers by the fund management company/Average NAV (%)",2021-06-30,month,0.0027385064780126324,2021-08-02
22761,Change of Number of Fund Certificates during the period,2021-06-30,month,-8047.06,2021-08-02
22762,Change in capital amount during the period (based on par value),2021-06-30,month,-80470600,2021-08-02
22781,Number of Fund Certificates redeemed during the period,2021-06-30,month,-51792.03,2021-08-02
22782,Net redemption amount during the period (based on par value),2021-06-30,month,-517920300,2021-08-02
22841,Number of investors of the Fund at the end of the period,2021-06-30,month,62,2021-08-02
2265,Management fee paid to the fund management company/Average NAV (%),2021-07-31,month,0.012231082623272,2021-09-01
2266,Custody and supervising fees paid to the Supervisory Bank/Average NAV (%),2021-07-31,month,0.0017067258198089704,2021-09-01
2267,Auditing fee paid to auditing organizations (if any)/Average NAV (%),2021-07-31,month,0.000448042101844024,2021-09-01
2268,"Legal consultancy, price quotation and other appropriate service fees; remunerations paid to the Board of Representatives/Average NAV (%)",2021-07-31,month,0.000550999871453322,2021-09-01
2269,Expense/Average NAV (%),2021-07-31,month,0.017805962082585,2021-09-01
2270,Portfolio turnover rate (%) = (Total value of purchase transactions + total value of sales transactions) x 100%/ (2 x Average NAV) (**),2021-07-31,month,0.19779458649274,2021-09-01
2273,Fund scale at the beginning of the period (based on par value of fund certificate),2021-07-31,month,227322735900,2021-09-01
2274,Total value of outstanding Fund Certificate at the beginning of period,2021-07-31,month,227322735900,2021-09-01
2275,Total number of outstanding Fund Certificate at the beginning of period,2021-07-31,month,22732273.59,2021-09-01
2276,Change of Fund scale during the period (based on par value of fund certificate),2021-07-31,month,3395700,2021-09-01
2277,Number of Fund Certificates subscribed during the period,2021-07-31,month,5981.96,2021-09-01
2278,Net subscription amount during the period (based on par value),2021-07-31,month,59819600,2021-09-01
2279,Fund scale at the end of the period (based on par value),2021-07-31,month,227326131600,2021-09-01
2280,Total value of outstanding Fund Certificate at the end of the period (based on par value),2021-07-31,month,227326131600,2021-09-01
2281,Total number of outstanding Fund Certificate at the end of the period,2021-07-31,month,22732613.16,2021-09-01
2282,Fund Management Company and related parties' ownership ratio at the end of the period,2021-07-31,month,0.942611302501045,2021-09-01
2283,Top 10 investors' ownership ratio at the end of the period,2021-07-31,month,0.9981,2021-09-01
2284,Foreign investors' ownership ratio at the end of the period,2021-07-31,month,0.0002,2021-09-01
2285,Net asset value per Fund Certificate at the end of period,2021-07-31,month,9379.22,2021-09-01
22661,"Fund admin fee, and other fees paid to relating services providers by the fund management company/Average NAV (%)",2021-07-31,month,0.002723453478468404,2021-09-01
22761,Change of Number of Fund Certificates during the period,2021-07-31,month,339.57,2021-09-01
22762,Change in capital amount during the period (based on par value),2021-07-31,month,3395700,2021-09-01
22781,Number of Fund Certificates redeemed during the period,2021-07-31,month,-5642.39,2021-09-01
22782,Net redemption amount during the period (based on par value),2021-07-31,month,-56423900,2021-09-01
22841,Number of investors of the Fund at the end of the period,2021-07-31,month,84,2021-09-01
2265,Management fee paid to the fund management company/Average NAV (%),2021-08-31,month,0.0122310474482383,2021-10-01
2266,Custody and supervising fees paid to the Supervisory Bank/Average NAV (%),2021-08-31,month,0.0016778211034119707,2021-10-01
2267,Auditing fee paid to auditing organizations (if any)/Average NAV (%),2021-08-31,month,0.000442649118040544,2021-10-01
2268,"Legal consultancy, price quotation and other appropriate service fees; remunerations paid to the Board of Representatives/Average NAV (%)",2021-08-31,month,0.000544367607721326,2021-10-01
2269,Expense/Average NAV (%),2021-08-31,month,0.0179162588053308,2021-10-01
2270,Portfolio turnover rate (%) = (Total value of purchase transactions + total value of sales transactions) x 100%/ (2 x Average NAV) (**),2021-08-31,month,0.503545465868974,2021-10-01
2273,Fund scale at the beginning of the period (based on par value of fund certificate),2021-08-31,month,227326131600,2021-10-01
2274,Total value of outstanding Fund Certificate at the beginning of period,2021-08-31,month,227326131600,2021-10-01
2275,Total number of outstanding Fund Certificate at the beginning of period,2021-08-31,month,22732613.16,2021-10-01
2276,Change of Fund scale during the period (based on par value of fund certificate),2021-08-31,month,3193508900,2021-10-01
2277,Number of Fund Certificates subscribed during the period,2021-08-31,month,324703.67,2021-10-01
2278,Net subscription amount during the period (based on par value),2021-08-31,month,3247036700,2021-10-01
2279,Fund scale at the end of the period (based on par value),2021-08-31,month,230519640500,2021-10-01
2280,Total value of outstanding Fund Certificate at the end of the period (based on par value),2021-08-31,month,230519640500,2021-10-01
2281,Total number of outstanding Fund Certificate at the end of the period,2021-08-31,month,23051964.05,2021-10-01
2282,Fund Management Company and related parties' ownership ratio at the end of the period,2021-08-31,month,0.929575330480354,2021-10-01
2283,Top 10 investors' ownership ratio at the end of the period,2021-08-31,month,0.9931,2021-10-01
2284,Foreign investors' ownership ratio at the end of the period,2021-08-31,month,0.0002,2021-10-01
2285,Net asset value per Fund Certificate at the end of period,2021-08-31,month,9429.98,2021-10-01
22661,"Fund admin fee, and other fees paid to relating services providers by the fund management company/Average NAV (%)",2021-08-31,month,0.002694249754408829,2021-10-01
22761,Change of Number of Fund Certificates during the period,2021-08-31,month,319350.89,2021-10-01
22762,Change in capital amount during the period (based on par value),2021-08-31,month,3193508900,2021-10-01
22781,Number of Fund Certificates redeemed during the period,2021-08-31,month,-5352.78,2021-10-01
22782,Net redemption amount during the period (based on par value),2021-08-31,month,-53527800,2021-10-01
22841,Number of investors of the Fund at the end of the period,2021-08-31,month,156,2021-10-01
2265,Management fee paid to the fund management company/Average NAV (%),2021-09-30,month,0.0118365217207066,2021-11-01
2266,Custody and supervising fees paid to the Supervisory Bank/Average NAV (%),2021-09-30,month,0.001515732061294377,2021-11-01
2267,Auditing fee paid to auditing organizations (if any)/Average NAV (%),2021-09-30,month,0.000386986638580303,2021-11-01
2268,"Legal consultancy, price quotation and other appropriate service fees; remunerations paid to the Board of Representatives/Average NAV (%)",2021-09-30,month,0.0014750042400943,2021-11-01
2269,Expense/Average NAV (%),2021-09-30,month,0.0185637578630786,2021-11-01
2270,Portfolio turnover rate (%) = (Total value of purchase transactions + total value of sales transactions) x 100%/ (2 x Average NAV) (**),2021-09-30,month,2.03818382203615,2021-11-01
2273,Fund scale at the beginning of the period (based on par value of fund certificate),2021-09-30,month,230519640500,2021-11-01
2274,Total value of outstanding Fund Certificate at the beginning of period,2021-09-30,month,230519640500,2021-11-01
2275,Total number of outstanding Fund Certificate at the beginning of period,2021-09-30,month,23051964.05,2021-11-01
2276,Change of Fund scale during the period (based on par value of fund certificate),2021-09-30,month,60800418000,2021-11-01
2277,Number of Fund Certificates subscribed during the period,2021-09-30,month,6183610.82,2021-11-01
2278,Net subscription amount during the period (based on par value),2021-09-30,month,61836108200,2021-11-01
2279,Fund scale at the end of the period (based on par value),2021-09-30,month,291320058500,2021-11-01
2280,Total value of outstanding Fund Certificate at the end of the period (based on par value),2021-09-30,month,291320058500,2021-11-01
2281,Total number of outstanding Fund Certificate at the end of the period,2021-09-30,month,29132005.85,2021-11-01
2282,Fund Management Company and related parties' ownership ratio at the end of the period,2021-09-30,month,0.91707606326737,2021-11-01
2283,Top 10 investors' ownership ratio at the end of the period,2021-09-30,month,0.9815,2021-11-01
2284,Foreign investors' ownership ratio at the end of the period,2021-09-30,month,0.0002,2021-11-01
2285,Net asset value per Fund Certificate at the end of period,2021-09-30,month,9467.25,2021-11-01
22661,"Fund admin fee, and other fees paid to relating services providers by the fund management company/Average NAV (%)",2021-09-30,month,0.0024343333696377856,2021-11-01
22761,Change of Number of Fund Certificates during the period,2021-09-30,month,6080041.8,2021-11-01
22762,Change in capital amount during the period (based on par value),2021-09-30,month,60800418000,2021-11-01
22781,Number of Fund Certificates redeemed during the period,2021-09-30,month,-103569.02,2021-11-01
22782,Net redemption amount during the period (based on par value),2021-09-30,month,-1035690200,2021-11-01
22841,Number of investors of the Fund at the end of the period,2021-09-30,month,226,2021-11-01
2265,Management fee paid to the fund management company/Average NAV (%),2021-10-31,month,0.0122311001741866,2021-12-01
2266,Custody and supervising fees paid to the Supervisory Bank/Average NAV (%),2021-10-31,month,0.0013077425404198384,2021-12-01
2267,Auditing fee paid to auditing organizations (if any)/Average NAV (%),2021-10-31,month,0.000404046469975495,2021-12-01
2268,"Legal consultancy, price quotation and other appropriate service fees; remunerations paid to the Board of Representatives/Average NAV (%)",2021-10-31,month,0.00042861654907972,2021-12-01
2269,Expense/Average NAV (%),2021-10-31,month,0.0164900153716141,2021-12-01
2270,Portfolio turnover rate (%) = (Total value of purchase transactions + total value of sales transactions) x 100%/ (2 x Average NAV) (**),2021-10-31,month,0,2021-12-01
2273,Fund scale at the beginning of the period (based on par value of fund certificate),2021-10-31,month,291320058500,2021-12-01
2274,Total value of outstanding Fund Certificate at the beginning of period,2021-10-31,month,291320058500,2021-12-01
2275,Total number of outstanding Fund Certificate at the beginning of period,2021-10-31,month,29132005.85,2021-12-01
2276,Change of Fund scale during the period (based on par value of fund certificate),2021-10-31,month,-8361432200,2021-12-01
2277,Number of Fund Certificates subscribed during the period,2021-10-31,month,148695.57,2021-12-01
2278,Net subscription amount during the period (based on par value),2021-10-31,month,1486955700,2021-12-01
2279,Fund scale at the end of the period (based on par value),2021-10-31,month,282958626300,2021-12-01
2280,Total value of outstanding Fund Certificate at the end of the period (based on par value),2021-10-31,month,282958626300,2021-12-01
2281,Total number of outstanding Fund Certificate at the end of the period,2021-10-31,month,28295862.63,2021-12-01
2282,Fund Management Company and related parties' ownership ratio at the end of the period,2021-10-31,month,0.944179210556197,2021-12-01
2283,Top 10 investors' ownership ratio at the end of the period,2021-10-31,month,0.9816,2021-12-01
2284,Foreign investors' ownership ratio at the end of the period,2021-10-31,month,0.0002,2021-12-01
2285,Net asset value per Fund Certificate at the end of period,2021-10-31,month,9502.6,2021-12-01
22661,"Fund admin fee, and other fees paid to relating services providers by the fund management company/Average NAV (%)",2021-10-31,month,0.0021232629058731147,2021-12-01
22761,Change of Number of Fund Certificates during the period,2021-10-31,month,-836143.22,2021-12-01
22762,Change in capital amount during the period (based on par value),2021-10-31,month,-8361432200,2021-12-01
22781,Number of Fund Certificates redeemed during the period,2021-10-31,month,-984838.79,2021-12-01
22782,Net redemption amount during the period (based on par value),2021-10-31,month,-9848387900,2021-12-01
22841,Number of investors of the Fund at the end of the period,2021-10-31,month,268,2021-12-01
2265,Management fee paid to the fund management company/Average NAV (%),2021-11-30,month,0.0118364760943747,2022-01-05
2266,Custody and supervising fees paid to the Supervisory Bank/Average NAV (%),2021-11-30,month,0.00134599196274252,2022-01-05
2267,Auditing fee paid to auditing organizations (if any)/Average NAV (%),2021-11-30,month,0.000341945631743169,2022-01-05
2268,"Legal consultancy, price quotation and other appropriate service fees; remunerations paid to the Board of Representatives/Average NAV (%)",2021-11-30,month,0.000433441048376168,2022-01-05
2269,Expense/Average NAV (%),2021-11-30,month,0.0168164438125414,2022-01-05
2270,Portfolio turnover rate (%) = (Total value of purchase transactions + total value of sales transactions) x 100%/ (2 x Average NAV) (**),2021-11-30,month,1.14627053866006,2022-01-05
2273,Fund scale at the beginning of the period (based on par value of fund certificate),2021-11-30,month,282958626300,2022-01-05
2274,Total value of outstanding Fund Certificate at the beginning of period,2021-11-30,month,282958626300,2022-01-05
2275,Total number of outstanding Fund Certificate at the beginning of period,2021-11-30,month,28295862.63,2022-01-05
2276,Change of Fund scale during the period (based on par value of fund certificate),2021-11-30,month,395252000,2022-01-05
2277,Number of Fund Certificates subscribed during the period,2021-11-30,month,343369.24,2022-01-05
2278,Net subscription amount during the period (based on par value),2021-11-30,month,3433692400,2022-01-05
2279,Fund scale at the end of the period (based on par value),2021-11-30,month,283353878300,2022-01-05
2280,Total value of outstanding Fund Certificate at the end of the period (based on par value),2021-11-30,month,283353878300,2022-01-05
2281,Total number of outstanding Fund Certificate at the end of the period,2021-11-30,month,28335387.83,2022-01-05
2282,Fund Management Company and related parties' ownership ratio at the end of the period,2021-11-30,month,0.942884362490125,2022-01-05
2283,Top 10 investors' ownership ratio at the end of the period,2021-11-30,month,0.9789,2022-01-05
2284,Foreign investors' ownership ratio at the end of the period,2021-11-30,month,0.0002,2022-01-05
2285,Net asset value per Fund Certificate at the end of period,2021-11-30,month,9567.22,2022-01-05
22661,"Fund admin fee, and other fees paid to relating services providers by the fund management company/Average NAV (%)",2021-11-30,month,0.00215142576651729,2022-01-05
22761,Change of Number of Fund Certificates during the period,2021-11-30,month,39525.2,2022-01-05
22762,Change in capital amount during the period (based on par value),2021-11-30,month,395252000,2022-01-05
22781,Number of Fund Certificates redeemed during the period,2021-11-30,month,-303844.04,2022-01-05
22782,Net redemption amount during the period (based on par value),2021-11-30,month,-3038440400,2022-01-05
22841,Number of investors of the Fund at the end of the period,2021-11-30,month,312,2022-01-05
2265,Management fee paid to the fund management company/Average NAV (%),2021-12-31,month,0.0122310062677309,2022-02-08
2266,Custody and supervising fees paid to the Supervisory Bank/Average NAV (%),2021-12-31,month,0.00137114827759378,2022-02-08
2267,Auditing fee paid to auditing organizations (if any)/Average NAV (%),2021-12-31,month,0.00035084288305573,2022-02-08
2268,"Legal consultancy, price quotation and other appropriate service fees; remunerations paid to the Board of Representatives/Average NAV (%)",2021-12-31,month,0.00140675289923506,2022-02-08
2269,Expense/Average NAV (%),2021-12-31,month,0.0180738598851477,2022-02-08
2270,Portfolio turnover rate (%) = (Total value of purchase transactions + total value of sales transactions) x 100%/ (2 x Average NAV) (**),2021-12-31,month,1.88097783590604,2022-02-08
2273,Fund scale at the beginning of the period (based on par value of fund certificate),2021-12-31,month,283353878300,2022-02-08
2274,Total value of outstanding Fund Certificate at the beginning of period,2021-12-31,month,283353878300,2022-02-08
2275,Total number of outstanding Fund Certificate at the beginning of period,2021-12-31,month,28335387.83,2022-02-08
2276,Change of Fund scale during the period (based on par value of fund certificate),2021-12-31,month,-2570951200,2022-02-08
2277,Number of Fund Certificates subscribed during the period,2021-12-31,month,130507.59,2022-02-08
2278,Net subscription amount during the period (based on par value),2021-12-31,month,1305075900,2022-02-08
2279,Fund scale at the end of the period (based on par value),2021-12-31,month,280782927100,2022-02-08
2280,Total value of outstanding Fund Certificate at the end of the period (based on par value),2021-12-31,month,280782927100,2022-02-08
2281,Total number of outstanding Fund Certificate at the end of the period,2021-12-31,month,28078292.71,2022-02-08
2282,Fund Management Company and related parties' ownership ratio at the end of the period,2021-12-31,month,0.951513022744608,2022-02-08
2283,Top 10 investors' ownership ratio at the end of the period,2021-12-31,month,0.9828,2022-02-08
2284,Foreign investors' ownership ratio at the end of the period,2021-12-31,month,0.0002,2022-02-08
2285,Net asset value per Fund Certificate at the end of period,2021-12-31,month,9663.41,2022-02-08
22661,"Fund admin fee, and other fees paid to relating services providers by the fund management company/Average NAV (%)",2021-12-31,month,0.00213662477938854,2022-02-08
22761,Change of Number of Fund Certificates during the period,2021-12-31,month,-257095.12,2022-02-08
22762,Change in capital amount during the period (based on par value),2021-12-31,month,-2570951200,2022-02-08
22781,Number of Fund Certificates redeemed during the period,2021-12-31,month,-387602.71,2022-02-08
22782,Net redemption amount during the period (based on par value),2021-12-31,month,-3876027100,2022-02-08
22841,Number of investors of the Fund at the end of the period,2021-12-31,month,319,2022-02-08
2265,Management fee paid to the fund management company/Average NAV (%),2022-01-31,month,0.0122311960801558,2022-03-01
2266,Custody and supervising fees paid to the Supervisory Bank/Average NAV (%),2022-01-31,month,0.00141868838000131,2022-03-01
2267,Auditing fee paid to auditing organizations (if any)/Average NAV (%),2022-01-31,month,0.000349583278761983,2022-03-01
2268,"Legal consultancy, price quotation and other appropriate service fees; remunerations paid to the Board of Representatives/Average NAV (%)",2022-01-31,month,0.000429848143607765,2022-03-01
2269,Expense/Average NAV (%),2022-01-31,month,0.0168663600028893,2022-03-01
2270,Portfolio turnover rate (%) = (Total value of purchase transactions + total value of sales transactions) x 100%/ (2 x Average NAV) (**),2022-01-31,month,0.450574546947681,2022-03-01
2273,Fund scale at the beginning of the period (based on par value of fund certificate),2022-01-31,month,280782927100,2022-03-01
2274,Total value of outstanding Fund Certificate at the beginning of period,2022-01-31,month,280782927100,2022-03-01
2275,Total number of outstanding Fund Certificate at the beginning of period,2022-01-31,month,28078292.71,2022-03-01
2276,Change of Fund scale during the period (based on par value of fund certificate),2022-01-31,month,2162305400,2022-03-01
2277,Number of Fund Certificates subscribed during the period,2022-01-31,month,458494.51,2022-03-01
2278,Net subscription amount during the period (based on par value),2022-01-31,month,4584945100,2022-03-01
2279,Fund scale at the end of the period (based on par value),2022-01-31,month,282945232500,2022-03-01
2280,Total value of outstanding Fund Certificate at the end of the period (based on par value),2022-01-31,month,282945232500,2022-03-01
2281,Total number of outstanding Fund Certificate at the end of the period,2022-01-31,month,28294523.25,2022-03-01
2282,Fund Management Company and related parties' ownership ratio at the end of the period,2022-01-31,month,0.94432623493665,2022-03-01
2283,Top 10 investors' ownership ratio at the end of the period,2022-01-31,month,0.9765,2022-03-01
2284,Foreign investors' ownership ratio at the end of the period,2022-01-31,month,0.0002,2022-03-01
2285,Net asset value per Fund Certificate at the end of period,2022-01-31,month,9701.86,2022-03-01
22661,"Fund admin fee, and other fees paid to relating services providers by the fund management company/Average NAV (%)",2022-01-31,month,0.00213066275507417,2022-03-01
22761,Change of Number of Fund Certificates during the period,2022-01-31,month,216230.54,2022-03-01
22762,Change in capital amount during the period (based on par value),2022-01-31,month,2162305400,2022-03-01
22781,Number of Fund Certificates redeemed during the period,2022-01-31,month,-242263.97,2022-03-01
22782,Net redemption amount during the period (based on par value),2022-01-31,month,-2422639700,2022-03-01
22841,Number of investors of the Fund at the end of the period,2022-01-31,month,357,2022-03-01
2265,Management fee paid to the fund management company/Average NAV (%),2022-02-28,month,0.0110475064059457,2022-04-04
2266,Custody and supervising fees paid to the Supervisory Bank/Average NAV (%),2022-02-28,month,0.00130240619767091,2022-04-04
2267,Auditing fee paid to auditing organizations (if any)/Average NAV (%),2022-02-28,month,0.000312065732704058,2022-04-04
2268,"Legal consultancy, price quotation and other appropriate service fees; remunerations paid to the Board of Representatives/Average NAV (%)",2022-02-28,month,0.000421610565776255,2022-04-04
2269,Expense/Average NAV (%),2022-02-28,month,0.0157412749213544,2022-04-04
2270,Portfolio turnover rate (%) = (Total value of purchase transactions + total value of sales transactions) x 100%/ (2 x Average NAV) (**),2022-02-28,month,1.53290683291111,2022-04-04
2273,Fund scale at the beginning of the period (based on par value of fund certificate),2022-02-28,month,282945232500,2022-04-04
2274,Total value of outstanding Fund Certificate at the beginning of period,2022-02-28,month,282945232500,2022-04-04
2275,Total number of outstanding Fund Certificate at the beginning of period,2022-02-28,month,28294523.25,2022-04-04
2276,Change of Fund scale during the period (based on par value of fund certificate),2022-02-28,month,568354700,2022-04-04
2277,Number of Fund Certificates subscribed during the period,2022-02-28,month,356116.51,2022-04-04
2278,Net subscription amount during the period (based on par value),2022-02-28,month,3561165100,2022-04-04
2279,Fund scale at the end of the period (based on par value),2022-02-28,month,283513587200,2022-04-04
2280,Total value of outstanding Fund Certificate at the end of the period (based on par value),2022-02-28,month,283513587200,2022-04-04
2281,Total number of outstanding Fund Certificate at the end of the period,2022-02-28,month,28351358.72,2022-04-04
2282,Fund Management Company and related parties' ownership ratio at the end of the period,2022-02-28,month,0.942440414016249,2022-04-04
2283,Top 10 investors' ownership ratio at the end of the period,2022-02-28,month,0.9722,2022-04-04
2284,Foreign investors' ownership ratio at the end of the period,2022-02-28,month,0.0002,2022-04-04
2285,Net asset value per Fund Certificate at the end of period,2022-02-28,month,9769.54,2022-04-04
22661,"Fund admin fee, and other fees paid to relating services providers by the fund management company/Average NAV (%)",2022-02-28,month,0.00210590876352051,2022-04-04
22761,Change of Number of Fund Certificates during the period,2022-02-28,month,56835.47,2022-04-04
22762,Change in capital amount during the period (based on par value),2022-02-28,month,568354700,2022-04-04
22781,Number of Fund Certificates redeemed during the period,2022-02-28,month,-299281.04,2022-04-04
22782,Net redemption amount during the period (based on par value),2022-02-28,month,-2992810400,2022-04-04
22841,Number of investors of the Fund at the end of the period,2022-02-28,month,411,2022-04-04
,Change of Fund scale during the period (based on par value),2022-03-31,month,1884979600,2022-05-05
,Fund scale at the beginning of the period (based on par value),2022-03-31,month,283513587200,2022-05-05
,Total value of outstanding Fund Certificate at the beginning of period (based on par value),2022-03-31,month,283513587200,2022-05-05
2265,Management fee paid to the fund management company/Average NAV (%),2022-03-31,month,0.0122310035405419,2022-05-05
2266,Custody and supervising fees paid to the Supervisory Bank/Average NAV (%),2022-03-31,month,0.00131427407830984,2022-05-05
2267,Auditing fee paid to auditing organizations (if any)/Average NAV (%),2022-03-31,month,0.000343537336716947,2022-05-05
2268,"Legal consultancy, price quotation and other appropriate service fees; remunerations paid to the Board of Representatives/Average NAV (%)",2022-03-31,month,0.000422414000599443,2022-05-05
2269,Expense/Average NAV (%),2022-03-31,month,0.0169251638228599,2022-05-05
2270,Portfolio turnover rate (%) = (Total value of purchase transactions + total value of sales transactions) x 100%/ (2 x Average NAV) (**),2022-03-31,month,0.326509257321552,2022-05-05
2273,Fund scale at the beginning of the period (based on par value of fund certificate),2022-03-31,month,283513587200,2022-04-04
2274,Total value of outstanding Fund Certificate at the beginning of period,2022-03-31,month,283513587200,2022-04-04
2275,Total number of outstanding Fund Certificate at the beginning of period,2022-03-31,month,28351358.72,2022-05-05
2276,Change of Fund scale during the period (based on par value of fund certificate),2022-03-31,month,1884979600,2022-04-04
2277,Number of Fund Certificates subscribed during the period,2022-03-31,month,786413.97,2022-05-05
2278,Net subscription amount during the period (based on par value),2022-03-31,month,7864139700,2022-05-05
2279,Fund scale at the end of the period (based on par value),2022-03-31,month,285398566800,2022-05-05
2280,Total value of outstanding Fund Certificate at the end of the period (based on par value),2022-03-31,month,285398566800,2022-05-05
2281,Total number of outstanding Fund Certificate at the end of the period,2022-03-31,month,28539856.68,2022-05-05
2282,Fund Management Company and related parties' ownership ratio at the end of the period,2022-03-31,month,0.936266245468756,2022-05-05
2283,Top 10 investors' ownership ratio at the end of the period,2022-03-31,month,0.962,2022-05-05
2284,Foreign investors' ownership ratio at the end of the period,2022-03-31,month,0.0002,2022-05-05
2285,Net asset value per Fund Certificate at the end of period,2022-03-31,month,9816.6,2022-05-05
22661,"Fund admin fee, and other fees paid to relating services providers by the fund management company/Average NAV (%)",2022-03-31,month,0.00209476853670592,2022-05-05
22761,Change of Number of Fund Certificates during the period,2022-03-31,month,188497.96,2022-05-05
22762,Change in capital amount during the period (based on par value),2022-03-31,month,1884979600,2022-05-05
22781,Number of Fund Certificates redeemed during the period,2022-03-31,month,-597916.01,2022-05-05
22782,Net redemption amount during the period (based on par value),2022-03-31,month,-5979160100,2022-05-05
22841,Number of investors of the Fund at the end of the period,2022-03-31,month,518,2022-05-05
,Change of Fund scale during the period (based on par value),2022-04-30,month,12557896600,2022-06-01
,Fund scale at the beginning of the period (based on par value),2022-04-30,month,285398566800,2022-06-01
,Total value of outstanding Fund Certificate at the beginning of period (based on par value),2022-04-30,month,285398566800,2022-06-01
2265,Management fee paid to the fund management company/Average NAV (%),2022-04-30,month,0.0118365901399783,2022-06-01
2266,Custody and supervising fees paid to the Supervisory Bank/Average NAV (%),2022-04-30,month,0.00126152845883424,2022-06-01
2267,Auditing fee paid to auditing organizations (if any)/Average NAV (%),2022-04-30,month,0.000320033490320702,2022-06-01
2268,"Legal consultancy, price quotation and other appropriate service fees; remunerations paid to the Board of Representatives/Average NAV (%)",2022-04-30,month,0.00161190018875658,2022-06-01
2269,Expense/Average NAV (%),2022-04-30,month,0.0177163055030339,2022-06-01
2270,Portfolio turnover rate (%) = (Total value of purchase transactions + total value of sales transactions) x 100%/ (2 x Average NAV) (**),2022-04-30,month,0.648429513044777,2022-06-01
2275,Total number of outstanding Fund Certificate at the beginning of period,2022-04-30,month,28539856.68,2022-06-01
2277,Number of Fund Certificates subscribed during the period,2022-04-30,month,1917631.83,2022-06-01
2278,Net subscription amount during the period (based on par value),2022-04-30,month,19176318300,2022-06-01
2279,Fund scale at the end of the period (based on par value),2022-04-30,month,297956463400,2022-06-01
2280,Total value of outstanding Fund Certificate at the end of the period (based on par value),2022-04-30,month,297956463400,2022-06-01
2281,Total number of outstanding Fund Certificate at the end of the period,2022-04-30,month,29795646.34,2022-06-01
2282,Fund Management Company and related parties' ownership ratio at the end of the period,2022-04-30,month,0.896850110082223,2022-06-01
2283,Top 10 investors' ownership ratio at the end of the period,2022-04-30,month,0.9535,2022-06-01
2284,Foreign investors' ownership ratio at the end of the period,2022-04-30,month,0.0002,2022-06-01
2285,Net asset value per Fund Certificate at the end of period,2022-04-30,month,9863.75,2022-06-01
22661,"Fund admin fee, and other fees paid to relating services providers by the fund management company/Average NAV (%)",2022-04-30,month,0.00201671383132123,2022-06-01
22761,Change of Number of Fund Certificates during the period,2022-04-30,month,1255789.66,2022-06-01
22762,Change in capital amount during the period (based on par value),2022-04-30,month,12557896600,2022-06-01
22781,Number of Fund Certificates redeemed during the period,2022-04-30,month,-661842.17,2022-06-01
22782,Net redemption amount during the period (based on par value),2022-04-30,month,-6618421700,2022-06-01
22841,Number of investors of the Fund at the end of the period,2022-04-30,month,3199,2022-06-01
,Change of Fund scale during the period (based on par value),2022-05-31,month,13706946400,2022-07-01
,Fund scale at the beginning of the period (based on par value),2022-05-31,month,297956463400,2022-07-01
,Total value of outstanding Fund Certificate at the beginning of period (based on par value),2022-05-31,month,297956463400,2022-07-01
2265,Management fee paid to the fund management company/Average NAV (%),2022-05-31,month,0.0122310878432311,2022-07-01
2266,Custody and supervising fees paid to the Supervisory Bank/Average NAV (%),2022-05-31,month,0.00126290784674583,2022-07-01
2267,Auditing fee paid to auditing organizations (if any)/Average NAV (%),2022-05-31,month,0.00040003351740856,2022-07-01
2268,"Legal consultancy, price quotation and other appropriate service fees; remunerations paid to the Board of Representatives/Average NAV (%)",2022-05-31,month,0.000256508319390336,2022-07-01
2269,Expense/Average NAV (%),2022-05-31,month,0.0168809637366498,2022-07-01
2270,Portfolio turnover rate (%) = (Total value of purchase transactions + total value of sales transactions) x 100%/ (2 x Average NAV) (**),2022-05-31,month,1.2116906294832,2022-07-01
2275,Total number of outstanding Fund Certificate at the beginning of period,2022-05-31,month,29795646.34,2022-07-01
2277,Number of Fund Certificates subscribed during the period,2022-05-31,month,1822580.63,2022-07-01
2278,Net subscription amount during the period (based on par value),2022-05-31,month,18225806300,2022-07-01
2279,Fund scale at the end of the period (based on par value),2022-05-31,month,311663409800,2022-07-01
2280,Total value of outstanding Fund Certificate at the end of the period (based on par value),2022-05-31,month,311663409800,2022-07-01
2281,Total number of outstanding Fund Certificate at the end of the period,2022-05-31,month,31166340.98,2022-07-01
2282,Fund Management Company and related parties' ownership ratio at the end of the period,2022-05-31,month,0.857413766253417,2022-07-01
2283,Top 10 investors' ownership ratio at the end of the period,2022-05-31,month,0.9205,2022-07-01
2284,Foreign investors' ownership ratio at the end of the period,2022-05-31,month,0.0002,2022-07-01
2285,Net asset value per Fund Certificate at the end of period,2022-05-31,month,9914.01,2022-07-01
22661,"Fund admin fee, and other fees paid to relating services providers by the fund management company/Average NAV (%)",2022-05-31,month,0.001948577845095,2022-07-01
22761,Change of Number of Fund Certificates during the period,2022-05-31,month,1370694.64,2022-07-01
22762,Change in capital amount during the period (based on par value),2022-05-31,month,13706946400,2022-07-01
22781,Number of Fund Certificates redeemed during the period,2022-05-31,month,-451885.99,2022-07-01
22782,Net redemption amount during the period (based on par value),2022-05-31,month,-4518859900,2022-07-01
22841,Number of investors of the Fund at the end of the period,2022-05-31,month,6388,2022-07-01
,Change of Fund scale during the period (based on par value),2022-06-30,month,50953133600,2022-08-01
,Fund scale at the beginning of the period (based on par value),2022-06-30,month,311663409800,2022-08-01
,Total value of outstanding Fund Certificate at the beginning of period (based on par value),2022-06-30,month,311663409800,2022-08-01
2265,Management fee paid to the fund management company/Average NAV (%),2022-06-30,month,0.0118364475622091,2022-08-01
2266,Custody and supervising fees paid to the Supervisory Bank/Average NAV (%),2022-06-30,month,0.0011663260735972,2022-08-01
2267,Auditing fee paid to auditing organizations (if any)/Average NAV (%),2022-06-30,month,0.00034610268661233,2022-08-01
2268,"Legal consultancy, price quotation and other appropriate service fees; remunerations paid to the Board of Representatives/Average NAV (%)",2022-06-30,month,0.000226958306205159,2022-08-01
2269,Expense/Average NAV (%),2022-06-30,month,0.0167506017683127,2022-08-01
2270,Portfolio turnover rate (%) = (Total value of purchase transactions + total value of sales transactions) x 100%/ (2 x Average NAV) (**),2022-06-30,month,2.11241587091345,2022-08-01
2275,Total number of outstanding Fund Certificate at the beginning of period,2022-06-30,month,31166340.98,2022-08-01
2277,Number of Fund Certificates subscribed during the period,2022-06-30,month,6169503.21,2022-08-01
2278,Net subscription amount during the period (based on par value),2022-06-30,month,61695032100,2022-08-01
2279,Fund scale at the end of the period (based on par value),2022-06-30,month,362616543400,2022-08-01
2280,Total value of outstanding Fund Certificate at the end of the period (based on par value),2022-06-30,month,362616543400,2022-08-01
2281,Total number of outstanding Fund Certificate at the end of the period,2022-06-30,month,36261654.34,2022-08-01
2282,Fund Management Company and related parties' ownership ratio at the end of the period,2022-06-30,month,0.73722790662948,2022-08-01
2283,Top 10 investors' ownership ratio at the end of the period,2022-06-30,month,0.8061,2022-08-01
2284,Foreign investors' ownership ratio at the end of the period,2022-06-30,month,0.0025,2022-08-01
2285,Net asset value per Fund Certificate at the end of period,2022-06-30,month,9965.27,2022-08-01
22661,"Fund admin fee, and other fees paid to relating services providers by the fund management company/Average NAV (%)",2022-06-30,month,0.00172699069877795,2022-08-01
22761,Change of Number of Fund Certificates during the period,2022-06-30,month,5095313.36,2022-08-01
22762,Change in capital amount during the period (based on par value),2022-06-30,month,50953133600,2022-08-01
22781,Number of Fund Certificates redeemed during the period,2022-06-30,month,-1074189.85,2022-08-01
22782,Net redemption amount during the period (based on par value),2022-06-30,month,-10741898500,2022-08-01
22841,Number of investors of the Fund at the end of the period,2022-06-30,month,8924,2022-08-01
,Change of Fund scale during the period (based on par value),2022-07-31,month,113224154200,2022-09-05
,Fund scale at the beginning of the period (based on par value),2022-07-31,month,362616543400,2022-09-05
,Total value of outstanding Fund Certificate at the beginning of period (based on par value),2022-07-31,month,362616543400,2022-09-05
2265,Management fee paid to the fund management company/Average NAV (%),2022-07-31,month,0.0122310582476561,2022-09-05
2266,Custody and supervising fees paid to the Supervisory Bank/Average NAV (%),2022-07-31,month,0.00107110455050764,2022-09-05
2267,Auditing fee paid to auditing organizations (if any)/Average NAV (%),2022-07-31,month,0.000300699098498217,2022-09-05
2268,"Legal consultancy, price quotation and other appropriate service fees; remunerations paid to the Board of Representatives/Average NAV (%)",2022-07-31,month,0.00154572803634881,2022-09-05
2269,Expense/Average NAV (%),2022-07-31,month,0.0174766351814006,2022-09-05
2270,Portfolio turnover rate (%) = (Total value of purchase transactions + total value of sales transactions) x 100%/ (2 x Average NAV) (**),2022-07-31,month,1.51483432087249,2022-09-05
2275,Total number of outstanding Fund Certificate at the beginning of period,2022-07-31,month,36261654.34,2022-09-05
2277,Number of Fund Certificates subscribed during the period,2022-07-31,month,13635010.33,2022-09-05
2278,Net subscription amount during the period (based on par value),2022-07-31,month,136350103300,2022-09-05
2279,Fund scale at the end of the period (based on par value),2022-07-31,month,475840697600,2022-09-05
2280,Total value of outstanding Fund Certificate at the end of the period (based on par value),2022-07-31,month,475840697600,2022-09-05
2281,Total number of outstanding Fund Certificate at the end of the period,2022-07-31,month,47584069.76,2022-09-05
2282,Fund Management Company and related parties' ownership ratio at the end of the period,2022-07-31,month,0.562705868687765,2022-09-05
2283,Top 10 investors' ownership ratio at the end of the period,2022-07-31,month,0.6681,2022-09-05
2284,Foreign investors' ownership ratio at the end of the period,2022-07-31,month,0.0019,2022-09-05
2285,Net asset value per Fund Certificate at the end of period,2022-07-31,month,10020.57,2022-09-05
22661,"Fund admin fee, and other fees paid to relating services providers by the fund management company/Average NAV (%)",2022-07-31,month,0.00151838637537584,2022-09-05
22761,Change of Number of Fund Certificates during the period,2022-07-31,month,11322415.42,2022-09-05
22762,Change in capital amount during the period (based on par value),2022-07-31,month,113224154200,2022-09-05
22781,Number of Fund Certificates redeemed during the period,2022-07-31,month,-2312594.91,2022-09-05
22782,Net redemption amount during the period (based on par value),2022-07-31,month,-23125949100,2022-09-05
22841,Number of investors of the Fund at the end of the period,2022-07-31,month,10795,2022-09-05
,Change of Fund scale during the period (based on par value),2022-08-31,month,362797934800,2022-10-03
,Fund scale at the beginning of the period (based on par value),2022-08-31,month,475840697600,2022-10-03
,Total value of outstanding Fund Certificate at the beginning of period (based on par value),2022-08-31,month,475840697600,2022-10-03
2265,Management fee paid to the fund management company/Average NAV (%),2022-08-31,month,0.0122309366118063,2022-10-03
2266,Custody and supervising fees paid to the Supervisory Bank/Average NAV (%),2022-08-31,month,0.000905116767776386,2022-10-03
2267,Auditing fee paid to auditing organizations (if any)/Average NAV (%),2022-08-31,month,0.000187366239881552,2022-10-03
2268,"Legal consultancy, price quotation and other appropriate service fees; remunerations paid to the Board of Representatives/Average NAV (%)",2022-08-31,month,0.000119134419714291,2022-10-03
2269,Expense/Average NAV (%),2022-08-31,month,0.0155619375052461,2022-10-03
2270,Portfolio turnover rate (%) = (Total value of purchase transactions + total value of sales transactions) x 100%/ (2 x Average NAV) (**),2022-08-31,month,3.09306388959399,2022-10-03
2275,Total number of outstanding Fund Certificate at the beginning of period,2022-08-31,month,47584069.76,2022-10-03
2277,Number of Fund Certificates subscribed during the period,2022-08-31,month,43723134.92,2022-10-03
2278,Net subscription amount during the period (based on par value),2022-08-31,month,437231349200,2022-10-03
2279,Fund scale at the end of the period (based on par value),2022-08-31,month,838638632400,2022-10-03
2280,Total value of outstanding Fund Certificate at the end of the period (based on par value),2022-08-31,month,838638632400,2022-10-03
2281,Total number of outstanding Fund Certificate at the end of the period,2022-08-31,month,83863863.24,2022-10-03
2282,Fund Management Company and related parties' ownership ratio at the end of the period,2022-08-31,month,0.321341887421498,2022-10-03
2283,Top 10 investors' ownership ratio at the end of the period,2022-08-31,month,0.4444,2022-10-03
2284,Foreign investors' ownership ratio at the end of the period,2022-08-31,month,0.0011,2022-10-03
2285,Net asset value per Fund Certificate at the end of period,2022-08-31,month,10072.1,2022-10-03
22661,"Fund admin fee, and other fees paid to relating services providers by the fund management company/Average NAV (%)",2022-08-31,month,0.000948246912518432,2022-10-03
22761,Change of Number of Fund Certificates during the period,2022-08-31,month,36279793.48,2022-10-03
22762,Change in capital amount during the period (based on par value),2022-08-31,month,362797934800,2022-10-03
22781,Number of Fund Certificates redeemed during the period,2022-08-31,month,-7443341.44,2022-10-03
22782,Net redemption amount during the period (based on par value),2022-08-31,month,-74433414400,2022-10-03
22841,Number of investors of the Fund at the end of the period,2022-08-31,month,13282,2022-10-03
,Change of Fund scale during the period (based on par value),2022-09-30,month,171620960800,2022-11-01
,Fund scale at the beginning of the period (based on par value),2022-09-30,month,838638632400,2022-11-01
,Total value of outstanding Fund Certificate at the beginning of period (based on par value),2022-09-30,month,838638632400,2022-11-01
2265,Management fee paid to the fund management company/Average NAV (%),2022-09-30,month,0.0118364657980673,2022-11-01
2266,Custody and supervising fees paid to the Supervisory Bank/Average NAV (%),2022-09-30,month,0.000832284839111787,2022-11-01
2267,Auditing fee paid to auditing organizations (if any)/Average NAV (%),2022-09-30,month,0.000125829466316803,2022-11-01
2268,"Legal consultancy, price quotation and other appropriate service fees; remunerations paid to the Board of Representatives/Average NAV (%)",2022-09-30,month,8.25132197239481e-05,2022-11-01
2269,Expense/Average NAV (%),2022-09-30,month,0.0141156925539568,2022-11-01
2270,Portfolio turnover rate (%) = (Total value of purchase transactions + total value of sales transactions) x 100%/ (2 x Average NAV) (**),2022-09-30,month,1.59598667270743,2022-11-01
2275,Total number of outstanding Fund Certificate at the beginning of period,2022-09-30,month,83863863.24,2022-11-01
2277,Number of Fund Certificates subscribed during the period,2022-09-30,month,38225533.9,2022-11-01
2278,Net subscription amount during the period (based on par value),2022-09-30,month,382255339000,2022-11-01
2279,Fund scale at the end of the period (based on par value),2022-09-30,month,1010259593200,2022-11-01
2280,Total value of outstanding Fund Certificate at the end of the period (based on par value),2022-09-30,month,1010259593200,2022-11-01
2281,Total number of outstanding Fund Certificate at the end of the period,2022-09-30,month,101025959.32,2022-11-01
2282,Fund Management Company and related parties' ownership ratio at the end of the period,2022-09-30,month,0.26714057348879,2022-11-01
2283,Top 10 investors' ownership ratio at the end of the period,2022-09-30,month,0.4081,2022-11-01
2284,Foreign investors' ownership ratio at the end of the period,2022-09-30,month,0.0009,2022-10-03
2284,Foreign investors' ownership ratio at the end of the period (***),2022-09-30,month,0.0009,2022-11-01
2285,Net asset value per Fund Certificate at the end of period,2022-09-30,month,10117.32,2022-11-01
22661,"Fund admin fee, and other fees paid to relating services providers by the fund management company/Average NAV (%)",2022-09-30,month,0.000694175450944072,2022-11-01
22761,Change of Number of Fund Certificates during the period,2022-09-30,month,17162096.08,2022-11-01
22762,Change in capital amount during the period (based on par value),2022-09-30,month,171620960800,2022-11-01
22781,Number of Fund Certificates redeemed during the period,2022-09-30,month,-21063437.82,2022-11-01
22782,Net redemption amount during the period (based on par value),2022-09-30,month,-210634378200,2022-11-01
22841,Number of investors of the Fund at the end of the period,2022-09-30,month,14545,2022-11-01
,Change of Fund scale during the period (based on par value),2022-10-31,month,-284794715700,2022-12-02
,Fund scale at the beginning of the period (based on par value),2022-10-31,month,1010259593200,2022-12-02
,Total value of outstanding Fund Certificate at the beginning of period (based on par value),2022-10-31,month,1010259593200,2022-12-02
2265,Management fee paid to the fund management company/Average NAV (%),2022-10-31,month,0.0122309511369077,2022-12-02
2266,Custody and supervising fees paid to the Supervisory Bank/Average NAV (%),2022-10-31,month,0.000870030562664734,2022-12-02
2267,Auditing fee paid to auditing organizations (if any)/Average NAV (%),2022-10-31,month,0.000134202341910427,2022-12-02
2268,"Legal consultancy, price quotation and other appropriate service fees; remunerations paid to the Board of Representatives/Average NAV (%)",2022-10-31,month,8.53308239190464e-05,2022-12-02
2269,Expense/Average NAV (%),2022-10-31,month,0.0150760940490305,2022-12-02
2270,Portfolio turnover rate (%) = (Total value of purchase transactions + total value of sales transactions) x 100%/ (2 x Average NAV) (**),2022-10-31,month,3.44561529154002,2022-12-02
2275,Total number of outstanding Fund Certificate at the beginning of period,2022-10-31,month,101025959.32,2022-12-02
2277,Number of Fund Certificates subscribed during the period,2022-10-31,month,12676811.11,2022-12-02
2278,Net subscription amount during the period (based on par value),2022-10-31,month,126768111100,2022-12-02
2279,Fund scale at the end of the period (based on par value),2022-10-31,month,725464877500,2022-12-02
2280,Total value of outstanding Fund Certificate at the end of the period (based on par value),2022-10-31,month,725464877500,2022-12-02
2281,Total number of outstanding Fund Certificate at the end of the period,2022-10-31,month,72546487.75,2022-12-02
2282,Fund Management Company and related parties' ownership ratio at the end of the period,2022-10-31,month,0.370125675587927,2022-12-02
2283,Top 10 investors' ownership ratio at the end of the period,2022-10-31,month,0.5264,2022-12-02
2284,Foreign investors' ownership ratio at the end of the period (***),2022-10-31,month,0.0013,2022-12-02
2285,Net asset value per Fund Certificate at the end of period,2022-10-31,month,10166.56,2022-12-02
22661,"Fund admin fee, and other fees paid to relating services providers by the fund management company/Average NAV (%)",2022-10-31,month,0.000726648177943226,2022-12-02
22761,Change of Number of Fund Certificates during the period,2022-10-31,month,-28479471.57,2022-12-02
22762,Change in capital amount during the period (based on par value),2022-10-31,month,-284794715700,2022-12-02
22781,Number of Fund Certificates redeemed during the period,2022-10-31,month,-41156282.68,2022-12-02
22782,Net redemption amount during the period (based on par value),2022-10-31,month,-411562826800,2022-12-02
22841,Number of investors of the Fund at the end of the period,2022-10-31,month,15582,2022-12-02
,Change of Fund scale during the period (based on par value),2022-11-30,month,-402181768600,2022-12-02
,Fund scale at the beginning of the period (based on par value),2022-11-30,month,725464877500,2022-12-02
,Total value of outstanding Fund Certificate at the beginning of period (based on par value),2022-11-30,month,725464877500,2022-12-02
2265,Management fee paid to the fund management company/Average NAV (%),2022-11-30,month,0.0118364130435431,2023-01-04
2266,Custody and supervising fees paid to the Supervisory Bank/Average NAV (%),2022-11-30,month,0.000978878220736195,2023-01-04
2267,Auditing fee paid to auditing organizations (if any)/Average NAV (%),2022-11-30,month,0.00022891924061863,2023-01-04
2268,"Legal consultancy, price quotation and other appropriate service fees; remunerations paid to the Board of Representatives/Average NAV (%)",2022-11-30,month,0.000881954629870232,2023-01-04
2269,Expense/Average NAV (%),2022-11-30,month,0.0168193447873486,2023-01-04
2270,Portfolio turnover rate (%) = (Total value of purchase transactions + total value of sales transactions) x 100%/ (2 x Average NAV) (**),2022-11-30,month,3.73123094748994,2023-01-04
2273,Fund scale at the beginning of the period (based on par value of fund certificate),2022-11-30,month,725464877500,2023-01-04
2274,Total value of outstanding Fund Certificate at the beginning of period,2022-11-30,month,725464877500,2023-01-04
2275,Total number of outstanding Fund Certificate at the beginning of period,2022-11-30,month,72546487.75,2023-01-04
2276,Change of Fund scale during the period (based on par value of fund certificate),2022-11-30,month,-402181768600,2023-01-04
2277,Number of Fund Certificates subscribed during the period,2022-11-30,month,595188.99,2023-01-04
2278,Net subscription amount during the period (based on par value),2022-11-30,month,5951889900,2023-01-04
2279,Fund scale at the end of the period (based on par value),2022-11-30,month,323283108900,2023-01-04
2280,Total value of outstanding Fund Certificate at the end of the period (based on par value),2022-11-30,month,323283108900,2023-01-04
2281,Total number of outstanding Fund Certificate at the end of the period,2022-11-30,month,32328310.89,2023-01-04
2282,Fund Management Company and related parties' ownership ratio at the end of the period,2022-11-30,month,0.826397121424119,2023-01-04
2283,Top 10 investors' ownership ratio at the end of the period,2022-11-30,month,0.9328,2023-01-04
2284,Foreign investors' ownership ratio at the end of the period (***),2022-11-30,month,0.0028,2023-01-04
2285,Net asset value per Fund Certificate at the end of period,2022-11-30,month,9892.55,2023-01-04
22661,"Fund admin fee, and other fees paid to relating services providers by the fund management company/Average NAV (%)",2022-11-30,month,0.00120876996816362,2023-01-04
22761,Change of Number of Fund Certificates during the period,2022-11-30,month,-40218176.86,2023-01-04
22762,Change in capital amount during the period (based on par value),2022-11-30,month,-402181768600,2023-01-04
22781,Number of Fund Certificates redeemed during the period,2022-11-30,month,-40813365.85,2023-01-04
22782,Net redemption amount during the period (based on par value),2022-11-30,month,-408133658500,2023-01-04
22841,Number of investors of the Fund at the end of the period,2022-11-30,month,14682,2023-01-04
2264,INVESTMENT PERFORMANCE INDICATORS,2022-12-31,month,,2023-02-01
2265,Management fee paid to the fund management company/Average NAV (%),2022-12-31,month,0.0122310221164587,2023-02-01
2266,Custody and supervising fees paid to the Supervisory Bank/Average NAV (%),2022-12-31,month,0.00125383135398804,2023-02-01
2267,Auditing fee paid to auditing organizations (if any)/Average NAV (%),2022-12-31,month,0.000386200814013989,2023-02-01
2268,"Legal consultancy, price quotation and other appropriate service fees; remunerations paid to the Board of Representatives/Average NAV (%)",2022-12-31,month,0.00145192822551461,2023-02-01
2269,Expense/Average NAV (%),2022-12-31,month,0.0180222958858506,2023-02-01
2270,Portfolio turnover rate (%) = (Total value of purchase transactions + total value of sales transactions) x 100%/ (2 x Average NAV) (**),2022-12-31,month,1.16342124691734,2023-02-01
2272,OTHER INDICATORS,2022-12-31,month,,2023-02-01
2273,Fund scale at the beginning of the period (based on par value of fund certificate),2022-12-31,month,323283108900,2023-02-01
2274,Total value of outstanding Fund Certificate at the beginning of period,2022-12-31,month,323283108900,2023-02-01
2275,Total number of outstanding Fund Certificate at the beginning of period,2022-12-31,month,32328310.89,2023-02-01
2276,Change of Fund scale during the period (based on par value of fund certificate),2022-12-31,month,-28005405800,2023-02-01
2277,Number of Fund Certificates subscribed during the period,2022-12-31,month,60509.3,2023-02-01
2278,Net subscription amount during the period (based on par value),2022-12-31,month,605093000,2023-02-01
2279,Fund scale at the end of the period (based on par value),2022-12-31,month,295277703100,2023-02-01
2280,Total value of outstanding Fund Certificate at the end of the period (based on par value),2022-12-31,month,295277703100,2023-02-01
2281,Total number of outstanding Fund Certificate at the end of the period,2022-12-31,month,29527770.31,2023-02-01
2282,Fund Management Company and related parties' ownership ratio at the end of the period,2022-12-31,month,0.904770996574445,2023-02-01
2283,Top 10 investors' ownership ratio at the end of the period,2022-12-31,month,0.9569,2023-02-01
2284,Foreign investors' ownership ratio at the end of the period (***),2022-12-31,month,0.0031,2023-02-01
2285,Net asset value per Fund Certificate at the end of period,2022-12-31,month,9950.04,2023-02-01
2286,Fee paid to Real Estate management organisation/ Average NAV (%) (not applicable),2022-12-31,month,,2023-02-01
2287,Fee paid to Real Estate valuation service provider/ Average NAV (%) (not applicable),2022-12-31,month,,2023-02-01
2287,"Income (including interest income, dividend, coupon income and unrealised gain)/ Average NAV (%) (not applicable)",2022-12-31,month,,2023-02-01
2288,Market price per fund certificates at the end of period (not applicable),2022-12-31,month,,2023-02-01
22661,"Fund admin fee, and other fees paid to relating services providers by the fund management company/Average NAV (%)",2022-12-31,month,0.00197543590362051,2023-02-01
22761,Change of Number of Fund Certificates during the period,2022-12-31,month,-2800540.58,2023-02-01
22762,Change in capital amount during the period (based on par value),2022-12-31,month,-28005405800,2023-02-01
22781,Number of Fund Certificates redeemed during the period,2022-12-31,month,-2861049.88,2023-02-01
22782,Net redemption amount during the period (based on par value),2022-12-31,month,-28610498800,2023-02-01
22841,Number of investors of the Fund at the end of the period,2022-12-31,month,14330,2023-02-01
2264,INVESTMENT PERFORMANCE INDICATORS,2023-01-31,month,,2023-03-02
2265,Management fee paid to the fund management company/Average NAV (%),2023-01-31,month,0.0122318101947113,2023-03-02
2266,Custody and supervising fees paid to the Supervisory Bank/Average NAV (%),2023-01-31,month,0.00129246786788274,2023-03-02
2267,Auditing fee paid to auditing organizations (if any)/Average NAV (%),2023-01-31,month,0.000383903823014706,2023-03-02
2268,"Legal consultancy, price quotation and other appropriate service fees; remunerations paid to the Board of Representatives/Average NAV (%)",2023-01-31,month,0.000600113942093332,2023-03-02
2269,Expense/Average NAV (%),2023-01-31,month,0.0169,2023-03-02
2270,Portfolio turnover rate (%) (**),2023-01-31,month,1.123,2023-03-02
2270,Portfolio turnover rate (%) = (Total value of purchase transactions + total value of sales transactions) x 100%/ (2 x Average NAV) (**),2023-01-31,month,1.123,2023-02-01
2272,OTHER INDICATORS,2023-01-31,month,,2023-03-02
2273,Fund scale at the beginning of the period (based on par value of fund certificate),2023-01-31,month,295277703100,2023-03-02
2274,Total value of outstanding Fund Certificate at the beginning of period,2023-01-31,month,295277703100,2023-03-02
2275,Total number of outstanding Fund Certificate at the beginning of period,2023-01-31,month,29527770.31,2023-03-02
2276,Change of Fund scale during the period (based on par value of fund certificate),2023-01-31,month,-1444166600,2023-03-02
2277,Number of Fund Certificates subscribed during the period,2023-01-31,month,38126.07,2023-03-02
2278,Net subscription amount during the period (based on par value),2023-01-31,month,381260700,2023-03-02
2279,Fund scale at the end of the period (based on par value),2023-01-31,month,293833536500,2023-03-02
2280,Total value of outstanding Fund Certificate at the end of the period (based on par value),2023-01-31,month,293833536500,2023-03-02
2281,Total number of outstanding Fund Certificate at the end of the period,2023-01-31,month,29383353.65,2023-03-02
2282,Fund Management Company and related parties' ownership ratio at the end of the period,2023-01-31,month,0.9092,2023-03-02
2283,Top 10 investors' ownership ratio at the end of the period,2023-01-31,month,0.9616,2023-03-02
2284,Foreign investors' ownership ratio at the end of the period (***),2023-01-31,month,0.0031,2023-03-02
2285,Net asset value per Fund Certificate at the end of period,2023-01-31,month,9920.72,2023-03-02
2286,Fee paid to Real Estate management organisation/ Average NAV (%) (not applicable),2023-01-31,month,,2023-03-02
2287,Fee paid to Real Estate valuation service provider/ Average NAV (%) (not applicable),2023-01-31,month,,2023-03-02
2287,"Income (including interest income, dividend, coupon income and unrealised gain)/ Average NAV (%) (not applicable)",2023-01-31,month,,2023-03-02
2288,Market price per fund certificates at the end of period (not applicable),2023-01-31,month,,2023-03-02
22661,"Fund admin fee, and other fees paid to relating services providers by the fund management company/Average NAV (%)",2023-01-31,month,0.00209896814683779,2023-03-02
22761,Change of Number of Fund Certificates during the period,2023-01-31,month,-144416.66,2023-03-02
22762,Change in capital amount during the period (based on par value),2023-01-31,month,-1444166600,2023-03-02
22781,Number of Fund Certificates redeemed during the period,2023-01-31,month,-182542.73,2023-03-02
22782,Net redemption amount during the period (based on par value),2023-01-31,month,-1825427300,2023-03-02
22841,Number of investors of the Fund at the end of the period,2023-01-31,month,14130,2023-03-02
2264,INVESTMENT PERFORMANCE INDICATORS,2023-02-28,month,,2023-04-04
2265,Management fee paid to the fund management company/Average NAV (%),2023-02-28,month,0.011047402057752,2023-04-04
2266,Custody and supervising fees paid to the Supervisory Bank/Average NAV (%),2023-02-28,month,0.00123568425527492,2023-04-04
2267,Auditing fee paid to auditing organizations (if any)/Average NAV (%),2023-02-28,month,0.000348151707833209,2023-04-04
2268,"Legal consultancy, price quotation and other appropriate service fees; remunerations paid to the Board of Representatives/Average NAV (%)",2023-02-28,month,0.000568183133673235,2023-04-04
2269,Expense/Average NAV (%),2023-02-28,month,0.0171,2023-04-04
2270,Portfolio turnover rate (%),2023-02-28,month,0.6549,2023-04-04
2270,Portfolio turnover rate (%) (**),2023-02-28,month,0.6549,2023-03-02
2272,OTHER INDICATORS,2023-02-28,month,,2023-04-04
2273,Fund scale at the beginning of the period (based on par value of fund certificate),2023-02-28,month,293833536500,2023-04-04
2274,Total value of outstanding Fund Certificate at the beginning of period,2023-02-28,month,293833536500,2023-04-04
2275,Total number of outstanding Fund Certificate at the beginning of period,2023-02-28,month,29383353.65,2023-04-04
2276,Change of Fund scale during the period (based on par value of fund certificate),2023-02-28,month,-2151153000,2023-04-04
2277,Number of Fund Certificates subscribed during the period,2023-02-28,month,64109.77,2023-04-04
2278,Net subscription amount during the period (based on par value),2023-02-28,month,641097700,2023-04-04
2279,Fund scale at the end of the period (based on par value),2023-02-28,month,291682383500,2023-04-04
2280,Total value of outstanding Fund Certificate at the end of the period (based on par value),2023-02-28,month,291682383500,2023-04-04
2281,Total number of outstanding Fund Certificate at the end of the period,2023-02-28,month,29168238.35,2023-04-04
2282,Fund Management Company and related parties' ownership ratio at the end of the period,2023-02-28,month,0.91592333583629,2023-04-04
2283,Top 10 investors' ownership ratio at the end of the period,2023-02-28,month,0.9666,2023-04-04
2284,Foreign investors' ownership ratio at the end of the period (***),2023-02-28,month,0.0031,2023-04-04
2285,Net asset value per Fund Certificate at the end of period,2023-02-28,month,9971.44,2023-04-04
2286,Fee paid to Real Estate management organisation/ Average NAV (%) (not applicable),2023-02-28,month,,2023-04-04
2287,Fee paid to Real Estate valuation service provider/ Average NAV (%) (not applicable),2023-02-28,month,,2023-04-04
2287,"Income (including interest income, dividend, coupon income and unrealised gain)/ Average NAV (%) (not applicable)",2023-02-28,month,,2023-04-04
2288,Market price per fund certificates at the end of period (not applicable),2023-02-28,month,,2023-04-04
22661,"Fund admin fee, and other fees paid to relating services providers by the fund management company/Average NAV (%)",2023-02-28,month,0.00209940428006534,2023-04-04
22761,Change of Number of Fund Certificates during the period,2023-02-28,month,-215115.3,2023-04-04
22762,Change in capital amount during the period (based on par value),2023-02-28,month,-2151153000,2023-04-04
22781,Number of Fund Certificates redeemed during the period,2023-02-28,month,-279225.07,2023-04-04
22782,Net redemption amount during the period (based on par value),2023-02-28,month,-2792250700,2023-04-04
22841,Number of investors of the Fund at the end of the period,2023-02-28,month,14044,2023-04-04
2264,INVESTMENT PERFORMANCE INDICATORS,2023-03-31,month,,2023-05-05
2265,Management fee paid to the fund management company/Average NAV (%),2023-03-31,month,0.0122309974499117,2023-05-05
2266,Custody and supervising fees paid to the Supervisory Bank/Average NAV (%),2023-03-31,month,0.00131141448408301,2023-05-05
2267,Auditing fee paid to auditing organizations (if any)/Average NAV (%),2023-03-31,month,0.000384138035013597,2023-05-05
2268,"Legal consultancy, price quotation and other appropriate service fees; remunerations paid to the Board of Representatives/Average NAV (%)",2023-03-31,month,0.000600480059536072,2023-05-05
2269,Expense/Average NAV (%),2023-03-31,month,0.0167,2023-05-05
2270,Portfolio turnover rate (%),2023-03-31,month,1.3917,2023-04-04
2270,Portfolio turnover rate (%) (**),2023-03-31,month,1.3917,2023-05-05
2272,OTHER INDICATORS,2023-03-31,month,,2023-05-05
2273,Fund scale at the beginning of the period (based on par value of fund certificate),2023-03-31,month,291682383500,2023-05-05
2274,Total value of outstanding Fund Certificate at the beginning of period,2023-03-31,month,291682383500,2023-05-05
2275,Total number of outstanding Fund Certificate at the beginning of period,2023-03-31,month,29168238.35,2023-05-05
2276,Change of Fund scale during the period (based on par value of fund certificate),2023-03-31,month,167341900,2023-05-05
2277,Number of Fund Certificates subscribed during the period,2023-03-31,month,129488.18,2023-05-05
2278,Net subscription amount during the period (based on par value),2023-03-31,month,1294881800,2023-05-05
2279,Fund scale at the end of the period (based on par value),2023-03-31,month,291849725400,2023-05-05
2280,Total value of outstanding Fund Certificate at the end of the period (based on par value),2023-03-31,month,291849725400,2023-05-05
2281,Total number of outstanding Fund Certificate at the end of the period,2023-03-31,month,29184972.54,2023-05-05
2282,Fund Management Company and related parties' ownership ratio at the end of the period,2023-03-31,month,0.915398160247849,2023-05-05
2283,Top 10 investors' ownership ratio at the end of the period,2023-03-31,month,0.9666,2023-05-05
2284,Foreign investors' ownership ratio at the end of the period (***),2023-03-31,month,0.0028,2023-05-05
2285,Net asset value per Fund Certificate at the end of period,2023-03-31,month,10041.09,2023-05-05
2286,Fee paid to Real Estate management organisation/ Average NAV (%) (not applicable),2023-03-31,month,,2023-05-05
2287,Fee paid to Real Estate valuation service provider/ Average NAV (%) (not applicable),2023-03-31,month,,2023-05-05
2287,"Income (including interest income, dividend, coupon income and unrealised gain)/ Average NAV (%) (not applicable)",2023-03-31,month,,2023-05-05
2288,Market price per fund certificates at the end of period (not applicable),2023-03-31,month,,2023-05-05
22661,"Fund admin fee, and other fees paid to relating services providers by the fund management company/Average NAV (%)",2023-03-31,month,0.0020890662289074,2023-05-05
22761,Change of Number of Fund Certificates during the period,2023-03-31,month,16734.19,2023-05-05
22762,Change in capital amount during the period (based on par value),2023-03-31,month,167341900,2023-05-05
22781,Number of Fund Certificates redeemed during the period,2023-03-31,month,-112753.99,2023-05-05
22782,Net redemption amount during the period (based on par value),2023-03-31,month,-1127539900,2023-05-05
22841,Number of investors of the Fund at the end of the period,2023-03-31,month,14052,2023-05-05
2264,INVESTMENT PERFORMANCE INDICATORS,2023-04-30,month,,2023-06-02
2265,Management fee paid to the fund management company/Average NAV (%),2023-04-30,month,0.0118364960560713,2023-06-02
2266,Custody and supervising fees paid to the Supervisory Bank/Average NAV (%),2023-04-30,month,0.00125234440103785,2023-06-02
2267,Auditing fee paid to auditing organizations (if any)/Average NAV (%),2023-04-30,month,0.00054375401933541,2023-06-02
2268,"Legal consultancy, price quotation and other appropriate service fees; remunerations paid to the Board of Representatives/Average NAV (%)",2023-04-30,month,0.000581220669275352,2023-06-02
2269,Expense/Average NAV (%),2023-04-30,month,0.0183575867189075,2023-06-02
2270,Portfolio turnover rate (%),2023-04-30,month,1.24425702239817,2023-06-02
2270,Portfolio turnover rate (%) (**),2023-04-30,month,1.24425702239817,2023-05-05
2272,OTHER INDICATORS,2023-04-30,month,,2023-06-02
2273,Fund scale at the beginning of the period (based on par value of fund certificate),2023-04-30,month,291849725400,2023-06-02
2274,Total value of outstanding Fund Certificate at the beginning of period,2023-04-30,month,291849725400,2023-06-02
2275,Total number of outstanding Fund Certificate at the beginning of period,2023-04-30,month,29184972.54,2023-06-02
2276,Change of Fund scale during the period (based on par value of fund certificate),2023-04-30,month,324239900,2023-06-02
2277,Number of Fund Certificates subscribed during the period,2023-04-30,month,163019.99,2023-06-02
2278,Net subscription amount during the period (based on par value),2023-04-30,month,1630199900,2023-06-02
2279,Fund scale at the end of the period (based on par value),2023-04-30,month,292173965300,2023-06-02
2280,Total value of outstanding Fund Certificate at the end of the period (based on par value),2023-04-30,month,292173965300,2023-06-02
2281,Total number of outstanding Fund Certificate at the end of the period,2023-04-30,month,29217396.53,2023-06-02
2282,Fund Management Company and related parties' ownership ratio at the end of the period,2023-04-30,month,0.914382738125504,2023-06-02
2283,Top 10 investors' ownership ratio at the end of the period,2023-04-30,month,0.9687,2023-06-02
2284,Foreign investors' ownership ratio at the end of the period (***),2023-04-30,month,0.0028,2023-06-02
2285,Net asset value per Fund Certificate at the end of period,2023-04-30,month,10108.65,2023-06-02
2286,Fee paid to Real Estate management organisation/ Average NAV (%) (not applicable),2023-04-30,month,,2023-06-02
2287,Fee paid to Real Estate valuation service provider/ Average NAV (%) (not applicable),2023-04-30,month,,2023-06-02
2287,"Income (including interest income, dividend, coupon income and unrealised gain)/ Average NAV (%) (not applicable)",2023-04-30,month,,2023-06-02
2288,Market price per fund certificates at the end of period (not applicable),2023-04-30,month,,2023-06-02
22661,"Fund admin fee, and other fees paid to relating services providers by the fund management company/Average NAV (%)",2023-04-30,month,0.0020714843482408,2023-06-02
22761,Change of Number of Fund Certificates during the period,2023-04-30,month,32423.99,2023-06-02
22762,Change in capital amount during the period (based on par value),2023-04-30,month,324239900,2023-06-02
22781,Number of Fund Certificates redeemed during the period,2023-04-30,month,-130596,2023-06-02
22782,Net redemption amount during the period (based on par value),2023-04-30,month,-1305960000,2023-06-02
22841,Number of investors of the Fund at the end of the period,2023-04-30,month,14119,2023-06-02
2264,INVESTMENT PERFORMANCE INDICATORS,2023-05-31,month,,2023-07-04
2265,Management fee paid to the fund management company/Average NAV (%),2023-05-31,month,0.0122310897625144,2023-07-04
2266,Custody and supervising fees paid to the Supervisory Bank/Average NAV (%),2023-05-31,month,0.00126357254235592,2023-07-04
2267,Auditing fee paid to auditing organizations (if any)/Average NAV (%),2023-05-31,month,0.000378693185652785,2023-07-04
2268,"Legal consultancy, price quotation and other appropriate service fees; remunerations paid to the Board of Representatives/Average NAV (%)",2023-05-31,month,0.000588363244741573,2023-07-04
2269,Expense/Average NAV (%),2023-05-31,month,0.0165302563491817,2023-07-04
2270,Portfolio turnover rate (%),2023-05-31,month,1.17947776766998,2023-06-02
2270,Portfolio turnover rate (%) (**),2023-05-31,month,1.17947776766998,2023-07-04
2272,OTHER INDICATORS,2023-05-31,month,,2023-07-04
2273,Fund scale at the beginning of the period (based on par value of fund certificate),2023-05-31,month,292173965300,2023-07-04
2274,Total value of outstanding Fund Certificate at the beginning of period,2023-05-31,month,292173965300,2023-07-04
2275,Total number of outstanding Fund Certificate at the beginning of period,2023-05-31,month,29217396.53,2023-07-04
2276,Change of Fund scale during the period (based on par value of fund certificate),2023-05-31,month,-9318716600,2023-07-04
2277,Number of Fund Certificates subscribed during the period,2023-05-31,month,87562.03,2023-07-04
2278,Net subscription amount during the period (based on par value),2023-05-31,month,875620300,2023-07-04
2279,Fund scale at the end of the period (based on par value),2023-05-31,month,282855248700,2023-07-04
2280,Total value of outstanding Fund Certificate at the end of the period (based on par value),2023-05-31,month,282855248700,2023-07-04
2281,Total number of outstanding Fund Certificate at the end of the period,2023-05-31,month,28285524.87,2023-07-04
2282,Fund Management Company and related parties' ownership ratio at the end of the period,2023-05-31,month,0.944452980553795,2023-07-04
2283,Top 10 investors' ownership ratio at the end of the period,2023-05-31,month,0.9715,2023-07-04
2284,Foreign investors' ownership ratio at the end of the period (***),2023-05-31,month,0.002,2023-07-04
2285,Net asset value per Fund Certificate at the end of period,2023-05-31,month,10180.91,2023-07-04
2286,Fee paid to Real Estate management organisation/ Average NAV (%) (not applicable),2023-05-31,month,,2023-07-04
2287,Fee paid to Real Estate valuation service provider/ Average NAV (%) (not applicable),2023-05-31,month,,2023-07-04
2287,"Income (including interest income, dividend, coupon income and unrealised gain)/ Average NAV (%) (not applicable)",2023-05-31,month,,2023-07-04
2288,Market price per fund certificates at the end of period (not applicable),2023-05-31,month,,2023-07-04
22661,"Fund admin fee, and other fees paid to relating services providers by the fund management company/Average NAV (%)",2023-05-31,month,0.00206012900816483,2023-07-04
22761,Change of Number of Fund Certificates during the period,2023-05-31,month,-931871.66,2023-07-04
22762,Change in capital amount during the period (based on par value),2023-05-31,month,-9318716600,2023-07-04
22781,Number of Fund Certificates redeemed during the period,2023-05-31,month,-1019433.69,2023-07-04
22782,Net redemption amount during the period (based on par value),2023-05-31,month,-10194336900,2023-07-04
22841,Number of investors of the Fund at the end of the period,2023-05-31,month,14193,2023-07-04
2264,INVESTMENT PERFORMANCE INDICATORS,2023-06-30,month,,2023-08-02
2265,Management fee paid to the fund management company/Average NAV (%),2023-06-30,month,0.0118364667590464,2023-08-02
2266,Custody and supervising fees paid to the Supervisory Bank/Average NAV (%),2023-06-30,month,0.00130470489129599,2023-08-02
2267,Auditing fee paid to auditing organizations (if any)/Average NAV (%),2023-06-30,month,0.000387086596612217,2023-08-02
2268,"Legal consultancy, price quotation and other appropriate service fees; remunerations paid to the Board of Representatives/Average NAV (%)",2023-06-30,month,0.00059263356871482,2023-08-02
2269,Expense/Average NAV (%),2023-06-30,month,0.0168146569983907,2023-08-02
2270,Portfolio turnover rate (%),2023-06-30,month,2.02593980716007,2023-08-02
2270,Portfolio turnover rate (%) (**),2023-06-30,month,2.02593980716007,2023-07-04
2272,OTHER INDICATORS,2023-06-30,month,,2023-08-02
2273,Fund scale at the beginning of the period (based on par value of fund certificate),2023-06-30,month,282855248700,2023-08-02
2274,Total value of outstanding Fund Certificate at the beginning of period,2023-06-30,month,282855248700,2023-08-02
2275,Total number of outstanding Fund Certificate at the beginning of period,2023-06-30,month,28285524.87,2023-08-02
2276,Change of Fund scale during the period (based on par value of fund certificate),2023-06-30,month,-1110946700,2023-08-02
2277,Number of Fund Certificates subscribed during the period,2023-06-30,month,105677.32,2023-08-02
2278,Net subscription amount during the period (based on par value),2023-06-30,month,1056773200,2023-08-02
2279,Fund scale at the end of the period (based on par value),2023-06-30,month,281744302000,2023-08-02
2280,Total value of outstanding Fund Certificate at the end of the period (based on par value),2023-06-30,month,281744302000,2023-08-02
2281,Total number of outstanding Fund Certificate at the end of the period,2023-06-30,month,28174430.2,2023-08-02
2282,Fund Management Company and related parties' ownership ratio at the end of the period,2023-06-30,month,0.94817705559135,2023-08-02
2283,Top 10 investors' ownership ratio at the end of the period,2023-06-30,month,0.9719,2023-08-02
2284,Foreign investors' ownership ratio at the end of the period,2023-06-30,month,0.0002,2023-08-02
2284,Foreign investors' ownership ratio at the end of the period (***),2023-06-30,month,0.0002,2023-07-04
2285,Net asset value per Fund Certificate at the end of period,2023-06-30,month,10252.93,2023-08-02
2286,Fee paid to Real Estate management organisation/ Average NAV (%) (not applicable),2023-06-30,month,,2023-08-02
2287,Fee paid to Real Estate valuation service provider/ Average NAV (%) (not applicable),2023-06-30,month,,2023-08-02
2287,"Income (including interest income, dividend, coupon income and unrealised gain)/ Average NAV (%) (not applicable)",2023-06-30,month,,2023-08-02
2288,Market price per fund certificates at the end of period (not applicable),2023-06-30,month,,2023-08-02
22661,"Fund admin fee, and other fees paid to relating services providers by the fund management company/Average NAV (%)",2023-06-30,month,0.00211634341000337,2023-08-02
22761,Change of Number of Fund Certificates during the period,2023-06-30,month,-111094.67,2023-08-02
22762,Change in capital amount during the period (based on par value),2023-06-30,month,-1110946700,2023-08-02
22781,Number of Fund Certificates redeemed during the period,2023-06-30,month,-216771.99,2023-08-02
22782,Net redemption amount during the period (based on par value),2023-06-30,month,-2167719900,2023-08-02
22841,Number of investors of the Fund at the end of the period,2023-06-30,month,14325,2023-08-02
2264,INVESTMENT PERFORMANCE INDICATORS,2023-07-31,month,,2023-09-05
2265,Management fee paid to the fund management company/Average NAV (%),2023-07-31,month,0.010168186851989,2023-09-05
2266,Custody and supervising fees paid to the Supervisory Bank/Average NAV (%),2023-07-31,month,0.00129478357307361,2023-09-05
2267,Auditing fee paid to auditing organizations (if any)/Average NAV (%),2023-07-31,month,0.000551295052348097,2023-09-05
2268,"Legal consultancy, price quotation and other appropriate service fees; remunerations paid to the Board of Representatives/Average NAV (%)",2023-07-31,month,0.000594665223613327,2023-09-05
2269,Expense/Average NAV (%),2023-07-31,month,0.0151139960591806,2023-09-05
2270,Portfolio turnover rate (%),2023-07-31,month,2.43932478439087,2023-09-05
2272,OTHER INDICATORS,2023-07-31,month,,2023-09-05
2273,Fund scale at the beginning of the period (based on par value of fund certificate),2023-07-31,month,281744302000,2023-09-05
2274,Total value of outstanding Fund Certificate at the beginning of period,2023-07-31,month,281744302000,2023-09-05
2275,Total number of outstanding Fund Certificate at the beginning of period,2023-07-31,month,28174430.2,2023-09-05
2276,Change of Fund scale during the period (based on par value of fund certificate),2023-07-31,month,29432370800,2023-09-05
2277,Number of Fund Certificates subscribed during the period,2023-07-31,month,3094325.44,2023-09-05
2278,Net subscription amount during the period (based on par value),2023-07-31,month,30943254400,2023-09-05
2279,Fund scale at the end of the period (based on par value),2023-07-31,month,311176672800,2023-09-05
2280,Total value of outstanding Fund Certificate at the end of the period (based on par value),2023-07-31,month,311176672800,2023-09-05
2281,Total number of outstanding Fund Certificate at the end of the period,2023-07-31,month,31117667.28,2023-09-05
2282,Fund Management Company and related parties' ownership ratio at the end of the period,2023-07-31,month,0.858494566113248,2023-09-05
2283,Top 10 investors' ownership ratio at the end of the period,2023-07-31,month,0.9713,2023-09-05
2284,Foreign investors' ownership ratio at the end of the period,2023-07-31,month,0.0002,2023-08-02
2284,Foreign investors' ownership ratio at the end of the period (***),2023-07-31,month,0.0002,2023-09-05
2285,Net asset value per Fund Certificate at the end of period,2023-07-31,month,10339.63,2023-09-05
2286,Fee paid to Real Estate management organisation/ Average NAV (%) (not applicable),2023-07-31,month,,2023-09-05
2287,Fee paid to Real Estate valuation service provider/ Average NAV (%) (not applicable),2023-07-31,month,,2023-09-05
2287,"Income (including interest income, dividend, coupon income and unrealised gain)/ Average NAV (%) (not applicable)",2023-07-31,month,,2023-09-05
2288,Market price per fund certificates at the end of period (not applicable),2023-07-31,month,,2023-09-05
22661,"Fund admin fee, and other fees paid to relating services providers by the fund management company/Average NAV (%)",2023-07-31,month,0.00211455465386571,2023-09-05
22761,Change of Number of Fund Certificates during the period,2023-07-31,month,2943237.08,2023-09-05
22762,Change in capital amount during the period (based on par value),2023-07-31,month,29432370800,2023-09-05
22781,Number of Fund Certificates redeemed during the period,2023-07-31,month,-151088.36,2023-09-05
22782,Net redemption amount during the period (based on par value),2023-07-31,month,-1510883600,2023-09-05
22841,Number of investors of the Fund at the end of the period,2023-07-31,month,14506,2023-09-05
2264,INVESTMENT PERFORMANCE INDICATORS,2023-08-31,month,,2023-10-02
2265,Management fee paid to the fund management company/Average NAV (%),2023-08-31,month,0.0111826354511185,2023-10-02
2266,Custody and supervising fees paid to the Supervisory Bank/Average NAV (%),2023-08-31,month,0.00112829980914343,2023-10-02
2267,Auditing fee paid to auditing organizations (if any)/Average NAV (%),2023-08-31,month,0.000427664969820874,2023-10-02
2268,"Legal consultancy, price quotation and other appropriate service fees; remunerations paid to the Board of Representatives/Average NAV (%)",2023-08-31,month,0.000461309209699811,2023-10-02
2269,Expense/Average NAV (%),2023-08-31,month,0.0150009534019965,2023-10-02
2270,Portfolio turnover rate (%),2023-08-31,month,2.41876892475512,2023-10-02
2272,OTHER INDICATORS,2023-08-31,month,,2023-10-02
2273,Fund scale at the beginning of the period (based on par value of fund certificate),2023-08-31,month,311176672800,2023-10-02
2274,Total value of outstanding Fund Certificate at the beginning of period,2023-08-31,month,311176672800,2023-10-02
2275,Total number of outstanding Fund Certificate at the beginning of period,2023-08-31,month,31117667.28,2023-10-02
2276,Change of Fund scale during the period (based on par value of fund certificate),2023-08-31,month,96098394600,2023-10-02
2277,Number of Fund Certificates subscribed during the period,2023-08-31,month,13630865.55,2023-10-02
2278,Net subscription amount during the period (based on par value),2023-08-31,month,136308655500,2023-10-02
2279,Fund scale at the end of the period (based on par value),2023-08-31,month,407275067400,2023-10-02
2280,Total value of outstanding Fund Certificate at the end of the period (based on par value),2023-08-31,month,407275067400,2023-10-02
2281,Total number of outstanding Fund Certificate at the end of the period,2023-08-31,month,40727506.74,2023-10-02
2282,Fund Management Company and related parties' ownership ratio at the end of the period,2023-08-31,month,0.65592888954734,2023-10-02
2283,Top 10 investors' ownership ratio at the end of the period,2023-08-31,month,0.8385,2023-10-02
2284,Foreign investors' ownership ratio at the end of the period (***),2023-08-31,month,0.0009,2023-10-02
2285,Net asset value per Fund Certificate at the end of period,2023-08-31,month,10410.19,2023-10-02
2286,Fee paid to Real Estate management organisation/ Average NAV (%) (not applicable),2023-08-31,month,,2023-10-02
2287,Fee paid to Real Estate valuation service provider/ Average NAV (%) (not applicable),2023-08-31,month,,2023-10-02
2287,"Income (including interest income, dividend, coupon income and unrealised gain)/ Average NAV (%) (not applicable)",2023-08-31,month,,2023-10-02
2288,Market price per fund certificates at the end of period (not applicable),2023-08-31,month,,2023-10-02
22661,"Fund admin fee, and other fees paid to relating services providers by the fund management company/Average NAV (%)",2023-08-31,month,0.00162365563944315,2023-10-02
22761,Change of Number of Fund Certificates during the period,2023-08-31,month,9609839.46,2023-10-02
22762,Change in capital amount during the period (based on par value),2023-08-31,month,96098394600,2023-10-02
22781,Number of Fund Certificates redeemed during the period,2023-08-31,month,-4021026.09,2023-10-02
22782,Net redemption amount during the period (based on par value),2023-08-31,month,-40210260900,2023-10-02
22841,Number of investors of the Fund at the end of the period,2023-08-31,month,15118,2023-10-02
2264,INVESTMENT PERFORMANCE INDICATORS,2023-09-30,month,,2023-11-02
2265,Management fee paid to the fund management company/Average NAV (%),2023-09-30,month,0.0114204355534653,2023-11-02
2266,Custody and supervising fees paid to the Supervisory Bank/Average NAV (%),2023-09-30,month,0.00100314680316843,2023-11-02
2267,Auditing fee paid to auditing organizations (if any)/Average NAV (%),2023-09-30,month,0.000341140793434224,2023-11-02
2268,"Legal consultancy, price quotation and other appropriate service fees; remunerations paid to the Board of Representatives/Average NAV (%)",2023-09-30,month,0.000373079015805387,2023-11-02
2269,Expense/Average NAV (%),2023-09-30,month,0.0150011274428689,2023-11-02
2270,Portfolio turnover rate (%),2023-09-30,month,2.51912588247481,2023-11-02
2272,OTHER INDICATORS,2023-09-30,month,,2023-11-02
2273,Fund scale at the beginning of the period (based on par value of fund certificate),2023-09-30,month,407275067400,2023-11-02
2274,Total value of outstanding Fund Certificate at the beginning of period,2023-09-30,month,407275067400,2023-11-02
2275,Total number of outstanding Fund Certificate at the beginning of period,2023-09-30,month,40727506.74,2023-11-02
2276,Change of Fund scale during the period (based on par value of fund certificate),2023-09-30,month,63878281000,2023-11-02
2277,Number of Fund Certificates subscribed during the period,2023-09-30,month,15822903.87,2023-11-02
2278,Net subscription amount during the period (based on par value),2023-09-30,month,158229038700,2023-11-02
2279,Fund scale at the end of the period (based on par value),2023-09-30,month,471153348400,2023-11-02
2280,Total value of outstanding Fund Certificate at the end of the period (based on par value),2023-09-30,month,471153348400,2023-11-02
2281,Total number of outstanding Fund Certificate at the end of the period,2023-09-30,month,47115334.84,2023-11-02
2282,Fund Management Company and related parties' ownership ratio at the end of the period,2023-09-30,month,0.572294527069947,2023-11-02
2283,Top 10 investors' ownership ratio at the end of the period,2023-09-30,month,0.7068,2023-11-02
2284,Foreign investors' ownership ratio at the end of the period (***),2023-09-30,month,0.001,2023-11-02
2285,Net asset value per Fund Certificate at the end of period,2023-09-30,month,10472.57,2023-11-02
2286,Fee paid to Real Estate management organisation/ Average NAV (%) (not applicable),2023-09-30,month,,2023-11-02
2287,Fee paid to Real Estate valuation service provider/ Average NAV (%) (not applicable),2023-09-30,month,,2023-11-02
2287,"Income (including interest income, dividend, coupon income and unrealised gain)/ Average NAV (%) (not applicable)",2023-09-30,month,,2023-11-02
2288,Market price per fund certificates at the end of period (not applicable),2023-09-30,month,,2023-11-02
22661,"Fund admin fee, and other fees paid to relating services providers by the fund management company/Average NAV (%)",2023-09-30,month,0.00133830642244686,2023-11-02
22761,Change of Number of Fund Certificates during the period,2023-09-30,month,6387828.1,2023-11-02
22762,Change in capital amount during the period (based on par value),2023-09-30,month,63878281000,2023-11-02
22781,Number of Fund Certificates redeemed during the period,2023-09-30,month,-9435075.77,2023-11-02
22782,Net redemption amount during the period (based on par value),2023-09-30,month,-94350757700,2023-11-02
22841,Number of investors of the Fund at the end of the period,2023-09-30,month,15621,2023-11-02
2264,INVESTMENT PERFORMANCE INDICATORS,2023-10-31,month,,2023-12-04
2265,Management fee paid to the fund management company/Average NAV (%),2023-10-31,month,0.0121872766235907,2023-12-04
2266,Custody and supervising fees paid to the Supervisory Bank/Average NAV (%),2023-10-31,month,0.000935053385661342,2023-12-04
2267,Auditing fee paid to auditing organizations (if any)/Average NAV (%),2023-10-31,month,0.000284710898774593,2023-12-04
2268,"Legal consultancy, price quotation and other appropriate service fees; remunerations paid to the Board of Representatives/Average NAV (%)",2023-10-31,month,0.000307108975183467,2023-12-04
2269,Expense/Average NAV (%),2023-10-31,month,0.0148012585022979,2023-12-04
2270,Portfolio turnover rate (%),2023-10-31,month,2.43442998420545,2023-12-04
2272,OTHER INDICATORS,2023-10-31,month,,2023-12-04
2273,Fund scale at the beginning of the period (based on par value of fund certificate),2023-10-31,month,471153348400,2023-12-04
2274,Total value of outstanding Fund Certificate at the beginning of period,2023-10-31,month,471153348400,2023-12-04
2275,Total number of outstanding Fund Certificate at the beginning of period,2023-10-31,month,47115334.84,2023-12-04
2276,Change of Fund scale during the period (based on par value of fund certificate),2023-10-31,month,182271442200,2023-12-04
2277,Number of Fund Certificates subscribed during the period,2023-10-31,month,25167431.74,2023-12-04
2278,Net subscription amount during the period (based on par value),2023-10-31,month,251674317400,2023-12-04
2279,Fund scale at the end of the period (based on par value),2023-10-31,month,653424790600,2023-12-04
2280,Total value of outstanding Fund Certificate at the end of the period (based on par value),2023-10-31,month,653424790600,2023-12-04
2281,Total number of outstanding Fund Certificate at the end of the period,2023-10-31,month,65342479.06,2023-12-04
2282,Fund Management Company and related parties' ownership ratio at the end of the period,2023-10-31,month,0.412654197665821,2023-12-04
2283,Top 10 investors' ownership ratio at the end of the period,2023-10-31,month,0.5975,2023-12-04
2284,Foreign investors' ownership ratio at the end of the period (***),2023-10-31,month,0.0007,2023-12-04
2285,Net asset value per Fund Certificate at the end of period,2023-10-31,month,10534.06,2023-12-04
2286,Fee paid to Real Estate management organisation/ Average NAV (%) (not applicable),2023-10-31,month,,2023-12-04
2287,Fee paid to Real Estate valuation service provider/ Average NAV (%) (not applicable),2023-10-31,month,,2023-12-04
2287,"Income (including interest income, dividend, coupon income and unrealised gain)/ Average NAV (%) (not applicable)",2023-10-31,month,,2023-12-04
2288,Market price per fund certificates at the end of period (not applicable),2023-10-31,month,,2023-12-04
22661,"Fund admin fee, and other fees paid to relating services providers by the fund management company/Average NAV (%)",2023-10-31,month,0.00108122904393501,2023-12-04
22761,Change of Number of Fund Certificates during the period,2023-10-31,month,18227144.22,2023-12-04
22762,Change in capital amount during the period (based on par value),2023-10-31,month,182271442200,2023-12-04
22781,Number of Fund Certificates redeemed during the period,2023-10-31,month,-6940287.52,2023-12-04
22782,Net redemption amount during the period (based on par value),2023-10-31,month,-69402875200,2023-12-04
22841,Number of investors of the Fund at the end of the period,2023-10-31,month,15893,2023-12-04
2264,INVESTMENT PERFORMANCE INDICATORS,2023-11-30,month,,2024-01-03
2265,Management fee paid to the fund management company/Average NAV (%),2023-11-30,month,0.0118363830760296,2024-01-03
2266,Custody and supervising fees paid to the Supervisory Bank/Average NAV (%),2023-11-30,month,0.000860936437225642,2024-01-03
2267,Auditing fee paid to auditing organizations (if any)/Average NAV (%),2023-11-30,month,0.000182313437092634,2024-01-03
2268,"Legal consultancy, price quotation and other appropriate service fees; remunerations paid to the Board of Representatives/Average NAV (%)",2023-11-30,month,0.000199381981273608,2024-01-03
2269,Expense/Average NAV (%),2023-11-30,month,0.0142110828706858,2024-01-03
2270,Portfolio turnover rate (%),2023-11-30,month,2.70717903244805,2024-01-03
2272,OTHER INDICATORS,2023-11-30,month,,2024-01-03
2273,Fund scale at the beginning of the period (based on par value of fund certificate),2023-11-30,month,653424790600,2024-01-03
2274,Total value of outstanding Fund Certificate at the beginning of period,2023-11-30,month,653424790600,2024-01-03
2275,Total number of outstanding Fund Certificate at the beginning of period,2023-11-30,month,65342479.06,2024-01-03
2276,Change of Fund scale during the period (based on par value of fund certificate),2023-11-30,month,402655477800,2024-01-03
2277,Number of Fund Certificates subscribed during the period,2023-11-30,month,54182183.09,2024-01-03
2278,Net subscription amount during the period (based on par value),2023-11-30,month,541821830900,2024-01-03
2279,Fund scale at the end of the period (based on par value),2023-11-30,month,1056080268400,2024-01-03
2280,Total value of outstanding Fund Certificate at the end of the period (based on par value),2023-11-30,month,1056080268400,2024-01-03
2281,Total number of outstanding Fund Certificate at the end of the period,2023-11-30,month,105608026.84,2024-01-03
2282,Fund Management Company and related parties' ownership ratio at the end of the period,2023-11-30,month,0.255320064930777,2024-01-03
2283,Top 10 investors' ownership ratio at the end of the period,2023-11-30,month,0.5405,2024-01-03
2284,Foreign investors' ownership ratio at the end of the period (***),2023-11-30,month,0.0002,2024-01-03
2285,Net asset value per Fund Certificate at the end of period,2023-11-30,month,10606.34,2024-01-03
2286,Fee paid to Real Estate management organisation/ Average NAV (%) (not applicable),2023-11-30,month,,2024-01-03
2287,Fee paid to Real Estate valuation service provider/ Average NAV (%) (not applicable),2023-11-30,month,,2024-01-03
2287,"Income (including interest income, dividend, coupon income and unrealised gain)/ Average NAV (%) (not applicable)",2023-11-30,month,,2024-01-03
2288,Market price per fund certificates at the end of period (not applicable),2023-11-30,month,,2024-01-03
22661,"Fund admin fee, and other fees paid to relating services providers by the fund management company/Average NAV (%)",2023-11-30,month,0.00074664884013268,2024-01-03
22761,Change of Number of Fund Certificates during the period,2023-11-30,month,40265547.78,2024-01-03
22762,Change in capital amount during the period (based on par value),2023-11-30,month,402655477800,2024-01-03
22781,Number of Fund Certificates redeemed during the period,2023-11-30,month,-13916635.31,2024-01-03
22782,Net redemption amount during the period (based on par value),2023-11-30,month,-139166353100,2024-01-03
22841,Number of investors of the Fund at the end of the period,2023-11-30,month,16236,2024-01-03
2264,INVESTMENT PERFORMANCE INDICATORS,2023-12-31,month,,2024-02-02
2265,Management fee paid to the fund management company/Average NAV (%),2023-12-31,month,0.0122276470278325,2024-02-02
2266,Custody and supervising fees paid to the Supervisory Bank/Average NAV (%),2023-12-31,month,0.000911085943743837,2024-02-02
2267,Auditing fee paid to auditing organizations (if any)/Average NAV (%),2023-12-31,month,0.000122656672796861,2024-02-02
2268,"Legal consultancy, price quotation and other appropriate service fees; remunerations paid to the Board of Representatives/Average NAV (%)",2023-12-31,month,0.000132306017241302,2024-02-02
2269,Expense/Average NAV (%),2023-12-31,month,0.0138933451690629,2024-02-02
2270,Portfolio turnover rate (%),2023-12-31,month,2.74057068879736,2024-02-02
2272,OTHER INDICATORS,2023-12-31,month,,2024-02-02
2273,Fund scale at the beginning of the period (based on par value of fund certificate),2023-12-31,month,1056080268400,2024-02-02
2274,Total value of outstanding Fund Certificate at the beginning of period,2023-12-31,month,1056080268400,2024-02-02
2275,Total number of outstanding Fund Certificate at the beginning of period,2023-12-31,month,105608026.84,2024-02-02
2276,Change of Fund scale during the period (based on par value of fund certificate),2023-12-31,month,424458108800,2024-02-02
2277,Number of Fund Certificates subscribed during the period,2023-12-31,month,75740492.93,2024-02-02
2278,Net subscription amount during the period (based on par value),2023-12-31,month,757404929300,2024-02-02
2279,Fund scale at the end of the period (based on par value),2023-12-31,month,1480538377200,2024-02-02
2280,Total value of outstanding Fund Certificate at the end of the period (based on par value),2023-12-31,month,1480538377200,2024-02-02
2281,Total number of outstanding Fund Certificate at the end of the period,2023-12-31,month,148053837.72,2024-02-02
2282,Fund Management Company and related parties' ownership ratio at the end of the period,2023-12-31,month,0.182121913793239,2024-02-02
2283,Top 10 investors' ownership ratio at the end of the period,2023-12-31,month,0.4486,2024-02-02
2284,Foreign investors' ownership ratio at the end of the period (***),2023-12-31,month,0.0002,2024-02-02
2285,Net asset value per Fund Certificate at the end of period,2023-12-31,month,10670.23,2024-02-02
2286,Fee paid to Real Estate management organisation/ Average NAV (%) (not applicable),2023-12-31,month,,2024-02-02
2287,Fee paid to Real Estate valuation service provider/ Average NAV (%) (not applicable),2023-12-31,month,,2024-02-02
2287,"Income (including interest income, dividend, coupon income and unrealised gain)/ Average NAV (%) (not applicable)",2023-12-31,month,,2024-02-02
2288,Market price per fund certificates at the end of period (not applicable),2023-12-31,month,,2024-02-02
22661,"Fund admin fee, and other fees paid to relating services providers by the fund management company/Average NAV (%)",2023-12-31,month,0.000633043214413887,2024-02-02
22761,Change of Number of Fund Certificates during the period,2023-12-31,month,42445810.88,2024-02-02
22762,Change in capital amount during the period (based on par value),2023-12-31,month,424458108800,2024-02-02
22781,Number of Fund Certificates redeemed during the period,2023-12-31,month,-33294682.05,2024-02-02
22782,Net redemption amount during the period (based on par value),2023-12-31,month,-332946820500,2024-02-02
22841,Number of investors of the Fund at the end of the period,2023-12-31,month,16841,2024-02-02
2264,INVESTMENT PERFORMANCE INDICATORS,2024-01-31,month,,2024-03-01
2265,Management fee paid to the fund management company/Average NAV (%),2024-01-31,month,0.0121975084422874,2024-03-01
2266,Custody and supervising fees paid to the Supervisory Bank/Average NAV (%),2024-01-31,month,0.000864138946087282,2024-03-01
2267,Auditing fee paid to auditing organizations (if any)/Average NAV (%),2024-01-31,month,7.05351762886498e-05,2024-03-01
2268,"Legal consultancy, price quotation and other appropriate service fees; remunerations paid to the Board of Representatives/Average NAV (%)",2024-01-31,month,0.000113190139727633,2024-03-01
2269,Expense/Average NAV (%),2024-01-31,month,0.0137019913925711,2024-03-01
2270,Portfolio turnover rate (%),2024-01-31,month,3.77120426164404,2024-03-01
2272,OTHER INDICATORS,2024-01-31,month,,2024-03-01
2273,Fund scale at the beginning of the period (based on par value of fund certificate),2024-01-31,month,1480538377200,2024-03-01
2274,Total value of outstanding Fund Certificate at the beginning of period,2024-01-31,month,1480538377200,2024-03-01
2275,Total number of outstanding Fund Certificate at the beginning of period,2024-01-31,month,148053837.72,2024-03-01
2276,Change of Fund scale during the period (based on par value of fund certificate),2024-01-31,month,591846023700,2024-03-01
2277,Number of Fund Certificates subscribed during the period,2024-01-31,month,98494637.23,2024-03-01
2278,Net subscription amount during the period (based on par value),2024-01-31,month,984946372300,2024-03-01
2279,Fund scale at the end of the period (based on par value),2024-01-31,month,2072384400900,2024-03-01
2280,Total value of outstanding Fund Certificate at the end of the period (based on par value),2024-01-31,month,2072384400900,2024-03-01
2281,Total number of outstanding Fund Certificate at the end of the period,2024-01-31,month,207238440.09,2024-03-01
2282,Fund Management Company and related parties' ownership ratio at the end of the period,2024-01-31,month,0.130110264573938,2024-03-01
2283,Top 10 investors' ownership ratio at the end of the period,2024-01-31,month,0.4187,2024-03-01
2284,Foreign investors' ownership ratio at the end of the period (***),2024-01-31,month,0,2024-03-01
2285,Net asset value per Fund Certificate at the end of period,2024-01-31,month,10717.25,2024-03-01
2286,Fee paid to Real Estate management organisation/ Average NAV (%) (not applicable),2024-01-31,month,,2024-03-01
2287,Fee paid to Real Estate valuation service provider/ Average NAV (%) (not applicable),2024-01-31,month,,2024-03-01
2287,"Income (including interest income, dividend, coupon income and unrealised gain)/ Average NAV (%) (not applicable)",2024-01-31,month,,2024-03-01
2288,Market price per fund certificates at the end of period (not applicable),2024-01-31,month,,2024-03-01
22661,"Fund admin fee, and other fees paid to relating services providers by the fund management company/Average NAV (%)",2024-01-31,month,0.000573227142374881,2024-03-01
22761,Change of Number of Fund Certificates during the period,2024-01-31,month,59184602.37,2024-03-01
22762,Change in capital amount during the period (based on par value),2024-01-31,month,591846023700,2024-03-01
22781,Number of Fund Certificates redeemed during the period,2024-01-31,month,-39310034.86,2024-03-01
22782,Net redemption amount during the period (based on par value),2024-01-31,month,-393100348600,2024-03-01
22841,Number of investors of the Fund at the end of the period,2024-01-31,month,17677,2024-03-01
2264,INVESTMENT PERFORMANCE INDICATORS,2024-02-29,month,,2024-04-01
2265,Management fee paid to the fund management company/Average NAV (%),2024-02-29,month,0.011411314625587,2024-04-01
2266,Custody and supervising fees paid to the Supervisory Bank/Average NAV (%),2024-02-29,month,0.000803509535951641,2024-04-01
2267,Auditing fee paid to auditing organizations (if any)/Average NAV (%),2024-02-29,month,5.60295948572848e-05,2024-04-01
2268,"Legal consultancy, price quotation and other appropriate service fees; remunerations paid to the Board of Representatives/Average NAV (%)",2024-02-29,month,9.1952255865787e-05,2024-04-01
2269,Expense/Average NAV (%),2024-02-29,month,0.0136342168477056,2024-04-01
2270,Portfolio turnover rate (%),2024-02-29,month,2.87891836064651,2024-04-01
2272,OTHER INDICATORS,2024-02-29,month,,2024-04-01
2273,Fund scale at the beginning of the period (based on par value of fund certificate),2024-02-29,month,2072384400900,2024-04-01
2274,Total value of outstanding Fund Certificate at the beginning of period,2024-02-29,month,2072384400900,2024-04-01
2275,Total number of outstanding Fund Certificate at the beginning of period,2024-02-29,month,207238440.09,2024-04-01
2276,Change of Fund scale during the period (based on par value of fund certificate),2024-02-29,month,18365761100,2024-04-01
2277,Number of Fund Certificates subscribed during the period,2024-02-29,month,53170590.99,2024-04-01
2278,Net subscription amount during the period (based on par value),2024-02-29,month,531705909900,2024-04-01
2279,Fund scale at the end of the period (based on par value),2024-02-29,month,2090750162000,2024-04-01
2280,Total value of outstanding Fund Certificate at the end of the period (based on par value),2024-02-29,month,2090750162000,2024-04-01
2281,Total number of outstanding Fund Certificate at the end of the period,2024-02-29,month,209075016.2,2024-04-01
2282,Fund Management Company and related parties' ownership ratio at the end of the period,2024-02-29,month,0.128967337944418,2024-04-01
2283,Top 10 investors' ownership ratio at the end of the period,2024-02-29,month,0.378,2024-04-01
2284,Foreign investors' ownership ratio at the end of the period (***),2024-02-29,month,0,2024-04-01
2285,Net asset value per Fund Certificate at the end of period,2024-02-29,month,10756.82,2024-04-01
2286,Fee paid to Real Estate management organisation/ Average NAV (%) (not applicable),2024-02-29,month,,2024-04-01
2287,Fee paid to Real Estate valuation service provider/ Average NAV (%) (not applicable),2024-02-29,month,,2024-04-01
2287,"Income (including interest income, dividend, coupon income and unrealised gain)/ Average NAV (%) (not applicable)",2024-02-29,month,,2024-04-01
2288,Market price per fund certificates at the end of period (not applicable),2024-02-29,month,,2024-04-01
22661,"Fund admin fee, and other fees paid to relating services providers by the fund management company/Average NAV (%)",2024-02-29,month,0.000527138284926339,2024-04-01
22761,Change of Number of Fund Certificates during the period,2024-02-29,month,1836576.11,2024-04-01
22762,Change in capital amount during the period (based on par value),2024-02-29,month,18365761100,2024-04-01
22781,Number of Fund Certificates redeemed during the period,2024-02-29,month,-51334014.88,2024-04-01
22782,Net redemption amount during the period (based on par value),2024-02-29,month,-513340148800,2024-04-01
22841,Number of investors of the Fund at the end of the period,2024-02-29,month,18412,2024-04-01
2264,INVESTMENT PERFORMANCE INDICATORS,2024-03-31,month,,2024-05-03
2265,Management fee paid to the fund management company/Average NAV (%),2024-03-31,month,0.0121975920529716,2024-05-03
2266,Custody and supervising fees paid to the Supervisory Bank/Average NAV (%),2024-03-31,month,0.000855201847918469,2024-05-03
2267,Auditing fee paid to auditing organizations (if any)/Average NAV (%),2024-03-31,month,5.83633581231878e-05,2024-05-03
2268,"Legal consultancy, price quotation and other appropriate service fees; remunerations paid to the Board of Representatives/Average NAV (%)",2024-03-31,month,9.32746299661279e-05,2024-05-03
2269,Expense/Average NAV (%),2024-03-31,month,0.0135853149314439,2024-05-03
2270,Portfolio turnover rate (%),2024-03-31,month,2.29103106545871,2024-05-03
2272,OTHER INDICATORS,2024-03-31,month,,2024-05-03
2273,Fund scale at the beginning of the period (based on par value of fund certificate),2024-03-31,month,2090750162000,2024-05-03
2274,Total value of outstanding Fund Certificate at the beginning of period,2024-03-31,month,2090750162000,2024-05-03
2275,Total number of outstanding Fund Certificate at the beginning of period,2024-03-31,month,209075016.2,2024-05-03
2276,Change of Fund scale during the period (based on par value of fund certificate),2024-03-31,month,122320589400,2024-05-03
2277,Number of Fund Certificates subscribed during the period,2024-03-31,month,89618600.63,2024-05-03
2278,Net subscription amount during the period (based on par value),2024-03-31,month,896186006300,2024-05-03
2279,Fund scale at the end of the period (based on par value),2024-03-31,month,2213070751400,2024-05-03
2280,Total value of outstanding Fund Certificate at the end of the period (based on par value),2024-03-31,month,2213070751400,2024-05-03
2281,Total number of outstanding Fund Certificate at the end of the period,2024-03-31,month,221307075.14,2024-05-03
2282,Fund Management Company and related parties' ownership ratio at the end of the period,2024-03-31,month,0.12183907022829,2024-05-03
2283,Top 10 investors' ownership ratio at the end of the period,2024-03-31,month,0.3221,2024-05-03
2284,Foreign investors' ownership ratio at the end of the period (***),2024-03-31,month,0.0013,2024-05-03
2285,Net asset value per Fund Certificate at the end of period,2024-03-31,month,10798.1,2024-05-03
2286,Fee paid to Real Estate management organisation/ Average NAV (%) (not applicable),2024-03-31,month,,2024-05-03
2287,Fee paid to Real Estate valuation service provider/ Average NAV (%) (not applicable),2024-03-31,month,,2024-05-03
2287,"Income (including interest income, dividend, coupon income and unrealised gain)/ Average NAV (%) (not applicable)",2024-03-31,month,,2024-05-03
2288,Market price per fund certificates at the end of period (not applicable),2024-03-31,month,,2024-05-03
22661,"Fund admin fee, and other fees paid to relating services providers by the fund management company/Average NAV (%)",2024-03-31,month,0.000554694161838749,2024-05-03
22761,Change of Number of Fund Certificates during the period,2024-03-31,month,12232058.94,2024-05-03
22762,Change in capital amount during the period (based on par value),2024-03-31,month,122320589400,2024-05-03
22781,Number of Fund Certificates redeemed during the period,2024-03-31,month,-77386541.69,2024-05-03
22782,Net redemption amount during the period (based on par value),2024-03-31,month,-773865416900,2024-05-03
22841,Number of investors of the Fund at the end of the period,2024-03-31,month,19203,2024-05-03
2264,INVESTMENT PERFORMANCE INDICATORS,2024-04-30,month,,2024-06-03
2265,Management fee paid to the fund management company/Average NAV (%),2024-04-30,month,0.0118042638280001,2024-06-03
2266,Custody and supervising fees paid to the Supervisory Bank/Average NAV (%),2024-04-30,month,0.000816461581418377,2024-06-03
2267,Auditing fee paid to auditing organizations (if any)/Average NAV (%),2024-04-30,month,6.03856003590895e-05,2024-06-03
2268,"Legal consultancy, price quotation and other appropriate service fees; remunerations paid to the Board of Representatives/Average NAV (%)",2024-04-30,month,9.7514087480678e-05,2024-06-03
2269,Expense/Average NAV (%),2024-04-30,month,0.0136766519303613,2024-06-03
2270,Portfolio turnover rate (%),2024-04-30,month,1.79842497165933,2024-06-03
2272,OTHER INDICATORS,2024-04-30,month,,2024-06-03
2273,Fund scale at the beginning of the period (based on par value of fund certificate),2024-04-30,month,2213070751400,2024-06-03
2274,Total value of outstanding Fund Certificate at the beginning of period,2024-04-30,month,2213070751400,2024-06-03
2275,Total number of outstanding Fund Certificate at the beginning of period,2024-04-30,month,221307075.14,2024-06-03
2276,Change of Fund scale during the period (based on par value of fund certificate),2024-04-30,month,-304292343200,2024-06-03
2277,Number of Fund Certificates subscribed during the period,2024-04-30,month,60949152.91,2024-06-03
2278,Net subscription amount during the period (based on par value),2024-04-30,month,609491529100,2024-06-03
2279,Fund scale at the end of the period (based on par value),2024-04-30,month,1908778408200,2024-06-03
2280,Total value of outstanding Fund Certificate at the end of the period (based on par value),2024-04-30,month,1908778408200,2024-06-03
2281,Total number of outstanding Fund Certificate at the end of the period,2024-04-30,month,190877840.82,2024-06-03
2282,Fund Management Company and related parties' ownership ratio at the end of the period,2024-04-30,month,0.0586762714408622,2024-06-03
2283,Top 10 investors' ownership ratio at the end of the period,2024-04-30,month,0.2865,2024-06-03
2284,Foreign investors' ownership ratio at the end of the period (***),2024-04-30,month,0.0009,2024-06-03
2285,Net asset value per Fund Certificate at the end of period,2024-04-30,month,10840.91,2024-06-03
2286,Fee paid to Real Estate management organisation/ Average NAV (%) (not applicable),2024-04-30,month,,2024-06-03
2287,Fee paid to Real Estate valuation service provider/ Average NAV (%) (not applicable),2024-04-30,month,,2024-06-03
2287,"Income (including interest income, dividend, coupon income and unrealised gain)/ Average NAV (%) (not applicable)",2024-04-30,month,,2024-06-03
2288,Market price per fund certificates at the end of period (not applicable),2024-04-30,month,,2024-06-03
22661,"Fund admin fee, and other fees paid to relating services providers by the fund management company/Average NAV (%)",2024-04-30,month,0.000549280140269554,2024-06-03
22761,Change of Number of Fund Certificates during the period,2024-04-30,month,-30429234.32,2024-06-03
22762,Change in capital amount during the period (based on par value),2024-04-30,month,-304292343200,2024-06-03
22781,Number of Fund Certificates redeemed during the period,2024-04-30,month,-91378387.23,2024-06-03
22782,Net redemption amount during the period (based on par value),2024-04-30,month,-913783872300,2024-06-03
22841,Number of investors of the Fund at the end of the period,2024-04-30,month,19626,2024-06-03
2264,INVESTMENT PERFORMANCE INDICATORS,2024-05-31,month,,2024-07-01
2265,Management fee paid to the fund management company/Average NAV (%),2024-05-31,month,0.0121974480202109,2024-07-01
2266,Custody and supervising fees paid to the Supervisory Bank/Average NAV (%),2024-05-31,month,0.000848170854799658,2024-07-01
2267,Auditing fee paid to auditing organizations (if any)/Average NAV (%),2024-05-31,month,6.84127033235283e-05,2024-07-01
2268,"Legal consultancy, price quotation and other appropriate service fees; remunerations paid to the Board of Representatives/Average NAV (%)",2024-05-31,month,0.000109272959162778,2024-07-01
2269,Expense/Average NAV (%),2024-05-31,month,0.0137136938334113,2024-07-01
2270,Portfolio turnover rate (%),2024-05-31,month,1.51579613934781,2024-07-01
2272,OTHER INDICATORS,2024-05-31,month,,2024-07-01
2273,Fund scale at the beginning of the period (based on par value of fund certificate),2024-05-31,month,1908778408200,2024-07-01
2274,Total value of outstanding Fund Certificate at the beginning of period,2024-05-31,month,1908778408200,2024-07-01
2275,Total number of outstanding Fund Certificate at the beginning of period,2024-05-31,month,190877840.82,2024-07-01
2276,Change of Fund scale during the period (based on par value of fund certificate),2024-05-31,month,-204461868800,2024-07-01
2277,Number of Fund Certificates subscribed during the period,2024-05-31,month,54052859.78,2024-07-01
2278,Net subscription amount during the period (based on par value),2024-05-31,month,540528597800,2024-07-01
2279,Fund scale at the end of the period (based on par value),2024-05-31,month,1704316539400,2024-07-01
2280,Total value of outstanding Fund Certificate at the end of the period (based on par value),2024-05-31,month,1704316539400,2024-07-01
2281,Total number of outstanding Fund Certificate at the end of the period,2024-05-31,month,170431653.94,2024-07-01
2282,Fund Management Company and related parties' ownership ratio at the end of the period,2024-05-31,month,0.00146686366188767,2024-07-01
2283,Top 10 investors' ownership ratio at the end of the period,2024-05-31,month,0.2658,2024-07-01
2284,Foreign investors' ownership ratio at the end of the period (***),2024-05-31,month,0.0011,2024-07-01
2285,Net asset value per Fund Certificate at the end of period,2024-05-31,month,10888.78,2024-07-01
2286,Fee paid to Real Estate management organisation/ Average NAV (%) (not applicable),2024-05-31,month,,2024-07-01
2287,Fee paid to Real Estate valuation service provider/ Average NAV (%) (not applicable),2024-05-31,month,,2024-07-01
2287,"Income (including interest income, dividend, coupon income and unrealised gain)/ Average NAV (%) (not applicable)",2024-05-31,month,,2024-07-01
2288,Market price per fund certificates at the end of period (not applicable),2024-05-31,month,,2024-07-01
22661,"Fund admin fee, and other fees paid to relating services providers by the fund management company/Average NAV (%)",2024-05-31,month,0.000573261047066788,2024-07-01
22761,Change of Number of Fund Certificates during the period,2024-05-31,month,-20446186.88,2024-07-01
22762,Change in capital amount during the period (based on par value),2024-05-31,month,-204461868800,2024-07-01
22781,Number of Fund Certificates redeemed during the period,2024-05-31,month,-74499046.66,2024-07-01
22782,Net redemption amount during the period (based on par value),2024-05-31,month,-744990466600,2024-07-01
22841,Number of investors of the Fund at the end of the period,2024-05-31,month,19906,2024-07-01
2264,INVESTMENT PERFORMANCE INDICATORS,2024-06-30,month,,2024-08-01
2265,Management fee paid to the fund management company/Average NAV (%),2024-06-30,month,0.0118040756485843,2024-08-01
2266,Custody and supervising fees paid to the Supervisory Bank/Average NAV (%),2024-06-30,month,0.000825765915671566,2024-08-01
2267,Auditing fee paid to auditing organizations (if any)/Average NAV (%),2024-06-30,month,7.59192485369741e-05,2024-08-01
2268,"Legal consultancy, price quotation and other appropriate service fees; remunerations paid to the Board of Representatives/Average NAV (%)",2024-06-30,month,0.000122598695425923,2024-08-01
2269,Expense/Average NAV (%),2024-06-30,month,0.0137982666078855,2024-08-01
2270,Portfolio turnover rate (%),2024-06-30,month,1.47120994966775,2024-08-01
2272,OTHER INDICATORS,2024-06-30,month,,2024-08-01
2273,Fund scale at the beginning of the period (based on par value of fund certificate),2024-06-30,month,1704316539400,2024-08-01
2274,Total value of outstanding Fund Certificate at the beginning of period,2024-06-30,month,1704316539400,2024-08-01
2275,Total number of outstanding Fund Certificate at the beginning of period,2024-06-30,month,170431653.94,2024-08-01
2276,Change of Fund scale during the period (based on par value of fund certificate),2024-06-30,month,-182256251500,2024-08-01
2277,Number of Fund Certificates subscribed during the period,2024-06-30,month,45492082.52,2024-08-01
2278,Net subscription amount during the period (based on par value),2024-06-30,month,454920825200,2024-08-01
2279,Fund scale at the end of the period (based on par value),2024-06-30,month,1522060287900,2024-08-01
2280,Total value of outstanding Fund Certificate at the end of the period (based on par value),2024-06-30,month,1522060287900,2024-08-01
2281,Total number of outstanding Fund Certificate at the end of the period,2024-06-30,month,152206028.79,2024-08-01
2282,Fund Management Company and related parties' ownership ratio at the end of the period,2024-06-30,month,0.00164251049703772,2024-08-01
2283,Top 10 investors' ownership ratio at the end of the period,2024-06-30,month,0.2929,2024-08-01
2284,Foreign investors' ownership ratio at the end of the period,2024-06-30,month,0.0012,2024-08-01
2284,Foreign investors' ownership ratio at the end of the period (***),2024-06-30,month,0.0012,2024-07-01
2285,Net asset value per Fund Certificate at the end of period,2024-06-30,month,10963.4,2024-08-01
2286,Fee paid to Real Estate management organisation/ Average NAV (%) (not applicable),2024-06-30,month,,2024-08-01
2287,Fee paid to Real Estate valuation service provider/ Average NAV (%) (not applicable),2024-06-30,month,,2024-08-01
2287,"Income (including interest income, dividend, coupon income and unrealised gain)/ Average NAV (%) (not applicable)",2024-06-30,month,,2024-08-01
2288,Market price per fund certificates at the end of period (not applicable),2024-06-30,month,,2024-08-01
22661,"Fund admin fee, and other fees paid to relating services providers by the fund management company/Average NAV (%)",2024-06-30,month,0.000576893653594288,2024-08-01
22761,Change of Number of Fund Certificates during the period,2024-06-30,month,-18225625.15,2024-08-01
22762,Change in capital amount during the period (based on par value),2024-06-30,month,-182256251500,2024-08-01
22781,Number of Fund Certificates redeemed during the period,2024-06-30,month,-63717707.67,2024-08-01
22782,Net redemption amount during the period (based on par value),2024-06-30,month,-637177076700,2024-08-01
22841,Number of investors of the Fund at the end of the period,2024-06-30,month,20050,2024-08-01
2264,INVESTMENT PERFORMANCE INDICATORS,2024-07-31,month,,2024-09-04
2265,Management fee paid to the fund management company/Average NAV (%),2024-07-31,month,0.0121975059306774,2024-09-04
2266,Custody and supervising fees paid to the Supervisory Bank/Average NAV (%),2024-07-31,month,0.00087994089119244,2024-09-04
2267,Auditing fee paid to auditing organizations (if any)/Average NAV (%),2024-07-31,month,7.93044588780862e-05,2024-09-04
2268,"Legal consultancy, price quotation and other appropriate service fees; remunerations paid to the Board of Representatives/Average NAV (%)",2024-07-31,month,0.000126062822287608,2024-09-04
2269,Expense/Average NAV (%),2024-07-31,month,0.0138570100280656,2024-09-04
2270,Portfolio turnover rate (%),2024-07-31,month,1.53035493036059,2024-09-04
2272,OTHER INDICATORS,2024-07-31,month,,2024-09-04
2273,Fund scale at the beginning of the period (based on par value of fund certificate),2024-07-31,month,1522060287900,2024-09-04
2274,Total value of outstanding Fund Certificate at the beginning of period,2024-07-31,month,1522060287900,2024-09-04
2275,Total number of outstanding Fund Certificate at the beginning of period,2024-07-31,month,152206028.79,2024-09-04
2276,Change of Fund scale during the period (based on par value of fund certificate),2024-07-31,month,83937216500,2024-09-04
2277,Number of Fund Certificates subscribed during the period,2024-07-31,month,57603541.64,2024-09-04
2278,Net subscription amount during the period (based on par value),2024-07-31,month,576035416400,2024-09-04
2279,Fund scale at the end of the period (based on par value),2024-07-31,month,1605997504400,2024-09-04
2280,Total value of outstanding Fund Certificate at the end of the period (based on par value),2024-07-31,month,1605997504400,2024-09-04
2281,Total number of outstanding Fund Certificate at the end of the period,2024-07-31,month,160599750.44,2024-09-04
2282,Fund Management Company and related parties' ownership ratio at the end of the period,2024-07-31,month,0.00155666493450374,2024-09-04
2283,Top 10 investors' ownership ratio at the end of the period,2024-07-31,month,0.302,2024-09-04
2284,Foreign investors' ownership ratio at the end of the period,2024-07-31,month,0.0014,2024-09-04
2285,Net asset value per Fund Certificate at the end of period,2024-07-31,month,11000,2024-09-04
2286,Fee paid to Real Estate management organisation/ Average NAV (%) (not applicable),2024-07-31,month,,2024-09-04
2287,Fee paid to Real Estate valuation service provider/ Average NAV (%) (not applicable),2024-07-31,month,,2024-09-04
2287,"Income (including interest income, dividend, coupon income and unrealised gain)/ Average NAV (%) (not applicable)",2024-07-31,month,,2024-09-04
2288,Market price per fund certificates at the end of period (not applicable),2024-07-31,month,,2024-09-04
22661,"Fund admin fee, and other fees paid to relating services providers by the fund management company/Average NAV (%)",2024-07-31,month,0.000593292384077937,2024-09-04
22761,Change of Number of Fund Certificates during the period,2024-07-31,month,8393721.65,2024-09-04
22762,Change in capital amount during the period (based on par value),2024-07-31,month,83937216500,2024-09-04
22781,Number of Fund Certificates redeemed during the period,2024-07-31,month,-49209819.99,2024-09-04
22782,Net redemption amount during the period (based on par value),2024-07-31,month,-492098199900,2024-09-04
22841,Number of investors of the Fund at the end of the period,2024-07-31,month,20135,2024-09-04
2264,INVESTMENT PERFORMANCE INDICATORS,2024-08-31,month,,2024-10-01
2265,Management fee paid to the fund management company/Average NAV (%),2024-08-31,month,0.0121975369171431,2024-10-01
2266,Custody and supervising fees paid to the Supervisory Bank/Average NAV (%),2024-08-31,month,0.000864547041744234,2024-10-01
2267,Auditing fee paid to auditing organizations (if any)/Average NAV (%),2024-08-31,month,8.7919321163383e-05,2024-10-01
2268,"Legal consultancy, price quotation and other appropriate service fees; remunerations paid to the Board of Representatives/Average NAV (%)",2024-08-31,month,0.000139757064478709,2024-10-01
2269,Expense/Average NAV (%),2024-08-31,month,0.013816463674567,2024-10-01
2270,Portfolio turnover rate (%),2024-08-31,month,1.68229455878488,2024-10-01
2272,OTHER INDICATORS,2024-08-31,month,,2024-10-01
2273,Fund scale at the beginning of the period (based on par value of fund certificate),2024-08-31,month,1605997504400,2024-10-01
2274,Total value of outstanding Fund Certificate at the beginning of period,2024-08-31,month,1605997504400,2024-10-01
2275,Total number of outstanding Fund Certificate at the beginning of period,2024-08-31,month,160599750.44,2024-10-01
2276,Change of Fund scale during the period (based on par value of fund certificate),2024-08-31,month,-359821731000,2024-10-01
2277,Number of Fund Certificates subscribed during the period,2024-08-31,month,52069522.34,2024-10-01
2278,Net subscription amount during the period (based on par value),2024-08-31,month,520695223400,2024-10-01
2279,Fund scale at the end of the period (based on par value),2024-08-31,month,1246175773400,2024-10-01
2280,Total value of outstanding Fund Certificate at the end of the period (based on par value),2024-08-31,month,1246175773400,2024-10-01
2281,Total number of outstanding Fund Certificate at the end of the period,2024-08-31,month,124617577.34,2024-10-01
2282,Fund Management Company and related parties' ownership ratio at the end of the period,2024-08-31,month,,2024-10-01
2283,Top 10 investors' ownership ratio at the end of the period,2024-08-31,month,0.213,2024-10-01
2284,Foreign investors' ownership ratio at the end of the period,2024-08-31,month,0.0021,2024-10-01
2285,Net asset value per Fund Certificate at the end of period,2024-08-31,month,11043.93,2024-10-01
2286,Fee paid to Real Estate management organisation/ Average NAV (%) (not applicable),2024-08-31,month,,2024-10-01
2287,Fee paid to Real Estate valuation service provider/ Average NAV (%) (not applicable),2024-08-31,month,,2024-10-01
2287,"Income (including interest income, dividend, coupon income and unrealised gain)/ Average NAV (%) (not applicable)",2024-08-31,month,,2024-10-01
2288,Market price per fund certificates at the end of period (not applicable),2024-08-31,month,,2024-10-01
22661,"Fund admin fee, and other fees paid to relating services providers by the fund management company/Average NAV (%)",2024-08-31,month,0.000608323451885053,2024-10-01
22761,Change of Number of Fund Certificates during the period,2024-08-31,month,-35982173.1,2024-10-01
22762,Change in capital amount during the period (based on par value),2024-08-31,month,-359821731000,2024-10-01
22781,Number of Fund Certificates redeemed during the period,2024-08-31,month,-88051695.44,2024-10-01
22782,Net redemption amount during the period (based on par value),2024-08-31,month,-880516954400,2024-10-01
22841,Number of investors of the Fund at the end of the period,2024-08-31,month,20360,2024-10-01
2264,INVESTMENT PERFORMANCE INDICATORS,2024-09-30,month,,2024-11-01
2265,Management fee paid to the fund management company/Average NAV (%),2024-09-30,month,0.011804139106471,2024-11-01
2266,Custody and supervising fees paid to the Supervisory Bank/Average NAV (%),2024-09-30,month,0.000854303824688272,2024-11-01
2267,Auditing fee paid to auditing organizations (if any)/Average NAV (%),2024-09-30,month,0.000106758818370598,2024-11-01
2268,"Legal consultancy, price quotation and other appropriate service fees; remunerations paid to the Board of Representatives/Average NAV (%)",2024-09-30,month,0.000171582889349391,2024-11-01
2269,Expense/Average NAV (%),2024-09-30,month,0.0139661159559548,2024-11-01
2270,Portfolio turnover rate (%),2024-09-30,month,1.82980682745382,2024-11-01
2272,OTHER INDICATORS,2024-09-30,month,,2024-11-01
2273,Fund scale at the beginning of the period (based on par value of fund certificate),2024-09-30,month,1246175773400,2024-11-01
2274,Total value of outstanding Fund Certificate at the beginning of period,2024-09-30,month,1246175773400,2024-11-01
2275,Total number of outstanding Fund Certificate at the beginning of period,2024-09-30,month,124617577.34,2024-11-01
2276,Change of Fund scale during the period (based on par value of fund certificate),2024-09-30,month,-177486521200,2024-11-01
2277,Number of Fund Certificates subscribed during the period,2024-09-30,month,42983144.88,2024-11-01
2278,Net subscription amount during the period (based on par value),2024-09-30,month,429831448800,2024-11-01
2279,Fund scale at the end of the period (based on par value),2024-09-30,month,1068689252200,2024-11-01
2280,Total value of outstanding Fund Certificate at the end of the period (based on par value),2024-09-30,month,1068689252200,2024-11-01
2281,Total number of outstanding Fund Certificate at the end of the period,2024-09-30,month,106868925.22,2024-11-01
2282,Fund Management Company and related parties' ownership ratio at the end of the period,2024-09-30,month,,2024-11-01
2283,Top 10 investors' ownership ratio at the end of the period,2024-09-30,month,0.2276,2024-11-01
2284,Foreign investors' ownership ratio at the end of the period,2024-09-30,month,0.0026,2024-11-01
2285,Net asset value per Fund Certificate at the end of period,2024-09-30,month,11085.34,2024-11-01
2286,Fee paid to Real Estate management organisation/ Average NAV (%) (not applicable),2024-09-30,month,,2024-11-01
2287,Fee paid to Real Estate valuation service provider/ Average NAV (%) (not applicable),2024-09-30,month,,2024-11-01
2287,"Income (including interest income, dividend, coupon income and unrealised gain)/ Average NAV (%) (not applicable)",2024-09-30,month,,2024-11-01
2288,Market price per fund certificates at the end of period (not applicable),2024-09-30,month,,2024-11-01
22661,"Fund admin fee, and other fees paid to relating services providers by the fund management company/Average NAV (%)",2024-09-30,month,0.00063269405391618,2024-11-01
22761,Change of Number of Fund Certificates during the period,2024-09-30,month,-17748652.12,2024-11-01
22762,Change in capital amount during the period (based on par value),2024-09-30,month,-177486521200,2024-11-01
22781,Number of Fund Certificates redeemed during the period,2024-09-30,month,-60731797,2024-11-01
22782,Net redemption amount during the period (based on par value),2024-09-30,month,-607317970000,2024-11-01
22841,Number of investors of the Fund at the end of the period,2024-09-30,month,20416,2024-11-01
2264,INVESTMENT PERFORMANCE INDICATORS,2024-10-31,month,,2024-12-02
2265,Management fee paid to the fund management company/Average NAV (%),2024-10-31,month,0.0121109256669719,2024-12-02
2266,Custody and supervising fees paid to the Supervisory Bank/Average NAV (%),2024-10-31,month,0.000858943095760126,2024-12-02
2267,Auditing fee paid to auditing organizations (if any)/Average NAV (%),2024-10-31,month,0.000115806765981625,2024-12-02
2268,"Legal consultancy, price quotation and other appropriate service fees; remunerations paid to the Board of Representatives/Average NAV (%)",2024-10-31,month,0.000344137226878133,2024-12-02
2269,Expense/Average NAV (%),2024-10-31,month,0.0140690033918564,2024-12-02
2270,Portfolio turnover rate (%),2024-10-31,month,1.79633042393359,2024-12-02
2272,OTHER INDICATORS,2024-10-31,month,,2024-12-02
2273,Fund scale at the beginning of the period (based on par value of fund certificate),2024-10-31,month,1068689252200,2024-12-02
2274,Total value of outstanding Fund Certificate at the beginning of period,2024-10-31,month,1068689252200,2024-12-02
2275,Total number of outstanding Fund Certificate at the beginning of period,2024-10-31,month,106868925.22,2024-12-02
2276,Change of Fund scale during the period (based on par value of fund certificate),2024-10-31,month,12853281500,2024-12-02
2277,Number of Fund Certificates subscribed during the period,2024-10-31,month,53405294.39,2024-12-02
2278,Net subscription amount during the period (based on par value),2024-10-31,month,534052943900,2024-12-02
2279,Fund scale at the end of the period (based on par value),2024-10-31,month,1081542533700,2024-12-02
2280,Total value of outstanding Fund Certificate at the end of the period (based on par value),2024-10-31,month,1081542533700,2024-12-02
2281,Total number of outstanding Fund Certificate at the end of the period,2024-10-31,month,108154253.37,2024-12-02
2282,Fund Management Company and related parties' ownership ratio at the end of the period,2024-10-31,month,,2024-12-02
2283,Top 10 investors' ownership ratio at the end of the period,2024-10-31,month,0.197,2024-12-02
2284,Foreign investors' ownership ratio at the end of the period,2024-10-31,month,0.0018,2024-12-02
2285,Net asset value per Fund Certificate at the end of period,2024-10-31,month,11138.63,2024-12-02
2286,Fee paid to Real Estate management organisation/ Average NAV (%) (not applicable),2024-10-31,month,,2024-12-02
2287,Fee paid to Real Estate valuation service provider/ Average NAV (%) (not applicable),2024-10-31,month,,2024-12-02
2287,"Income (including interest income, dividend, coupon income and unrealised gain)/ Average NAV (%) (not applicable)",2024-10-31,month,,2024-12-02
2288,Market price per fund certificates at the end of period (not applicable),2024-10-31,month,,2024-12-02
22661,"Fund admin fee, and other fees paid to relating services providers by the fund management company/Average NAV (%)",2024-10-31,month,0.00065947318710807,2024-12-02
22761,Change of Number of Fund Certificates during the period,2024-10-31,month,1285328.15,2024-12-02
22762,Change in capital amount during the period (based on par value),2024-10-31,month,12853281500,2024-12-02
22781,Number of Fund Certificates redeemed during the period,2024-10-31,month,-52119966.24,2024-12-02
22782,Net redemption amount during the period (based on par value),2024-10-31,month,-521199662400,2024-12-02
22841,Number of investors of the Fund at the end of the period,2024-10-31,month,20652,2024-12-02
2264,INVESTMENT PERFORMANCE INDICATORS,2024-11-30,month,,2025-01-03
2265,Management fee paid to the fund management company/Average NAV (%),2024-11-30,month,0.0117982034437254,2025-01-03
2266,Custody and supervising fees paid to the Supervisory Bank/Average NAV (%),2024-11-30,month,0.000847000116758719,2025-01-03
2267,Auditing fee paid to auditing organizations (if any)/Average NAV (%),2024-11-30,month,0.000120022483431739,2025-01-03
2268,"Legal consultancy, price quotation and other appropriate service fees; remunerations paid to the Board of Representatives/Average NAV (%)",2024-11-30,month,0.000234706530467457,2025-01-03
2269,Expense/Average NAV (%),2024-11-30,month,0.0140991595880079,2025-01-03
2270,Portfolio turnover rate (%),2024-11-30,month,1.73814978865288,2025-01-03
2272,OTHER INDICATORS,2024-11-30,month,,2025-01-03
2273,Fund scale at the beginning of the period (based on par value of fund certificate),2024-11-30,month,1081542533700,2025-01-03
2274,Total value of outstanding Fund Certificate at the beginning of period,2024-11-30,month,1081542533700,2025-01-03
2275,Total number of outstanding Fund Certificate at the beginning of period,2024-11-30,month,108154253.37,2025-01-03
2276,Change of Fund scale during the period (based on par value of fund certificate),2024-11-30,month,-90043377700,2025-01-03
2277,Number of Fund Certificates subscribed during the period,2024-11-30,month,46708673.44,2025-01-03
2278,Net subscription amount during the period (based on par value),2024-11-30,month,467086734400,2025-01-03
2279,Fund scale at the end of the period (based on par value),2024-11-30,month,991499156000,2025-01-03
2280,Total value of outstanding Fund Certificate at the end of the period (based on par value),2024-11-30,month,991499156000,2025-01-03
2281,Total number of outstanding Fund Certificate at the end of the period,2024-11-30,month,99149915.6,2025-01-03
2282,Fund Management Company and related parties' ownership ratio at the end of the period,2024-11-30,month,,2025-01-03
2283,Top 10 investors' ownership ratio at the end of the period,2024-11-30,month,0.1272,2025-01-03
2284,Foreign investors' ownership ratio at the end of the period,2024-11-30,month,0.0018,2025-01-03
2285,Net asset value per Fund Certificate at the end of period,2024-11-30,month,11194.64,2025-01-03
2286,Fee paid to Real Estate management organisation/ Average NAV (%) (not applicable),2024-11-30,month,,2025-01-03
2287,Fee paid to Real Estate valuation service provider/ Average NAV (%) (not applicable),2024-11-30,month,,2024-12-02
2287,"Income (including interest income, dividend, coupon income and unrealised gain)/ Average NAV (%) (not applicable)",2024-11-30,month,,2025-01-03
2288,Market price per fund certificates at the end of period (not applicable),2024-11-30,month,,2025-01-03
22661,"Fund admin fee, and other fees paid to relating services providers by the fund management company/Average NAV (%)",2024-11-30,month,0.000658931791969549,2025-01-03
22761,Change of Number of Fund Certificates during the period,2024-11-30,month,-9004337.77,2025-01-03
22762,Change in capital amount during the period (based on par value),2024-11-30,month,-90043377700,2025-01-03
22781,Number of Fund Certificates redeemed during the period,2024-11-30,month,-55713011.21,2025-01-03
22782,Net redemption amount during the period (based on par value),2024-11-30,month,-557130112100,2025-01-03
22841,Number of investors of the Fund at the end of the period,2024-11-30,month,20764,2025-01-03
2264,INVESTMENT PERFORMANCE INDICATORS,2024-12-31,month,,2025-02-03
2265,Management fee paid to the fund management company/Average NAV (%),2024-12-31,month,0.0121975082515457,2025-02-03
2266,Custody and supervising fees paid to the Supervisory Bank/Average NAV (%),2024-12-31,month,0.000850471123555653,2025-02-03
2267,Auditing fee paid to auditing organizations (if any)/Average NAV (%),2024-12-31,month,0.000129014434790852,2025-02-03
2268,"Legal consultancy, price quotation and other appropriate service fees; remunerations paid to the Board of Representatives/Average NAV (%)",2024-12-31,month,0.000250020410387642,2025-02-03
2269,Expense/Average NAV (%),2024-12-31,month,0.0140936641405671,2025-02-03
2270,Portfolio turnover rate (%),2024-12-31,month,1.70428702330852,2025-02-03
2272,OTHER INDICATORS,2024-12-31,month,,2025-02-03
2273,Fund scale at the beginning of the period (based on par value of fund certificate),2024-12-31,month,991499156000,2025-02-03
2274,Total value of outstanding Fund Certificate at the beginning of period,2024-12-31,month,991499156000,2025-02-03
2275,Total number of outstanding Fund Certificate at the beginning of period,2024-12-31,month,99149915.6,2025-02-03
2276,Change of Fund scale during the period (based on par value of fund certificate),2024-12-31,month,57736271900,2025-02-03
2277,Number of Fund Certificates subscribed during the period,2024-12-31,month,63035563.87,2025-02-03
2278,Net subscription amount during the period (based on par value),2024-12-31,month,630355638700,2025-02-03
2279,Fund scale at the end of the period (based on par value),2024-12-31,month,1049235427900,2025-02-03
2280,Total value of outstanding Fund Certificate at the end of the period (based on par value),2024-12-31,month,1049235427900,2025-02-03
2281,Total number of outstanding Fund Certificate at the end of the period,2024-12-31,month,104923542.79,2025-02-03
2282,Fund Management Company and related parties' ownership ratio at the end of the period,2024-12-31,month,,2025-02-03
2283,Top 10 investors' ownership ratio at the end of the period,2024-12-31,month,0.2699,2025-02-03
2284,Foreign investors' ownership ratio at the end of the period,2024-12-31,month,0.0046,2025-02-03
2285,Net asset value per Fund Certificate at the end of period,2024-12-31,month,11237.62,2025-02-03
2286,Fee paid to Real Estate management organisation/ Average NAV (%) (not applicable),2024-12-31,month,,2025-02-03
2287,"Income (including interest income, dividend, coupon income and unrealised gain)/ Average NAV (%) (not applicable)",2024-12-31,month,,2025-02-03
2288,Market price per fund certificates at the end of period (not applicable),2024-12-31,month,,2025-02-03
22661,"Fund admin fee, and other fees paid to relating services providers by the fund management company/Average NAV (%)",2024-12-31,month,0.000679725998717945,2025-02-03
22761,Change of Number of Fund Certificates during the period,2024-12-31,month,5773627.19,2025-02-03
22762,Change in capital amount during the period (based on par value),2024-12-31,month,57736271900,2025-02-03
22781,Number of Fund Certificates redeemed during the period,2024-12-31,month,-57261936.68,2025-02-03
22782,Net redemption amount during the period (based on par value),2024-12-31,month,-572619366800,2025-02-03
22841,Number of investors of the Fund at the end of the period,2024-12-31,month,20876,2025-02-03
2264,INVESTMENT PERFORMANCE INDICATORS,2025-01-31,month,,2025-03-03
2265,Management fee paid to the fund management company/Average NAV (%),2025-01-31,month,0.01223164423444,2025-03-03
2266,Custody and supervising fees paid to the Supervisory Bank/Average NAV (%),2025-01-31,month,0.000852213509273304,2025-03-03
2267,Auditing fee paid to auditing organizations (if any)/Average NAV (%),2025-01-31,month,0.000117613943750194,2025-03-03
2268,"Legal consultancy, price quotation and other appropriate service fees; remunerations paid to the Board of Representatives/Average NAV (%)",2025-01-31,month,0.000192462250114625,2025-03-03
2269,Expense/Average NAV (%),2025-01-31,month,0.0138575128230176,2025-03-03
2270,Portfolio turnover rate (%),2025-01-31,month,1.52739051326714,2025-03-03
2272,OTHER INDICATORS,2025-01-31,month,,2025-03-03
2273,Fund scale at the beginning of the period (based on par value of fund certificate),2025-01-31,month,1049235427900,2025-03-03
2274,Total value of outstanding Fund Certificate at the beginning of period,2025-01-31,month,1049235427900,2025-03-03
2275,Total number of outstanding Fund Certificate at the beginning of period,2025-01-31,month,104923542.79,2025-03-03
2276,Change of Fund scale during the period (based on par value of fund certificate),2025-01-31,month,-19065983500,2025-03-03
2277,Number of Fund Certificates subscribed during the period,2025-01-31,month,30956232.77,2025-03-03
2278,Net subscription amount during the period (based on par value),2025-01-31,month,309562327700,2025-03-03
2279,Fund scale at the end of the period (based on par value),2025-01-31,month,1030169444400,2025-03-03
2280,Total value of outstanding Fund Certificate at the end of the period (based on par value),2025-01-31,month,1030169444400,2025-03-03
2281,Total number of outstanding Fund Certificate at the end of the period,2025-01-31,month,103016944.44,2025-03-03
2282,Fund Management Company and related parties' ownership ratio at the end of the period,2025-01-31,month,,2025-03-03
2283,Top 10 investors' ownership ratio at the end of the period,2025-01-31,month,0.2898,2025-03-03
2284,Foreign investors' ownership ratio at the end of the period,2025-01-31,month,0.0118,2025-03-03
2285,Net asset value per Fund Certificate at the end of period,2025-01-31,month,11287.42,2025-03-03
2286,Fee paid to Real Estate management organisation/ Average NAV (%) (not applicable),2025-01-31,month,,2025-03-03
2287,"Income (including interest income, dividend, coupon income and unrealised gain)/ Average NAV (%) (not applicable)",2025-01-31,month,,2025-03-03
2288,Market price per fund certificates at the end of period (not applicable),2025-01-31,month,,2025-03-03
22661,"Fund admin fee, and other fees paid to relating services providers by the fund management company/Average NAV (%)",2025-01-31,month,0.000656034428761008,2025-03-03
22761,Change of Number of Fund Certificates during the period,2025-01-31,month,-1906598.35,2025-03-03
22762,Change in capital amount during the period (based on par value),2025-01-31,month,-19065983500,2025-03-03
22781,Number of Fund Certificates redeemed during the period,2025-01-31,month,-32862831.12,2025-03-03
22782,Net redemption amount during the period (based on par value),2025-01-31,month,-328628311200,2025-03-03
22841,Number of investors of the Fund at the end of the period,2025-01-31,month,20848,2025-03-03
2264,INVESTMENT PERFORMANCE INDICATORS,2025-02-28,month,,2025-04-01
2265,Management fee paid to the fund management company/Average NAV (%),2025-02-28,month,0.0110472671553481,2025-04-01
2266,Custody and supervising fees paid to the Supervisory Bank/Average NAV (%),2025-02-28,month,0.000774454594016048,2025-04-01
2267,Auditing fee paid to auditing organizations (if any)/Average NAV (%),2025-02-28,month,0.000101496602928252,2025-04-01
2268,"Legal consultancy, price quotation and other appropriate service fees; remunerations paid to the Board of Representatives/Average NAV (%)",2025-02-28,month,0.000171812572220668,2025-04-01
2269,Expense/Average NAV (%),2025-02-28,month,0.0139004162726407,2025-04-01
2270,Portfolio turnover rate (%),2025-02-28,month,1.25889103048726,2025-04-01
2272,OTHER INDICATORS,2025-02-28,month,,2025-04-01
2273,Fund scale at the beginning of the period (based on par value of fund certificate),2025-02-28,month,1030169444400,2025-04-01
2274,Total value of outstanding Fund Certificate at the beginning of period,2025-02-28,month,1030169444400,2025-04-01
2275,Total number of outstanding Fund Certificate at the beginning of period,2025-02-28,month,103016944.44,2025-04-01
2276,Change of Fund scale during the period (based on par value of fund certificate),2025-02-28,month,55567320900,2025-04-01
2277,Number of Fund Certificates subscribed during the period,2025-02-28,month,48955527.52,2025-04-01
2278,Net subscription amount during the period (based on par value),2025-02-28,month,489555275200,2025-04-01
2279,Fund scale at the end of the period (based on par value),2025-02-28,month,1085736765300,2025-04-01
2280,Total value of outstanding Fund Certificate at the end of the period (based on par value),2025-02-28,month,1085736765300,2025-04-01
2281,Total number of outstanding Fund Certificate at the end of the period,2025-02-28,month,108573676.53,2025-04-01
2282,Fund Management Company and related parties' ownership ratio at the end of the period,2025-02-28,month,,2025-04-01
2283,Top 10 investors' ownership ratio at the end of the period,2025-02-28,month,0.2643,2025-04-01
2284,Foreign investors' ownership ratio at the end of the period,2025-02-28,month,0.0164,2025-04-01
2285,Net asset value per Fund Certificate at the end of period,2025-02-28,month,11338.34,2025-04-01
2286,Fee paid to Real Estate management organisation/ Average NAV (%) (not applicable),2025-02-28,month,,2025-04-01
2287,"Income (including interest income, dividend, coupon income and unrealised gain)/ Average NAV (%) (not applicable)",2025-02-28,month,,2025-04-01
2288,Market price per fund certificates at the end of period (not applicable),2025-02-28,month,,2025-04-01
22661,"Fund admin fee, and other fees paid to relating services providers by the fund management company/Average NAV (%)",2025-02-28,month,0.000607503584058325,2025-04-01
22761,Change of Number of Fund Certificates during the period,2025-02-28,month,5556732.09,2025-04-01
22762,Change in capital amount during the period (based on par value),2025-02-28,month,55567320900,2025-04-01
22781,Number of Fund Certificates redeemed during the period,2025-02-28,month,-43398795.43,2025-04-01
22782,Net redemption amount during the period (based on par value),2025-02-28,month,-433987954300,2025-04-01
22841,Number of investors of the Fund at the end of the period,2025-02-28,month,21133,2025-04-01
2264,INVESTMENT PERFORMANCE INDICATORS,2025-03-31,month,,2025-05-05
2265,Management fee paid to the fund management company/Average NAV (%),2025-03-31,month,0.0122309551875225,2025-05-05
2266,Custody and supervising fees paid to the Supervisory Bank/Average NAV (%),2025-03-31,month,0.00086056356938488,2025-05-05
2267,Auditing fee paid to auditing organizations (if any)/Average NAV (%),2025-03-31,month,0.000110856489995633,2025-05-05
2268,"Legal consultancy, price quotation and other appropriate service fees; remunerations paid to the Board of Representatives/Average NAV (%)",2025-03-31,month,0.000181404422163453,2025-05-05
2269,Expense/Average NAV (%),2025-03-31,month,0.0138760430455995,2025-05-05
2270,Portfolio turnover rate (%),2025-03-31,month,1.42203938317782,2025-05-05
2272,OTHER INDICATORS,2025-03-31,month,,2025-05-05
2273,Fund scale at the beginning of the period (based on par value of fund certificate),2025-03-31,month,1085736765300,2025-05-05
2274,Total value of outstanding Fund Certificate at the beginning of period,2025-03-31,month,1085736765300,2025-05-05
2275,Total number of outstanding Fund Certificate at the beginning of period,2025-03-31,month,108573676.53,2025-05-05
2276,Change of Fund scale during the period (based on par value of fund certificate),2025-03-31,month,-27689765900,2025-05-05
2277,Number of Fund Certificates subscribed during the period,2025-03-31,month,55753070.81,2025-05-05
2278,Net subscription amount during the period (based on par value),2025-03-31,month,557530708100,2025-05-05
2279,Fund scale at the end of the period (based on par value),2025-03-31,month,1058046999400,2025-05-05
2280,Total value of outstanding Fund Certificate at the end of the period (based on par value),2025-03-31,month,1058046999400,2025-05-05
2281,Total number of outstanding Fund Certificate at the end of the period,2025-03-31,month,105804699.94,2025-05-05
2282,Fund Management Company and related parties' ownership ratio at the end of the period,2025-03-31,month,,2025-05-05
2283,Top 10 investors' ownership ratio at the end of the period,2025-03-31,month,0.2624,2025-05-05
2284,Foreign investors' ownership ratio at the end of the period,2025-03-31,month,0.0277,2025-05-05
2285,Net asset value per Fund Certificate at the end of period,2025-03-31,month,11384.26,2025-05-05
2286,Fee paid to Real Estate management organisation/ Average NAV (%) (not applicable),2025-03-31,month,,2025-05-05
2287,"Income (including interest income, dividend, coupon income and unrealised gain)/ Average NAV (%) (not applicable)",2025-03-31,month,,2025-05-05
2288,Market price per fund certificates at the end of period (not applicable),2025-03-31,month,,2025-05-05
22661,"Fund admin fee, and other fees paid to relating services providers by the fund management company/Average NAV (%)",2025-03-31,month,0.00060524741573553,2025-05-05
22761,Change of Number of Fund Certificates during the period,2025-03-31,month,-2768976.59,2025-05-05
22762,Change in capital amount during the period (based on par value),2025-03-31,month,-27689765900,2025-05-05
22781,Number of Fund Certificates redeemed during the period,2025-03-31,month,-58522047.4,2025-05-05
22782,Net redemption amount during the period (based on par value),2025-03-31,month,-585220474000,2025-05-05
22841,Number of investors of the Fund at the end of the period,2025-03-31,month,21140,2025-05-05
2264,INVESTMENT PERFORMANCE INDICATORS,2025-04-30,month,,2025-06-02
2265,Management fee paid to the fund management company/Average NAV (%),2025-04-30,month,0.0118365063086137,2025-06-02
2266,Custody and supervising fees paid to the Supervisory Bank/Average NAV (%),2025-04-30,month,0.000834694820768531,2025-06-02
2267,Auditing fee paid to auditing organizations (if any)/Average NAV (%),2025-04-30,month,0.000117613476329366,2025-06-02
2268,"Legal consultancy, price quotation and other appropriate service fees; remunerations paid to the Board of Representatives/Average NAV (%)",2025-04-30,month,0.000227476120611173,2025-06-02
2269,Expense/Average NAV (%),2025-04-30,month,0.0138934764763104,2025-06-02
2270,Portfolio turnover rate (%),2025-04-30,month,1.38461298325323,2025-06-02
2272,OTHER INDICATORS,2025-04-30,month,,2025-06-02
2273,Fund scale at the beginning of the period (based on par value of fund certificate),2025-04-30,month,1058046999400,2025-06-02
2274,Total value of outstanding Fund Certificate at the beginning of period,2025-04-30,month,1058046999400,2025-06-02
2275,Total number of outstanding Fund Certificate at the beginning of period,2025-04-30,month,105804699.94,2025-06-02
2276,Change of Fund scale during the period (based on par value of fund certificate),2025-04-30,month,-115969509400,2025-06-02
2277,Number of Fund Certificates subscribed during the period,2025-04-30,month,56082603.77,2025-06-02
2278,Net subscription amount during the period (based on par value),2025-04-30,month,560826037700,2025-06-02
2279,Fund scale at the end of the period (based on par value),2025-04-30,month,942077490000,2025-06-02
2280,Total value of outstanding Fund Certificate at the end of the period (based on par value),2025-04-30,month,942077490000,2025-06-02
2281,Total number of outstanding Fund Certificate at the end of the period,2025-04-30,month,94207749,2025-06-02
2282,Fund Management Company and related parties' ownership ratio at the end of the period,2025-04-30,month,,2025-06-02
2283,Top 10 investors' ownership ratio at the end of the period,2025-04-30,month,0.2676,2025-06-02
2284,Foreign investors' ownership ratio at the end of the period,2025-04-30,month,0.0334,2025-06-02
2285,Net asset value per Fund Certificate at the end of period,2025-04-30,month,11440.76,2025-06-02
2286,Fee paid to Real Estate management organisation/ Average NAV (%) (not applicable),2025-04-30,month,,2025-06-02
2287,"Income (including interest income, dividend, coupon income and unrealised gain)/ Average NAV (%) (not applicable)",2025-04-30,month,,2025-06-02
2288,Market price per fund certificates at the end of period (not applicable),2025-04-30,month,,2025-06-02
22661,"Fund admin fee, and other fees paid to relating services providers by the fund management company/Average NAV (%)",2025-04-30,month,0.000580451338699983,2025-06-02
22761,Change of Number of Fund Certificates during the period,2025-04-30,month,-11596950.94,2025-06-02
22762,Change in capital amount during the period (based on par value),2025-04-30,month,-115969509400,2025-06-02
22781,Number of Fund Certificates redeemed during the period,2025-04-30,month,-67679554.71,2025-06-02
22782,Net redemption amount during the period (based on par value),2025-04-30,month,-676795547100,2025-06-02
22841,Number of investors of the Fund at the end of the period,2025-04-30,month,21106,2025-06-02
2264,INVESTMENT PERFORMANCE INDICATORS,2025-05-31,month,,2025-07-01
2265,Management fee paid to the fund management company/Average NAV (%),2025-05-31,month,0.0122310320093951,2025-07-01
2266,Custody and supervising fees paid to the Supervisory Bank/Average NAV (%),2025-05-31,month,0.000852257983703802,2025-07-01
2267,Auditing fee paid to auditing organizations (if any)/Average NAV (%),2025-05-31,month,0.000119264092668837,2025-07-01
2268,"Legal consultancy, price quotation and other appropriate service fees; remunerations paid to the Board of Representatives/Average NAV (%)",2025-05-31,month,0.000254972038350582,2025-07-01
2269,Expense/Average NAV (%),2025-05-31,month,0.0138985191869862,2025-07-01
2270,Portfolio turnover rate (%),2025-05-31,month,1.15135200585719,2025-07-01
2272,OTHER INDICATORS,2025-05-31,month,,2025-07-01
2273,Fund scale at the beginning of the period (based on par value of fund certificate),2025-05-31,month,942077490000,2025-07-01
2274,Total value of outstanding Fund Certificate at the beginning of period,2025-05-31,month,942077490000,2025-07-01
2275,Total number of outstanding Fund Certificate at the beginning of period,2025-05-31,month,94207749,2025-07-01
2276,Change of Fund scale during the period (based on par value of fund certificate),2025-05-31,month,166895709000,2025-07-01
2277,Number of Fund Certificates subscribed during the period,2025-05-31,month,71896993.68,2025-07-01
2278,Net subscription amount during the period (based on par value),2025-05-31,month,718969936800,2025-07-01
2279,Fund scale at the end of the period (based on par value),2025-05-31,month,1108973199000,2025-07-01
2280,Total value of outstanding Fund Certificate at the end of the period (based on par value),2025-05-31,month,1108973199000,2025-07-01
2281,Total number of outstanding Fund Certificate at the end of the period,2025-05-31,month,110897319.9,2025-07-01
2282,Fund Management Company and related parties' ownership ratio at the end of the period,2025-05-31,month,,2025-07-01
2283,Top 10 investors' ownership ratio at the end of the period,2025-05-31,month,0.2434,2025-07-01
2284,Foreign investors' ownership ratio at the end of the period,2025-05-31,month,0.039,2025-07-01
2285,Net asset value per Fund Certificate at the end of period,2025-05-31,month,11495.5,2025-07-01
2286,Fee paid to Real Estate management organisation/ Average NAV (%) (not applicable),2025-05-31,month,,2025-07-01
2287,"Income (including interest income, dividend, coupon income and unrealised gain)/ Average NAV (%) (not applicable)",2025-05-31,month,,2025-07-01
2288,Market price per fund certificates at the end of period (not applicable),2025-05-31,month,,2025-07-01
22661,"Fund admin fee, and other fees paid to relating services providers by the fund management company/Average NAV (%)",2025-05-31,month,0.000592945707721052,2025-07-01
22761,Change of Number of Fund Certificates during the period,2025-05-31,month,16689570.9,2025-07-01
22762,Change in capital amount during the period (based on par value),2025-05-31,month,166895709000,2025-07-01
22781,Number of Fund Certificates redeemed during the period,2025-05-31,month,-55207422.78,2025-07-01
22782,Net redemption amount during the period (based on par value),2025-05-31,month,-552074227800,2025-07-01
22841,Number of investors of the Fund at the end of the period,2025-05-31,month,21386,2025-07-01
2264,INVESTMENT PERFORMANCE INDICATORS,2025-06-30,month,,2025-08-01
2265,Management fee paid to the fund management company/Average NAV (%),2025-06-30,month,0.0118363909650283,2025-08-01
2266,Custody and supervising fees paid to the Supervisory Bank/Average NAV (%),2025-06-30,month,0.000822659537755452,2025-08-01
2267,Auditing fee paid to auditing organizations (if any)/Average NAV (%),2025-06-30,month,0.000103864744490524,2025-08-01
2268,"Legal consultancy, price quotation and other appropriate service fees; remunerations paid to the Board of Representatives/Average NAV (%)",2025-06-30,month,0.000210053561186816,2025-08-01
2269,Expense/Average NAV (%),2025-06-30,month,0.0140628771242161,2025-08-01
2270,Portfolio turnover rate (%),2025-06-30,month,0.982674691628957,2025-08-01
2272,OTHER INDICATORS,2025-06-30,month,,2025-08-01
2273,Fund scale at the beginning of the period (based on par value of fund certificate),2025-06-30,month,1108973199000,2025-08-01
2274,Total value of outstanding Fund Certificate at the beginning of period,2025-06-30,month,1108973199000,2025-08-01
2275,Total number of outstanding Fund Certificate at the beginning of period,2025-06-30,month,110897319.9,2025-08-01
2276,Change of Fund scale during the period (based on par value of fund certificate),2025-06-30,month,131723008900,2025-08-01
2277,Number of Fund Certificates subscribed during the period,2025-06-30,month,64241692.73,2025-08-01
2278,Net subscription amount during the period (based on par value),2025-06-30,month,642416927300,2025-08-01
2279,Fund scale at the end of the period (based on par value),2025-06-30,month,1240696207900,2025-08-01
2280,Total value of outstanding Fund Certificate at the end of the period (based on par value),2025-06-30,month,1240696207900,2025-08-01
2281,Total number of outstanding Fund Certificate at the end of the period,2025-06-30,month,124069620.79,2025-08-01
2282,Fund Management Company and related parties' ownership ratio at the end of the period,2025-06-30,month,,2025-08-01
2283,Top 10 investors' ownership ratio at the end of the period,2025-06-30,month,0.2041,2025-08-01
2284,Foreign investors' ownership ratio at the end of the period,2025-06-30,month,0.0549,2025-08-01
2285,Net asset value per Fund Certificate at the end of period,2025-06-30,month,11544.89,2025-08-01
2286,Fee paid to Real Estate management organisation/ Average NAV (%) (not applicable),2025-06-30,month,,2025-08-01
2287,"Income (including interest income, dividend, coupon income and unrealised gain)/ Average NAV (%) (not applicable)",2025-06-30,month,,2025-08-01
2288,Market price per fund certificates at the end of period (not applicable),2025-06-30,month,,2025-08-01
22661,"Fund admin fee, and other fees paid to relating services providers by the fund management company/Average NAV (%)",2025-06-30,month,0.000556372064711102,2025-08-01
22761,Change of Number of Fund Certificates during the period,2025-06-30,month,13172300.89,2025-08-01
22762,Change in capital amount during the period (based on par value),2025-06-30,month,131723008900,2025-08-01
22781,Number of Fund Certificates redeemed during the period,2025-06-30,month,-51069391.84,2025-08-01
22782,Net redemption amount during the period (based on par value),2025-06-30,month,-510693918400,2025-08-01
22841,Number of investors of the Fund at the end of the period,2025-06-30,month,21660,2025-08-01
2264,INVESTMENT PERFORMANCE INDICATORS,2025-07-31,month,,2025-09-03
2265,Management fee paid to the fund management company/Average NAV (%),2025-07-31,month,0.0122309267831021,2025-09-03
2266,Custody and supervising fees paid to the Supervisory Bank/Average NAV (%),2025-07-31,month,0.000899233857635781,2025-09-03
2267,Auditing fee paid to auditing organizations (if any)/Average NAV (%),2025-07-31,month,0.000111614153798222,2025-09-03
2268,"Legal consultancy, price quotation and other appropriate service fees; remunerations paid to the Board of Representatives/Average NAV (%)",2025-07-31,month,0.000185139216909514,2025-09-03
2269,Expense/Average NAV (%),2025-07-31,month,0.0138838760403228,2025-09-03
2270,Portfolio turnover rate (%),2025-07-31,month,1.05671514159402,2025-09-03
2272,OTHER INDICATORS,2025-07-31,month,,2025-09-03
2273,Fund scale at the beginning of the period (based on par value of fund certificate),2025-07-31,month,1240696207900,2025-09-03
2274,Total value of outstanding Fund Certificate at the beginning of period,2025-07-31,month,1240696207900,2025-09-03
2275,Total number of outstanding Fund Certificate at the beginning of period,2025-07-31,month,124069620.79,2025-09-03
2276,Change of Fund scale during the period (based on par value of fund certificate),2025-07-31,month,360030109900,2025-09-03
2277,Number of Fund Certificates subscribed during the period,2025-07-31,month,100896331.78,2025-09-03
2278,Net subscription amount during the period (based on par value),2025-07-31,month,1008963317800,2025-09-03
2279,Fund scale at the end of the period (based on par value),2025-07-31,month,1600726317800,2025-09-03
2280,Total value of outstanding Fund Certificate at the end of the period (based on par value),2025-07-31,month,1600726317800,2025-09-03
2281,Total number of outstanding Fund Certificate at the end of the period,2025-07-31,month,160072631.78,2025-09-03
2282,Fund Management Company and related parties' ownership ratio at the end of the period,2025-07-31,month,,2025-09-03
2283,Top 10 investors' ownership ratio at the end of the period,2025-07-31,month,0.3299,2025-09-03
2284,Foreign investors' ownership ratio at the end of the period,2025-07-31,month,0.0415,2025-09-03
2285,Net asset value per Fund Certificate at the end of period,2025-07-31,month,11591.77,2025-09-03
2286,Fee paid to Real Estate management organisation/ Average NAV (%) (not applicable),2025-07-31,month,,2025-09-03
2287,"Income (including interest income, dividend, coupon income and unrealised gain)/ Average NAV (%) (not applicable)",2025-07-31,month,,2025-09-03
2288,Market price per fund certificates at the end of period (not applicable),2025-07-31,month,,2025-09-03
22661,"Fund admin fee, and other fees paid to relating services providers by the fund management company/Average NAV (%)",2025-07-31,month,0.00055462034026046,2025-09-03
22761,Change of Number of Fund Certificates during the period,2025-07-31,month,36003010.99,2025-09-03
22762,Change in capital amount during the period (based on par value),2025-07-31,month,360030109900,2025-09-03
22781,Number of Fund Certificates redeemed during the period,2025-07-31,month,-64893320.79,2025-09-03
22782,Net redemption amount during the period (based on par value),2025-07-31,month,-648933207900,2025-09-03
22841,Number of investors of the Fund at the end of the period,2025-07-31,month,21767,2025-09-03
2264,INVESTMENT PERFORMANCE INDICATORS,2025-08-31,month,,2025-10-01
2265,Management fee paid to the fund management company/Average NAV (%),2025-08-31,month,0.0122310091541514,2025-10-01
2266,Custody and supervising fees paid to the Supervisory Bank/Average NAV (%),2025-08-31,month,0.000851602499722147,2025-10-01
2267,Auditing fee paid to auditing organizations (if any)/Average NAV (%),2025-08-31,month,8.98143523567997e-05,2025-10-01
2268,"Legal consultancy, price quotation and other appropriate service fees; remunerations paid to the Board of Representatives/Average NAV (%)",2025-08-31,month,0.000148978955040581,2025-10-01
2269,Expense/Average NAV (%),2025-08-31,month,0.0137099242507389,2025-10-01
2270,Portfolio turnover rate (%),2025-08-31,month,1.07224429138797,2025-10-01
2272,OTHER INDICATORS,2025-08-31,month,,2025-10-01
2273,Fund scale at the beginning of the period (based on par value of fund certificate),2025-08-31,month,1600726317800,2025-10-01
2274,Total value of outstanding Fund Certificate at the beginning of period,2025-08-31,month,1600726317800,2025-10-01
2275,Total number of outstanding Fund Certificate at the beginning of period,2025-08-31,month,160072631.78,2025-10-01
2276,Change of Fund scale during the period (based on par value of fund certificate),2025-08-31,month,60288610899.9999,2025-10-01
2277,Number of Fund Certificates subscribed during the period,2025-08-31,month,78120309.02,2025-10-01
2278,Net subscription amount during the period (based on par value),2025-08-31,month,781203090200,2025-10-01
2279,Fund scale at the end of the period (based on par value),2025-08-31,month,1661014928700,2025-10-01
2280,Total value of outstanding Fund Certificate at the end of the period (based on par value),2025-08-31,month,1661014928700,2025-10-01
2281,Total number of outstanding Fund Certificate at the end of the period,2025-08-31,month,166101492.87,2025-10-01
2282,Fund Management Company and related parties' ownership ratio at the end of the period,2025-08-31,month,,2025-10-01
2283,Top 10 investors' ownership ratio at the end of the period,2025-08-31,month,0.2455,2025-10-01
2284,Foreign investors' ownership ratio at the end of the period,2025-08-31,month,0.0522,2025-10-01
2285,Net asset value per Fund Certificate at the end of period,2025-08-31,month,11636.05,2025-10-01
2286,Fee paid to Real Estate management organisation/ Average NAV (%) (not applicable),2025-08-31,month,,2025-10-01
2287,"Income (including interest income, dividend, coupon income and unrealised gain)/ Average NAV (%) (not applicable)",2025-08-31,month,,2025-10-01
2288,Market price per fund certificates at the end of period (not applicable),2025-08-31,month,,2025-10-01
22661,"Fund admin fee, and other fees paid to relating services providers by the fund management company/Average NAV (%)",2025-08-31,month,0.00053400479430767,2025-10-01
22761,Change of Number of Fund Certificates during the period,2025-08-31,month,6028861.08999999,2025-10-01
22762,Change in capital amount during the period (based on par value),2025-08-31,month,60288610899.9999,2025-10-01
22781,Number of Fund Certificates redeemed during the period,2025-08-31,month,-72091447.93,2025-10-01
22782,Net redemption amount during the period (based on par value),2025-08-31,month,-720914479300,2025-10-01
22841,Number of investors of the Fund at the end of the period,2025-08-31,month,22162,2025-10-01
2264,INVESTMENT PERFORMANCE INDICATORS,2025-09-30,month,,2025-11-03
2265,Management fee paid to the fund management company/Average NAV (%),2025-09-30,month,0.0118364193744937,2025-11-03
2266,Custody and supervising fees paid to the Supervisory Bank/Average NAV (%),2025-09-30,month,0.000836411003947874,2025-11-03
2267,Auditing fee paid to auditing organizations (if any)/Average NAV (%),2025-09-30,month,8.49619692722601e-05,2025-11-03
2268,"Legal consultancy, price quotation and other appropriate service fees; remunerations paid to the Board of Representatives/Average NAV (%)",2025-09-30,month,0.000142093034256489,2025-11-03
2269,Expense/Average NAV (%),2025-09-30,month,0.0137239811448915,2025-11-03
2270,Portfolio turnover rate (%),2025-09-30,month,1.1503191187472,2025-11-03
2272,OTHER INDICATORS,2025-09-30,month,,2025-11-03
2273,Fund scale at the beginning of the period (based on par value of fund certificate),2025-09-30,month,1661014928700,2025-11-03
2274,Total value of outstanding Fund Certificate at the beginning of period,2025-09-30,month,1661014928700,2025-11-03
2275,Total number of outstanding Fund Certificate at the beginning of period,2025-09-30,month,166101492.87,2025-11-03
2276,Change of Fund scale during the period (based on par value of fund certificate),2025-09-30,month,55520463100,2025-11-03
2277,Number of Fund Certificates subscribed during the period,2025-09-30,month,67253148.89,2025-11-03
2278,Net subscription amount during the period (based on par value),2025-09-30,month,672531488900,2025-11-03
2279,Fund scale at the end of the period (based on par value),2025-09-30,month,1716535391800,2025-11-03
2280,Total value of outstanding Fund Certificate at the end of the period (based on par value),2025-09-30,month,1716535391800,2025-11-03
2281,Total number of outstanding Fund Certificate at the end of the period,2025-09-30,month,171653539.18,2025-11-03
2282,Fund Management Company and related parties' ownership ratio at the end of the period,2025-09-30,month,,2025-11-03
2283,Top 10 investors' ownership ratio at the end of the period,2025-09-30,month,0.3326,2025-11-03
2284,Foreign investors' ownership ratio at the end of the period,2025-09-30,month,0.0542,2025-11-03
2285,Net asset value per Fund Certificate at the end of period,2025-09-30,month,11691.75,2025-11-03
2286,Fee paid to Real Estate management organisation/ Average NAV (%) (not applicable),2025-09-30,month,,2025-11-03
2287,"Income (including interest income, dividend, coupon income and unrealised gain)/ Average NAV (%) (not applicable)",2025-09-30,month,,2025-11-03
2288,Market price per fund certificates at the end of period (not applicable),2025-09-30,month,,2025-11-03
22661,"Fund admin fee, and other fees paid to relating services providers by the fund management company/Average NAV (%)",2025-09-30,month,0.000518470378858026,2025-11-03
22761,Change of Number of Fund Certificates during the period,2025-09-30,month,5552046.31,2025-11-03
22762,Change in capital amount during the period (based on par value),2025-09-30,month,55520463100,2025-11-03
22781,Number of Fund Certificates redeemed during the period,2025-09-30,month,-61701102.58,2025-11-03
22782,Net redemption amount during the period (based on par value),2025-09-30,month,-617011025800,2025-11-03
22841,Number of investors of the Fund at the end of the period,2025-09-30,month,22114,2025-11-03
2264,INVESTMENT PERFORMANCE INDICATORS,2025-10-31,month,,2025-12-02
2265,Management fee paid to the fund management company/Average NAV (%),2025-10-31,month,0.0122309253042638,2025-12-02
2266,Custody and supervising fees paid to the Supervisory Bank/Average NAV (%),2025-10-31,month,0.000852349481273002,2025-12-02
2267,Auditing fee paid to auditing organizations (if any)/Average NAV (%),2025-10-31,month,8.87421543252494e-05,2025-12-02
2268,"Legal consultancy, price quotation and other appropriate service fees; remunerations paid to the Board of Representatives/Average NAV (%)",2025-10-31,month,0.000147200437593743,2025-12-02
2269,Expense/Average NAV (%),2025-10-31,month,0.0137207860632907,2025-12-02
2270,Portfolio turnover rate (%),2025-10-31,month,1.22491981703462,2025-12-02
2272,OTHER INDICATORS,2025-10-31,month,,2025-12-02
2273,Fund scale at the beginning of the period (based on par value of fund certificate),2025-10-31,month,1716535391800,2025-12-02
2274,Total value of outstanding Fund Certificate at the beginning of period,2025-10-31,month,1716535391800,2025-12-02
2275,Total number of outstanding Fund Certificate at the beginning of period,2025-10-31,month,171653539.18,2025-12-02
2276,Change of Fund scale during the period (based on par value of fund certificate),2025-10-31,month,-80773910900,2025-12-02
2277,Number of Fund Certificates subscribed during the period,2025-10-31,month,69603973.69,2025-12-02
2278,Net subscription amount during the period (based on par value),2025-10-31,month,696039736900,2025-12-02
2279,Fund scale at the end of the period (based on par value),2025-10-31,month,1635761480900,2025-12-02
2280,Total value of outstanding Fund Certificate at the end of the period (based on par value),2025-10-31,month,1635761480900,2025-12-02
2281,Total number of outstanding Fund Certificate at the end of the period,2025-10-31,month,163576148.09,2025-12-02
2282,Fund Management Company and related parties' ownership ratio at the end of the period,2025-10-31,month,7.02378686266569e-05,2025-12-02
2283,Top 10 investors' ownership ratio at the end of the period,2025-10-31,month,0.3588,2025-12-02
2284,Foreign investors' ownership ratio at the end of the period,2025-10-31,month,0.071,2025-12-02
2285,Net asset value per Fund Certificate at the end of period,2025-10-31,month,11744.59,2025-12-02
2286,Fee paid to Real Estate management organisation/ Average NAV (%) (not applicable),2025-10-31,month,,2025-12-02
2287,"Income (including interest income, dividend, coupon income and unrealised gain)/ Average NAV (%) (not applicable)",2025-10-31,month,,2025-12-02
2288,Market price per fund certificates at the end of period (not applicable),2025-10-31,month,,2025-12-02
22661,"Fund admin fee, and other fees paid to relating services providers by the fund management company/Average NAV (%)",2025-10-31,month,0.000534170323525528,2025-12-02
22761,Change of Number of Fund Certificates during the period,2025-10-31,month,-8077391.09,2025-12-02
22762,Change in capital amount during the period (based on par value),2025-10-31,month,-80773910900,2025-12-02
22781,Number of Fund Certificates redeemed during the period,2025-10-31,month,-77681364.78,2025-12-02
22782,Net redemption amount during the period (based on par value),2025-10-31,month,-776813647800,2025-12-02
22841,Number of investors of the Fund at the end of the period,2025-10-31,month,22004,2025-12-02
2264,INVESTMENT PERFORMANCE INDICATORS,2025-11-30,month,,2026-01-06
2265,Management fee paid to the fund management company/Average NAV (%),2025-11-30,month,0.01183641842148,2026-01-06
2266,Custody and supervising fees paid to the Supervisory Bank/Average NAV (%),2025-11-30,month,0.000829426224322296,2026-01-06
2267,Auditing fee paid to auditing organizations (if any)/Average NAV (%),2025-11-30,month,9.20443685900217e-05,2026-01-06
2268,"Legal consultancy, price quotation and other appropriate service fees; remunerations paid to the Board of Representatives/Average NAV (%)",2025-11-30,month,0.000153937882587573,2026-01-06
2269,Expense/Average NAV (%),2025-11-30,month,0.0137400273773762,2026-01-06
2270,Portfolio turnover rate (%),2025-11-30,month,1.40689191937215,2026-01-06
2272,OTHER INDICATORS,2025-11-30,month,,2026-01-06
2273,Fund scale at the beginning of the period (based on par value of fund certificate),2025-11-30,month,1635761480900,2026-01-06
2274,Total value of outstanding Fund Certificate at the beginning of period,2025-11-30,month,1635761480900,2026-01-06
2275,Total number of outstanding Fund Certificate at the beginning of period,2025-11-30,month,163576148.09,2026-01-06
2276,Change of Fund scale during the period (based on par value of fund certificate),2025-11-30,month,-107941599100,2026-01-06
2277,Number of Fund Certificates subscribed during the period,2025-11-30,month,46257760.99,2026-01-06
2278,Net subscription amount during the period (based on par value),2025-11-30,month,462577609900,2026-01-06
2279,Fund scale at the end of the period (based on par value),2025-11-30,month,1527819881800,2026-01-06
2280,Total value of outstanding Fund Certificate at the end of the period (based on par value),2025-11-30,month,1527819881800,2026-01-06
2281,Total number of outstanding Fund Certificate at the end of the period,2025-11-30,month,152781988.18,2026-01-06
2282,Fund Management Company and related parties' ownership ratio at the end of the period,2025-11-30,month,7.52002257390705e-05,2026-01-06
2283,Top 10 investors' ownership ratio at the end of the period,2025-11-30,month,0.3581,2026-01-06
2284,Foreign investors' ownership ratio at the end of the period,2025-11-30,month,0.0872,2026-01-06
2285,Net asset value per Fund Certificate at the end of period,2025-11-30,month,11797.98,2026-01-06
2286,Fee paid to Real Estate management organisation/ Average NAV (%) (not applicable),2025-11-30,month,,2026-01-06
2287,"Income (including interest income, dividend, coupon income and unrealised gain)/ Average NAV (%) (not applicable)",2025-11-30,month,,2026-01-06
2288,Market price per fund certificates at the end of period (not applicable),2025-11-30,month,,2026-01-06
22661,"Fund admin fee, and other fees paid to relating services providers by the fund management company/Average NAV (%)",2025-11-30,month,0.000524865950514206,2026-01-06
22761,Change of Number of Fund Certificates during the period,2025-11-30,month,-10794159.91,2026-01-06
22762,Change in capital amount during the period (based on par value),2025-11-30,month,-107941599100,2026-01-06
22781,Number of Fund Certificates redeemed during the period,2025-11-30,month,-57051920.9,2026-01-06
22782,Net redemption amount during the period (based on par value),2025-11-30,month,-570519209000,2026-01-06
22841,Number of investors of the Fund at the end of the period,2025-11-30,month,22079,2026-01-06
2264,INVESTMENT PERFORMANCE INDICATORS,2025-12-31,month,,2026-02-02
2265,Management fee paid to the fund management company/Average NAV (%),2025-12-31,month,0.0122309267658167,2026-02-02
2266,Custody and supervising fees paid to the Supervisory Bank/Average NAV (%),2025-12-31,month,0.000855440617315288,2026-02-02
2267,Auditing fee paid to auditing organizations (if any)/Average NAV (%),2025-12-31,month,0.000102476773122475,2026-02-02
2268,"Legal consultancy, price quotation and other appropriate service fees; remunerations paid to the Board of Representatives/Average NAV (%)",2025-12-31,month,0.000169982641975721,2026-02-02
2269,Expense/Average NAV (%),2025-12-31,month,0.0137809334683764,2026-02-02
2270,Portfolio turnover rate (%),2025-12-31,month,1.5762804625235,2026-02-02
2272,OTHER INDICATORS,2025-12-31,month,,2026-02-02
2273,Fund scale at the beginning of the period (based on par value of fund certificate),2025-12-31,month,1527819881800,2026-02-02
2274,Total value of outstanding Fund Certificate at the beginning of period,2025-12-31,month,1527819881800,2026-02-02
2275,Total number of outstanding Fund Certificate at the beginning of period,2025-12-31,month,152781988.18,2026-02-02
2276,Change of Fund scale during the period (based on par value of fund certificate),2025-12-31,month,-396325472400,2026-02-02
2277,Number of Fund Certificates subscribed during the period,2025-12-31,month,58178177.04,2026-02-02
2278,Net subscription amount during the period (based on par value),2025-12-31,month,581781770400,2026-02-02
2279,Fund scale at the end of the period (based on par value),2025-12-31,month,1131494409400,2026-02-02
2280,Total value of outstanding Fund Certificate at the end of the period (based on par value),2025-12-31,month,1131494409400,2026-02-02
2281,Total number of outstanding Fund Certificate at the end of the period,2025-12-31,month,113149440.94,2026-02-02
2282,Fund Management Company and related parties' ownership ratio at the end of the period,2025-12-31,month,0.000101540404482356,2026-02-02
2283,Top 10 investors' ownership ratio at the end of the period,2025-12-31,month,0.2837,2026-02-02
2284,Foreign investors' ownership ratio at the end of the period,2025-12-31,month,0.1307,2026-02-02
2285,Net asset value per Fund Certificate at the end of period,2025-12-31,month,11863.44,2026-02-02
2286,Fee paid to Real Estate management organisation/ Average NAV (%) (not applicable),2025-12-31,month,,2026-02-02
2287,"Income (including interest income, dividend, coupon income and unrealised gain)/ Average NAV (%) (not applicable)",2025-12-31,month,,2026-02-02
2288,Market price per fund certificates at the end of period (not applicable),2025-12-31,month,,2026-02-02
22661,"Fund admin fee, and other fees paid to relating services providers by the fund management company/Average NAV (%)",2025-12-31,month,0.000546922291224132,2026-02-02
22761,Change of Number of Fund Certificates during the period,2025-12-31,month,-39632547.24,2026-02-02
22762,Change in capital amount during the period (based on par value),2025-12-31,month,-396325472400,2026-02-02
22781,Number of Fund Certificates redeemed during the period,2025-12-31,month,-97810724.28,2026-02-02
22782,Net redemption amount during the period (based on par value),2025-12-31,month,-978107242800,2026-02-02
22841,Number of investors of the Fund at the end of the period,2025-12-31,month,21962,2026-02-02
2264,INVESTMENT PERFORMANCE INDICATORS,2026-01-31,month,,2026-03-02
2265,Management fee paid to the fund management company/Average NAV (%),2026-01-31,month,0.0120008947715289,2026-03-02
2266,Custody and supervising fees paid to the Supervisory Bank/Average NAV (%),2026-01-31,month,0.000839742732067421,2026-03-02
2267,Auditing fee paid to auditing organizations (if any)/Average NAV (%),2026-01-31,month,0.000120590228308992,2026-03-02
2268,"Legal consultancy, price quotation and other appropriate service fees; remunerations paid to the Board of Representatives/Average NAV (%)",2026-01-31,month,-1.93500475495553e-05,2026-03-02
2269,Expense/Average NAV (%),2026-01-31,month,0.0136275846359224,2026-03-02
2270,Portfolio turnover rate (%),2026-01-31,month,1.29477041561445,2026-03-02
2272,OTHER INDICATORS,2026-01-31,month,,2026-03-02
2273,Fund scale at the beginning of the period (based on par value of fund certificate),2026-01-31,month,1131494409400,2026-03-02
2274,Total value of outstanding Fund Certificate at the beginning of period,2026-01-31,month,1131494409400,2026-03-02
2275,Total number of outstanding Fund Certificate at the beginning of period,2026-01-31,month,113149440.94,2026-03-02
2276,Change of Fund scale during the period (based on par value of fund certificate),2026-01-31,month,-151631164100,2026-03-02
2277,Number of Fund Certificates subscribed during the period,2026-01-31,month,39371822.56,2026-03-02
2278,Net subscription amount during the period (based on par value),2026-01-31,month,393718225600,2026-03-02
2279,Fund scale at the end of the period (based on par value),2026-01-31,month,979863245300,2026-03-02
2280,Total value of outstanding Fund Certificate at the end of the period (based on par value),2026-01-31,month,979863245300,2026-03-02
2281,Total number of outstanding Fund Certificate at the end of the period,2026-01-31,month,97986324.53,2026-03-02
2282,Fund Management Company and related parties' ownership ratio at the end of the period,2026-01-31,month,0.000117253505069296,2026-03-02
2283,Top 10 investors' ownership ratio at the end of the period,2026-01-31,month,0.244,2026-03-02
2284,Foreign investors' ownership ratio at the end of the period,2026-01-31,month,0.1578,2026-03-02
2285,Net asset value per Fund Certificate at the end of period,2026-01-31,month,11939.09,2026-03-02
2286,Fee paid to Real Estate management organisation/ Average NAV (%) (not applicable),2026-01-31,month,,2026-03-02
2287,"Income (including interest income, dividend, coupon income and unrealised gain)/ Average NAV (%) (not applicable)",2026-01-31,month,,2026-03-02
2288,Market price per fund certificates at the end of period (not applicable),2026-01-31,month,,2026-03-02
22661,"Fund admin fee, and other fees paid to relating services providers by the fund management company/Average NAV (%)",2026-01-31,month,0.00056935841332352,2026-03-02
22761,Change of Number of Fund Certificates during the period,2026-01-31,month,-15163116.41,2026-03-02
22762,Change in capital amount during the period (based on par value),2026-01-31,month,-151631164100,2026-03-02
22781,Number of Fund Certificates redeemed during the period,2026-01-31,month,-54534938.97,2026-03-02
22782,Net redemption amount during the period (based on par value),2026-01-31,month,-545349389700,2026-03-02
22841,Number of investors of the Fund at the end of the period,2026-01-31,month,21884,2026-03-02
2264,INVESTMENT PERFORMANCE INDICATORS,2026-02-28,month,,2026-04-01
2265,Management fee paid to the fund management company/Average NAV (%),2026-02-28,month,0.0120019488001786,2026-04-01
2266,Custody and supervising fees paid to the Supervisory Bank/Average NAV (%),2026-02-28,month,0.000852407723467401,2026-04-01
2267,Auditing fee paid to auditing organizations (if any)/Average NAV (%),2026-02-28,month,0.00013493616262711,2026-04-01
2268,"Legal consultancy, price quotation and other appropriate service fees; remunerations paid to the Board of Representatives/Average NAV (%)",2026-02-28,month,0.000199050645351035,2026-04-01
2269,Expense/Average NAV (%),2026-02-28,month,0.0139166428645231,2026-04-01
2270,Portfolio turnover rate (%),2026-02-28,month,1.75522856748118,2026-04-01
2272,OTHER INDICATORS,2026-02-28,month,,2026-04-01
2273,Fund scale at the beginning of the period (based on par value of fund certificate),2026-02-28,month,979863245300,2026-04-01
2274,Total value of outstanding Fund Certificate at the beginning of period,2026-02-28,month,979863245300,2026-04-01
2275,Total number of outstanding Fund Certificate at the beginning of period,2026-02-28,month,97986324.53,2026-04-01
2276,Change of Fund scale during the period (based on par value of fund certificate),2026-02-28,month,-6554908900.00001,2026-04-01
2277,Number of Fund Certificates subscribed during the period,2026-02-28,month,28381205.23,2026-04-01
2278,Net subscription amount during the period (based on par value),2026-02-28,month,283812052300,2026-04-01
2279,Fund scale at the end of the period (based on par value),2026-02-28,month,973308336400,2026-04-01
2280,Total value of outstanding Fund Certificate at the end of the period (based on par value),2026-02-28,month,973308336400,2026-04-01
2281,Total number of outstanding Fund Certificate at the end of the period,2026-02-28,month,97330833.64,2026-04-01
2282,Fund Management Company and related parties' ownership ratio at the end of the period,2026-02-28,month,0.000118043168545083,2026-04-01
2283,Top 10 investors' ownership ratio at the end of the period,2026-02-28,month,0.2293,2026-04-01
2284,Foreign investors' ownership ratio at the end of the period,2026-02-28,month,0.1664,2026-04-01
2285,Net asset value per Fund Certificate at the end of period,2026-02-28,month,11995.53,2026-04-01
2286,Fee paid to Real Estate management organisation/ Average NAV (%) (not applicable),2026-02-28,month,,2026-04-01
2287,"Income (including interest income, dividend, coupon income and unrealised gain)/ Average NAV (%) (not applicable)",2026-02-28,month,,2026-04-01
2288,Market price per fund certificates at the end of period (not applicable),2026-02-28,month,,2026-04-01
22661,"Fund admin fee, and other fees paid to relating services providers by the fund management company/Average NAV (%)",2026-02-28,month,0.000605290710585306,2026-04-01
22761,Change of Number of Fund Certificates during the period,2026-02-28,month,-655490.890000001,2026-04-01
22762,Change in capital amount during the period (based on par value),2026-02-28,month,-6554908900.00001,2026-04-01
22781,Number of Fund Certificates redeemed during the period,2026-02-28,month,-29036696.12,2026-04-01
22782,Net redemption amount during the period (based on par value),2026-02-28,month,-290366961200,2026-04-01
22841,Number of investors of the Fund at the end of the period,2026-02-28,month,22017,2026-04-01
2264,INVESTMENT PERFORMANCE INDICATORS,2026-03-31,month,,2026-05-04
2265,Management fee paid to the fund management company/Average NAV (%),2026-03-31,month,0.01200077252858,2026-05-04
2266,Custody and supervising fees paid to the Supervisory Bank/Average NAV (%),2026-03-31,month,0.000844886688421364,2026-05-04
2267,Auditing fee paid to auditing organizations (if any)/Average NAV (%),2026-03-31,month,0.00014763159973667,2026-05-04
2268,"Legal consultancy, price quotation and other appropriate service fees; remunerations paid to the Board of Representatives/Average NAV (%)",2026-03-31,month,0.000204932033810826,2026-05-04
2269,Expense/Average NAV (%),2026-03-31,month,0.0139345253338568,2026-05-04
2270,Portfolio turnover rate (%),2026-03-31,month,2.19458886893556,2026-05-04
2272,OTHER INDICATORS,2026-03-31,month,,2026-05-04
2273,Fund scale at the beginning of the period (based on par value of fund certificate),2026-03-31,month,973308336400,2026-05-04
2274,Total value of outstanding Fund Certificate at the beginning of period,2026-03-31,month,973308336400,2026-05-04
2275,Total number of outstanding Fund Certificate at the beginning of period,2026-03-31,month,97330833.64,2026-05-04
2276,Change of Fund scale during the period (based on par value of fund certificate),2026-03-31,month,-112900943200,2026-05-04
2277,Number of Fund Certificates subscribed during the period,2026-03-31,month,49243158.21,2026-05-04
2278,Net subscription amount during the period (based on par value),2026-03-31,month,492431582100,2026-05-04
2279,Fund scale at the end of the period (based on par value),2026-03-31,month,860407393200,2026-05-04
2280,Total value of outstanding Fund Certificate at the end of the period (based on par value),2026-03-31,month,860407393200,2026-05-04
2281,Total number of outstanding Fund Certificate at the end of the period,2026-03-31,month,86040739.32,2026-05-04
2282,Fund Management Company and related parties' ownership ratio at the end of the period,2026-03-31,month,0.00013353255784181,2026-05-04
2283,Top 10 investors' ownership ratio at the end of the period,2026-03-31,month,0.2398,2026-05-04
2284,Foreign investors' ownership ratio at the end of the period,2026-03-31,month,0.1869,2026-05-04
2285,Net asset value per Fund Certificate at the end of period,2026-03-31,month,12027.68,2026-05-04
2286,Fee paid to Real Estate management organisation/ Average NAV (%) (not applicable),2026-03-31,month,,2026-05-04
2287,"Income (including interest income, dividend, coupon income and unrealised gain)/ Average NAV (%) (not applicable)",2026-03-31,month,,2026-05-04
2288,Market price per fund certificates at the end of period (not applicable),2026-03-31,month,,2026-05-04
22661,"Fund admin fee, and other fees paid to relating services providers by the fund management company/Average NAV (%)",2026-03-31,month,0.000598044865412196,2026-05-04
22761,Change of Number of Fund Certificates during the period,2026-03-31,month,-11290094.32,2026-05-04
22762,Change in capital amount during the period (based on par value),2026-03-31,month,-112900943200,2026-05-04
22781,Number of Fund Certificates redeemed during the period,2026-03-31,month,-60533252.53,2026-05-04
22782,Net redemption amount during the period (based on par value),2026-03-31,month,-605332525300,2026-05-04
22841,Number of investors of the Fund at the end of the period,2026-03-31,month,21955,2026-05-04
2264,INVESTMENT PERFORMANCE INDICATORS,2026-04-30,month,,2026-06-02
2265,Management fee paid to the fund management company/Average NAV (%),2026-04-30,month,0.0120008941120288,2026-06-02
2266,Custody and supervising fees paid to the Supervisory Bank/Average NAV (%),2026-04-30,month,0.000840355887837686,2026-06-02
2267,Auditing fee paid to auditing organizations (if any)/Average NAV (%),2026-04-30,month,0.000173729718058815,2026-06-02
2268,"Legal consultancy, price quotation and other appropriate service fees; remunerations paid to the Board of Representatives/Average NAV (%)",2026-04-30,month,8.73488578121016e-05,2026-06-02
2269,Expense/Average NAV (%),2026-04-30,month,0.01388086005973,2026-06-02
2270,Portfolio turnover rate (%),2026-04-30,month,2.01643465622595,2026-06-02
2272,OTHER INDICATORS,2026-04-30,month,,2026-06-02
2273,Fund scale at the beginning of the period (based on par value of fund certificate),2026-04-30,month,860407393200,2026-06-02
2274,Total value of outstanding Fund Certificate at the beginning of period,2026-04-30,month,860407393200,2026-06-02
2275,Total number of outstanding Fund Certificate at the beginning of period,2026-04-30,month,86040739.32,2026-06-02
2276,Change of Fund scale during the period (based on par value of fund certificate),2026-04-30,month,-188077464800,2026-06-02
2277,Number of Fund Certificates subscribed during the period,2026-04-30,month,18437073.96,2026-06-02
2278,Net subscription amount during the period (based on par value),2026-04-30,month,184370739600,2026-06-02
2279,Fund scale at the end of the period (based on par value),2026-04-30,month,672329928400,2026-06-02
2280,Total value of outstanding Fund Certificate at the end of the period (based on par value),2026-04-30,month,672329928400,2026-06-02
2281,Total number of outstanding Fund Certificate at the end of the period,2026-04-30,month,67232992.84,2026-06-02
2282,Fund Management Company and related parties' ownership ratio at the end of the period,2026-04-30,month,0.000170886933850199,2026-06-02
2283,Top 10 investors' ownership ratio at the end of the period,2026-04-30,month,0.2343,2026-06-02
2284,Foreign investors' ownership ratio at the end of the period,2026-04-30,month,0.2489,2026-06-02
2285,Net asset value per Fund Certificate at the end of period,2026-04-30,month,12090.67,2026-06-02
2286,Fee paid to Real Estate management organisation/ Average NAV (%) (not applicable),2026-04-30,month,0,2026-06-02
2287,Fee paid to Real Estate valuation service provider/ Average NAV (%) (not applicable),2026-04-30,month,0,2026-06-02
2287,"Income (including interest income, dividend, coupon income and unrealised gain)/ Average NAV (%) (not applicable)",2026-04-30,month,0,2026-06-02
2288,Market price per fund certificates at the end of period (not applicable),2026-04-30,month,0,2026-06-02
22661,"Fund admin fee, and other fees paid to relating services providers by the fund management company/Average NAV (%)",2026-04-30,month,0.000639289413986607,2026-06-02
22761,Change of Number of Fund Certificates during the period,2026-04-30,month,-18807746.48,2026-06-02
22762,Change in capital amount during the period (based on par value),2026-04-30,month,-188077464800,2026-06-02
22781,Number of Fund Certificates redeemed during the period,2026-04-30,month,-37244820.44,2026-06-02
22782,Net redemption amount during the period (based on par value),2026-04-30,month,-372448204400,2026-06-02
22841,Number of investors of the Fund at the end of the period,2026-04-30,month,21985,2026-06-02
2264,INVESTMENT PERFORMANCE INDICATORS,2026-05-31,month,,2026-07-02
2265,Management fee paid to the fund management company/Average NAV (%),2026-05-31,month,0.0119819285458779,2026-07-02
2266,Custody and supervising fees paid to the Supervisory Bank/Average NAV (%),2026-05-31,month,0.00086884662404304,2026-07-02
2267,Auditing fee paid to auditing organizations (if any)/Average NAV (%),2026-05-31,month,0.000191438897662856,2026-07-02
2268,"Legal consultancy, price quotation and other appropriate service fees; remunerations paid to the Board of Representatives/Average NAV (%)",2026-05-31,month,0.000271038354951497,2026-07-02
2269,Expense/Average NAV (%),2026-05-31,month,0.01415627726289,2026-07-02
2270,Portfolio turnover rate (%),2026-05-31,month,1.80548362430949,2026-07-02
2272,OTHER INDICATORS,2026-05-31,month,,2026-07-02
2273,Fund scale at the beginning of the period (based on par value of fund certificate),2026-05-31,month,672329928400,2026-07-02
2274,Total value of outstanding Fund Certificate at the beginning of period,2026-05-31,month,672329928400,2026-07-02
2275,Total number of outstanding Fund Certificate at the beginning of period,2026-05-31,month,67232992.84,2026-07-02
2276,Change of Fund scale during the period (based on par value of fund certificate),2026-05-31,month,-34537346000,2026-07-02
2277,Number of Fund Certificates subscribed during the period,2026-05-31,month,27783069.93,2026-07-02
2278,Net subscription amount during the period (based on par value),2026-05-31,month,277830699300,2026-07-02
2279,Fund scale at the end of the period (based on par value),2026-05-31,month,637792582400,2026-07-02
2280,Total value of outstanding Fund Certificate at the end of the period (based on par value),2026-05-31,month,637792582400,2026-07-02
2281,Total number of outstanding Fund Certificate at the end of the period,2026-05-31,month,63779258.24,2026-07-02
2282,Fund Management Company and related parties' ownership ratio at the end of the period,2026-05-31,month,0.0001801407,2026-07-02
2283,Top 10 investors' ownership ratio at the end of the period,2026-05-31,month,0.2249,2026-07-02
2284,Foreign investors' ownership ratio at the end of the period,2026-05-31,month,0.2805,2026-07-02
2285,Net asset value per Fund Certificate at the end of period,2026-05-31,month,12154.18,2026-07-02
2286,Fee paid to Real Estate management organisation/ Average NAV (%) (not applicable),2026-05-31,month,0,2026-07-02
2287,Fee paid to Real Estate valuation service provider/ Average NAV (%) (not applicable),2026-05-31,month,0,2026-07-02
2287,"Income (including interest income, dividend, coupon income and unrealised gain)/ Average NAV (%) (not applicable)",2026-05-31,month,0,2026-07-02
2288,Market price per fund certificates at the end of period (not applicable),2026-05-31,month,0,2026-07-02
22661,"Fund admin fee, and other fees paid to relating services providers by the fund management company/Average NAV (%)",2026-05-31,month,0.000658496781262045,2026-07-02
22761,Change of Number of Fund Certificates during the period,2026-05-31,month,-3453734.6,2026-07-02
22762,Change in capital amount during the period (based on par value),2026-05-31,month,-34537346000,2026-07-02
22781,Number of Fund Certificates redeemed during the period,2026-05-31,month,-31236804.53,2026-07-02
22782,Net redemption amount during the period (based on par value),2026-05-31,month,-312368045300,2026-07-02
22841,Number of investors of the Fund at the end of the period,2026-05-31,month,22017,2026-07-02
2264,INVESTMENT PERFORMANCE INDICATORS,2026-06-30,month,,2026-08-03
2265,Management fee paid to the fund management company/Average NAV (%),2026-06-30,month,0.0120007879202619,2026-08-03
2266,Custody and supervising fees paid to the Supervisory Bank/Average NAV (%),2026-06-30,month,0.000837366865452575,2026-08-03
2267,Auditing fee paid to auditing organizations (if any)/Average NAV (%),2026-06-30,month,0.000212247407370206,2026-08-03
2268,"Legal consultancy, price quotation and other appropriate service fees; remunerations paid to the Board of Representatives/Average NAV (%)",2026-06-30,month,-3.4708898727994e-05,2026-08-03
2269,Expense/Average NAV (%),2026-06-30,month,0.0139149989005221,2026-08-03
2270,Portfolio turnover rate (%),2026-06-30,month,1.97722903871087,2026-08-03
2272,OTHER INDICATORS,2026-06-30,month,,2026-08-03
2273,Fund scale at the beginning of the period (based on par value of fund certificate),2026-06-30,month,637792582400,2026-08-03
2274,Total value of outstanding Fund Certificate at the beginning of period,2026-06-30,month,637792582400,2026-08-03
2275,Total number of outstanding Fund Certificate at the beginning of period,2026-06-30,month,63779258.24,2026-08-03
2276,Change of Fund scale during the period (based on par value of fund certificate),2026-06-30,month,-29063442200,2026-08-03
2277,Number of Fund Certificates subscribed during the period,2026-06-30,month,18114981.41,2026-08-03
2278,Net subscription amount during the period (based on par value),2026-06-30,month,181149814100,2026-08-03
2279,Fund scale at the end of the period (based on par value),2026-06-30,month,608729140200,2026-08-03
2280,Total value of outstanding Fund Certificate at the end of the period (based on par value),2026-06-30,month,608729140200,2026-08-03
2281,Total number of outstanding Fund Certificate at the end of the period,2026-06-30,month,60872914.02,2026-08-03
2282,Fund Management Company and related parties' ownership ratio at the end of the period,2026-06-30,month,0.0001887415,2026-08-03
2283,Top 10 investors' ownership ratio at the end of the period,2026-06-30,month,0.2039,2026-08-03
2284,Foreign investors' ownership ratio at the end of the period,2026-06-30,month,0.3464,2026-08-03
2285,Net asset value per Fund Certificate at the end of period,2026-06-30,month,12216.62,2026-08-03
2286,Fee paid to Real Estate management organisation/ Average NAV (%) (not applicable),2026-06-30,month,0,2026-08-03
2287,Fee paid to Real Estate valuation service provider/ Average NAV (%) (not applicable),2026-06-30,month,0,2026-08-03
2287,"Income (including interest income, dividend, coupon income and unrealised gain)/ Average NAV (%) (not applicable)",2026-06-30,month,0,2026-08-03
2288,Market price per fund certificates at the end of period (not applicable),2026-06-30,month,0,2026-08-03
22661,"Fund admin fee, and other fees paid to relating services providers by the fund management company/Average NAV (%)",2026-06-30,month,0.000727392241667828,2026-08-03
22761,Change of Number of Fund Certificates during the period,2026-06-30,month,-2906344.22,2026-08-03
22762,Change in capital amount during the period (based on par value),2026-06-30,month,-29063442200,2026-08-03
22781,Number of Fund Certificates redeemed during the period,2026-06-30,month,-21021325.63,2026-08-03
22782,Net redemption amount during the period (based on par value),2026-06-30,month,-210213256300,2026-08-03
22841,Number of investors of the Fund at the end of the period,2026-06-30,month,22043,2026-08-03
2264,INVESTMENT PERFORMANCE INDICATORS,2026-07-31,month,,2026-08-03
2265,Management fee paid to the fund management company/Average NAV (%),2026-07-31,month,0.0120007828492314,2026-08-03
2266,Custody and supervising fees paid to the Supervisory Bank/Average NAV (%),2026-07-31,month,0.000886508746045244,2026-08-03
2267,Auditing fee paid to auditing organizations (if any)/Average NAV (%),2026-07-31,month,0.000269198672621113,2026-08-03
2268,"Legal consultancy, price quotation and other appropriate service fees; remunerations paid to the Board of Representatives/Average NAV (%)",2026-07-31,month,0.000148161158200577,2026-08-03
2269,Expense/Average NAV (%),2026-07-31,month,0.0143295299935043,2026-08-03
2270,Portfolio turnover rate (%),2026-07-31,month,2.20941584975383,2026-08-03
2272,OTHER INDICATORS,2026-07-31,month,,2026-08-03
2273,Fund scale at the beginning of the period (based on par value of fund certificate),2026-07-31,month,608729140200,2026-08-03
2274,Total value of outstanding Fund Certificate at the beginning of period,2026-07-31,month,608729140200,2026-08-03
2275,Total number of outstanding Fund Certificate at the beginning of period,2026-07-31,month,60872914.02,2026-08-03
2276,Change of Fund scale during the period (based on par value of fund certificate),2026-07-31,month,-142391117200,2026-08-03
2277,Number of Fund Certificates subscribed during the period,2026-07-31,month,18700482.36,2026-08-03
2278,Net subscription amount during the period (based on par value),2026-07-31,month,187004823600,2026-08-03
2279,Fund scale at the end of the period (based on par value),2026-07-31,month,466338023000,2026-08-03
2280,Total value of outstanding Fund Certificate at the end of the period (based on par value),2026-07-31,month,466338023000,2026-08-03
2281,Total number of outstanding Fund Certificate at the end of the period,2026-07-31,month,46633802.3,2026-08-03
2282,Fund Management Company and related parties' ownership ratio at the end of the period,2026-07-31,month,0.0001887415,2026-08-03
2283,Top 10 investors' ownership ratio at the end of the period,2026-07-31,month,0.1971,2026-08-03
2284,Foreign investors' ownership ratio at the end of the period,2026-07-31,month,0.3534,2026-08-03
2285,Net asset value per Fund Certificate at the end of period,2026-07-31,month,12274.41,2026-08-03
2286,Fee paid to Real Estate management organisation/ Average NAV (%) (not applicable),2026-07-31,month,0,2026-08-03
2287,Fee paid to Real Estate valuation service provider/ Average NAV (%) (not applicable),2026-07-31,month,0,2026-08-03
2287,"Income (including interest income, dividend, coupon income and unrealised gain)/ Average NAV (%) (not applicable)",2026-07-31,month,0,2026-08-03
2288,Market price per fund certificates at the end of period (not applicable),2026-07-31,month,0,2026-08-03
22661,"Fund admin fee, and other fees paid to relating services providers by the fund management company/Average NAV (%)",2026-07-31,month,0.000852600093298364,2026-08-03
22761,Change of Number of Fund Certificates during the period,2026-07-31,month,-14239111.72,2026-08-03
22762,Change in capital amount during the period (based on par value),2026-07-31,month,-142391117200,2026-08-03
22781,Number of Fund Certificates redeemed during the period,2026-07-31,month,-32939594.08,2026-08-03
22782,Net redemption amount during the period (based on par value),2026-07-31,month,-329395940800,2026-08-03
22841,Number of investors of the Fund at the end of the period,2026-07-31,month,22039,2026-08-03
