code,line_item,period_end,measure,value,asOf
,Change of Net Asset Value of the Fund during the period,2021-05-31,month,205115804415,2021-07-01
,Other Expenses,2021-05-31,month,0,2021-07-01
,Other Expenses,2021-05-31,month,10000000,2021-07-01
,Other incomes,2021-05-31,month,0,2021-07-01
2220,Income from Investment Activities,2021-05-31,month,350224241,2021-07-01
2221,"Dividend income, interest income from bonds",2021-05-31,month,103287671,2021-07-01
2221.1,Dividends income,2021-05-31,month,0,2021-07-01
2221.2,Interest income from bonds,2021-05-31,month,103287671,2021-07-01
2222,Interest income,2021-05-31,month,246936570,2021-07-01
2222.1,Interest income from bank deposits,2021-05-31,month,155977666,2021-07-01
2222.2,Interest income from Certificates of Deposit,2021-05-31,month,90958904,2021-07-01
2222.3,Interest income from reverse repo contracts,2021-05-31,month,0,2021-07-01
2223.1,Other investment incomes,2021-05-31,month,0,2021-07-01
2223.3,"Provision expense for bad debts from dividends, interest income and written off bad debts from dividends, interest income",2021-05-31,month,0,2021-07-01
2224,Expenses,2021-05-31,month,214486453,2021-07-01
2225,Management Fee paid to Fund Management Company,2021-05-31,month,94075567,2021-07-01
2226,"Custody fee, Supervising fee paid to Supervising Bank/VSD",2021-05-31,month,29950176,2021-07-01
2226.1,Custodian service - Safe Custody Fee,2021-05-31,month,11500000,2021-07-01
2226.2,Custodian service - Transaction fee,2021-05-31,month,300000,2021-07-01
2226.3,"Custodian service -  Depository fee, Position and Margin management fee paid to VSD",2021-05-31,month,176,2021-07-01
2226.4,Supervisory fee,2021-05-31,month,18150000,2021-07-01
2227,"Fund Administration Fee, and other fees paid to relevant Fund's service providers",2021-05-31,month,48262500,2021-07-01
2227.1,Fund Administration Fee,2021-05-31,month,37262500,2021-07-01
2227.2,Transfer Agency Fee,2021-05-31,month,11000000,2021-07-01
2228,Audit fee,2021-05-31,month,7941096,2021-07-01
2229,"Legal consultancy expenses, price feed fee, other valid expenses, remuneration paid to Fund's Board of Representatives",2021-05-31,month,9765919,2021-07-01
2229.1,Remuneration of Fund's Board of Representatives,2021-05-31,month,9765919,2021-07-01
2229.2,Price feed fee,2021-05-31,month,0,2021-07-01
2229.3,Legal consultancy expenses,2021-05-31,month,0,2021-07-01
2230,"Fee for drafting, printing, distribution of prospectus, summarised prospectus, financial statements, transaction confirmations, account statements and other documents to investors; information disclosure fee; fee for organising annual general meeting, board of representatives meeting",2021-05-31,month,0,2021-07-01
2230.1,Meeting expenses,2021-05-31,month,0,2021-07-01
2230.2,Annual report expenses,2021-05-31,month,0,2021-07-01
2230.3,"Fund's Board of Representatives meeting, travelling expenses",2021-05-31,month,0,2021-07-01
2230.4,Expenses of information disclosure of the Fund,2021-05-31,month,0,2021-07-01
2230.5,"Designing, printing, posting... expenses",2021-05-31,month,0,2021-07-01
2231,Expenses related to execution of Fund’s asset transactions,2021-05-31,month,16351630,2021-07-01
2231.1,Brokerage fee,2021-05-31,month,6351630,2021-07-01
2231.2,Clearing settlement fee,2021-05-31,month,0,2021-07-01
2232,Other expenses,2021-05-31,month,8139565,2021-07-01
2232.1,Set up Expenses,2021-05-31,month,0,2021-07-01
2232.2,"Listing, registration fees",2021-05-31,month,0,2021-07-01
2232.3,Annual management fee paid to SSC,2021-05-31,month,849315,2021-07-01
2232.4,Bank charges,2021-05-31,month,7290250,2021-07-01
2232.5,Borrowing expense,2021-05-31,month,0,2021-07-01
2232.7,Fee paid to VSD for getting the list of investors,2021-05-31,month,0,2021-07-01
2233,Net Income from Investment Activities (= I - II),2021-05-31,month,135737788,2021-07-01
2234,Gain / (Loss) from Investment Activities,2021-05-31,month,5048865,2021-07-01
2235,Realised Gain / (Loss) from disposal of investment or real estate transfer,2021-05-31,month,0,2021-07-01
2236,Unrealised Gain / (Loss) due to market price,2021-05-31,month,5048865,2021-07-01
2237,Change of Net Asset Value of the Fund due to investment activities during the period (= III + IV),2021-05-31,month,140786653,2021-07-01
2238,Net Asset Value at the beginning of period,2021-05-31,month,6250033031,2021-07-01
2239.1,Change of Net Asset Value due to investment activities during the period,2021-05-31,month,140786653,2021-07-01
2239.2,Change of Net Asset Value due to  dividends payment to investors during the period,2021-05-31,month,0,2021-07-01
2239.3,Change of Net Asset Value due to subscription/redemption during the period,2021-05-31,month,204975017762,2021-07-01
2239.3.1,Change of Net Asset Value due to subscription during the period,2021-05-31,month,208860200000,2021-07-01
2239.3.2,Change of Net Asset Value due to redemption during the period,2021-05-31,month,-3885182238,2021-07-01
2243,Net Asset Value at the end of period,2021-05-31,month,211365837446,2021-07-01
2244,Average annual profit (only applicable to annual report),2021-05-31,month,0,2021-07-01
2245,Average annual rate of return (only applicable to annual report),2021-05-31,month,0,2021-07-01
,Change of Net Asset Value of the Fund during the period,2021-06-30,month,781907642,2021-08-02
,Change of Net Asset Value of the Fund during the period,2021-06-30,ytd,200336904035,2021-07-01
,Other Expenses,2021-06-30,month,0,2021-08-02
,Other Expenses,2021-06-30,month,10000000,2021-08-02
,Other Expenses,2021-06-30,ytd,0,2021-07-01
,Other Expenses,2021-06-30,ytd,20000000,2021-07-01
,Other incomes,2021-06-30,month,0,2021-08-02
,Other incomes,2021-06-30,ytd,0,2021-07-01
2220,Income from Investment Activities,2021-06-30,month,1177414337,2021-08-02
2220,Income from Investment Activities,2021-06-30,ytd,1577553980,2021-07-01
2221,"Dividend income, interest income from bonds",2021-06-30,month,524498561,2021-08-02
2221,"Dividend income, interest income from bonds",2021-06-30,ytd,627866232,2021-07-01
2221.1,Dividends income,2021-06-30,month,115000,2021-08-02
2221.1,Dividends income,2021-06-30,ytd,195000,2021-07-01
2221.2,Interest income from bonds,2021-06-30,month,524383561,2021-08-02
2221.2,Interest income from bonds,2021-06-30,ytd,627671232,2021-07-01
2222,Interest income,2021-06-30,month,652915776,2021-08-02
2222,Interest income,2021-06-30,ytd,949687748,2021-07-01
2222.1,Interest income from bank deposits,2021-06-30,month,304723995,2021-08-02
2222.1,Interest income from bank deposits,2021-06-30,ytd,510537063,2021-07-01
2222.2,Interest income from Certificates of Deposit,2021-06-30,month,348191781,2021-08-02
2222.2,Interest income from Certificates of Deposit,2021-06-30,ytd,439150685,2021-07-01
2222.3,Interest income from reverse repo contracts,2021-06-30,month,0,2021-08-02
2222.3,Interest income from reverse repo contracts,2021-06-30,ytd,0,2021-07-01
2223.1,Other investment incomes,2021-06-30,month,0,2021-08-02
2223.1,Other investment incomes,2021-06-30,ytd,0,2021-07-01
2223.3,"Provision expense for bad debts from dividends, interest income and written off bad debts from dividends, interest income",2021-06-30,month,0,2021-08-02
2223.3,"Provision expense for bad debts from dividends, interest income and written off bad debts from dividends, interest income",2021-06-30,ytd,0,2021-07-01
2224,Expenses,2021-06-30,month,322184621,2021-08-02
2224,Expenses,2021-06-30,ytd,946301744,2021-07-01
2225,Management Fee paid to Fund Management Company,2021-06-30,month,208603506,2021-08-02
2225,Management Fee paid to Fund Management Company,2021-06-30,ytd,340622514,2021-07-01
2226,"Custody fee, Supervising fee paid to Supervising Bank/VSD",2021-06-30,month,30700170,2021-08-02
2226,"Custody fee, Supervising fee paid to Supervising Bank/VSD",2021-06-30,ytd,179251026,2021-07-01
2226.1,Custodian service - Safe Custody Fee,2021-06-30,month,11500000,2021-08-02
2226.1,Custodian service - Safe Custody Fee,2021-06-30,ytd,69000000,2021-07-01
2226.2,Custodian service - Transaction fee,2021-06-30,month,1050000,2021-08-02
2226.2,Custodian service - Transaction fee,2021-06-30,ytd,1350000,2021-07-01
2226.3,"Custodian service -  Depository fee, Position and Margin management fee paid to VSD",2021-06-30,month,170,2021-08-02
2226.3,"Custodian service -  Depository fee, Position and Margin management fee paid to VSD",2021-06-30,ytd,1026,2021-07-01
2226.4,Supervisory fee,2021-06-30,month,18150000,2021-08-02
2226.4,Supervisory fee,2021-06-30,ytd,108900000,2021-07-01
2227,"Fund Administration Fee, and other fees paid to relevant Fund's service providers",2021-06-30,month,48262500,2021-08-02
2227,"Fund Administration Fee, and other fees paid to relevant Fund's service providers",2021-06-30,ytd,289575000,2021-07-01
2227.1,Fund Administration Fee,2021-06-30,month,37262500,2021-08-02
2227.1,Fund Administration Fee,2021-06-30,ytd,223575000,2021-07-01
2227.2,Transfer Agency Fee,2021-06-30,month,11000000,2021-08-02
2227.2,Transfer Agency Fee,2021-06-30,ytd,66000000,2021-07-01
2228,Audit fee,2021-06-30,month,11127506,2021-08-02
2228,Audit fee,2021-06-30,ytd,49808328,2021-07-01
2229,"Legal consultancy expenses, price feed fee, other valid expenses, remuneration paid to Fund's Board of Representatives",2021-06-30,month,9741211,2021-08-02
2229,"Legal consultancy expenses, price feed fee, other valid expenses, remuneration paid to Fund's Board of Representatives",2021-06-30,ytd,39786095,2021-07-01
2229.1,Remuneration of Fund's Board of Representatives,2021-06-30,month,9741211,2021-08-02
2229.1,Remuneration of Fund's Board of Representatives,2021-06-30,ytd,39786095,2021-07-01
2229.2,Price feed fee,2021-06-30,month,0,2021-08-02
2229.2,Price feed fee,2021-06-30,ytd,0,2021-07-01
2229.3,Legal consultancy expenses,2021-06-30,month,0,2021-08-02
2229.3,Legal consultancy expenses,2021-06-30,ytd,0,2021-07-01
2230,"Fee for drafting, printing, distribution of prospectus, summarised prospectus, financial statements, transaction confirmations, account statements and other documents to investors; information disclosure fee; fee for organising annual general meeting, board of representatives meeting",2021-06-30,month,0,2021-08-02
2230,"Fee for drafting, printing, distribution of prospectus, summarised prospectus, financial statements, transaction confirmations, account statements and other documents to investors; information disclosure fee; fee for organising annual general meeting, board of representatives meeting",2021-06-30,ytd,201586,2021-07-01
2230.1,Meeting expenses,2021-06-30,month,0,2021-08-02
2230.1,Meeting expenses,2021-06-30,ytd,201586,2021-07-01
2230.2,Annual report expenses,2021-06-30,month,0,2021-08-02
2230.2,Annual report expenses,2021-06-30,ytd,0,2021-07-01
2230.3,"Fund's Board of Representatives meeting, travelling expenses",2021-06-30,month,0,2021-08-02
2230.3,"Fund's Board of Representatives meeting, travelling expenses",2021-06-30,ytd,0,2021-07-01
2230.4,Expenses of information disclosure of the Fund,2021-06-30,month,0,2021-08-02
2230.4,Expenses of information disclosure of the Fund,2021-06-30,ytd,0,2021-07-01
2230.5,"Designing, printing, posting... expenses",2021-06-30,month,0,2021-08-02
2230.5,"Designing, printing, posting... expenses",2021-06-30,ytd,0,2021-07-01
2231,Expenses related to execution of Fund’s asset transactions,2021-06-30,month,10073860,2021-08-02
2231,Expenses related to execution of Fund’s asset transactions,2021-06-30,ytd,26425490,2021-07-01
2231.1,Brokerage fee,2021-06-30,month,73860,2021-08-02
2231.1,Brokerage fee,2021-06-30,ytd,6425490,2021-07-01
2231.2,Clearing settlement fee,2021-06-30,month,0,2021-08-02
2231.2,Clearing settlement fee,2021-06-30,ytd,0,2021-07-01
2232,Other expenses,2021-06-30,month,3675868,2021-08-02
2232,Other expenses,2021-06-30,ytd,20631705,2021-07-01
2232.1,Set up Expenses,2021-06-30,month,0,2021-08-02
2232.1,Set up Expenses,2021-06-30,ytd,0,2021-07-01
2232.2,"Listing, registration fees",2021-06-30,month,0,2021-08-02
2232.2,"Listing, registration fees",2021-06-30,ytd,0,2021-07-01
2232.3,Annual management fee paid to SSC,2021-06-30,month,821918,2021-08-02
2232.3,Annual management fee paid to SSC,2021-06-30,ytd,4958904,2021-07-01
2232.4,Bank charges,2021-06-30,month,2853950,2021-08-02
2232.4,Bank charges,2021-06-30,ytd,14572801,2021-07-01
2232.5,Borrowing expense,2021-06-30,month,0,2021-08-02
2232.5,Borrowing expense,2021-06-30,ytd,0,2021-07-01
2232.7,Fee paid to VSD for getting the list of investors,2021-06-30,month,0,2021-08-02
2232.7,Fee paid to VSD for getting the list of investors,2021-06-30,ytd,1100000,2021-07-01
2233,Net Income from Investment Activities (= I - II),2021-06-30,month,855229716,2021-08-02
2233,Net Income from Investment Activities (= I - II),2021-06-30,ytd,631252236,2021-07-01
2234,Gain / (Loss) from Investment Activities,2021-06-30,month,528620,2021-08-02
2234,Gain / (Loss) from Investment Activities,2021-06-30,ytd,16410085,2021-07-01
2235,Realised Gain / (Loss) from disposal of investment or real estate transfer,2021-06-30,month,27482643,2021-08-02
2235,Realised Gain / (Loss) from disposal of investment or real estate transfer,2021-06-30,ytd,27482643,2021-07-01
2236,Unrealised Gain / (Loss) due to market price,2021-06-30,month,-26954023,2021-08-02
2236,Unrealised Gain / (Loss) due to market price,2021-06-30,ytd,-11072558,2021-07-01
2237,Change of Net Asset Value of the Fund due to investment activities during the period (= III + IV),2021-06-30,month,855758336,2021-08-02
2237,Change of Net Asset Value of the Fund due to investment activities during the period (= III + IV),2021-06-30,ytd,647662321,2021-07-01
2238,Net Asset Value at the beginning of period,2021-06-30,month,211365837446,2021-08-02
2238,Net Asset Value at the beginning of period,2021-06-30,ytd,11810841053,2021-07-01
2239.1,Change of Net Asset Value due to investment activities during the period,2021-06-30,month,855758336,2021-08-02
2239.1,Change of Net Asset Value due to investment activities during the period,2021-06-30,ytd,647662321,2021-07-01
2239.2,Change of Net Asset Value due to  dividends payment to investors during the period,2021-06-30,month,0,2021-08-02
2239.2,Change of Net Asset Value due to  dividends payment to investors during the period,2021-06-30,ytd,0,2021-07-01
2239.3,Change of Net Asset Value due to subscription/redemption during the period,2021-06-30,month,-73850694,2021-08-02
2239.3,Change of Net Asset Value due to subscription/redemption during the period,2021-06-30,ytd,199689241714,2021-07-01
2239.3.1,Change of Net Asset Value due to subscription during the period,2021-06-30,month,408100000,2021-08-02
2239.3.1,Change of Net Asset Value due to subscription during the period,2021-06-30,ytd,209286278000,2021-07-01
2239.3.2,Change of Net Asset Value due to redemption during the period,2021-06-30,month,-481950694,2021-08-02
2239.3.2,Change of Net Asset Value due to redemption during the period,2021-06-30,ytd,-9597036286,2021-07-01
2243,Net Asset Value at the end of period,2021-06-30,month,212147745088,2021-08-02
2243,Net Asset Value at the end of period,2021-06-30,ytd,212147745088,2021-07-01
2244,Average annual profit (only applicable to annual report),2021-06-30,month,0,2021-08-02
2244,Average annual profit (only applicable to annual report),2021-06-30,ytd,0,2021-07-01
2245,Average annual rate of return (only applicable to annual report),2021-06-30,month,0,2021-08-02
2245,Average annual rate of return (only applicable to annual report),2021-06-30,ytd,0,2021-07-01
,Change of Net Asset Value of the Fund during the period,2021-07-31,month,1066643908,2021-09-01
,Change of Net Asset Value of the Fund during the period,2021-07-31,ytd,201403547943,2021-08-02
,Other Expenses,2021-07-31,month,0,2021-09-01
,Other Expenses,2021-07-31,ytd,0,2021-08-02
,Other Expenses,2021-07-31,ytd,20000000,2021-08-02
,Other incomes,2021-07-31,month,0,2021-09-01
,Other incomes,2021-07-31,ytd,0,2021-08-02
2220,Income from Investment Activities,2021-07-31,month,1398077430,2021-09-01
2220,Income from Investment Activities,2021-07-31,ytd,2975631410,2021-08-02
2221,"Dividend income, interest income from bonds",2021-07-31,month,606220110,2021-09-01
2221,"Dividend income, interest income from bonds",2021-07-31,ytd,1234086342,2021-08-02
2221.1,Dividends income,2021-07-31,month,0,2021-09-01
2221.1,Dividends income,2021-07-31,ytd,195000,2021-08-02
2221.2,Interest income from bonds,2021-07-31,month,606220110,2021-09-01
2221.2,Interest income from bonds,2021-07-31,ytd,1233891342,2021-08-02
2222,Interest income,2021-07-31,month,791857320,2021-09-01
2222,Interest income,2021-07-31,ytd,1741545068,2021-08-02
2222.1,Interest income from bank deposits,2021-07-31,month,238103895,2021-09-01
2222.1,Interest income from bank deposits,2021-07-31,ytd,748640958,2021-08-02
2222.2,Interest income from Certificates of Deposit,2021-07-31,month,553753425,2021-09-01
2222.2,Interest income from Certificates of Deposit,2021-07-31,ytd,992904110,2021-08-02
2222.3,Interest income from reverse repo contracts,2021-07-31,month,0,2021-09-01
2222.3,Interest income from reverse repo contracts,2021-07-31,ytd,0,2021-08-02
2223.1,Other investment incomes,2021-07-31,month,0,2021-09-01
2223.1,Other investment incomes,2021-07-31,ytd,0,2021-08-02
2223.3,"Provision expense for bad debts from dividends, interest income and written off bad debts from dividends, interest income",2021-07-31,month,0,2021-09-01
2223.3,"Provision expense for bad debts from dividends, interest income and written off bad debts from dividends, interest income",2021-07-31,ytd,0,2021-08-02
2224,Expenses,2021-07-31,month,315592784,2021-09-01
2224,Expenses,2021-07-31,ytd,1261894528,2021-08-02
2225,Management Fee paid to Fund Management Company,2021-07-31,month,216783648,2021-09-01
2225,Management Fee paid to Fund Management Company,2021-07-31,ytd,557406162,2021-08-02
2226,"Custody fee, Supervising fee paid to Supervising Bank/VSD",2021-07-31,month,30257976,2021-09-01
2226,"Custody fee, Supervising fee paid to Supervising Bank/VSD",2021-07-31,ytd,209509002,2021-08-02
2226.1,Custodian service - Safe Custody Fee,2021-07-31,month,11500000,2021-09-01
2226.1,Custodian service - Safe Custody Fee,2021-07-31,ytd,80500000,2021-08-02
2226.2,Custodian service - Transaction fee,2021-07-31,month,600000,2021-09-01
2226.2,Custodian service - Transaction fee,2021-07-31,ytd,1950000,2021-08-02
2226.3,"Custodian service -  Depository fee, Position and Margin management fee paid to VSD",2021-07-31,month,7976,2021-09-01
2226.3,"Custodian service -  Depository fee, Position and Margin management fee paid to VSD",2021-07-31,ytd,9002,2021-08-02
2226.4,Supervisory fee,2021-07-31,month,18150000,2021-09-01
2226.4,Supervisory fee,2021-07-31,ytd,127050000,2021-08-02
2227,"Fund Administration Fee, and other fees paid to relevant Fund's service providers",2021-07-31,month,48262500,2021-09-01
2227,"Fund Administration Fee, and other fees paid to relevant Fund's service providers",2021-07-31,ytd,337837500,2021-08-02
2227.1,Fund Administration Fee,2021-07-31,month,37262500,2021-09-01
2227.1,Fund Administration Fee,2021-07-31,ytd,260837500,2021-08-02
2227.2,Transfer Agency Fee,2021-07-31,month,11000000,2021-09-01
2227.2,Transfer Agency Fee,2021-07-31,ytd,77000000,2021-08-02
2228,Audit fee,2021-07-31,month,7941096,2021-09-01
2228,Audit fee,2021-07-31,ytd,57749424,2021-08-02
2229,"Legal consultancy expenses, price feed fee, other valid expenses, remuneration paid to Fund's Board of Representatives",2021-07-31,month,9765919,2021-09-01
2229,"Legal consultancy expenses, price feed fee, other valid expenses, remuneration paid to Fund's Board of Representatives",2021-07-31,ytd,49552014,2021-08-02
2229.1,Remuneration of Fund's Board of Representatives,2021-07-31,month,9765919,2021-09-01
2229.1,Remuneration of Fund's Board of Representatives,2021-07-31,ytd,49552014,2021-08-02
2229.2,Price feed fee,2021-07-31,month,0,2021-09-01
2229.2,Price feed fee,2021-07-31,ytd,0,2021-08-02
2229.3,Legal consultancy expenses,2021-07-31,month,0,2021-09-01
2229.3,Legal consultancy expenses,2021-07-31,ytd,0,2021-08-02
2230,"Fee for drafting, printing, distribution of prospectus, summarised prospectus, financial statements, transaction confirmations, account statements and other documents to investors; information disclosure fee; fee for organising annual general meeting, board of representatives meeting",2021-07-31,month,0,2021-09-01
2230,"Fee for drafting, printing, distribution of prospectus, summarised prospectus, financial statements, transaction confirmations, account statements and other documents to investors; information disclosure fee; fee for organising annual general meeting, board of representatives meeting",2021-07-31,ytd,201586,2021-08-02
2230.1,Meeting expenses,2021-07-31,month,0,2021-09-01
2230.1,Meeting expenses,2021-07-31,ytd,201586,2021-08-02
2230.2,Annual report expenses,2021-07-31,month,0,2021-09-01
2230.2,Annual report expenses,2021-07-31,ytd,0,2021-08-02
2230.3,"Fund's Board of Representatives meeting, travelling expenses",2021-07-31,month,0,2021-09-01
2230.3,"Fund's Board of Representatives meeting, travelling expenses",2021-07-31,ytd,0,2021-08-02
2230.4,Expenses of information disclosure of the Fund,2021-07-31,month,0,2021-09-01
2230.4,Expenses of information disclosure of the Fund,2021-07-31,ytd,0,2021-08-02
2230.5,"Designing, printing, posting... expenses",2021-07-31,month,0,2021-09-01
2230.5,"Designing, printing, posting... expenses",2021-07-31,ytd,0,2021-08-02
2231,Expenses related to execution of Fund’s asset transactions,2021-07-31,month,1081680,2021-09-01
2231,Expenses related to execution of Fund’s asset transactions,2021-07-31,ytd,27507170,2021-08-02
2231.1,Brokerage fee,2021-07-31,month,1081500,2021-09-01
2231.1,Brokerage fee,2021-07-31,ytd,7506990,2021-08-02
2231.2,Clearing settlement fee,2021-07-31,month,180,2021-09-01
2231.2,Clearing settlement fee,2021-07-31,ytd,180,2021-08-02
2232,Other expenses,2021-07-31,month,1499965,2021-09-01
2232,Other expenses,2021-07-31,ytd,22131670,2021-08-02
2232.1,Set up Expenses,2021-07-31,month,0,2021-09-01
2232.1,Set up Expenses,2021-07-31,ytd,0,2021-08-02
2232.2,"Listing, registration fees",2021-07-31,month,0,2021-09-01
2232.2,"Listing, registration fees",2021-07-31,ytd,0,2021-08-02
2232.3,Annual management fee paid to SSC,2021-07-31,month,849315,2021-09-01
2232.3,Annual management fee paid to SSC,2021-07-31,ytd,5808219,2021-08-02
2232.4,Bank charges,2021-07-31,month,650650,2021-09-01
2232.4,Bank charges,2021-07-31,ytd,15223451,2021-08-02
2232.5,Borrowing expense,2021-07-31,month,0,2021-09-01
2232.5,Borrowing expense,2021-07-31,ytd,0,2021-08-02
2232.7,Fee paid to VSD for getting the list of investors,2021-07-31,month,0,2021-09-01
2232.7,Fee paid to VSD for getting the list of investors,2021-07-31,ytd,1100000,2021-08-02
2233,Net Income from Investment Activities (= I - II),2021-07-31,month,1082484646,2021-09-01
2233,Net Income from Investment Activities (= I - II),2021-07-31,ytd,1713736882,2021-08-02
2234,Gain / (Loss) from Investment Activities,2021-07-31,month,-19158548,2021-09-01
2234,Gain / (Loss) from Investment Activities,2021-07-31,ytd,-2748463,2021-08-02
2235,Realised Gain / (Loss) from disposal of investment or real estate transfer,2021-07-31,month,0,2021-09-01
2235,Realised Gain / (Loss) from disposal of investment or real estate transfer,2021-07-31,ytd,27482643,2021-08-02
2236,Unrealised Gain / (Loss) due to market price,2021-07-31,month,-19158548,2021-09-01
2236,Unrealised Gain / (Loss) due to market price,2021-07-31,ytd,-30231106,2021-08-02
2237,Change of Net Asset Value of the Fund due to investment activities during the period (= III + IV),2021-07-31,month,1063326098,2021-09-01
2237,Change of Net Asset Value of the Fund due to investment activities during the period (= III + IV),2021-07-31,ytd,1710988419,2021-08-02
2238,Net Asset Value at the beginning of period,2021-07-31,month,212147745088,2021-09-01
2238,Net Asset Value at the beginning of period,2021-07-31,ytd,11810841053,2021-08-02
2239.1,Change of Net Asset Value due to investment activities during the period,2021-07-31,month,1063326098,2021-09-01
2239.1,Change of Net Asset Value due to investment activities during the period,2021-07-31,ytd,1710988419,2021-08-02
2239.2,Change of Net Asset Value due to  dividends payment to investors during the period,2021-07-31,month,0,2021-09-01
2239.2,Change of Net Asset Value due to  dividends payment to investors during the period,2021-07-31,ytd,0,2021-08-02
2239.3,Change of Net Asset Value due to subscription/redemption during the period,2021-07-31,month,3317810,2021-09-01
2239.3,Change of Net Asset Value due to subscription/redemption during the period,2021-07-31,ytd,199692559524,2021-08-02
2239.3.1,Change of Net Asset Value due to subscription during the period,2021-07-31,month,56040000,2021-09-01
2239.3.1,Change of Net Asset Value due to subscription during the period,2021-07-31,ytd,209342318000,2021-08-02
2239.3.2,Change of Net Asset Value due to redemption during the period,2021-07-31,month,-52722190,2021-09-01
2239.3.2,Change of Net Asset Value due to redemption during the period,2021-07-31,ytd,-9649758476,2021-08-02
2243,Net Asset Value at the end of period,2021-07-31,month,213214388996,2021-09-01
2243,Net Asset Value at the end of period,2021-07-31,ytd,213214388996,2021-08-02
2244,Average annual profit (only applicable to annual report),2021-07-31,month,0,2021-09-01
2244,Average annual profit (only applicable to annual report),2021-07-31,ytd,0,2021-08-02
2245,Average annual rate of return (only applicable to annual report),2021-07-31,month,0,2021-09-01
2245,Average annual rate of return (only applicable to annual report),2021-07-31,ytd,0,2021-08-02
,Change of Net Asset Value of the Fund during the period,2021-08-31,month,4165335449,2021-10-01
,Change of Net Asset Value of the Fund during the period,2021-08-31,ytd,205568883392,2021-09-01
,Other Expenses,2021-08-31,month,0,2021-10-01
,Other Expenses,2021-08-31,ytd,0,2021-09-01
,Other Expenses,2021-08-31,ytd,20000000,2021-09-01
,Other incomes,2021-08-31,month,0,2021-10-01
,Other incomes,2021-08-31,ytd,0,2021-09-01
2220,Income from Investment Activities,2021-08-31,month,1464556599,2021-10-01
2220,Income from Investment Activities,2021-08-31,ytd,4440188009,2021-09-01
2221,"Dividend income, interest income from bonds",2021-08-31,month,738609192,2021-10-01
2221,"Dividend income, interest income from bonds",2021-08-31,ytd,1972695534,2021-09-01
2221.1,Dividends income,2021-08-31,month,17000,2021-10-01
2221.1,Dividends income,2021-08-31,ytd,212000,2021-09-01
2221.2,Interest income from bonds,2021-08-31,month,738592192,2021-10-01
2221.2,Interest income from bonds,2021-08-31,ytd,1972483534,2021-09-01
2222,Interest income,2021-08-31,month,725947407,2021-10-01
2222,Interest income,2021-08-31,ytd,2467492475,2021-09-01
2222.1,Interest income from bank deposits,2021-08-31,month,172193983,2021-10-01
2222.1,Interest income from bank deposits,2021-08-31,ytd,920834941,2021-09-01
2222.2,Interest income from Certificates of Deposit,2021-08-31,month,553753424,2021-10-01
2222.2,Interest income from Certificates of Deposit,2021-08-31,ytd,1546657534,2021-09-01
2222.3,Interest income from reverse repo contracts,2021-08-31,month,0,2021-10-01
2222.3,Interest income from reverse repo contracts,2021-08-31,ytd,0,2021-09-01
2223.1,Other investment incomes,2021-08-31,month,0,2021-10-01
2223.1,Other investment incomes,2021-08-31,ytd,0,2021-09-01
2223.3,"Provision expense for bad debts from dividends, interest income and written off bad debts from dividends, interest income",2021-08-31,month,0,2021-10-01
2223.3,"Provision expense for bad debts from dividends, interest income and written off bad debts from dividends, interest income",2021-08-31,ytd,0,2021-09-01
2224,Expenses,2021-08-31,month,321416502,2021-10-01
2224,Expenses,2021-08-31,ytd,1583311030,2021-09-01
2225,Management Fee paid to Fund Management Company,2021-08-31,month,219424185,2021-10-01
2225,Management Fee paid to Fund Management Company,2021-08-31,ytd,776830347,2021-09-01
2226,"Custody fee, Supervising fee paid to Supervising Bank/VSD",2021-08-31,month,30172163,2021-10-01
2226,"Custody fee, Supervising fee paid to Supervising Bank/VSD",2021-08-31,ytd,239681165,2021-09-01
2226.1,Custodian service - Safe Custody Fee,2021-08-31,month,11500000,2021-10-01
2226.1,Custodian service - Safe Custody Fee,2021-08-31,ytd,92000000,2021-09-01
2226.2,Custodian service - Transaction fee,2021-08-31,month,450000,2021-10-01
2226.2,Custodian service - Transaction fee,2021-08-31,ytd,2400000,2021-09-01
2226.3,"Custodian service -  Depository fee, Position and Margin management fee paid to VSD",2021-08-31,month,72163,2021-10-01
2226.3,"Custodian service -  Depository fee, Position and Margin management fee paid to VSD",2021-08-31,ytd,81165,2021-09-01
2226.4,Supervisory fee,2021-08-31,month,18150000,2021-10-01
2226.4,Supervisory fee,2021-08-31,ytd,145200000,2021-09-01
2227,"Fund Administration Fee, and other fees paid to relevant Fund's service providers",2021-08-31,month,48262500,2021-10-01
2227,"Fund Administration Fee, and other fees paid to relevant Fund's service providers",2021-08-31,ytd,386100000,2021-09-01
2227.1,Fund Administration Fee,2021-08-31,month,37262500,2021-10-01
2227.1,Fund Administration Fee,2021-08-31,ytd,298100000,2021-09-01
2227.2,Transfer Agency Fee,2021-08-31,month,11000000,2021-10-01
2227.2,Transfer Agency Fee,2021-08-31,ytd,88000000,2021-09-01
2228,Audit fee,2021-08-31,month,7941096,2021-10-01
2228,Audit fee,2021-08-31,ytd,65690520,2021-09-01
2229,"Legal consultancy expenses, price feed fee, other valid expenses, remuneration paid to Fund's Board of Representatives",2021-08-31,month,9765919,2021-10-01
2229,"Legal consultancy expenses, price feed fee, other valid expenses, remuneration paid to Fund's Board of Representatives",2021-08-31,ytd,59317933,2021-09-01
2229.1,Remuneration of Fund's Board of Representatives,2021-08-31,month,9765919,2021-10-01
2229.1,Remuneration of Fund's Board of Representatives,2021-08-31,ytd,59317933,2021-09-01
2229.2,Price feed fee,2021-08-31,month,0,2021-10-01
2229.2,Price feed fee,2021-08-31,ytd,0,2021-09-01
2229.3,Legal consultancy expenses,2021-08-31,month,0,2021-10-01
2229.3,Legal consultancy expenses,2021-08-31,ytd,0,2021-09-01
2230,"Fee for drafting, printing, distribution of prospectus, summarised prospectus, financial statements, transaction confirmations, account statements and other documents to investors; information disclosure fee; fee for organising annual general meeting, board of representatives meeting",2021-08-31,month,0,2021-10-01
2230,"Fee for drafting, printing, distribution of prospectus, summarised prospectus, financial statements, transaction confirmations, account statements and other documents to investors; information disclosure fee; fee for organising annual general meeting, board of representatives meeting",2021-08-31,ytd,201586,2021-09-01
2230.1,Meeting expenses,2021-08-31,month,0,2021-10-01
2230.1,Meeting expenses,2021-08-31,ytd,201586,2021-09-01
2230.2,Annual report expenses,2021-08-31,month,0,2021-10-01
2230.2,Annual report expenses,2021-08-31,ytd,0,2021-09-01
2230.3,"Fund's Board of Representatives meeting, travelling expenses",2021-08-31,month,0,2021-10-01
2230.3,"Fund's Board of Representatives meeting, travelling expenses",2021-08-31,ytd,0,2021-09-01
2230.4,Expenses of information disclosure of the Fund,2021-08-31,month,0,2021-10-01
2230.4,Expenses of information disclosure of the Fund,2021-08-31,ytd,0,2021-09-01
2230.5,"Designing, printing, posting... expenses",2021-08-31,month,0,2021-10-01
2230.5,"Designing, printing, posting... expenses",2021-08-31,ytd,0,2021-09-01
2231,Expenses related to execution of Fund’s asset transactions,2021-08-31,month,3621924,2021-10-01
2231,Expenses related to execution of Fund’s asset transactions,2021-08-31,ytd,31129094,2021-09-01
2231.1,Brokerage fee,2021-08-31,month,3621924,2021-10-01
2231.1,Brokerage fee,2021-08-31,ytd,11128914,2021-09-01
2231.2,Clearing settlement fee,2021-08-31,month,0,2021-10-01
2231.2,Clearing settlement fee,2021-08-31,ytd,180,2021-09-01
2232,Other expenses,2021-08-31,month,2228715,2021-10-01
2232,Other expenses,2021-08-31,ytd,24360385,2021-09-01
2232.1,Set up Expenses,2021-08-31,month,0,2021-10-01
2232.1,Set up Expenses,2021-08-31,ytd,0,2021-09-01
2232.2,"Listing, registration fees",2021-08-31,month,0,2021-10-01
2232.2,"Listing, registration fees",2021-08-31,ytd,0,2021-09-01
2232.3,Annual management fee paid to SSC,2021-08-31,month,849315,2021-10-01
2232.3,Annual management fee paid to SSC,2021-08-31,ytd,6657534,2021-09-01
2232.4,Bank charges,2021-08-31,month,1379400,2021-10-01
2232.4,Bank charges,2021-08-31,ytd,16602851,2021-09-01
2232.5,Borrowing expense,2021-08-31,month,0,2021-10-01
2232.5,Borrowing expense,2021-08-31,ytd,0,2021-09-01
2232.7,Fee paid to VSD for getting the list of investors,2021-08-31,month,0,2021-10-01
2232.7,Fee paid to VSD for getting the list of investors,2021-08-31,ytd,1100000,2021-09-01
2233,Net Income from Investment Activities (= I - II),2021-08-31,month,1143140097,2021-10-01
2233,Net Income from Investment Activities (= I - II),2021-08-31,ytd,2856876979,2021-09-01
2234,Gain / (Loss) from Investment Activities,2021-08-31,month,19217868,2021-10-01
2234,Gain / (Loss) from Investment Activities,2021-08-31,ytd,16469405,2021-09-01
2235,Realised Gain / (Loss) from disposal of investment or real estate transfer,2021-08-31,month,0,2021-10-01
2235,Realised Gain / (Loss) from disposal of investment or real estate transfer,2021-08-31,ytd,27482643,2021-09-01
2236,Unrealised Gain / (Loss) due to market price,2021-08-31,month,19217868,2021-10-01
2236,Unrealised Gain / (Loss) due to market price,2021-08-31,ytd,-11013238,2021-09-01
2237,Change of Net Asset Value of the Fund due to investment activities during the period (= III + IV),2021-08-31,month,1162357965,2021-10-01
2237,Change of Net Asset Value of the Fund due to investment activities during the period (= III + IV),2021-08-31,ytd,2873346384,2021-09-01
2238,Net Asset Value at the beginning of period,2021-08-31,month,213214388996,2021-10-01
2238,Net Asset Value at the beginning of period,2021-08-31,ytd,11810841053,2021-09-01
2239.1,Change of Net Asset Value due to investment activities during the period,2021-08-31,month,1162357965,2021-10-01
2239.1,Change of Net Asset Value due to investment activities during the period,2021-08-31,ytd,2873346384,2021-09-01
2239.2,Change of Net Asset Value due to  dividends payment to investors during the period,2021-08-31,month,0,2021-10-01
2239.2,Change of Net Asset Value due to  dividends payment to investors during the period,2021-08-31,ytd,0,2021-09-01
2239.3,Change of Net Asset Value due to subscription/redemption during the period,2021-08-31,month,3002977484,2021-10-01
2239.3,Change of Net Asset Value due to subscription/redemption during the period,2021-08-31,ytd,202695537008,2021-09-01
2239.3.1,Change of Net Asset Value due to subscription during the period,2021-08-31,month,3053329143,2021-10-01
2239.3.1,Change of Net Asset Value due to subscription during the period,2021-08-31,ytd,212395647143,2021-09-01
2239.3.2,Change of Net Asset Value due to redemption during the period,2021-08-31,month,-50351659,2021-10-01
2239.3.2,Change of Net Asset Value due to redemption during the period,2021-08-31,ytd,-9700110135,2021-09-01
2243,Net Asset Value at the end of period,2021-08-31,month,217379724445,2021-10-01
2243,Net Asset Value at the end of period,2021-08-31,ytd,217379724445,2021-09-01
2244,Average annual profit (only applicable to annual report),2021-08-31,month,0,2021-10-01
2244,Average annual profit (only applicable to annual report),2021-08-31,ytd,0,2021-09-01
2245,Average annual rate of return (only applicable to annual report),2021-08-31,month,0,2021-10-01
2245,Average annual rate of return (only applicable to annual report),2021-08-31,ytd,0,2021-09-01
,Change of Net Asset Value of the Fund during the period,2021-09-30,month,58420511000,2021-11-01
,Change of Net Asset Value of the Fund during the period,2021-09-30,ytd,263989394392,2021-10-01
,Other Expenses,2021-09-30,month,0,2021-11-01
,Other Expenses,2021-09-30,ytd,0,2021-10-01
,Other Expenses,2021-09-30,ytd,20000000,2021-10-01
,Other incomes,2021-09-30,month,0,2021-11-01
,Other incomes,2021-09-30,ytd,0,2021-10-01
2220,Income from Investment Activities,2021-09-30,month,1332596628,2021-11-01
2220,Income from Investment Activities,2021-09-30,ytd,5772784637,2021-10-01
2221,"Dividend income, interest income from bonds",2021-09-30,month,564350846,2021-11-01
2221,"Dividend income, interest income from bonds",2021-09-30,ytd,2537046380,2021-10-01
2221.1,Dividends income,2021-09-30,month,0,2021-11-01
2221.1,Dividends income,2021-09-30,ytd,212000,2021-10-01
2221.2,Interest income from bonds,2021-09-30,month,564350846,2021-11-01
2221.2,Interest income from bonds,2021-09-30,ytd,2536834380,2021-10-01
2222,Interest income,2021-09-30,month,768245782,2021-11-01
2222,Interest income,2021-09-30,ytd,3235738257,2021-10-01
2222.1,Interest income from bank deposits,2021-09-30,month,232355371,2021-11-01
2222.1,Interest income from bank deposits,2021-09-30,ytd,1153190312,2021-10-01
2222.2,Interest income from Certificates of Deposit,2021-09-30,month,535890411,2021-11-01
2222.2,Interest income from Certificates of Deposit,2021-09-30,ytd,2082547945,2021-10-01
2222.3,Interest income from reverse repo contracts,2021-09-30,month,0,2021-11-01
2222.3,Interest income from reverse repo contracts,2021-09-30,ytd,0,2021-10-01
2223.1,Other investment incomes,2021-09-30,month,0,2021-11-01
2223.1,Other investment incomes,2021-09-30,ytd,0,2021-10-01
2223.3,"Provision expense for bad debts from dividends, interest income and written off bad debts from dividends, interest income",2021-09-30,month,0,2021-11-01
2223.3,"Provision expense for bad debts from dividends, interest income and written off bad debts from dividends, interest income",2021-09-30,ytd,0,2021-10-01
2224,Expenses,2021-09-30,month,368646363,2021-11-01
2224,Expenses,2021-09-30,ytd,1951957393,2021-10-01
2225,Management Fee paid to Fund Management Company,2021-09-30,month,235054277,2021-11-01
2225,Management Fee paid to Fund Management Company,2021-09-30,ytd,1011884624,2021-10-01
2226,"Custody fee, Supervising fee paid to Supervising Bank/VSD",2021-09-30,month,30179444,2021-11-01
2226,"Custody fee, Supervising fee paid to Supervising Bank/VSD",2021-09-30,ytd,269860609,2021-10-01
2226.1,Custodian service - Safe Custody Fee,2021-09-30,month,11500000,2021-11-01
2226.1,Custodian service - Safe Custody Fee,2021-09-30,ytd,103500000,2021-10-01
2226.2,Custodian service - Transaction fee,2021-09-30,month,450000,2021-11-01
2226.2,Custodian service - Transaction fee,2021-09-30,ytd,2850000,2021-10-01
2226.3,"Custodian service -  Depository fee, Position and Margin management fee paid to VSD",2021-09-30,month,79444,2021-11-01
2226.3,"Custodian service -  Depository fee, Position and Margin management fee paid to VSD",2021-09-30,ytd,160609,2021-10-01
2226.4,Supervisory fee,2021-09-30,month,18150000,2021-11-01
2226.4,Supervisory fee,2021-09-30,ytd,163350000,2021-10-01
2227,"Fund Administration Fee, and other fees paid to relevant Fund's service providers",2021-09-30,month,48262500,2021-11-01
2227,"Fund Administration Fee, and other fees paid to relevant Fund's service providers",2021-09-30,ytd,434362500,2021-10-01
2227.1,Fund Administration Fee,2021-09-30,month,37262500,2021-11-01
2227.1,Fund Administration Fee,2021-09-30,ytd,335362500,2021-10-01
2227.2,Transfer Agency Fee,2021-09-30,month,11000000,2021-11-01
2227.2,Transfer Agency Fee,2021-09-30,ytd,99000000,2021-10-01
2228,Audit fee,2021-09-30,month,7684932,2021-11-01
2228,Audit fee,2021-09-30,ytd,73375452,2021-10-01
2229,"Legal consultancy expenses, price feed fee, other valid expenses, remuneration paid to Fund's Board of Representatives",2021-09-30,month,29291211,2021-11-01
2229,"Legal consultancy expenses, price feed fee, other valid expenses, remuneration paid to Fund's Board of Representatives",2021-09-30,ytd,88609144,2021-10-01
2229.1,Remuneration of Fund's Board of Representatives,2021-09-30,month,9741211,2021-11-01
2229.1,Remuneration of Fund's Board of Representatives,2021-09-30,ytd,69059144,2021-10-01
2229.2,Price feed fee,2021-09-30,month,19550000,2021-11-01
2229.2,Price feed fee,2021-09-30,ytd,19550000,2021-10-01
2229.3,Legal consultancy expenses,2021-09-30,month,0,2021-11-01
2229.3,Legal consultancy expenses,2021-09-30,ytd,0,2021-10-01
2230,"Fee for drafting, printing, distribution of prospectus, summarised prospectus, financial statements, transaction confirmations, account statements and other documents to investors; information disclosure fee; fee for organising annual general meeting, board of representatives meeting",2021-09-30,month,0,2021-11-01
2230,"Fee for drafting, printing, distribution of prospectus, summarised prospectus, financial statements, transaction confirmations, account statements and other documents to investors; information disclosure fee; fee for organising annual general meeting, board of representatives meeting",2021-09-30,ytd,201586,2021-10-01
2230.1,Meeting expenses,2021-09-30,month,0,2021-11-01
2230.1,Meeting expenses,2021-09-30,ytd,201586,2021-10-01
2230.2,Annual report expenses,2021-09-30,month,0,2021-11-01
2230.2,Annual report expenses,2021-09-30,ytd,0,2021-10-01
2230.3,"Fund's Board of Representatives meeting, travelling expenses",2021-09-30,month,0,2021-11-01
2230.3,"Fund's Board of Representatives meeting, travelling expenses",2021-09-30,ytd,0,2021-10-01
2230.4,Expenses of information disclosure of the Fund,2021-09-30,month,0,2021-11-01
2230.4,Expenses of information disclosure of the Fund,2021-09-30,ytd,0,2021-10-01
2230.5,"Designing, printing, posting... expenses",2021-09-30,month,0,2021-11-01
2230.5,"Designing, printing, posting... expenses",2021-09-30,ytd,0,2021-10-01
2231,Expenses related to execution of Fund’s asset transactions,2021-09-30,month,12188574,2021-11-01
2231,Expenses related to execution of Fund’s asset transactions,2021-09-30,ytd,43317668,2021-10-01
2231.1,Brokerage fee,2021-09-30,month,12188574,2021-11-01
2231.1,Brokerage fee,2021-09-30,ytd,23317488,2021-10-01
2231.2,Clearing settlement fee,2021-09-30,month,0,2021-11-01
2231.2,Clearing settlement fee,2021-09-30,ytd,180,2021-10-01
2232,Other expenses,2021-09-30,month,5985425,2021-11-01
2232,Other expenses,2021-09-30,ytd,30345810,2021-10-01
2232.1,Set up Expenses,2021-09-30,month,0,2021-11-01
2232.1,Set up Expenses,2021-09-30,ytd,0,2021-10-01
2232.2,"Listing, registration fees",2021-09-30,month,0,2021-11-01
2232.2,"Listing, registration fees",2021-09-30,ytd,0,2021-10-01
2232.3,Annual management fee paid to SSC,2021-09-30,month,821918,2021-11-01
2232.3,Annual management fee paid to SSC,2021-09-30,ytd,7479452,2021-10-01
2232.4,Bank charges,2021-09-30,month,5163507,2021-11-01
2232.4,Bank charges,2021-09-30,ytd,21766358,2021-10-01
2232.5,Borrowing expense,2021-09-30,month,0,2021-11-01
2232.5,Borrowing expense,2021-09-30,ytd,0,2021-10-01
2232.7,Fee paid to VSD for getting the list of investors,2021-09-30,month,0,2021-11-01
2232.7,Fee paid to VSD for getting the list of investors,2021-09-30,ytd,1100000,2021-10-01
2233,Net Income from Investment Activities (= I - II),2021-09-30,month,963950265,2021-11-01
2233,Net Income from Investment Activities (= I - II),2021-09-30,ytd,3820827244,2021-10-01
2234,Gain / (Loss) from Investment Activities,2021-09-30,month,-38625279,2021-11-01
2234,Gain / (Loss) from Investment Activities,2021-09-30,ytd,-22155874,2021-10-01
2235,Realised Gain / (Loss) from disposal of investment or real estate transfer,2021-09-30,month,-38705479,2021-11-01
2235,Realised Gain / (Loss) from disposal of investment or real estate transfer,2021-09-30,ytd,-11222836,2021-10-01
2236,Unrealised Gain / (Loss) due to market price,2021-09-30,month,80200,2021-11-01
2236,Unrealised Gain / (Loss) due to market price,2021-09-30,ytd,-10933038,2021-10-01
2237,Change of Net Asset Value of the Fund due to investment activities during the period (= III + IV),2021-09-30,month,925324986,2021-11-01
2237,Change of Net Asset Value of the Fund due to investment activities during the period (= III + IV),2021-09-30,ytd,3798671370,2021-10-01
2238,Net Asset Value at the beginning of period,2021-09-30,month,217379724445,2021-11-01
2238,Net Asset Value at the beginning of period,2021-09-30,ytd,11810841053,2021-10-01
2239.1,Change of Net Asset Value due to investment activities during the period,2021-09-30,month,925324986,2021-11-01
2239.1,Change of Net Asset Value due to investment activities during the period,2021-09-30,ytd,3798671370,2021-10-01
2239.2,Change of Net Asset Value due to  dividends payment to investors during the period,2021-09-30,month,0,2021-11-01
2239.2,Change of Net Asset Value due to  dividends payment to investors during the period,2021-09-30,ytd,0,2021-10-01
2239.3,Change of Net Asset Value due to subscription/redemption during the period,2021-09-30,month,57495186014,2021-11-01
2239.3,Change of Net Asset Value due to subscription/redemption during the period,2021-09-30,ytd,260190723022,2021-10-01
2239.3.1,Change of Net Asset Value due to subscription during the period,2021-09-30,month,58475412162,2021-11-01
2239.3.1,Change of Net Asset Value due to subscription during the period,2021-09-30,ytd,270871059305,2021-10-01
2239.3.2,Change of Net Asset Value due to redemption during the period,2021-09-30,month,-980226148,2021-11-01
2239.3.2,Change of Net Asset Value due to redemption during the period,2021-09-30,ytd,-10680336283,2021-10-01
2243,Net Asset Value at the end of period,2021-09-30,month,275800235445,2021-11-01
2243,Net Asset Value at the end of period,2021-09-30,ytd,275800235445,2021-10-01
2244,Average annual profit (only applicable to annual report),2021-09-30,month,0,2021-11-01
2244,Average annual profit (only applicable to annual report),2021-09-30,ytd,0,2021-10-01
2245,Average annual rate of return (only applicable to annual report),2021-09-30,month,0,2021-11-01
2245,Average annual rate of return (only applicable to annual report),2021-09-30,ytd,0,2021-10-01
,Change of Net Asset Value of the Fund during the period,2021-10-31,month,-6915724024,2021-12-01
,Change of Net Asset Value of the Fund during the period,2021-10-31,ytd,257073670368,2021-11-01
,Other Expenses,2021-10-31,month,0,2021-12-01
,Other Expenses,2021-10-31,ytd,0,2021-11-01
,Other Expenses,2021-10-31,ytd,20000000,2021-11-01
,Other incomes,2021-10-31,month,0,2021-12-01
,Other incomes,2021-10-31,ytd,0,2021-11-01
2220,Income from Investment Activities,2021-10-31,month,1394737811,2021-12-01
2220,Income from Investment Activities,2021-10-31,ytd,7167522448,2021-11-01
2221,"Dividend income, interest income from bonds",2021-10-31,month,619991508,2021-12-01
2221,"Dividend income, interest income from bonds",2021-10-31,ytd,3157037888,2021-11-01
2221.1,Dividends income,2021-10-31,month,0,2021-12-01
2221.1,Dividends income,2021-10-31,ytd,212000,2021-11-01
2221.2,Interest income from bonds,2021-10-31,month,619991508,2021-12-01
2221.2,Interest income from bonds,2021-10-31,ytd,3156825888,2021-11-01
2222,Interest income,2021-10-31,month,774746303,2021-12-01
2222,Interest income,2021-10-31,ytd,4010484560,2021-11-01
2222.1,Interest income from bank deposits,2021-10-31,month,220992878,2021-12-01
2222.1,Interest income from bank deposits,2021-10-31,ytd,1374183190,2021-11-01
2222.2,Interest income from Certificates of Deposit,2021-10-31,month,553753425,2021-12-01
2222.2,Interest income from Certificates of Deposit,2021-10-31,ytd,2636301370,2021-11-01
2222.3,Interest income from reverse repo contracts,2021-10-31,month,0,2021-12-01
2222.3,Interest income from reverse repo contracts,2021-10-31,ytd,0,2021-11-01
2223.1,Other investment incomes,2021-10-31,month,0,2021-12-01
2223.1,Other investment incomes,2021-10-31,ytd,0,2021-11-01
2223.3,"Provision expense for bad debts from dividends, interest income and written off bad debts from dividends, interest income",2021-10-31,month,0,2021-12-01
2223.3,"Provision expense for bad debts from dividends, interest income and written off bad debts from dividends, interest income",2021-10-31,ytd,0,2021-11-01
2224,Expenses,2021-10-31,month,375720804,2021-12-01
2224,Expenses,2021-10-31,ytd,2327678197,2021-11-01
2225,Management Fee paid to Fund Management Company,2021-10-31,month,278682505,2021-12-01
2225,Management Fee paid to Fund Management Company,2021-10-31,ytd,1290567129,2021-11-01
2226,"Custody fee, Supervising fee paid to Supervising Bank/VSD",2021-10-31,month,29912086,2021-12-01
2226,"Custody fee, Supervising fee paid to Supervising Bank/VSD",2021-10-31,ytd,299772695,2021-11-01
2226.1,Custodian service - Safe Custody Fee,2021-10-31,month,11646581,2021-12-01
2226.1,Custodian service - Safe Custody Fee,2021-10-31,ytd,115146581,2021-11-01
2226.2,Custodian service - Transaction fee,2021-10-31,month,0,2021-12-01
2226.2,Custodian service - Transaction fee,2021-10-31,ytd,2850000,2021-11-01
2226.3,"Custodian service -  Depository fee, Position and Margin management fee paid to VSD",2021-10-31,month,115505,2021-12-01
2226.3,"Custodian service -  Depository fee, Position and Margin management fee paid to VSD",2021-10-31,ytd,276114,2021-11-01
2226.4,Supervisory fee,2021-10-31,month,18150000,2021-12-01
2226.4,Supervisory fee,2021-10-31,ytd,181500000,2021-11-01
2227,"Fund Administration Fee, and other fees paid to relevant Fund's service providers",2021-10-31,month,48262500,2021-12-01
2227,"Fund Administration Fee, and other fees paid to relevant Fund's service providers",2021-10-31,ytd,482625000,2021-11-01
2227.1,Fund Administration Fee,2021-10-31,month,37262500,2021-12-01
2227.1,Fund Administration Fee,2021-10-31,ytd,372625000,2021-11-01
2227.2,Transfer Agency Fee,2021-10-31,month,11000000,2021-12-01
2227.2,Transfer Agency Fee,2021-10-31,ytd,110000000,2021-11-01
2228,Audit fee,2021-10-31,month,9206096,2021-12-01
2228,Audit fee,2021-10-31,ytd,82581548,2021-11-01
2229,"Legal consultancy expenses, price feed fee, other valid expenses, remuneration paid to Fund's Board of Representatives",2021-10-31,month,9765919,2021-12-01
2229,"Legal consultancy expenses, price feed fee, other valid expenses, remuneration paid to Fund's Board of Representatives",2021-10-31,ytd,98375063,2021-11-01
2229.1,Remuneration of Fund's Board of Representatives,2021-10-31,month,9765919,2021-12-01
2229.1,Remuneration of Fund's Board of Representatives,2021-10-31,ytd,78825063,2021-11-01
2229.2,Price feed fee,2021-10-31,month,0,2021-12-01
2229.2,Price feed fee,2021-10-31,ytd,19550000,2021-11-01
2229.3,Legal consultancy expenses,2021-10-31,month,0,2021-12-01
2229.3,Legal consultancy expenses,2021-10-31,ytd,0,2021-11-01
2230,"Fee for drafting, printing, distribution of prospectus, summarised prospectus, financial statements, transaction confirmations, account statements and other documents to investors; information disclosure fee; fee for organising annual general meeting, board of representatives meeting",2021-10-31,month,0,2021-12-01
2230,"Fee for drafting, printing, distribution of prospectus, summarised prospectus, financial statements, transaction confirmations, account statements and other documents to investors; information disclosure fee; fee for organising annual general meeting, board of representatives meeting",2021-10-31,ytd,201586,2021-11-01
2230.1,Meeting expenses,2021-10-31,month,0,2021-12-01
2230.1,Meeting expenses,2021-10-31,ytd,201586,2021-11-01
2230.2,Annual report expenses,2021-10-31,month,0,2021-12-01
2230.2,Annual report expenses,2021-10-31,ytd,0,2021-11-01
2230.3,"Fund's Board of Representatives meeting, travelling expenses",2021-10-31,month,0,2021-12-01
2230.3,"Fund's Board of Representatives meeting, travelling expenses",2021-10-31,ytd,0,2021-11-01
2230.4,Expenses of information disclosure of the Fund,2021-10-31,month,0,2021-12-01
2230.4,Expenses of information disclosure of the Fund,2021-10-31,ytd,0,2021-11-01
2230.5,"Designing, printing, posting... expenses",2021-10-31,month,0,2021-12-01
2230.5,"Designing, printing, posting... expenses",2021-10-31,ytd,0,2021-11-01
2231,Expenses related to execution of Fund’s asset transactions,2021-10-31,month,120000,2021-12-01
2231,Expenses related to execution of Fund’s asset transactions,2021-10-31,ytd,43437668,2021-11-01
2231.1,Brokerage fee,2021-10-31,month,0,2021-12-01
2231.1,Brokerage fee,2021-10-31,ytd,23317488,2021-11-01
2231.2,Clearing settlement fee,2021-10-31,month,120000,2021-12-01
2231.2,Clearing settlement fee,2021-10-31,ytd,120180,2021-11-01
2232,Other expenses,2021-10-31,month,-228302,2021-12-01
2232,Other expenses,2021-10-31,ytd,30117508,2021-11-01
2232.1,Set up Expenses,2021-10-31,month,0,2021-12-01
2232.1,Set up Expenses,2021-10-31,ytd,0,2021-11-01
2232.2,"Listing, registration fees",2021-10-31,month,0,2021-12-01
2232.2,"Listing, registration fees",2021-10-31,ytd,0,2021-11-01
2232.3,Annual management fee paid to SSC,2021-10-31,month,-2479452,2021-12-01
2232.3,Annual management fee paid to SSC,2021-10-31,ytd,5000000,2021-11-01
2232.4,Bank charges,2021-10-31,month,1151150,2021-12-01
2232.4,Bank charges,2021-10-31,ytd,22917508,2021-11-01
2232.5,Borrowing expense,2021-10-31,month,0,2021-12-01
2232.5,Borrowing expense,2021-10-31,ytd,0,2021-11-01
2232.7,Fee paid to VSD for getting the list of investors,2021-10-31,month,1100000,2021-12-01
2232.7,Fee paid to VSD for getting the list of investors,2021-10-31,ytd,2200000,2021-11-01
2233,Net Income from Investment Activities (= I - II),2021-10-31,month,1019017007,2021-12-01
2233,Net Income from Investment Activities (= I - II),2021-10-31,ytd,4839844251,2021-11-01
2234,Gain / (Loss) from Investment Activities,2021-10-31,month,66300,2021-12-01
2234,Gain / (Loss) from Investment Activities,2021-10-31,ytd,-22089574,2021-11-01
2235,Realised Gain / (Loss) from disposal of investment or real estate transfer,2021-10-31,month,0,2021-12-01
2235,Realised Gain / (Loss) from disposal of investment or real estate transfer,2021-10-31,ytd,-11222836,2021-11-01
2236,Unrealised Gain / (Loss) due to market price,2021-10-31,month,66300,2021-12-01
2236,Unrealised Gain / (Loss) due to market price,2021-10-31,ytd,-10866738,2021-11-01
2237,Change of Net Asset Value of the Fund due to investment activities during the period (= III + IV),2021-10-31,month,1019083307,2021-12-01
2237,Change of Net Asset Value of the Fund due to investment activities during the period (= III + IV),2021-10-31,ytd,4817754677,2021-11-01
2238,Net Asset Value at the beginning of period,2021-10-31,month,275800235445,2021-12-01
2238,Net Asset Value at the beginning of period,2021-10-31,ytd,11810841053,2021-11-01
2239.1,Change of Net Asset Value due to investment activities during the period,2021-10-31,month,1019083307,2021-12-01
2239.1,Change of Net Asset Value due to investment activities during the period,2021-10-31,ytd,4817754677,2021-11-01
2239.2,Change of Net Asset Value due to  dividends payment to investors during the period,2021-10-31,month,0,2021-12-01
2239.2,Change of Net Asset Value due to  dividends payment to investors during the period,2021-10-31,ytd,0,2021-11-01
2239.3,Change of Net Asset Value due to subscription/redemption during the period,2021-10-31,month,-7934807331,2021-12-01
2239.3,Change of Net Asset Value due to subscription/redemption during the period,2021-10-31,ytd,252255915691,2021-11-01
2239.3.1,Change of Net Asset Value due to subscription during the period,2021-10-31,month,1410421393,2021-12-01
2239.3.1,Change of Net Asset Value due to subscription during the period,2021-10-31,ytd,272281480698,2021-11-01
2239.3.2,Change of Net Asset Value due to redemption during the period,2021-10-31,month,-9345228724,2021-12-01
2239.3.2,Change of Net Asset Value due to redemption during the period,2021-10-31,ytd,-20025565007,2021-11-01
2243,Net Asset Value at the end of period,2021-10-31,month,268884511421,2021-12-01
2243,Net Asset Value at the end of period,2021-10-31,ytd,268884511421,2021-11-01
2244,Average annual profit (only applicable to annual report),2021-10-31,month,0,2021-12-01
2244,Average annual profit (only applicable to annual report),2021-10-31,ytd,0,2021-11-01
2245,Average annual rate of return (only applicable to annual report),2021-10-31,month,0,2021-12-01
2245,Average annual rate of return (only applicable to annual report),2021-10-31,ytd,0,2021-11-01
,Change of Net Asset Value of the Fund during the period,2021-11-30,month,2206584594,2022-01-05
,Change of Net Asset Value of the Fund during the period,2021-11-30,ytd,259280254962,2021-12-01
,Other Expenses,2021-11-30,month,0,2022-01-05
,Other Expenses,2021-11-30,month,7500000,2022-01-05
,Other Expenses,2021-11-30,ytd,0,2021-12-01
,Other Expenses,2021-11-30,ytd,27500000,2021-12-01
,Other incomes,2021-11-30,month,384246575,2022-01-05
,Other incomes,2021-11-30,ytd,384246575,2021-12-01
2220,Income from Investment Activities,2021-11-30,month,2021597979,2022-01-05
2220,Income from Investment Activities,2021-11-30,ytd,9189120427,2021-12-01
2221,"Dividend income, interest income from bonds",2021-11-30,month,803717809,2022-01-05
2221,"Dividend income, interest income from bonds",2021-11-30,ytd,3960755697,2021-12-01
2221.1,Dividends income,2021-11-30,month,0,2022-01-05
2221.1,Dividends income,2021-11-30,ytd,212000,2021-12-01
2221.2,Interest income from bonds,2021-11-30,month,803717809,2022-01-05
2221.2,Interest income from bonds,2021-11-30,ytd,3960543697,2021-12-01
2222,Interest income,2021-11-30,month,833633595,2022-01-05
2222,Interest income,2021-11-30,ytd,4844118155,2021-12-01
2222.1,Interest income from bank deposits,2021-11-30,month,246099348,2022-01-05
2222.1,Interest income from bank deposits,2021-11-30,ytd,1620282538,2021-12-01
2222.2,Interest income from Certificates of Deposit,2021-11-30,month,587534247,2022-01-05
2222.2,Interest income from Certificates of Deposit,2021-11-30,ytd,3223835617,2021-12-01
2222.3,Interest income from reverse repo contracts,2021-11-30,month,0,2022-01-05
2222.3,Interest income from reverse repo contracts,2021-11-30,ytd,0,2021-12-01
2223.1,Other investment incomes,2021-11-30,month,0,2022-01-05
2223.1,Other investment incomes,2021-11-30,ytd,0,2021-12-01
2223.3,"Provision expense for bad debts from dividends, interest income and written off bad debts from dividends, interest income",2021-11-30,month,0,2022-01-05
2223.3,"Provision expense for bad debts from dividends, interest income and written off bad debts from dividends, interest income",2021-11-30,ytd,0,2021-12-01
2224,Expenses,2021-11-30,month,377934965,2022-01-05
2224,Expenses,2021-11-30,ytd,2705613162,2021-12-01
2225,Management Fee paid to Fund Management Company,2021-11-30,month,266014517,2022-01-05
2225,Management Fee paid to Fund Management Company,2021-11-30,ytd,1556581646,2021-12-01
2226,"Custody fee, Supervising fee paid to Supervising Bank/VSD",2021-11-30,month,30338925,2022-01-05
2226,"Custody fee, Supervising fee paid to Supervising Bank/VSD",2021-11-30,ytd,330111620,2021-12-01
2226.1,Custodian service - Safe Custody Fee,2021-11-30,month,11500000,2022-01-05
2226.1,Custodian service - Safe Custody Fee,2021-11-30,ytd,126646581,2021-12-01
2226.2,Custodian service - Transaction fee,2021-11-30,month,600000,2022-01-05
2226.2,Custodian service - Transaction fee,2021-11-30,ytd,3450000,2021-12-01
2226.3,"Custodian service -  Depository fee, Position and Margin management fee paid to VSD",2021-11-30,month,88925,2022-01-05
2226.3,"Custodian service -  Depository fee, Position and Margin management fee paid to VSD",2021-11-30,ytd,365039,2021-12-01
2226.4,Supervisory fee,2021-11-30,month,18150000,2022-01-05
2226.4,Supervisory fee,2021-11-30,ytd,199650000,2021-12-01
2227,"Fund Administration Fee, and other fees paid to relevant Fund's service providers",2021-11-30,month,48262500,2022-01-05
2227,"Fund Administration Fee, and other fees paid to relevant Fund's service providers",2021-11-30,ytd,530887500,2021-12-01
2227.1,Fund Administration Fee,2021-11-30,month,37262500,2022-01-05
2227.1,Fund Administration Fee,2021-11-30,ytd,409887500,2021-12-01
2227.2,Transfer Agency Fee,2021-11-30,month,11000000,2022-01-05
2227.2,Transfer Agency Fee,2021-11-30,ytd,121000000,2021-12-01
2228,Audit fee,2021-11-30,month,7684931,2022-01-05
2228,Audit fee,2021-11-30,ytd,90266479,2021-12-01
2229,"Legal consultancy expenses, price feed fee, other valid expenses, remuneration paid to Fund's Board of Representatives",2021-11-30,month,9741211,2022-01-05
2229,"Legal consultancy expenses, price feed fee, other valid expenses, remuneration paid to Fund's Board of Representatives",2021-11-30,ytd,108116274,2021-12-01
2229.1,Remuneration of Fund's Board of Representatives,2021-11-30,month,9741211,2022-01-05
2229.1,Remuneration of Fund's Board of Representatives,2021-11-30,ytd,88566274,2021-12-01
2229.2,Price feed fee,2021-11-30,month,0,2022-01-05
2229.2,Price feed fee,2021-11-30,ytd,19550000,2021-12-01
2229.3,Legal consultancy expenses,2021-11-30,month,0,2022-01-05
2229.3,Legal consultancy expenses,2021-11-30,ytd,0,2021-12-01
2230,"Fee for drafting, printing, distribution of prospectus, summarised prospectus, financial statements, transaction confirmations, account statements and other documents to investors; information disclosure fee; fee for organising annual general meeting, board of representatives meeting",2021-11-30,month,0,2022-01-05
2230,"Fee for drafting, printing, distribution of prospectus, summarised prospectus, financial statements, transaction confirmations, account statements and other documents to investors; information disclosure fee; fee for organising annual general meeting, board of representatives meeting",2021-11-30,ytd,201586,2021-12-01
2230.1,Meeting expenses,2021-11-30,month,0,2022-01-05
2230.1,Meeting expenses,2021-11-30,ytd,201586,2021-12-01
2230.2,Annual report expenses,2021-11-30,month,0,2022-01-05
2230.2,Annual report expenses,2021-11-30,ytd,0,2021-12-01
2230.3,"Fund's Board of Representatives meeting, travelling expenses",2021-11-30,month,0,2022-01-05
2230.3,"Fund's Board of Representatives meeting, travelling expenses",2021-11-30,ytd,0,2021-12-01
2230.4,Expenses of information disclosure of the Fund,2021-11-30,month,0,2022-01-05
2230.4,Expenses of information disclosure of the Fund,2021-11-30,ytd,0,2021-12-01
2230.5,"Designing, printing, posting... expenses",2021-11-30,month,0,2022-01-05
2230.5,"Designing, printing, posting... expenses",2021-11-30,ytd,0,2021-12-01
2231,Expenses related to execution of Fund’s asset transactions,2021-11-30,month,12750900,2022-01-05
2231,Expenses related to execution of Fund’s asset transactions,2021-11-30,ytd,56188568,2021-12-01
2231.1,Brokerage fee,2021-11-30,month,5250900,2022-01-05
2231.1,Brokerage fee,2021-11-30,ytd,28568388,2021-12-01
2231.2,Clearing settlement fee,2021-11-30,month,0,2022-01-05
2231.2,Clearing settlement fee,2021-11-30,ytd,120180,2021-12-01
2232,Other expenses,2021-11-30,month,3141981,2022-01-05
2232,Other expenses,2021-11-30,ytd,33259489,2021-12-01
2232.1,Set up Expenses,2021-11-30,month,0,2022-01-05
2232.1,Set up Expenses,2021-11-30,ytd,0,2021-12-01
2232.2,"Listing, registration fees",2021-11-30,month,0,2022-01-05
2232.2,"Listing, registration fees",2021-11-30,ytd,0,2021-12-01
2232.3,Annual management fee paid to SSC,2021-11-30,month,0,2022-01-05
2232.3,Annual management fee paid to SSC,2021-11-30,ytd,5000000,2021-12-01
2232.4,Bank charges,2021-11-30,month,3141981,2022-01-05
2232.4,Bank charges,2021-11-30,ytd,26059489,2021-12-01
2232.5,Borrowing expense,2021-11-30,month,0,2022-01-05
2232.5,Borrowing expense,2021-11-30,ytd,0,2021-12-01
2232.7,Fee paid to VSD for getting the list of investors,2021-11-30,month,0,2022-01-05
2232.7,Fee paid to VSD for getting the list of investors,2021-11-30,ytd,2200000,2021-12-01
2233,Net Income from Investment Activities (= I - II),2021-11-30,month,1643663014,2022-01-05
2233,Net Income from Investment Activities (= I - II),2021-11-30,ytd,6483507265,2021-12-01
2234,Gain / (Loss) from Investment Activities,2021-11-30,month,183578825,2022-01-05
2234,Gain / (Loss) from Investment Activities,2021-11-30,ytd,161489251,2021-12-01
2235,Realised Gain / (Loss) from disposal of investment or real estate transfer,2021-11-30,month,244807095,2022-01-05
2235,Realised Gain / (Loss) from disposal of investment or real estate transfer,2021-11-30,ytd,233584259,2021-12-01
2236,Unrealised Gain / (Loss) due to market price,2021-11-30,month,-61228270,2022-01-05
2236,Unrealised Gain / (Loss) due to market price,2021-11-30,ytd,-72095008,2021-12-01
2237,Change of Net Asset Value of the Fund due to investment activities during the period (= III + IV),2021-11-30,month,1827241839,2022-01-05
2237,Change of Net Asset Value of the Fund due to investment activities during the period (= III + IV),2021-11-30,ytd,6644996516,2021-12-01
2238,Net Asset Value at the beginning of period,2021-11-30,month,268884511421,2022-01-05
2238,Net Asset Value at the beginning of period,2021-11-30,ytd,11810841053,2021-12-01
2239.1,Change of Net Asset Value due to investment activities during the period,2021-11-30,month,1827241839,2022-01-05
2239.1,Change of Net Asset Value due to investment activities during the period,2021-11-30,ytd,6644996516,2021-12-01
2239.2,Change of Net Asset Value due to  dividends payment to investors during the period,2021-11-30,month,0,2022-01-05
2239.2,Change of Net Asset Value due to  dividends payment to investors during the period,2021-11-30,ytd,0,2021-12-01
2239.3,Change of Net Asset Value due to subscription/redemption during the period,2021-11-30,month,379342755,2022-01-05
2239.3,Change of Net Asset Value due to subscription/redemption during the period,2021-11-30,ytd,252635258446,2021-12-01
2239.3.1,Change of Net Asset Value due to subscription during the period,2021-11-30,month,3278725760,2022-01-05
2239.3.1,Change of Net Asset Value due to subscription during the period,2021-11-30,ytd,275560206458,2021-12-01
2239.3.2,Change of Net Asset Value due to redemption during the period,2021-11-30,month,-2899383005,2022-01-05
2239.3.2,Change of Net Asset Value due to redemption during the period,2021-11-30,ytd,-22924948012,2021-12-01
2243,Net Asset Value at the end of period,2021-11-30,month,271091096015,2022-01-05
2243,Net Asset Value at the end of period,2021-11-30,ytd,271091096015,2021-12-01
2244,Average annual profit (only applicable to annual report),2021-11-30,month,0,2022-01-05
2244,Average annual profit (only applicable to annual report),2021-11-30,ytd,0,2021-12-01
2245,Average annual rate of return (only applicable to annual report),2021-11-30,month,0,2022-01-05
2245,Average annual rate of return (only applicable to annual report),2021-11-30,ytd,0,2021-12-01
,Change of Net Asset Value of the Fund during the period,2021-12-31,month,241129910,2022-02-08
,Change of Net Asset Value of the Fund during the period,2021-12-31,ytd,259521384872,2022-01-05
,Other Expenses,2021-12-31,month,0,2022-02-08
,Other Expenses,2021-12-31,ytd,0,2022-01-05
,Other Expenses,2021-12-31,ytd,27500000,2022-01-05
,Other incomes,2021-12-31,month,0,2022-02-08
,Other incomes,2021-12-31,ytd,384246575,2022-01-05
2220,Income from Investment Activities,2021-12-31,month,1747031234,2022-02-08
2220,Income from Investment Activities,2021-12-31,ytd,10936151661,2022-01-05
2221,"Dividend income, interest income from bonds",2021-12-31,month,933247553,2022-02-08
2221,"Dividend income, interest income from bonds",2021-12-31,ytd,4894003250,2022-01-05
2221.1,Dividends income,2021-12-31,month,0,2022-02-08
2221.1,Dividends income,2021-12-31,ytd,212000,2022-01-05
2221.2,Interest income from bonds,2021-12-31,month,933247553,2022-02-08
2221.2,Interest income from bonds,2021-12-31,ytd,4893791250,2022-01-05
2222,Interest income,2021-12-31,month,813783681,2022-02-08
2222,Interest income,2021-12-31,ytd,5657901836,2022-01-05
2222.1,Interest income from bank deposits,2021-12-31,month,204824777,2022-02-08
2222.1,Interest income from bank deposits,2021-12-31,ytd,1825107315,2022-01-05
2222.2,Interest income from Certificates of Deposit,2021-12-31,month,608958904,2022-02-08
2222.2,Interest income from Certificates of Deposit,2021-12-31,ytd,3832794521,2022-01-05
2222.3,Interest income from reverse repo contracts,2021-12-31,month,0,2022-02-08
2222.3,Interest income from reverse repo contracts,2021-12-31,ytd,0,2022-01-05
2223.1,Other investment incomes,2021-12-31,month,0,2022-02-08
2223.1,Other investment incomes,2021-12-31,ytd,0,2022-01-05
2223.3,"Provision expense for bad debts from dividends, interest income and written off bad debts from dividends, interest income",2021-12-31,month,0,2022-02-08
2223.3,"Provision expense for bad debts from dividends, interest income and written off bad debts from dividends, interest income",2021-12-31,ytd,0,2022-01-05
2224,Expenses,2021-12-31,month,409089833,2022-02-08
2224,Expenses,2021-12-31,ytd,3114702995,2022-01-05
2225,Management Fee paid to Fund Management Company,2021-12-31,month,276840716,2022-02-08
2225,Management Fee paid to Fund Management Company,2021-12-31,ytd,1833422362,2022-01-05
2226,"Custody fee, Supervising fee paid to Supervising Bank/VSD",2021-12-31,month,31133617,2022-02-08
2226,"Custody fee, Supervising fee paid to Supervising Bank/VSD",2021-12-31,ytd,361245237,2022-01-05
2226.1,Custodian service - Safe Custody Fee,2021-12-31,month,11535032,2022-02-08
2226.1,Custodian service - Safe Custody Fee,2021-12-31,ytd,138181613,2022-01-05
2226.2,Custodian service - Transaction fee,2021-12-31,month,1350000,2022-02-08
2226.2,Custodian service - Transaction fee,2021-12-31,ytd,4800000,2022-01-05
2226.3,"Custodian service -  Depository fee, Position and Margin management fee paid to VSD",2021-12-31,month,98585,2022-02-08
2226.3,"Custodian service -  Depository fee, Position and Margin management fee paid to VSD",2021-12-31,ytd,463624,2022-01-05
2226.4,Supervisory fee,2021-12-31,month,18150000,2022-02-08
2226.4,Supervisory fee,2021-12-31,ytd,217800000,2022-01-05
2227,"Fund Administration Fee, and other fees paid to relevant Fund's service providers",2021-12-31,month,48262500,2022-02-08
2227,"Fund Administration Fee, and other fees paid to relevant Fund's service providers",2021-12-31,ytd,579150000,2022-01-05
2227.1,Fund Administration Fee,2021-12-31,month,37262500,2022-02-08
2227.1,Fund Administration Fee,2021-12-31,ytd,447150000,2022-01-05
2227.2,Transfer Agency Fee,2021-12-31,month,11000000,2022-02-08
2227.2,Transfer Agency Fee,2021-12-31,ytd,132000000,2022-01-05
2228,Audit fee,2021-12-31,month,7941096,2022-02-08
2228,Audit fee,2021-12-31,ytd,98207575,2022-01-05
2229,"Legal consultancy expenses, price feed fee, other valid expenses, remuneration paid to Fund's Board of Representatives",2021-12-31,month,31840919,2022-02-08
2229,"Legal consultancy expenses, price feed fee, other valid expenses, remuneration paid to Fund's Board of Representatives",2021-12-31,ytd,139957193,2022-01-05
2229.1,Remuneration of Fund's Board of Representatives,2021-12-31,month,9765919,2022-02-08
2229.1,Remuneration of Fund's Board of Representatives,2021-12-31,ytd,98332193,2022-01-05
2229.2,Price feed fee,2021-12-31,month,22075000,2022-02-08
2229.2,Price feed fee,2021-12-31,ytd,41625000,2022-01-05
2229.3,Legal consultancy expenses,2021-12-31,month,0,2022-02-08
2229.3,Legal consultancy expenses,2021-12-31,ytd,0,2022-01-05
2230,"Fee for drafting, printing, distribution of prospectus, summarised prospectus, financial statements, transaction confirmations, account statements and other documents to investors; information disclosure fee; fee for organising annual general meeting, board of representatives meeting",2021-12-31,month,0,2022-02-08
2230,"Fee for drafting, printing, distribution of prospectus, summarised prospectus, financial statements, transaction confirmations, account statements and other documents to investors; information disclosure fee; fee for organising annual general meeting, board of representatives meeting",2021-12-31,ytd,201586,2022-01-05
2230.1,Meeting expenses,2021-12-31,month,0,2022-02-08
2230.1,Meeting expenses,2021-12-31,ytd,201586,2022-01-05
2230.2,Annual report expenses,2021-12-31,month,0,2022-02-08
2230.2,Annual report expenses,2021-12-31,ytd,0,2022-01-05
2230.3,"Fund's Board of Representatives meeting, travelling expenses",2021-12-31,month,0,2022-02-08
2230.3,"Fund's Board of Representatives meeting, travelling expenses",2021-12-31,ytd,0,2022-01-05
2230.4,Expenses of information disclosure of the Fund,2021-12-31,month,0,2022-02-08
2230.4,Expenses of information disclosure of the Fund,2021-12-31,ytd,0,2022-01-05
2230.5,"Designing, printing, posting... expenses",2021-12-31,month,0,2022-02-08
2230.5,"Designing, printing, posting... expenses",2021-12-31,ytd,0,2022-01-05
2231,Expenses related to execution of Fund’s asset transactions,2021-12-31,month,12479735,2022-02-08
2231,Expenses related to execution of Fund’s asset transactions,2021-12-31,ytd,68668303,2022-01-05
2231.1,Brokerage fee,2021-12-31,month,12479735,2022-02-08
2231.1,Brokerage fee,2021-12-31,ytd,41048123,2022-01-05
2231.2,Clearing settlement fee,2021-12-31,month,0,2022-02-08
2231.2,Clearing settlement fee,2021-12-31,ytd,120180,2022-01-05
2232,Other expenses,2021-12-31,month,591250,2022-02-08
2232,Other expenses,2021-12-31,ytd,33850739,2022-01-05
2232.1,Set up Expenses,2021-12-31,month,0,2022-02-08
2232.1,Set up Expenses,2021-12-31,ytd,0,2022-01-05
2232.2,"Listing, registration fees",2021-12-31,month,0,2022-02-08
2232.2,"Listing, registration fees",2021-12-31,ytd,0,2022-01-05
2232.3,Annual management fee paid to SSC,2021-12-31,month,0,2022-02-08
2232.3,Annual management fee paid to SSC,2021-12-31,ytd,5000000,2022-01-05
2232.4,Bank charges,2021-12-31,month,591250,2022-02-08
2232.4,Bank charges,2021-12-31,ytd,26650739,2022-01-05
2232.5,Borrowing expense,2021-12-31,month,0,2022-02-08
2232.5,Borrowing expense,2021-12-31,ytd,0,2022-01-05
2232.7,Fee paid to VSD for getting the list of investors,2021-12-31,month,0,2022-02-08
2232.7,Fee paid to VSD for getting the list of investors,2021-12-31,ytd,2200000,2022-01-05
2233,Net Income from Investment Activities (= I - II),2021-12-31,month,1337941401,2022-02-08
2233,Net Income from Investment Activities (= I - II),2021-12-31,ytd,7821448666,2022-01-05
2234,Gain / (Loss) from Investment Activities,2021-12-31,month,1379410954,2022-02-08
2234,Gain / (Loss) from Investment Activities,2021-12-31,ytd,1540900205,2022-01-05
2235,Realised Gain / (Loss) from disposal of investment or real estate transfer,2021-12-31,month,1407472181,2022-02-08
2235,Realised Gain / (Loss) from disposal of investment or real estate transfer,2021-12-31,ytd,1641056440,2022-01-05
2236,Unrealised Gain / (Loss) due to market price,2021-12-31,month,-28061227,2022-02-08
2236,Unrealised Gain / (Loss) due to market price,2021-12-31,ytd,-100156235,2022-01-05
2237,Change of Net Asset Value of the Fund due to investment activities during the period (= III + IV),2021-12-31,month,2717352355,2022-02-08
2237,Change of Net Asset Value of the Fund due to investment activities during the period (= III + IV),2021-12-31,ytd,9362348871,2022-01-05
2238,Net Asset Value at the beginning of period,2021-12-31,month,271091096015,2022-02-08
2238,Net Asset Value at the beginning of period,2021-12-31,ytd,11810841053,2022-01-05
2239.1,Change of Net Asset Value due to investment activities during the period,2021-12-31,month,2717352355,2022-02-08
2239.1,Change of Net Asset Value due to investment activities during the period,2021-12-31,ytd,9362348871,2022-01-05
2239.2,Change of Net Asset Value due to  dividends payment to investors during the period,2021-12-31,month,0,2022-02-08
2239.2,Change of Net Asset Value due to  dividends payment to investors during the period,2021-12-31,ytd,0,2022-01-05
2239.3,Change of Net Asset Value due to subscription/redemption during the period,2021-12-31,month,-2476222445,2022-02-08
2239.3,Change of Net Asset Value due to subscription/redemption during the period,2021-12-31,ytd,250159036001,2022-01-05
2239.3.1,Change of Net Asset Value due to subscription during the period,2021-12-31,month,1252951278,2022-02-08
2239.3.1,Change of Net Asset Value due to subscription during the period,2021-12-31,ytd,276813157736,2022-01-05
2239.3.2,Change of Net Asset Value due to redemption during the period,2021-12-31,month,-3729173723,2022-02-08
2239.3.2,Change of Net Asset Value due to redemption during the period,2021-12-31,ytd,-26654121735,2022-01-05
2243,Net Asset Value at the end of period,2021-12-31,month,271332225925,2022-02-08
2243,Net Asset Value at the end of period,2021-12-31,ytd,271332225925,2022-01-05
2244,Average annual profit (only applicable to annual report),2021-12-31,month,0,2022-02-08
2244,Average annual profit (only applicable to annual report),2021-12-31,ytd,0,2022-01-05
2245,Average annual rate of return (only applicable to annual report),2021-12-31,month,0,2022-02-08
2245,Average annual rate of return (only applicable to annual report),2021-12-31,ytd,0,2022-01-05
,Change of Net Asset Value of the Fund during the period,2022-01-31,month,3177418624,2022-03-01
,Change of Net Asset Value of the Fund during the period,2022-01-31,ytd,3177418624,2022-02-08
,Other Expenses,2022-01-31,month,0,2022-03-01
,Other Expenses,2022-01-31,ytd,0,2022-02-08
,Other incomes,2022-01-31,month,0,2022-03-01
,Other incomes,2022-01-31,ytd,0,2022-02-08
2220,Income from Investment Activities,2022-01-31,month,1711252661,2022-03-01
2220,Income from Investment Activities,2022-01-31,ytd,1711252661,2022-02-08
2221,"Dividend income, interest income from bonds",2022-01-31,month,900023525,2022-03-01
2221,"Dividend income, interest income from bonds",2022-01-31,ytd,900023525,2022-02-08
2221.1,Dividends income,2022-01-31,month,0,2022-03-01
2221.1,Dividends income,2022-01-31,ytd,0,2022-02-08
2221.2,Interest income from bonds,2022-01-31,month,900023525,2022-03-01
2221.2,Interest income from bonds,2022-01-31,ytd,900023525,2022-02-08
2222,Interest income,2022-01-31,month,811229136,2022-03-01
2222,Interest income,2022-01-31,ytd,811229136,2022-02-08
2222.1,Interest income from bank deposits,2022-01-31,month,202270231,2022-03-01
2222.1,Interest income from bank deposits,2022-01-31,ytd,202270231,2022-02-08
2222.2,Interest income from Certificates of Deposit,2022-01-31,month,608958905,2022-03-01
2222.2,Interest income from Certificates of Deposit,2022-01-31,ytd,608958905,2022-02-08
2222.3,Interest income from reverse repo contracts,2022-01-31,month,0,2022-03-01
2222.3,Interest income from reverse repo contracts,2022-01-31,ytd,0,2022-02-08
2223.1,Other investment incomes,2022-01-31,month,0,2022-03-01
2223.1,Other investment incomes,2022-01-31,ytd,0,2022-02-08
2223.3,"Provision expense for bad debts from dividends, interest income and written off bad debts from dividends, interest income",2022-01-31,month,0,2022-03-01
2223.3,"Provision expense for bad debts from dividends, interest income and written off bad debts from dividends, interest income",2022-01-31,ytd,0,2022-02-08
2224,Expenses,2022-01-31,month,383134412,2022-03-01
2224,Expenses,2022-01-31,ytd,383134412,2022-02-08
2225,Management Fee paid to Fund Management Company,2022-01-31,month,277842529,2022-03-01
2225,Management Fee paid to Fund Management Company,2022-01-31,ytd,277842529,2022-02-08
2226,"Custody fee, Supervising fee paid to Supervising Bank/VSD",2022-01-31,month,32364177,2022-03-01
2226,"Custody fee, Supervising fee paid to Supervising Bank/VSD",2022-01-31,ytd,32364177,2022-02-08
2226.1,Custodian service - Safe Custody Fee,2022-01-31,month,11576772,2022-03-01
2226.1,Custodian service - Safe Custody Fee,2022-01-31,ytd,11576772,2022-02-08
2226.2,Custodian service - Transaction fee,2022-01-31,month,2500000,2022-03-01
2226.2,Custodian service - Transaction fee,2022-01-31,ytd,2500000,2022-02-08
2226.3,"Custodian service -  Depository fee, Position and Margin management fee paid to VSD",2022-01-31,month,137405,2022-03-01
2226.3,"Custodian service -  Depository fee, Position and Margin management fee paid to VSD",2022-01-31,ytd,137405,2022-02-08
2226.4,Supervisory fee,2022-01-31,month,18150000,2022-03-01
2226.4,Supervisory fee,2022-01-31,ytd,18150000,2022-02-08
2227,"Fund Administration Fee, and other fees paid to relevant Fund's service providers",2022-01-31,month,48262500,2022-03-01
2227,"Fund Administration Fee, and other fees paid to relevant Fund's service providers",2022-01-31,ytd,48262500,2022-02-08
2227.1,Fund Administration Fee,2022-01-31,month,37262500,2022-03-01
2227.1,Fund Administration Fee,2022-01-31,ytd,37262500,2022-02-08
2227.2,Transfer Agency Fee,2022-01-31,month,11000000,2022-03-01
2227.2,Transfer Agency Fee,2022-01-31,ytd,11000000,2022-02-08
2228,Audit fee,2022-01-31,month,7941096,2022-03-01
2228,Audit fee,2022-01-31,ytd,7941096,2022-02-08
2229,"Legal consultancy expenses, price feed fee, other valid expenses, remuneration paid to Fund's Board of Representatives",2022-01-31,month,9764384,2022-03-01
2229,"Legal consultancy expenses, price feed fee, other valid expenses, remuneration paid to Fund's Board of Representatives",2022-01-31,ytd,9764384,2022-02-08
2229.1,Remuneration of Fund's Board of Representatives,2022-01-31,month,9764384,2022-03-01
2229.1,Remuneration of Fund's Board of Representatives,2022-01-31,ytd,9764384,2022-02-08
2229.2,Price feed fee,2022-01-31,month,0,2022-03-01
2229.2,Price feed fee,2022-01-31,ytd,0,2022-02-08
2229.3,Legal consultancy expenses,2022-01-31,month,0,2022-03-01
2229.3,Legal consultancy expenses,2022-01-31,ytd,0,2022-02-08
2230,"Fee for drafting, printing, distribution of prospectus, summarised prospectus, financial statements, transaction confirmations, account statements and other documents to investors; information disclosure fee; fee for organising annual general meeting, board of representatives meeting",2022-01-31,month,0,2022-03-01
2230,"Fee for drafting, printing, distribution of prospectus, summarised prospectus, financial statements, transaction confirmations, account statements and other documents to investors; information disclosure fee; fee for organising annual general meeting, board of representatives meeting",2022-01-31,ytd,0,2022-02-08
2230.1,Meeting expenses,2022-01-31,month,0,2022-03-01
2230.1,Meeting expenses,2022-01-31,ytd,0,2022-02-08
2230.2,Annual report expenses,2022-01-31,month,0,2022-03-01
2230.2,Annual report expenses,2022-01-31,ytd,0,2022-02-08
2230.3,"Fund's Board of Representatives meeting, travelling expenses",2022-01-31,month,0,2022-03-01
2230.3,"Fund's Board of Representatives meeting, travelling expenses",2022-01-31,ytd,0,2022-02-08
2230.4,Expenses of information disclosure of the Fund,2022-01-31,month,0,2022-03-01
2230.4,Expenses of information disclosure of the Fund,2022-01-31,ytd,0,2022-02-08
2230.5,"Designing, printing, posting... expenses",2022-01-31,month,0,2022-03-01
2230.5,"Designing, printing, posting... expenses",2022-01-31,ytd,0,2022-02-08
2231,Expenses related to execution of Fund’s asset transactions,2022-01-31,month,3171780,2022-03-01
2231,Expenses related to execution of Fund’s asset transactions,2022-01-31,ytd,3171780,2022-02-08
2231.1,Brokerage fee,2022-01-31,month,3069780,2022-03-01
2231.1,Brokerage fee,2022-01-31,ytd,3069780,2022-02-08
2231.2,Clearing settlement fee,2022-01-31,month,102000,2022-03-01
2231.2,Clearing settlement fee,2022-01-31,ytd,102000,2022-02-08
2232,Other expenses,2022-01-31,month,3787946,2022-03-01
2232,Other expenses,2022-01-31,ytd,3787946,2022-02-08
2232.1,Set up Expenses,2022-01-31,month,0,2022-03-01
2232.1,Set up Expenses,2022-01-31,ytd,0,2022-02-08
2232.2,"Listing, registration fees",2022-01-31,month,0,2022-03-01
2232.2,"Listing, registration fees",2022-01-31,ytd,0,2022-02-08
2232.3,Annual management fee paid to SSC,2022-01-31,month,0,2022-03-01
2232.3,Annual management fee paid to SSC,2022-01-31,ytd,0,2022-02-08
2232.4,Bank charges,2022-01-31,month,3787946,2022-03-01
2232.4,Bank charges,2022-01-31,ytd,3787946,2022-02-08
2232.5,Borrowing expense,2022-01-31,month,0,2022-03-01
2232.5,Borrowing expense,2022-01-31,ytd,0,2022-02-08
2232.7,Fee paid to VSD for getting the list of investors,2022-01-31,month,0,2022-03-01
2232.7,Fee paid to VSD for getting the list of investors,2022-01-31,ytd,0,2022-02-08
2233,Net Income from Investment Activities (= I - II),2022-01-31,month,1328118249,2022-03-01
2233,Net Income from Investment Activities (= I - II),2022-01-31,ytd,1328118249,2022-02-08
2234,Gain / (Loss) from Investment Activities,2022-01-31,month,-246735479,2022-03-01
2234,Gain / (Loss) from Investment Activities,2022-01-31,ytd,-246735479,2022-02-08
2235,Realised Gain / (Loss) from disposal of investment or real estate transfer,2022-01-31,month,0,2022-03-01
2235,Realised Gain / (Loss) from disposal of investment or real estate transfer,2022-01-31,ytd,0,2022-02-08
2236,Unrealised Gain / (Loss) due to market price,2022-01-31,month,-246735479,2022-03-01
2236,Unrealised Gain / (Loss) due to market price,2022-01-31,ytd,-246735479,2022-02-08
2237,Change of Net Asset Value of the Fund due to investment activities during the period (= III + IV),2022-01-31,month,1081382770,2022-03-01
2237,Change of Net Asset Value of the Fund due to investment activities during the period (= III + IV),2022-01-31,ytd,1081382770,2022-02-08
2238,Net Asset Value at the beginning of period,2022-01-31,month,271332225925,2022-03-01
2238,Net Asset Value at the beginning of period,2022-01-31,ytd,271332225925,2022-02-08
2239.1,Change of Net Asset Value due to investment activities during the period,2022-01-31,month,1081382770,2022-03-01
2239.1,Change of Net Asset Value due to investment activities during the period,2022-01-31,ytd,1081382770,2022-02-08
2239.2,Change of Net Asset Value due to  dividends payment to investors during the period,2022-01-31,month,0,2022-03-01
2239.2,Change of Net Asset Value due to  dividends payment to investors during the period,2022-01-31,ytd,0,2022-02-08
2239.3,Change of Net Asset Value due to subscription/redemption during the period,2022-01-31,month,2096035854,2022-03-01
2239.3,Change of Net Asset Value due to subscription/redemption during the period,2022-01-31,ytd,2096035854,2022-02-08
2239.3.1,Change of Net Asset Value due to subscription during the period,2022-01-31,month,4441959510,2022-03-01
2239.3.1,Change of Net Asset Value due to subscription during the period,2022-01-31,ytd,4441959510,2022-02-08
2239.3.2,Change of Net Asset Value due to redemption during the period,2022-01-31,month,-2345923656,2022-03-01
2239.3.2,Change of Net Asset Value due to redemption during the period,2022-01-31,ytd,-2345923656,2022-02-08
2243,Net Asset Value at the end of period,2022-01-31,month,274509644549,2022-03-01
2243,Net Asset Value at the end of period,2022-01-31,ytd,274509644549,2022-02-08
2244,Average annual profit (only applicable to annual report),2022-01-31,month,0,2022-03-01
2244,Average annual profit (only applicable to annual report),2022-01-31,ytd,0,2022-02-08
2245,Average annual rate of return (only applicable to annual report),2022-01-31,month,0,2022-03-01
2245,Average annual rate of return (only applicable to annual report),2022-01-31,ytd,0,2022-02-08
,Change of Net Asset Value of the Fund during the period,2022-02-28,month,2470100511,2022-04-04
,Change of Net Asset Value of the Fund during the period,2022-02-28,ytd,5647519135,2022-03-01
,Other Expenses,2022-02-28,month,0,2022-04-04
,Other Expenses,2022-02-28,ytd,0,2022-03-01
,Other incomes,2022-02-28,month,0,2022-04-04
,Other incomes,2022-02-28,ytd,0,2022-03-01
2220,Income from Investment Activities,2022-02-28,month,1614823622,2022-04-04
2220,Income from Investment Activities,2022-02-28,ytd,3326076283,2022-03-01
2221,"Dividend income, interest income from bonds",2022-02-28,month,900648766,2022-04-04
2221,"Dividend income, interest income from bonds",2022-02-28,ytd,1800672291,2022-03-01
2221.1,Dividends income,2022-02-28,month,0,2022-04-04
2221.1,Dividends income,2022-02-28,ytd,0,2022-03-01
2221.2,Interest income from bonds,2022-02-28,month,900648766,2022-04-04
2221.2,Interest income from bonds,2022-02-28,ytd,1800672291,2022-03-01
2222,Interest income,2022-02-28,month,714174856,2022-04-04
2222,Interest income,2022-02-28,ytd,1525403992,2022-03-01
2222.1,Interest income from bank deposits,2022-02-28,month,199215953,2022-04-04
2222.1,Interest income from bank deposits,2022-02-28,ytd,401486184,2022-03-01
2222.2,Interest income from Certificates of Deposit,2022-02-28,month,514958903,2022-04-04
2222.2,Interest income from Certificates of Deposit,2022-02-28,ytd,1123917808,2022-03-01
2222.3,Interest income from reverse repo contracts,2022-02-28,month,0,2022-04-04
2222.3,Interest income from reverse repo contracts,2022-02-28,ytd,0,2022-03-01
2223.1,Other investment incomes,2022-02-28,month,0,2022-04-04
2223.1,Other investment incomes,2022-02-28,ytd,0,2022-03-01
2223.3,"Provision expense for bad debts from dividends, interest income and written off bad debts from dividends, interest income",2022-02-28,month,0,2022-04-04
2223.3,"Provision expense for bad debts from dividends, interest income and written off bad debts from dividends, interest income",2022-02-28,ytd,0,2022-03-01
2224,Expenses,2022-02-28,month,361801710,2022-04-04
2224,Expenses,2022-02-28,ytd,744936122,2022-03-01
2225,Management Fee paid to Fund Management Company,2022-02-28,month,253918868,2022-04-04
2225,Management Fee paid to Fund Management Company,2022-02-28,ytd,531761397,2022-03-01
2226,"Custody fee, Supervising fee paid to Supervising Bank/VSD",2022-02-28,month,30114763,2022-04-04
2226,"Custody fee, Supervising fee paid to Supervising Bank/VSD",2022-02-28,ytd,62478940,2022-03-01
2226.1,Custodian service - Safe Custody Fee,2022-02-28,month,11500000,2022-04-04
2226.1,Custodian service - Safe Custody Fee,2022-02-28,ytd,23076772,2022-03-01
2226.2,Custodian service - Transaction fee,2022-02-28,month,300000,2022-04-04
2226.2,Custodian service - Transaction fee,2022-02-28,ytd,2800000,2022-03-01
2226.3,"Custodian service -  Depository fee, Position and Margin management fee paid to VSD",2022-02-28,month,164763,2022-04-04
2226.3,"Custodian service -  Depository fee, Position and Margin management fee paid to VSD",2022-02-28,ytd,302168,2022-03-01
2226.4,Supervisory fee,2022-02-28,month,18150000,2022-04-04
2226.4,Supervisory fee,2022-02-28,ytd,36300000,2022-03-01
2227,"Fund Administration Fee, and other fees paid to relevant Fund's service providers",2022-02-28,month,48262500,2022-04-04
2227,"Fund Administration Fee, and other fees paid to relevant Fund's service providers",2022-02-28,ytd,96525000,2022-03-01
2227.1,Fund Administration Fee,2022-02-28,month,37262500,2022-04-04
2227.1,Fund Administration Fee,2022-02-28,ytd,74525000,2022-03-01
2227.2,Transfer Agency Fee,2022-02-28,month,11000000,2022-04-04
2227.2,Transfer Agency Fee,2022-02-28,ytd,22000000,2022-03-01
2228,Audit fee,2022-02-28,month,7172603,2022-04-04
2228,Audit fee,2022-02-28,ytd,15113699,2022-03-01
2229,"Legal consultancy expenses, price feed fee, other valid expenses, remuneration paid to Fund's Board of Representatives",2022-02-28,month,9690411,2022-04-04
2229,"Legal consultancy expenses, price feed fee, other valid expenses, remuneration paid to Fund's Board of Representatives",2022-02-28,ytd,19454795,2022-03-01
2229.1,Remuneration of Fund's Board of Representatives,2022-02-28,month,9690411,2022-04-04
2229.1,Remuneration of Fund's Board of Representatives,2022-02-28,ytd,19454795,2022-03-01
2229.2,Price feed fee,2022-02-28,month,0,2022-04-04
2229.2,Price feed fee,2022-02-28,ytd,0,2022-03-01
2229.3,Legal consultancy expenses,2022-02-28,month,0,2022-04-04
2229.3,Legal consultancy expenses,2022-02-28,ytd,0,2022-03-01
2230,"Fee for drafting, printing, distribution of prospectus, summarised prospectus, financial statements, transaction confirmations, account statements and other documents to investors; information disclosure fee; fee for organising annual general meeting, board of representatives meeting",2022-02-28,month,0,2022-04-04
2230,"Fee for drafting, printing, distribution of prospectus, summarised prospectus, financial statements, transaction confirmations, account statements and other documents to investors; information disclosure fee; fee for organising annual general meeting, board of representatives meeting",2022-02-28,ytd,0,2022-03-01
2230.1,Meeting expenses,2022-02-28,month,0,2022-04-04
2230.1,Meeting expenses,2022-02-28,ytd,0,2022-03-01
2230.2,Annual report expenses,2022-02-28,month,0,2022-04-04
2230.2,Annual report expenses,2022-02-28,ytd,0,2022-03-01
2230.3,"Fund's Board of Representatives meeting, travelling expenses",2022-02-28,month,0,2022-04-04
2230.3,"Fund's Board of Representatives meeting, travelling expenses",2022-02-28,ytd,0,2022-03-01
2230.4,Expenses of information disclosure of the Fund,2022-02-28,month,0,2022-04-04
2230.4,Expenses of information disclosure of the Fund,2022-02-28,ytd,0,2022-03-01
2230.5,"Designing, printing, posting... expenses",2022-02-28,month,0,2022-04-04
2230.5,"Designing, printing, posting... expenses",2022-02-28,ytd,0,2022-03-01
2231,Expenses related to execution of Fund’s asset transactions,2022-02-28,month,4547115,2022-04-04
2231,Expenses related to execution of Fund’s asset transactions,2022-02-28,ytd,7718895,2022-03-01
2231.1,Brokerage fee,2022-02-28,month,4547115,2022-04-04
2231.1,Brokerage fee,2022-02-28,ytd,7616895,2022-03-01
2231.2,Clearing settlement fee,2022-02-28,month,0,2022-04-04
2231.2,Clearing settlement fee,2022-02-28,ytd,102000,2022-03-01
2232,Other expenses,2022-02-28,month,8095450,2022-04-04
2232,Other expenses,2022-02-28,ytd,11883396,2022-03-01
2232.1,Set up Expenses,2022-02-28,month,0,2022-04-04
2232.1,Set up Expenses,2022-02-28,ytd,0,2022-03-01
2232.2,"Listing, registration fees",2022-02-28,month,0,2022-04-04
2232.2,"Listing, registration fees",2022-02-28,ytd,0,2022-03-01
2232.3,Annual management fee paid to SSC,2022-02-28,month,0,2022-04-04
2232.3,Annual management fee paid to SSC,2022-02-28,ytd,0,2022-03-01
2232.4,Bank charges,2022-02-28,month,8095450,2022-04-04
2232.4,Bank charges,2022-02-28,ytd,11883396,2022-03-01
2232.5,Borrowing expense,2022-02-28,month,0,2022-04-04
2232.5,Borrowing expense,2022-02-28,ytd,0,2022-03-01
2232.7,Fee paid to VSD for getting the list of investors,2022-02-28,month,0,2022-04-04
2232.7,Fee paid to VSD for getting the list of investors,2022-02-28,ytd,0,2022-03-01
2233,Net Income from Investment Activities (= I - II),2022-02-28,month,1253021912,2022-04-04
2233,Net Income from Investment Activities (= I - II),2022-02-28,ytd,2581140161,2022-03-01
2234,Gain / (Loss) from Investment Activities,2022-02-28,month,665735479,2022-04-04
2234,Gain / (Loss) from Investment Activities,2022-02-28,ytd,419000000,2022-03-01
2235,Realised Gain / (Loss) from disposal of investment or real estate transfer,2022-02-28,month,475804931,2022-04-04
2235,Realised Gain / (Loss) from disposal of investment or real estate transfer,2022-02-28,ytd,475804931,2022-03-01
2236,Unrealised Gain / (Loss) due to market price,2022-02-28,month,189930548,2022-04-04
2236,Unrealised Gain / (Loss) due to market price,2022-02-28,ytd,-56804931,2022-03-01
2237,Change of Net Asset Value of the Fund due to investment activities during the period (= III + IV),2022-02-28,month,1918757391,2022-04-04
2237,Change of Net Asset Value of the Fund due to investment activities during the period (= III + IV),2022-02-28,ytd,3000140161,2022-03-01
2238,Net Asset Value at the beginning of period,2022-02-28,month,274509644549,2022-04-04
2238,Net Asset Value at the beginning of period,2022-02-28,ytd,271332225925,2022-03-01
2239.1,Change of Net Asset Value due to investment activities during the period,2022-02-28,month,1918757391,2022-04-04
2239.1,Change of Net Asset Value due to investment activities during the period,2022-02-28,ytd,3000140161,2022-03-01
2239.2,Change of Net Asset Value due to  dividends payment to investors during the period,2022-02-28,month,0,2022-04-04
2239.2,Change of Net Asset Value due to  dividends payment to investors during the period,2022-02-28,ytd,0,2022-03-01
2239.3,Change of Net Asset Value due to subscription/redemption during the period,2022-02-28,month,551343120,2022-04-04
2239.3,Change of Net Asset Value due to subscription/redemption during the period,2022-02-28,ytd,2647378974,2022-03-01
2239.3.1,Change of Net Asset Value due to subscription during the period,2022-02-28,month,3466505138,2022-04-04
2239.3.1,Change of Net Asset Value due to subscription during the period,2022-02-28,ytd,7908464648,2022-03-01
2239.3.2,Change of Net Asset Value due to redemption during the period,2022-02-28,month,-2915162018,2022-04-04
2239.3.2,Change of Net Asset Value due to redemption during the period,2022-02-28,ytd,-5261085674,2022-03-01
2243,Net Asset Value at the end of period,2022-02-28,month,276979745060,2022-04-04
2243,Net Asset Value at the end of period,2022-02-28,ytd,276979745060,2022-03-01
2244,Average annual profit (only applicable to annual report),2022-02-28,month,0,2022-04-04
2244,Average annual profit (only applicable to annual report),2022-02-28,ytd,0,2022-03-01
2245,Average annual rate of return (only applicable to annual report),2022-02-28,month,0,2022-04-04
2245,Average annual rate of return (only applicable to annual report),2022-02-28,ytd,0,2022-03-01
,Change of Net Asset Value of the Fund during the period,2022-03-31,month,3184841421,2022-05-05
,Change of Net Asset Value of the Fund during the period,2022-03-31,ytd,8832360556,2022-04-04
,Other Expenses,2022-03-31,month,0,2022-05-05
,Other Expenses,2022-03-31,ytd,0,2022-04-04
,Other incomes,2022-03-31,month,0,2022-05-05
,Other incomes,2022-03-31,ytd,0,2022-04-04
2220,Income from Investment Activities,2022-03-31,month,1860458895,2022-05-05
2220,Income from Investment Activities,2022-03-31,ytd,5186535178,2022-04-04
2221,"Dividend income, interest income from bonds",2022-03-31,month,1283263287,2022-05-05
2221,"Dividend income, interest income from bonds",2022-03-31,ytd,3083935578,2022-04-04
2221.1,Dividends income,2022-03-31,month,0,2022-05-05
2221.1,Dividends income,2022-03-31,ytd,0,2022-04-04
2221.2,Interest income from bonds,2022-03-31,month,1283263287,2022-05-05
2221.2,Interest income from bonds,2022-03-31,ytd,3083935578,2022-04-04
2222,Interest income,2022-03-31,month,577195608,2022-05-05
2222,Interest income,2022-03-31,ytd,2102599600,2022-04-04
2222.1,Interest income from bank deposits,2022-03-31,month,240017525,2022-05-05
2222.1,Interest income from bank deposits,2022-03-31,ytd,641503709,2022-04-04
2222.2,Interest income from Certificates of Deposit,2022-03-31,month,337178083,2022-05-05
2222.2,Interest income from Certificates of Deposit,2022-03-31,ytd,1461095891,2022-04-04
2222.3,Interest income from reverse repo contracts,2022-03-31,month,0,2022-05-05
2222.3,Interest income from reverse repo contracts,2022-03-31,ytd,0,2022-04-04
2223.1,Other investment incomes,2022-03-31,month,0,2022-05-05
2223.1,Other investment incomes,2022-03-31,ytd,0,2022-04-04
2223.3,"Provision expense for bad debts from dividends, interest income and written off bad debts from dividends, interest income",2022-03-31,month,0,2022-05-05
2223.3,"Provision expense for bad debts from dividends, interest income and written off bad debts from dividends, interest income",2022-03-31,ytd,0,2022-04-04
2224,Expenses,2022-03-31,month,391236516,2022-05-05
2224,Expenses,2022-03-31,ytd,1136172638,2022-04-04
2225,Management Fee paid to Fund Management Company,2022-03-31,month,282727852,2022-05-05
2225,Management Fee paid to Fund Management Company,2022-03-31,ytd,814489249,2022-04-04
2226,"Custody fee, Supervising fee paid to Supervising Bank/VSD",2022-03-31,month,30539807,2022-05-05
2226,"Custody fee, Supervising fee paid to Supervising Bank/VSD",2022-03-31,ytd,93018747,2022-04-04
2226.1,Custodian service - Safe Custody Fee,2022-03-31,month,11780327,2022-05-05
2226.1,Custodian service - Safe Custody Fee,2022-03-31,ytd,34857099,2022-04-04
2226.2,Custodian service - Transaction fee,2022-03-31,month,450000,2022-05-05
2226.2,Custodian service - Transaction fee,2022-03-31,ytd,3250000,2022-04-04
2226.3,"Custodian service -  Depository fee, Position and Margin management fee paid to VSD",2022-03-31,month,159480,2022-05-05
2226.3,"Custodian service -  Depository fee, Position and Margin management fee paid to VSD",2022-03-31,ytd,461648,2022-04-04
2226.4,Supervisory fee,2022-03-31,month,18150000,2022-05-05
2226.4,Supervisory fee,2022-03-31,ytd,54450000,2022-04-04
2227,"Fund Administration Fee, and other fees paid to relevant Fund's service providers",2022-03-31,month,48262500,2022-05-05
2227,"Fund Administration Fee, and other fees paid to relevant Fund's service providers",2022-03-31,ytd,144787500,2022-04-04
2227.1,Fund Administration Fee,2022-03-31,month,37262500,2022-05-05
2227.1,Fund Administration Fee,2022-03-31,ytd,111787500,2022-04-04
2227.2,Transfer Agency Fee,2022-03-31,month,11000000,2022-05-05
2227.2,Transfer Agency Fee,2022-03-31,ytd,33000000,2022-04-04
2228,Audit fee,2022-03-31,month,7941096,2022-05-05
2228,Audit fee,2022-03-31,ytd,23054795,2022-04-04
2229,"Legal consultancy expenses, price feed fee, other valid expenses, remuneration paid to Fund's Board of Representatives",2022-03-31,month,9764383,2022-05-05
2229,"Legal consultancy expenses, price feed fee, other valid expenses, remuneration paid to Fund's Board of Representatives",2022-03-31,ytd,29219178,2022-04-04
2229.1,Remuneration of Fund's Board of Representatives,2022-03-31,month,9764383,2022-05-05
2229.1,Remuneration of Fund's Board of Representatives,2022-03-31,ytd,29219178,2022-04-04
2229.2,Price feed fee,2022-03-31,month,0,2022-05-05
2229.2,Price feed fee,2022-03-31,ytd,0,2022-04-04
2229.3,Legal consultancy expenses,2022-03-31,month,0,2022-05-05
2229.3,Legal consultancy expenses,2022-03-31,ytd,0,2022-04-04
2230,"Fee for drafting, printing, distribution of prospectus, summarised prospectus, financial statements, transaction confirmations, account statements and other documents to investors; information disclosure fee; fee for organising annual general meeting, board of representatives meeting",2022-03-31,month,0,2022-05-05
2230,"Fee for drafting, printing, distribution of prospectus, summarised prospectus, financial statements, transaction confirmations, account statements and other documents to investors; information disclosure fee; fee for organising annual general meeting, board of representatives meeting",2022-03-31,ytd,0,2022-04-04
2230.1,Meeting expenses,2022-03-31,month,0,2022-05-05
2230.1,Meeting expenses,2022-03-31,ytd,0,2022-04-04
2230.2,Annual report expenses,2022-03-31,month,0,2022-05-05
2230.2,Annual report expenses,2022-03-31,ytd,0,2022-04-04
2230.3,"Fund's Board of Representatives meeting, travelling expenses",2022-03-31,month,0,2022-05-05
2230.3,"Fund's Board of Representatives meeting, travelling expenses",2022-03-31,ytd,0,2022-04-04
2230.4,Expenses of information disclosure of the Fund,2022-03-31,month,0,2022-05-05
2230.4,Expenses of information disclosure of the Fund,2022-03-31,ytd,0,2022-04-04
2230.5,"Designing, printing, posting... expenses",2022-03-31,month,0,2022-05-05
2230.5,"Designing, printing, posting... expenses",2022-03-31,ytd,0,2022-04-04
2231,Expenses related to execution of Fund’s asset transactions,2022-03-31,month,3072728,2022-05-05
2231,Expenses related to execution of Fund’s asset transactions,2022-03-31,ytd,10791623,2022-04-04
2231.1,Brokerage fee,2022-03-31,month,3072728,2022-05-05
2231.1,Brokerage fee,2022-03-31,ytd,10689623,2022-04-04
2231.2,Clearing settlement fee,2022-03-31,month,0,2022-05-05
2231.2,Clearing settlement fee,2022-03-31,ytd,102000,2022-04-04
2232,Other expenses,2022-03-31,month,8928150,2022-05-05
2232,Other expenses,2022-03-31,ytd,20811546,2022-04-04
2232.1,Set up Expenses,2022-03-31,month,0,2022-05-05
2232.1,Set up Expenses,2022-03-31,ytd,0,2022-04-04
2232.2,"Listing, registration fees",2022-03-31,month,0,2022-05-05
2232.2,"Listing, registration fees",2022-03-31,ytd,0,2022-04-04
2232.3,Annual management fee paid to SSC,2022-03-31,month,0,2022-05-05
2232.3,Annual management fee paid to SSC,2022-03-31,ytd,0,2022-04-04
2232.4,Bank charges,2022-03-31,month,7828150,2022-05-05
2232.4,Bank charges,2022-03-31,ytd,19711546,2022-04-04
2232.5,Borrowing expense,2022-03-31,month,0,2022-05-05
2232.5,Borrowing expense,2022-03-31,ytd,0,2022-04-04
2232.7,Fee paid to VSD for getting the list of investors,2022-03-31,month,1100000,2022-05-05
2232.7,Fee paid to VSD for getting the list of investors,2022-03-31,ytd,1100000,2022-04-04
2233,Net Income from Investment Activities (= I - II),2022-03-31,month,1469222379,2022-05-05
2233,Net Income from Investment Activities (= I - II),2022-03-31,ytd,4050362540,2022-04-04
2234,Gain / (Loss) from Investment Activities,2022-03-31,month,-135776143,2022-05-05
2234,Gain / (Loss) from Investment Activities,2022-03-31,ytd,283223857,2022-04-04
2235,Realised Gain / (Loss) from disposal of investment or real estate transfer,2022-03-31,month,0,2022-05-05
2235,Realised Gain / (Loss) from disposal of investment or real estate transfer,2022-03-31,ytd,475804931,2022-04-04
2236,Unrealised Gain / (Loss) due to market price,2022-03-31,month,-135776143,2022-05-05
2236,Unrealised Gain / (Loss) due to market price,2022-03-31,ytd,-192581074,2022-04-04
2237,Change of Net Asset Value of the Fund due to investment activities during the period (= III + IV),2022-03-31,month,1333446236,2022-05-05
2237,Change of Net Asset Value of the Fund due to investment activities during the period (= III + IV),2022-03-31,ytd,4333586397,2022-04-04
2238,Net Asset Value at the beginning of period,2022-03-31,month,276979745060,2022-05-05
2238,Net Asset Value at the beginning of period,2022-03-31,ytd,271332225925,2022-04-04
2239.1,Change of Net Asset Value due to investment activities during the period,2022-03-31,month,1333446236,2022-05-05
2239.1,Change of Net Asset Value due to investment activities during the period,2022-03-31,ytd,4333586397,2022-04-04
2239.2,Change of Net Asset Value due to  dividends payment to investors during the period,2022-03-31,month,0,2022-05-05
2239.2,Change of Net Asset Value due to  dividends payment to investors during the period,2022-03-31,ytd,0,2022-04-04
2239.3,Change of Net Asset Value due to subscription/redemption during the period,2022-03-31,month,1851395185,2022-05-05
2239.3,Change of Net Asset Value due to subscription/redemption during the period,2022-03-31,ytd,4498774159,2022-04-04
2239.3.1,Change of Net Asset Value due to subscription during the period,2022-03-31,month,7700882399,2022-05-05
2239.3.1,Change of Net Asset Value due to subscription during the period,2022-03-31,ytd,15609347047,2022-04-04
2239.3.2,Change of Net Asset Value due to redemption during the period,2022-03-31,month,-5849487214,2022-05-05
2239.3.2,Change of Net Asset Value due to redemption during the period,2022-03-31,ytd,-11110572888,2022-04-04
2243,Net Asset Value at the end of period,2022-03-31,month,280164586481,2022-05-05
2243,Net Asset Value at the end of period,2022-03-31,ytd,280164586481,2022-04-04
2244,Average annual profit (only applicable to annual report),2022-03-31,month,0,2022-05-05
2244,Average annual profit (only applicable to annual report),2022-03-31,ytd,0,2022-04-04
2245,Average annual rate of return (only applicable to annual report),2022-03-31,month,0,2022-05-05
2245,Average annual rate of return (only applicable to annual report),2022-03-31,ytd,0,2022-04-04
,Change of Net Asset Value of the Fund during the period,2022-04-30,month,13732299331,2022-06-01
,Change of Net Asset Value of the Fund during the period,2022-04-30,ytd,22564659887,2022-05-05
,Other Expenses,2022-04-30,month,0,2022-06-01
,Other Expenses,2022-04-30,ytd,0,2022-05-05
,Other incomes,2022-04-30,month,0,2022-06-01
,Other incomes,2022-04-30,ytd,0,2022-05-05
2220,Income from Investment Activities,2022-04-30,month,1853100655,2022-06-01
2220,Income from Investment Activities,2022-04-30,ytd,7039635833,2022-05-05
2221,"Dividend income, interest income from bonds",2022-04-30,month,1271493277,2022-06-01
2221,"Dividend income, interest income from bonds",2022-04-30,ytd,4355428855,2022-05-05
2221.1,Dividends income,2022-04-30,month,0,2022-06-01
2221.1,Dividends income,2022-04-30,ytd,0,2022-05-05
2221.2,Interest income from bonds,2022-04-30,month,1271493277,2022-06-01
2221.2,Interest income from bonds,2022-04-30,ytd,4355428855,2022-05-05
2222,Interest income,2022-04-30,month,581607378,2022-06-01
2222,Interest income,2022-04-30,ytd,2684206978,2022-05-05
2222.1,Interest income from bank deposits,2022-04-30,month,255306009,2022-06-01
2222.1,Interest income from bank deposits,2022-04-30,ytd,896809718,2022-05-05
2222.2,Interest income from Certificates of Deposit,2022-04-30,month,326301369,2022-06-01
2222.2,Interest income from Certificates of Deposit,2022-04-30,ytd,1787397260,2022-05-05
2222.3,Interest income from reverse repo contracts,2022-04-30,month,0,2022-06-01
2222.3,Interest income from reverse repo contracts,2022-04-30,ytd,0,2022-05-05
2223.1,Other investment incomes,2022-04-30,month,0,2022-06-01
2223.1,Other investment incomes,2022-04-30,ytd,0,2022-05-05
2223.3,"Provision expense for bad debts from dividends, interest income and written off bad debts from dividends, interest income",2022-04-30,month,0,2022-06-01
2223.3,"Provision expense for bad debts from dividends, interest income and written off bad debts from dividends, interest income",2022-04-30,ytd,0,2022-05-05
2224,Expenses,2022-04-30,month,425419806,2022-06-01
2224,Expenses,2022-04-30,ytd,1561592444,2022-05-05
2225,Management Fee paid to Fund Management Company,2022-04-30,month,284230811,2022-06-01
2225,Management Fee paid to Fund Management Company,2022-04-30,ytd,1098720060,2022-05-05
2226,"Custody fee, Supervising fee paid to Supervising Bank/VSD",2022-04-30,month,30457592,2022-06-01
2226,"Custody fee, Supervising fee paid to Supervising Bank/VSD",2022-04-30,ytd,123476339,2022-05-05
2226.1,Custodian service - Safe Custody Fee,2022-04-30,month,11842952,2022-06-01
2226.1,Custodian service - Safe Custody Fee,2022-04-30,ytd,46700051,2022-05-05
2226.2,Custodian service - Transaction fee,2022-04-30,month,300000,2022-06-01
2226.2,Custodian service - Transaction fee,2022-04-30,ytd,3550000,2022-05-05
2226.3,"Custodian service -  Depository fee, Position and Margin management fee paid to VSD",2022-04-30,month,164640,2022-06-01
2226.3,"Custodian service -  Depository fee, Position and Margin management fee paid to VSD",2022-04-30,ytd,626288,2022-05-05
2226.4,Supervisory fee,2022-04-30,month,18150000,2022-06-01
2226.4,Supervisory fee,2022-04-30,ytd,72600000,2022-05-05
2227,"Fund Administration Fee, and other fees paid to relevant Fund's service providers",2022-04-30,month,48262500,2022-06-01
2227,"Fund Administration Fee, and other fees paid to relevant Fund's service providers",2022-04-30,ytd,193050000,2022-05-05
2227.1,Fund Administration Fee,2022-04-30,month,37262500,2022-06-01
2227.1,Fund Administration Fee,2022-04-30,ytd,149050000,2022-05-05
2227.2,Transfer Agency Fee,2022-04-30,month,11000000,2022-06-01
2227.2,Transfer Agency Fee,2022-04-30,ytd,44000000,2022-05-05
2228,Audit fee,2022-04-30,month,7684931,2022-06-01
2228,Audit fee,2022-04-30,ytd,30739726,2022-05-05
2229,"Legal consultancy expenses, price feed fee, other valid expenses, remuneration paid to Fund's Board of Representatives",2022-04-30,month,38706392,2022-06-01
2229,"Legal consultancy expenses, price feed fee, other valid expenses, remuneration paid to Fund's Board of Representatives",2022-04-30,ytd,67925570,2022-05-05
2229.1,Remuneration of Fund's Board of Representatives,2022-04-30,month,9739726,2022-06-01
2229.1,Remuneration of Fund's Board of Representatives,2022-04-30,ytd,38958904,2022-05-05
2229.2,Price feed fee,2022-04-30,month,28966666,2022-06-01
2229.2,Price feed fee,2022-04-30,ytd,28966666,2022-05-05
2229.3,Legal consultancy expenses,2022-04-30,month,0,2022-06-01
2229.3,Legal consultancy expenses,2022-04-30,ytd,0,2022-05-05
2230,"Fee for drafting, printing, distribution of prospectus, summarised prospectus, financial statements, transaction confirmations, account statements and other documents to investors; information disclosure fee; fee for organising annual general meeting, board of representatives meeting",2022-04-30,month,0,2022-06-01
2230,"Fee for drafting, printing, distribution of prospectus, summarised prospectus, financial statements, transaction confirmations, account statements and other documents to investors; information disclosure fee; fee for organising annual general meeting, board of representatives meeting",2022-04-30,ytd,0,2022-05-05
2230.1,Meeting expenses,2022-04-30,month,0,2022-06-01
2230.1,Meeting expenses,2022-04-30,ytd,0,2022-05-05
2230.2,Annual report expenses,2022-04-30,month,0,2022-06-01
2230.2,Annual report expenses,2022-04-30,ytd,0,2022-05-05
2230.3,"Fund's Board of Representatives meeting, travelling expenses",2022-04-30,month,0,2022-06-01
2230.3,"Fund's Board of Representatives meeting, travelling expenses",2022-04-30,ytd,0,2022-05-05
2230.4,Expenses of information disclosure of the Fund,2022-04-30,month,0,2022-06-01
2230.4,Expenses of information disclosure of the Fund,2022-04-30,ytd,0,2022-05-05
2230.5,"Designing, printing, posting... expenses",2022-04-30,month,0,2022-06-01
2230.5,"Designing, printing, posting... expenses",2022-04-30,ytd,0,2022-05-05
2231,Expenses related to execution of Fund’s asset transactions,2022-04-30,month,5694130,2022-06-01
2231,Expenses related to execution of Fund’s asset transactions,2022-04-30,ytd,16485753,2022-05-05
2231.1,Brokerage fee,2022-04-30,month,5694130,2022-06-01
2231.1,Brokerage fee,2022-04-30,ytd,16383753,2022-05-05
2231.2,Clearing settlement fee,2022-04-30,month,0,2022-06-01
2231.2,Clearing settlement fee,2022-04-30,ytd,102000,2022-05-05
2232,Other expenses,2022-04-30,month,10383450,2022-06-01
2232,Other expenses,2022-04-30,ytd,31194996,2022-05-05
2232.1,Set up Expenses,2022-04-30,month,0,2022-06-01
2232.1,Set up Expenses,2022-04-30,ytd,0,2022-05-05
2232.2,"Listing, registration fees",2022-04-30,month,0,2022-06-01
2232.2,"Listing, registration fees",2022-04-30,ytd,0,2022-05-05
2232.3,Annual management fee paid to SSC,2022-04-30,month,0,2022-06-01
2232.3,Annual management fee paid to SSC,2022-04-30,ytd,0,2022-05-05
2232.4,Bank charges,2022-04-30,month,10383450,2022-06-01
2232.4,Bank charges,2022-04-30,ytd,30094996,2022-05-05
2232.5,Borrowing expense,2022-04-30,month,0,2022-06-01
2232.5,Borrowing expense,2022-04-30,ytd,0,2022-05-05
2232.7,Fee paid to VSD for getting the list of investors,2022-04-30,month,0,2022-06-01
2232.7,Fee paid to VSD for getting the list of investors,2022-04-30,ytd,1100000,2022-05-05
2233,Net Income from Investment Activities (= I - II),2022-04-30,month,1427680849,2022-06-01
2233,Net Income from Investment Activities (= I - II),2022-04-30,ytd,5478043389,2022-05-05
2234,Gain / (Loss) from Investment Activities,2022-04-30,month,-48779776,2022-06-01
2234,Gain / (Loss) from Investment Activities,2022-04-30,ytd,234444081,2022-05-05
2235,Realised Gain / (Loss) from disposal of investment or real estate transfer,2022-04-30,month,-11500750,2022-06-01
2235,Realised Gain / (Loss) from disposal of investment or real estate transfer,2022-04-30,ytd,464304181,2022-05-05
2236,Unrealised Gain / (Loss) due to market price,2022-04-30,month,-37279026,2022-06-01
2236,Unrealised Gain / (Loss) due to market price,2022-04-30,ytd,-229860100,2022-05-05
2237,Change of Net Asset Value of the Fund due to investment activities during the period (= III + IV),2022-04-30,month,1378901073,2022-06-01
2237,Change of Net Asset Value of the Fund due to investment activities during the period (= III + IV),2022-04-30,ytd,5712487470,2022-05-05
2238,Net Asset Value at the beginning of period,2022-04-30,month,280164586481,2022-06-01
2238,Net Asset Value at the beginning of period,2022-04-30,ytd,271332225925,2022-05-05
2239.1,Change of Net Asset Value due to investment activities during the period,2022-04-30,month,1378901073,2022-06-01
2239.1,Change of Net Asset Value due to investment activities during the period,2022-04-30,ytd,5712487470,2022-05-05
2239.2,Change of Net Asset Value due to  dividends payment to investors during the period,2022-04-30,month,0,2022-06-01
2239.2,Change of Net Asset Value due to  dividends payment to investors during the period,2022-04-30,ytd,0,2022-05-05
2239.3,Change of Net Asset Value due to subscription/redemption during the period,2022-04-30,month,12353398258,2022-06-01
2239.3,Change of Net Asset Value due to subscription/redemption during the period,2022-04-30,ytd,16852172417,2022-05-05
2239.3.1,Change of Net Asset Value due to subscription during the period,2022-04-30,month,18870279247,2022-06-01
2239.3.1,Change of Net Asset Value due to subscription during the period,2022-04-30,ytd,34479626294,2022-05-05
2239.3.2,Change of Net Asset Value due to redemption during the period,2022-04-30,month,-6516880989,2022-06-01
2239.3.2,Change of Net Asset Value due to redemption during the period,2022-04-30,ytd,-17627453877,2022-05-05
2243,Net Asset Value at the end of period,2022-04-30,month,293896885812,2022-06-01
2243,Net Asset Value at the end of period,2022-04-30,ytd,293896885812,2022-05-05
2244,Average annual profit (only applicable to annual report),2022-04-30,month,0,2022-06-01
2244,Average annual profit (only applicable to annual report),2022-04-30,ytd,0,2022-05-05
2245,Average annual rate of return (only applicable to annual report),2022-04-30,month,0,2022-06-01
2245,Average annual rate of return (only applicable to annual report),2022-04-30,ytd,0,2022-05-05
,Change of Net Asset Value of the Fund during the period,2022-05-31,month,15086818445,2022-07-01
,Change of Net Asset Value of the Fund during the period,2022-05-31,ytd,37651478332,2022-06-01
,Other Expenses,2022-05-31,month,0,2022-07-01
,Other Expenses,2022-05-31,ytd,0,2022-06-01
,Other incomes,2022-05-31,month,0,2022-07-01
,Other incomes,2022-05-31,ytd,0,2022-06-01
2220,Income from Investment Activities,2022-05-31,month,2030166300,2022-07-01
2220,Income from Investment Activities,2022-05-31,ytd,9069802133,2022-06-01
2221,"Dividend income, interest income from bonds",2022-05-31,month,1457164656,2022-07-01
2221,"Dividend income, interest income from bonds",2022-05-31,ytd,5812593511,2022-06-01
2221.1,Dividends income,2022-05-31,month,0,2022-07-01
2221.1,Dividends income,2022-05-31,ytd,0,2022-06-01
2221.2,Interest income from bonds,2022-05-31,month,1457164656,2022-07-01
2221.2,Interest income from bonds,2022-05-31,ytd,5812593511,2022-06-01
2222,Interest income,2022-05-31,month,573001644,2022-07-01
2222,Interest income,2022-05-31,ytd,3257208622,2022-06-01
2222.1,Interest income from bank deposits,2022-05-31,month,235823561,2022-07-01
2222.1,Interest income from bank deposits,2022-05-31,ytd,1132633279,2022-06-01
2222.2,Interest income from Certificates of Deposit,2022-05-31,month,337178083,2022-07-01
2222.2,Interest income from Certificates of Deposit,2022-05-31,ytd,2124575343,2022-06-01
2222.3,Interest income from reverse repo contracts,2022-05-31,month,0,2022-07-01
2222.3,Interest income from reverse repo contracts,2022-05-31,ytd,0,2022-06-01
2223.1,Other investment incomes,2022-05-31,month,0,2022-07-01
2223.1,Other investment incomes,2022-05-31,ytd,0,2022-06-01
2223.3,"Provision expense for bad debts from dividends, interest income and written off bad debts from dividends, interest income",2022-05-31,month,0,2022-07-01
2223.3,"Provision expense for bad debts from dividends, interest income and written off bad debts from dividends, interest income",2022-05-31,ytd,0,2022-06-01
2224,Expenses,2022-05-31,month,420186926,2022-07-01
2224,Expenses,2022-05-31,ytd,1981779370,2022-06-01
2225,Management Fee paid to Fund Management Company,2022-05-31,month,304446078,2022-07-01
2225,Management Fee paid to Fund Management Company,2022-05-31,ytd,1403166138,2022-06-01
2226,"Custody fee, Supervising fee paid to Supervising Bank/VSD",2022-05-31,month,31675134,2022-07-01
2226,"Custody fee, Supervising fee paid to Supervising Bank/VSD",2022-05-31,ytd,155151473,2022-06-01
2226.1,Custodian service - Safe Custody Fee,2022-05-31,month,12685253,2022-07-01
2226.1,Custodian service - Safe Custody Fee,2022-05-31,ytd,59385304,2022-06-01
2226.2,Custodian service - Transaction fee,2022-05-31,month,600000,2022-07-01
2226.2,Custodian service - Transaction fee,2022-05-31,ytd,4150000,2022-06-01
2226.3,"Custodian service -  Depository fee, Position and Margin management fee paid to VSD",2022-05-31,month,239881,2022-07-01
2226.3,"Custodian service -  Depository fee, Position and Margin management fee paid to VSD",2022-05-31,ytd,866169,2022-06-01
2226.4,Supervisory fee,2022-05-31,month,18150000,2022-07-01
2226.4,Supervisory fee,2022-05-31,ytd,90750000,2022-06-01
2227,"Fund Administration Fee, and other fees paid to relevant Fund's service providers",2022-05-31,month,48262500,2022-07-01
2227,"Fund Administration Fee, and other fees paid to relevant Fund's service providers",2022-05-31,ytd,241312500,2022-06-01
2227.1,Fund Administration Fee,2022-05-31,month,37262500,2022-07-01
2227.1,Fund Administration Fee,2022-05-31,ytd,186312500,2022-06-01
2227.2,Transfer Agency Fee,2022-05-31,month,11000000,2022-07-01
2227.2,Transfer Agency Fee,2022-05-31,ytd,55000000,2022-06-01
2228,Audit fee,2022-05-31,month,9957302,2022-07-01
2228,Audit fee,2022-05-31,ytd,40697028,2022-06-01
2229,"Legal consultancy expenses, price feed fee, other valid expenses, remuneration paid to Fund's Board of Representatives",2022-05-31,month,6384792,2022-07-01
2229,"Legal consultancy expenses, price feed fee, other valid expenses, remuneration paid to Fund's Board of Representatives",2022-05-31,ytd,74310362,2022-06-01
2229.1,Remuneration of Fund's Board of Representatives,2022-05-31,month,6384792,2022-07-01
2229.1,Remuneration of Fund's Board of Representatives,2022-05-31,ytd,45343696,2022-06-01
2229.2,Price feed fee,2022-05-31,month,0,2022-07-01
2229.2,Price feed fee,2022-05-31,ytd,28966666,2022-06-01
2229.3,Legal consultancy expenses,2022-05-31,month,0,2022-07-01
2229.3,Legal consultancy expenses,2022-05-31,ytd,0,2022-06-01
2230,"Fee for drafting, printing, distribution of prospectus, summarised prospectus, financial statements, transaction confirmations, account statements and other documents to investors; information disclosure fee; fee for organising annual general meeting, board of representatives meeting",2022-05-31,month,0,2022-07-01
2230,"Fee for drafting, printing, distribution of prospectus, summarised prospectus, financial statements, transaction confirmations, account statements and other documents to investors; information disclosure fee; fee for organising annual general meeting, board of representatives meeting",2022-05-31,ytd,0,2022-06-01
2230.1,Meeting expenses,2022-05-31,month,0,2022-07-01
2230.1,Meeting expenses,2022-05-31,ytd,0,2022-06-01
2230.2,Annual report expenses,2022-05-31,month,0,2022-07-01
2230.2,Annual report expenses,2022-05-31,ytd,0,2022-06-01
2230.3,"Fund's Board of Representatives meeting, travelling expenses",2022-05-31,month,0,2022-07-01
2230.3,"Fund's Board of Representatives meeting, travelling expenses",2022-05-31,ytd,0,2022-06-01
2230.4,Expenses of information disclosure of the Fund,2022-05-31,month,0,2022-07-01
2230.4,Expenses of information disclosure of the Fund,2022-05-31,ytd,0,2022-06-01
2230.5,"Designing, printing, posting... expenses",2022-05-31,month,0,2022-07-01
2230.5,"Designing, printing, posting... expenses",2022-05-31,ytd,0,2022-06-01
2231,Expenses related to execution of Fund’s asset transactions,2022-05-31,month,9411795,2022-07-01
2231,Expenses related to execution of Fund’s asset transactions,2022-05-31,ytd,25897548,2022-06-01
2231.1,Brokerage fee,2022-05-31,month,9351795,2022-07-01
2231.1,Brokerage fee,2022-05-31,ytd,25735548,2022-06-01
2231.2,Clearing settlement fee,2022-05-31,month,60000,2022-07-01
2231.2,Clearing settlement fee,2022-05-31,ytd,162000,2022-06-01
2232,Other expenses,2022-05-31,month,10049325,2022-07-01
2232,Other expenses,2022-05-31,ytd,41244321,2022-06-01
2232.1,Set up Expenses,2022-05-31,month,0,2022-07-01
2232.1,Set up Expenses,2022-05-31,ytd,0,2022-06-01
2232.2,"Listing, registration fees",2022-05-31,month,0,2022-07-01
2232.2,"Listing, registration fees",2022-05-31,ytd,0,2022-06-01
2232.3,Annual management fee paid to SSC,2022-05-31,month,0,2022-07-01
2232.3,Annual management fee paid to SSC,2022-05-31,ytd,0,2022-06-01
2232.4,Bank charges,2022-05-31,month,10049325,2022-07-01
2232.4,Bank charges,2022-05-31,ytd,40144321,2022-06-01
2232.5,Borrowing expense,2022-05-31,month,0,2022-07-01
2232.5,Borrowing expense,2022-05-31,ytd,0,2022-06-01
2232.7,Fee paid to VSD for getting the list of investors,2022-05-31,month,0,2022-07-01
2232.7,Fee paid to VSD for getting the list of investors,2022-05-31,ytd,1100000,2022-06-01
2233,Net Income from Investment Activities (= I - II),2022-05-31,month,1609979374,2022-07-01
2233,Net Income from Investment Activities (= I - II),2022-05-31,ytd,7088022763,2022-06-01
2234,Gain / (Loss) from Investment Activities,2022-05-31,month,-93010140,2022-07-01
2234,Gain / (Loss) from Investment Activities,2022-05-31,ytd,141433941,2022-06-01
2235,Realised Gain / (Loss) from disposal of investment or real estate transfer,2022-05-31,month,0,2022-07-01
2235,Realised Gain / (Loss) from disposal of investment or real estate transfer,2022-05-31,ytd,464304181,2022-06-01
2236,Unrealised Gain / (Loss) due to market price,2022-05-31,month,-93010140,2022-07-01
2236,Unrealised Gain / (Loss) due to market price,2022-05-31,ytd,-322870240,2022-06-01
2237,Change of Net Asset Value of the Fund due to investment activities during the period (= III + IV),2022-05-31,month,1516969234,2022-07-01
2237,Change of Net Asset Value of the Fund due to investment activities during the period (= III + IV),2022-05-31,ytd,7229456704,2022-06-01
2238,Net Asset Value at the beginning of period,2022-05-31,month,293896885812,2022-07-01
2238,Net Asset Value at the beginning of period,2022-05-31,ytd,271332225925,2022-06-01
2239.1,Change of Net Asset Value due to investment activities during the period,2022-05-31,month,1516969234,2022-07-01
2239.1,Change of Net Asset Value due to investment activities during the period,2022-05-31,ytd,7229456704,2022-06-01
2239.2,Change of Net Asset Value due to  dividends payment to investors during the period,2022-05-31,month,0,2022-07-01
2239.2,Change of Net Asset Value due to  dividends payment to investors during the period,2022-05-31,ytd,0,2022-06-01
2239.3,Change of Net Asset Value due to subscription/redemption during the period,2022-05-31,month,13569849211,2022-07-01
2239.3,Change of Net Asset Value due to subscription/redemption during the period,2022-05-31,ytd,30422021628,2022-06-01
2239.3.1,Change of Net Asset Value due to subscription during the period,2022-05-31,month,18038718835,2022-07-01
2239.3.1,Change of Net Asset Value due to subscription during the period,2022-05-31,ytd,52518345129,2022-06-01
2239.3.2,Change of Net Asset Value due to redemption during the period,2022-05-31,month,-4468869624,2022-07-01
2239.3.2,Change of Net Asset Value due to redemption during the period,2022-05-31,ytd,-22096323501,2022-06-01
2243,Net Asset Value at the end of period,2022-05-31,month,308983704257,2022-07-01
2243,Net Asset Value at the end of period,2022-05-31,ytd,308983704257,2022-06-01
2244,Average annual profit (only applicable to annual report),2022-05-31,month,0,2022-07-01
2244,Average annual profit (only applicable to annual report),2022-05-31,ytd,0,2022-06-01
2245,Average annual rate of return (only applicable to annual report),2022-05-31,month,0,2022-07-01
2245,Average annual rate of return (only applicable to annual report),2022-05-31,ytd,0,2022-06-01
,Change of Net Asset Value of the Fund during the period,2022-06-30,month,52373823843,2022-08-01
,Change of Net Asset Value of the Fund during the period,2022-06-30,ytd,90025302175,2022-07-01
,Other Expenses,2022-06-30,month,0,2022-08-01
,Other Expenses,2022-06-30,month,3000000,2022-08-01
,Other Expenses,2022-06-30,ytd,0,2022-07-01
,Other Expenses,2022-06-30,ytd,3000000,2022-07-01
,Other incomes,2022-06-30,month,0,2022-08-01
,Other incomes,2022-06-30,ytd,0,2022-07-01
2220,Income from Investment Activities,2022-06-30,month,2265192976,2022-08-01
2220,Income from Investment Activities,2022-06-30,ytd,11334995109,2022-07-01
2221,"Dividend income, interest income from bonds",2022-06-30,month,1760665491,2022-08-01
2221,"Dividend income, interest income from bonds",2022-06-30,ytd,7573259002,2022-07-01
2221.1,Dividends income,2022-06-30,month,0,2022-08-01
2221.1,Dividends income,2022-06-30,ytd,0,2022-07-01
2221.2,Interest income from bonds,2022-06-30,month,1760665491,2022-08-01
2221.2,Interest income from bonds,2022-06-30,ytd,7573259002,2022-07-01
2222,Interest income,2022-06-30,month,504527485,2022-08-01
2222,Interest income,2022-06-30,ytd,3761736107,2022-07-01
2222.1,Interest income from bank deposits,2022-06-30,month,178226116,2022-08-01
2222.1,Interest income from bank deposits,2022-06-30,ytd,1310859395,2022-07-01
2222.2,Interest income from Certificates of Deposit,2022-06-30,month,326301369,2022-08-01
2222.2,Interest income from Certificates of Deposit,2022-06-30,ytd,2450876712,2022-07-01
2222.3,Interest income from reverse repo contracts,2022-06-30,month,0,2022-08-01
2222.3,Interest income from reverse repo contracts,2022-06-30,ytd,0,2022-07-01
2223.1,Other investment incomes,2022-06-30,month,0,2022-08-01
2223.1,Other investment incomes,2022-06-30,ytd,0,2022-07-01
2223.3,"Provision expense for bad debts from dividends, interest income and written off bad debts from dividends, interest income",2022-06-30,month,0,2022-08-01
2223.3,"Provision expense for bad debts from dividends, interest income and written off bad debts from dividends, interest income",2022-06-30,ytd,0,2022-07-01
2224,Expenses,2022-06-30,month,470312302,2022-08-01
2224,Expenses,2022-06-30,ytd,2452091672,2022-07-01
2225,Management Fee paid to Fund Management Company,2022-06-30,month,332335935,2022-08-01
2225,Management Fee paid to Fund Management Company,2022-06-30,ytd,1735502073,2022-07-01
2226,"Custody fee, Supervising fee paid to Supervising Bank/VSD",2022-06-30,month,32974132,2022-08-01
2226,"Custody fee, Supervising fee paid to Supervising Bank/VSD",2022-06-30,ytd,188125605,2022-07-01
2226.1,Custodian service - Safe Custody Fee,2022-06-30,month,13847331,2022-08-01
2226.1,Custodian service - Safe Custody Fee,2022-06-30,ytd,73232635,2022-07-01
2226.2,Custodian service - Transaction fee,2022-06-30,month,750000,2022-08-01
2226.2,Custodian service - Transaction fee,2022-06-30,ytd,4900000,2022-07-01
2226.3,"Custodian service -  Depository fee, Position and Margin management fee paid to VSD",2022-06-30,month,226801,2022-08-01
2226.3,"Custodian service -  Depository fee, Position and Margin management fee paid to VSD",2022-06-30,ytd,1092970,2022-07-01
2226.4,Supervisory fee,2022-06-30,month,18150000,2022-08-01
2226.4,Supervisory fee,2022-06-30,ytd,108900000,2022-07-01
2227,"Fund Administration Fee, and other fees paid to relevant Fund's service providers",2022-06-30,month,48262500,2022-08-01
2227,"Fund Administration Fee, and other fees paid to relevant Fund's service providers",2022-06-30,ytd,289575000,2022-07-01
2227.1,Fund Administration Fee,2022-06-30,month,37262500,2022-08-01
2227.1,Fund Administration Fee,2022-06-30,ytd,223575000,2022-07-01
2227.2,Transfer Agency Fee,2022-06-30,month,11000000,2022-08-01
2227.2,Transfer Agency Fee,2022-06-30,ytd,66000000,2022-07-01
2228,Audit fee,2022-06-30,month,9717642,2022-08-01
2228,Audit fee,2022-06-30,ytd,50414670,2022-07-01
2229,"Legal consultancy expenses, price feed fee, other valid expenses, remuneration paid to Fund's Board of Representatives",2022-06-30,month,6372385,2022-08-01
2229,"Legal consultancy expenses, price feed fee, other valid expenses, remuneration paid to Fund's Board of Representatives",2022-06-30,ytd,80682747,2022-07-01
2229.1,Remuneration of Fund's Board of Representatives,2022-06-30,month,6372385,2022-08-01
2229.1,Remuneration of Fund's Board of Representatives,2022-06-30,ytd,51716081,2022-07-01
2229.2,Price feed fee,2022-06-30,month,0,2022-08-01
2229.2,Price feed fee,2022-06-30,ytd,28966666,2022-07-01
2229.3,Legal consultancy expenses,2022-06-30,month,0,2022-08-01
2229.3,Legal consultancy expenses,2022-06-30,ytd,0,2022-07-01
2230,"Fee for drafting, printing, distribution of prospectus, summarised prospectus, financial statements, transaction confirmations, account statements and other documents to investors; information disclosure fee; fee for organising annual general meeting, board of representatives meeting",2022-06-30,month,0,2022-08-01
2230,"Fee for drafting, printing, distribution of prospectus, summarised prospectus, financial statements, transaction confirmations, account statements and other documents to investors; information disclosure fee; fee for organising annual general meeting, board of representatives meeting",2022-06-30,ytd,0,2022-07-01
2230.1,Meeting expenses,2022-06-30,month,0,2022-08-01
2230.1,Meeting expenses,2022-06-30,ytd,0,2022-07-01
2230.2,Annual report expenses,2022-06-30,month,0,2022-08-01
2230.2,Annual report expenses,2022-06-30,ytd,0,2022-07-01
2230.3,"Fund's Board of Representatives meeting, travelling expenses",2022-06-30,month,0,2022-08-01
2230.3,"Fund's Board of Representatives meeting, travelling expenses",2022-06-30,ytd,0,2022-07-01
2230.4,Expenses of information disclosure of the Fund,2022-06-30,month,0,2022-08-01
2230.4,Expenses of information disclosure of the Fund,2022-06-30,ytd,0,2022-07-01
2230.5,"Designing, printing, posting... expenses",2022-06-30,month,0,2022-08-01
2230.5,"Designing, printing, posting... expenses",2022-06-30,ytd,0,2022-07-01
2231,Expenses related to execution of Fund’s asset transactions,2022-06-30,month,22768933,2022-08-01
2231,Expenses related to execution of Fund’s asset transactions,2022-06-30,ytd,48666481,2022-07-01
2231.1,Brokerage fee,2022-06-30,month,19768933,2022-08-01
2231.1,Brokerage fee,2022-06-30,ytd,45504481,2022-07-01
2231.2,Clearing settlement fee,2022-06-30,month,0,2022-08-01
2231.2,Clearing settlement fee,2022-06-30,ytd,162000,2022-07-01
2232,Other expenses,2022-06-30,month,17880775,2022-08-01
2232,Other expenses,2022-06-30,ytd,59125096,2022-07-01
2232.1,Set up Expenses,2022-06-30,month,0,2022-08-01
2232.1,Set up Expenses,2022-06-30,ytd,0,2022-07-01
2232.2,"Listing, registration fees",2022-06-30,month,0,2022-08-01
2232.2,"Listing, registration fees",2022-06-30,ytd,0,2022-07-01
2232.3,Annual management fee paid to SSC,2022-06-30,month,0,2022-08-01
2232.3,Annual management fee paid to SSC,2022-06-30,ytd,0,2022-07-01
2232.4,Bank charges,2022-06-30,month,17880775,2022-08-01
2232.4,Bank charges,2022-06-30,ytd,58025096,2022-07-01
2232.5,Borrowing expense,2022-06-30,month,0,2022-08-01
2232.5,Borrowing expense,2022-06-30,ytd,0,2022-07-01
2232.7,Fee paid to VSD for getting the list of investors,2022-06-30,month,0,2022-08-01
2232.7,Fee paid to VSD for getting the list of investors,2022-06-30,ytd,1100000,2022-07-01
2233,Net Income from Investment Activities (= I - II),2022-06-30,month,1794880674,2022-08-01
2233,Net Income from Investment Activities (= I - II),2022-06-30,ytd,8882903437,2022-07-01
2234,Gain / (Loss) from Investment Activities,2022-06-30,month,-63497522,2022-08-01
2234,Gain / (Loss) from Investment Activities,2022-06-30,ytd,77936419,2022-07-01
2235,Realised Gain / (Loss) from disposal of investment or real estate transfer,2022-06-30,month,-108547302,2022-08-01
2235,Realised Gain / (Loss) from disposal of investment or real estate transfer,2022-06-30,ytd,355756879,2022-07-01
2236,Unrealised Gain / (Loss) due to market price,2022-06-30,month,45049780,2022-08-01
2236,Unrealised Gain / (Loss) due to market price,2022-06-30,ytd,-277820460,2022-07-01
2237,Change of Net Asset Value of the Fund due to investment activities during the period (= III + IV),2022-06-30,month,1731383152,2022-08-01
2237,Change of Net Asset Value of the Fund due to investment activities during the period (= III + IV),2022-06-30,ytd,8960839856,2022-07-01
2238,Net Asset Value at the beginning of period,2022-06-30,month,308983704257,2022-08-01
2238,Net Asset Value at the beginning of period,2022-06-30,ytd,271332225925,2022-07-01
2239.1,Change of Net Asset Value due to investment activities during the period,2022-06-30,month,1731383152,2022-08-01
2239.1,Change of Net Asset Value due to investment activities during the period,2022-06-30,ytd,8960839856,2022-07-01
2239.2,Change of Net Asset Value due to  dividends payment to investors during the period,2022-06-30,month,0,2022-08-01
2239.2,Change of Net Asset Value due to  dividends payment to investors during the period,2022-06-30,ytd,0,2022-07-01
2239.3,Change of Net Asset Value due to subscription/redemption during the period,2022-06-30,month,50642440691,2022-08-01
2239.3,Change of Net Asset Value due to subscription/redemption during the period,2022-06-30,ytd,81064462319,2022-07-01
2239.3.1,Change of Net Asset Value due to subscription during the period,2022-06-30,month,61332196595,2022-08-01
2239.3.1,Change of Net Asset Value due to subscription during the period,2022-06-30,ytd,113850541724,2022-07-01
2239.3.2,Change of Net Asset Value due to redemption during the period,2022-06-30,month,-10689755904,2022-08-01
2239.3.2,Change of Net Asset Value due to redemption during the period,2022-06-30,ytd,-32786079405,2022-07-01
2243,Net Asset Value at the end of period,2022-06-30,month,361357528100,2022-08-01
2243,Net Asset Value at the end of period,2022-06-30,ytd,361357528100,2022-07-01
2244,Average annual profit (only applicable to annual report),2022-06-30,month,0,2022-08-01
2244,Average annual profit (only applicable to annual report),2022-06-30,ytd,0,2022-07-01
2245,Average annual rate of return (only applicable to annual report),2022-06-30,month,0,2022-08-01
2245,Average annual rate of return (only applicable to annual report),2022-06-30,ytd,0,2022-07-01
,Change of Net Asset Value of the Fund during the period,2022-07-31,month,115462026090,2022-09-05
,Change of Net Asset Value of the Fund during the period,2022-07-31,ytd,205487328265,2022-08-01
,Other Expenses,2022-07-31,month,0,2022-09-05
,Other Expenses,2022-07-31,ytd,0,2022-08-01
,Other Expenses,2022-07-31,ytd,3000000,2022-08-01
,Other incomes,2022-07-31,month,0,2022-09-05
,Other incomes,2022-07-31,ytd,0,2022-08-01
2220,Income from Investment Activities,2022-07-31,month,2610233352,2022-09-05
2220,Income from Investment Activities,2022-07-31,ytd,13945228461,2022-08-01
2221,"Dividend income, interest income from bonds",2022-07-31,month,2029761642,2022-09-05
2221,"Dividend income, interest income from bonds",2022-07-31,ytd,9603020644,2022-08-01
2221.1,Dividends income,2022-07-31,month,0,2022-09-05
2221.1,Dividends income,2022-07-31,ytd,0,2022-08-01
2221.2,Interest income from bonds,2022-07-31,month,2029761642,2022-09-05
2221.2,Interest income from bonds,2022-07-31,ytd,9603020644,2022-08-01
2222,Interest income,2022-07-31,month,580471710,2022-09-05
2222,Interest income,2022-07-31,ytd,4342207817,2022-08-01
2222.1,Interest income from bank deposits,2022-07-31,month,247129245,2022-09-05
2222.1,Interest income from bank deposits,2022-07-31,ytd,1557988640,2022-08-01
2222.2,Interest income from Certificates of Deposit,2022-07-31,month,333342465,2022-09-05
2222.2,Interest income from Certificates of Deposit,2022-07-31,ytd,2784219177,2022-08-01
2222.3,Interest income from reverse repo contracts,2022-07-31,month,0,2022-09-05
2222.3,Interest income from reverse repo contracts,2022-07-31,ytd,0,2022-08-01
2223.1,Other investment incomes,2022-07-31,month,0,2022-09-05
2223.1,Other investment incomes,2022-07-31,ytd,0,2022-08-01
2223.3,"Provision expense for bad debts from dividends, interest income and written off bad debts from dividends, interest income",2022-07-31,month,0,2022-09-05
2223.3,"Provision expense for bad debts from dividends, interest income and written off bad debts from dividends, interest income",2022-07-31,ytd,0,2022-08-01
2224,Expenses,2022-07-31,month,583615761,2022-09-05
2224,Expenses,2022-07-31,ytd,3035707433,2022-08-01
2225,Management Fee paid to Fund Management Company,2022-07-31,month,408444663,2022-09-05
2225,Management Fee paid to Fund Management Company,2022-07-31,ytd,2143946736,2022-08-01
2226,"Custody fee, Supervising fee paid to Supervising Bank/VSD",2022-07-31,month,36011109,2022-09-05
2226,"Custody fee, Supervising fee paid to Supervising Bank/VSD",2022-07-31,ytd,224136714,2022-08-01
2226.1,Custodian service - Safe Custody Fee,2022-07-31,month,17018527,2022-09-05
2226.1,Custodian service - Safe Custody Fee,2022-07-31,ytd,90251162,2022-08-01
2226.2,Custodian service - Transaction fee,2022-07-31,month,600000,2022-09-05
2226.2,Custodian service - Transaction fee,2022-07-31,ytd,5500000,2022-08-01
2226.3,"Custodian service -  Depository fee, Position and Margin management fee paid to VSD",2022-07-31,month,242582,2022-09-05
2226.3,"Custodian service -  Depository fee, Position and Margin management fee paid to VSD",2022-07-31,ytd,1335552,2022-08-01
2226.4,Supervisory fee,2022-07-31,month,18150000,2022-09-05
2226.4,Supervisory fee,2022-07-31,ytd,127050000,2022-08-01
2227,"Fund Administration Fee, and other fees paid to relevant Fund's service providers",2022-07-31,month,50462500,2022-09-05
2227,"Fund Administration Fee, and other fees paid to relevant Fund's service providers",2022-07-31,ytd,340037500,2022-08-01
2227.1,Fund Administration Fee,2022-07-31,month,37262500,2022-09-05
2227.1,Fund Administration Fee,2022-07-31,ytd,260837500,2022-08-01
2227.2,Transfer Agency Fee,2022-07-31,month,13200000,2022-09-05
2227.2,Transfer Agency Fee,2022-07-31,ytd,79200000,2022-08-01
2228,Audit fee,2022-07-31,month,10041563,2022-09-05
2228,Audit fee,2022-07-31,ytd,60456233,2022-08-01
2229,"Legal consultancy expenses, price feed fee, other valid expenses, remuneration paid to Fund's Board of Representatives",2022-07-31,month,51618131,2022-09-05
2229,"Legal consultancy expenses, price feed fee, other valid expenses, remuneration paid to Fund's Board of Representatives",2022-07-31,ytd,132300878,2022-08-01
2229.1,Remuneration of Fund's Board of Representatives,2022-07-31,month,6384798,2022-09-05
2229.1,Remuneration of Fund's Board of Representatives,2022-07-31,ytd,58100879,2022-08-01
2229.2,Price feed fee,2022-07-31,month,45233333,2022-09-05
2229.2,Price feed fee,2022-07-31,ytd,74199999,2022-08-01
2229.3,Legal consultancy expenses,2022-07-31,month,0,2022-09-05
2229.3,Legal consultancy expenses,2022-07-31,ytd,0,2022-08-01
2230,"Fee for drafting, printing, distribution of prospectus, summarised prospectus, financial statements, transaction confirmations, account statements and other documents to investors; information disclosure fee; fee for organising annual general meeting, board of representatives meeting",2022-07-31,month,0,2022-09-05
2230,"Fee for drafting, printing, distribution of prospectus, summarised prospectus, financial statements, transaction confirmations, account statements and other documents to investors; information disclosure fee; fee for organising annual general meeting, board of representatives meeting",2022-07-31,ytd,0,2022-08-01
2230.1,Meeting expenses,2022-07-31,month,0,2022-09-05
2230.1,Meeting expenses,2022-07-31,ytd,0,2022-08-01
2230.2,Annual report expenses,2022-07-31,month,0,2022-09-05
2230.2,Annual report expenses,2022-07-31,ytd,0,2022-08-01
2230.3,"Fund's Board of Representatives meeting, travelling expenses",2022-07-31,month,0,2022-09-05
2230.3,"Fund's Board of Representatives meeting, travelling expenses",2022-07-31,ytd,0,2022-08-01
2230.4,Expenses of information disclosure of the Fund,2022-07-31,month,0,2022-09-05
2230.4,Expenses of information disclosure of the Fund,2022-07-31,ytd,0,2022-08-01
2230.5,"Designing, printing, posting... expenses",2022-07-31,month,0,2022-09-05
2230.5,"Designing, printing, posting... expenses",2022-07-31,ytd,0,2022-08-01
2231,Expenses related to execution of Fund’s asset transactions,2022-07-31,month,11924345,2022-09-05
2231,Expenses related to execution of Fund’s asset transactions,2022-07-31,ytd,60590826,2022-08-01
2231.1,Brokerage fee,2022-07-31,month,11774345,2022-09-05
2231.1,Brokerage fee,2022-07-31,ytd,57278826,2022-08-01
2231.2,Clearing settlement fee,2022-07-31,month,150000,2022-09-05
2231.2,Clearing settlement fee,2022-07-31,ytd,312000,2022-08-01
2232,Other expenses,2022-07-31,month,15113450,2022-09-05
2232,Other expenses,2022-07-31,ytd,74238546,2022-08-01
2232.1,Set up Expenses,2022-07-31,month,0,2022-09-05
2232.1,Set up Expenses,2022-07-31,ytd,0,2022-08-01
2232.2,"Listing, registration fees",2022-07-31,month,0,2022-09-05
2232.2,"Listing, registration fees",2022-07-31,ytd,0,2022-08-01
2232.3,Annual management fee paid to SSC,2022-07-31,month,0,2022-09-05
2232.3,Annual management fee paid to SSC,2022-07-31,ytd,0,2022-08-01
2232.4,Bank charges,2022-07-31,month,15113450,2022-09-05
2232.4,Bank charges,2022-07-31,ytd,73138546,2022-08-01
2232.5,Borrowing expense,2022-07-31,month,0,2022-09-05
2232.5,Borrowing expense,2022-07-31,ytd,0,2022-08-01
2232.7,Fee paid to VSD for getting the list of investors,2022-07-31,month,0,2022-09-05
2232.7,Fee paid to VSD for getting the list of investors,2022-07-31,ytd,1100000,2022-08-01
2233,Net Income from Investment Activities (= I - II),2022-07-31,month,2026617591,2022-09-05
2233,Net Income from Investment Activities (= I - II),2022-07-31,ytd,10909521028,2022-08-01
2234,Gain / (Loss) from Investment Activities,2022-07-31,month,209963722,2022-09-05
2234,Gain / (Loss) from Investment Activities,2022-07-31,ytd,287900141,2022-08-01
2235,Realised Gain / (Loss) from disposal of investment or real estate transfer,2022-07-31,month,128662233,2022-09-05
2235,Realised Gain / (Loss) from disposal of investment or real estate transfer,2022-07-31,ytd,484419112,2022-08-01
2236,Unrealised Gain / (Loss) due to market price,2022-07-31,month,81301489,2022-09-05
2236,Unrealised Gain / (Loss) due to market price,2022-07-31,ytd,-196518971,2022-08-01
2237,Change of Net Asset Value of the Fund due to investment activities during the period (= III + IV),2022-07-31,month,2236581313,2022-09-05
2237,Change of Net Asset Value of the Fund due to investment activities during the period (= III + IV),2022-07-31,ytd,11197421169,2022-08-01
2238,Net Asset Value at the beginning of period,2022-07-31,month,361357528100,2022-09-05
2238,Net Asset Value at the beginning of period,2022-07-31,ytd,271332225925,2022-08-01
2239.1,Change of Net Asset Value due to investment activities during the period,2022-07-31,month,2236581313,2022-09-05
2239.1,Change of Net Asset Value due to investment activities during the period,2022-07-31,ytd,11197421169,2022-08-01
2239.2,Change of Net Asset Value due to  dividends payment to investors during the period,2022-07-31,month,0,2022-09-05
2239.2,Change of Net Asset Value due to  dividends payment to investors during the period,2022-07-31,ytd,0,2022-08-01
2239.3,Change of Net Asset Value due to subscription/redemption during the period,2022-07-31,month,113225444777,2022-09-05
2239.3,Change of Net Asset Value due to subscription/redemption during the period,2022-07-31,ytd,194289907096,2022-08-01
2239.3.1,Change of Net Asset Value due to subscription during the period,2022-07-31,month,136330755804,2022-09-05
2239.3.1,Change of Net Asset Value due to subscription during the period,2022-07-31,ytd,250181297528,2022-08-01
2239.3.2,Change of Net Asset Value due to redemption during the period,2022-07-31,month,-23105311027,2022-09-05
2239.3.2,Change of Net Asset Value due to redemption during the period,2022-07-31,ytd,-55891390432,2022-08-01
2243,Net Asset Value at the end of period,2022-07-31,month,476819554190,2022-09-05
2243,Net Asset Value at the end of period,2022-07-31,ytd,476819554190,2022-08-01
2244,Average annual profit (only applicable to annual report),2022-07-31,month,0,2022-09-05
2244,Average annual profit (only applicable to annual report),2022-07-31,ytd,0,2022-08-01
2245,Average annual rate of return (only applicable to annual report),2022-07-31,month,0,2022-09-05
2245,Average annual rate of return (only applicable to annual report),2022-07-31,ytd,0,2022-08-01
,Change of Net Asset Value of the Fund during the period,2022-08-31,month,367866448980,2022-10-03
,Change of Net Asset Value of the Fund during the period,2022-08-31,ytd,573353777245,2022-09-05
,Other Expenses,2022-08-31,month,0,2022-10-03
,Other Expenses,2022-08-31,month,5000000,2022-10-03
,Other Expenses,2022-08-31,ytd,0,2022-09-05
,Other Expenses,2022-08-31,ytd,8000000,2022-09-05
,Other incomes,2022-08-31,month,0,2022-10-03
,Other incomes,2022-08-31,ytd,0,2022-09-05
2220,Income from Investment Activities,2022-08-31,month,4289294936,2022-10-03
2220,Income from Investment Activities,2022-08-31,ytd,18234523397,2022-09-05
2221,"Dividend income, interest income from bonds",2022-08-31,month,3437601368,2022-10-03
2221,"Dividend income, interest income from bonds",2022-08-31,ytd,13040622012,2022-09-05
2221.1,Dividends income,2022-08-31,month,0,2022-10-03
2221.1,Dividends income,2022-08-31,ytd,0,2022-09-05
2221.2,Interest income from bonds,2022-08-31,month,3437601368,2022-10-03
2221.2,Interest income from bonds,2022-08-31,ytd,13040622012,2022-09-05
2222,Interest income,2022-08-31,month,851693568,2022-10-03
2222,Interest income,2022-08-31,ytd,5193901385,2022-09-05
2222.1,Interest income from bank deposits,2022-08-31,month,568310006,2022-10-03
2222.1,Interest income from bank deposits,2022-08-31,ytd,2126298646,2022-09-05
2222.2,Interest income from Certificates of Deposit,2022-08-31,month,283383562,2022-10-03
2222.2,Interest income from Certificates of Deposit,2022-08-31,ytd,3067602739,2022-09-05
2222.3,Interest income from reverse repo contracts,2022-08-31,month,0,2022-10-03
2222.3,Interest income from reverse repo contracts,2022-08-31,ytd,0,2022-09-05
2223.1,Other investment incomes,2022-08-31,month,0,2022-10-03
2223.1,Other investment incomes,2022-08-31,ytd,0,2022-09-05
2223.3,"Provision expense for bad debts from dividends, interest income and written off bad debts from dividends, interest income",2022-08-31,month,0,2022-10-03
2223.3,"Provision expense for bad debts from dividends, interest income and written off bad debts from dividends, interest income",2022-08-31,ytd,0,2022-09-05
2224,Expenses,2022-08-31,month,834014580,2022-10-03
2224,Expenses,2022-08-31,ytd,3869722013,2022-09-05
2225,Management Fee paid to Fund Management Company,2022-08-31,month,655495465,2022-10-03
2225,Management Fee paid to Fund Management Company,2022-08-31,ytd,2799442201,2022-09-05
2226,"Custody fee, Supervising fee paid to Supervising Bank/VSD",2022-08-31,month,48824339,2022-10-03
2226,"Custody fee, Supervising fee paid to Supervising Bank/VSD",2022-08-31,ytd,272961053,2022-09-05
2226.1,Custodian service - Safe Custody Fee,2022-08-31,month,27312310,2022-10-03
2226.1,Custodian service - Safe Custody Fee,2022-08-31,ytd,117563472,2022-09-05
2226.2,Custodian service - Transaction fee,2022-08-31,month,1650000,2022-10-03
2226.2,Custodian service - Transaction fee,2022-08-31,ytd,7150000,2022-09-05
2226.3,"Custodian service -  Depository fee, Position and Margin management fee paid to VSD",2022-08-31,month,316203,2022-10-03
2226.3,"Custodian service -  Depository fee, Position and Margin management fee paid to VSD",2022-08-31,ytd,1651755,2022-09-05
2226.4,Supervisory fee,2022-08-31,month,19545826,2022-10-03
2226.4,Supervisory fee,2022-08-31,ytd,146595826,2022-09-05
2227,"Fund Administration Fee, and other fees paid to relevant Fund's service providers",2022-08-31,month,50503417,2022-10-03
2227,"Fund Administration Fee, and other fees paid to relevant Fund's service providers",2022-08-31,ytd,390540917,2022-09-05
2227.1,Fund Administration Fee,2022-08-31,month,37303417,2022-10-03
2227.1,Fund Administration Fee,2022-08-31,ytd,298140917,2022-09-05
2227.2,Transfer Agency Fee,2022-08-31,month,13200000,2022-10-03
2227.2,Transfer Agency Fee,2022-08-31,ytd,92400000,2022-09-05
2228,Audit fee,2022-08-31,month,10041563,2022-10-03
2228,Audit fee,2022-08-31,ytd,70497796,2022-09-05
2229,"Legal consultancy expenses, price feed fee, other valid expenses, remuneration paid to Fund's Board of Representatives",2022-08-31,month,6384799,2022-10-03
2229,"Legal consultancy expenses, price feed fee, other valid expenses, remuneration paid to Fund's Board of Representatives",2022-08-31,ytd,138685677,2022-09-05
2229.1,Remuneration of Fund's Board of Representatives,2022-08-31,month,6384799,2022-10-03
2229.1,Remuneration of Fund's Board of Representatives,2022-08-31,ytd,64485678,2022-09-05
2229.2,Price feed fee,2022-08-31,month,0,2022-10-03
2229.2,Price feed fee,2022-08-31,ytd,74199999,2022-09-05
2229.3,Legal consultancy expenses,2022-08-31,month,0,2022-10-03
2229.3,Legal consultancy expenses,2022-08-31,ytd,0,2022-09-05
2230,"Fee for drafting, printing, distribution of prospectus, summarised prospectus, financial statements, transaction confirmations, account statements and other documents to investors; information disclosure fee; fee for organising annual general meeting, board of representatives meeting",2022-08-31,month,0,2022-10-03
2230,"Fee for drafting, printing, distribution of prospectus, summarised prospectus, financial statements, transaction confirmations, account statements and other documents to investors; information disclosure fee; fee for organising annual general meeting, board of representatives meeting",2022-08-31,ytd,0,2022-09-05
2230.1,Meeting expenses,2022-08-31,month,0,2022-10-03
2230.1,Meeting expenses,2022-08-31,ytd,0,2022-09-05
2230.2,Annual report expenses,2022-08-31,month,0,2022-10-03
2230.2,Annual report expenses,2022-08-31,ytd,0,2022-09-05
2230.3,"Fund's Board of Representatives meeting, travelling expenses",2022-08-31,month,0,2022-10-03
2230.3,"Fund's Board of Representatives meeting, travelling expenses",2022-08-31,ytd,0,2022-09-05
2230.4,Expenses of information disclosure of the Fund,2022-08-31,month,0,2022-10-03
2230.4,Expenses of information disclosure of the Fund,2022-08-31,ytd,0,2022-09-05
2230.5,"Designing, printing, posting... expenses",2022-08-31,month,0,2022-10-03
2230.5,"Designing, printing, posting... expenses",2022-08-31,ytd,0,2022-09-05
2231,Expenses related to execution of Fund’s asset transactions,2022-08-31,month,48292297,2022-10-03
2231,Expenses related to execution of Fund’s asset transactions,2022-08-31,ytd,108883123,2022-09-05
2231.1,Brokerage fee,2022-08-31,month,43292297,2022-10-03
2231.1,Brokerage fee,2022-08-31,ytd,100571123,2022-09-05
2231.2,Clearing settlement fee,2022-08-31,month,0,2022-10-03
2231.2,Clearing settlement fee,2022-08-31,ytd,312000,2022-09-05
2232,Other expenses,2022-08-31,month,14472700,2022-10-03
2232,Other expenses,2022-08-31,ytd,88711246,2022-09-05
2232.1,Set up Expenses,2022-08-31,month,0,2022-10-03
2232.1,Set up Expenses,2022-08-31,ytd,0,2022-09-05
2232.2,"Listing, registration fees",2022-08-31,month,0,2022-10-03
2232.2,"Listing, registration fees",2022-08-31,ytd,0,2022-09-05
2232.3,Annual management fee paid to SSC,2022-08-31,month,0,2022-10-03
2232.3,Annual management fee paid to SSC,2022-08-31,ytd,0,2022-09-05
2232.4,Bank charges,2022-08-31,month,14472700,2022-10-03
2232.4,Bank charges,2022-08-31,ytd,87611246,2022-09-05
2232.5,Borrowing expense,2022-08-31,month,0,2022-10-03
2232.5,Borrowing expense,2022-08-31,ytd,0,2022-09-05
2232.7,Fee paid to VSD for getting the list of investors,2022-08-31,month,0,2022-10-03
2232.7,Fee paid to VSD for getting the list of investors,2022-08-31,ytd,1100000,2022-09-05
2233,Net Income from Investment Activities (= I - II),2022-08-31,month,3455280356,2022-10-03
2233,Net Income from Investment Activities (= I - II),2022-08-31,ytd,14364801384,2022-09-05
2234,Gain / (Loss) from Investment Activities,2022-08-31,month,-187686655,2022-10-03
2234,Gain / (Loss) from Investment Activities,2022-08-31,ytd,100213486,2022-09-05
2235,Realised Gain / (Loss) from disposal of investment or real estate transfer,2022-08-31,month,0,2022-10-03
2235,Realised Gain / (Loss) from disposal of investment or real estate transfer,2022-08-31,ytd,484419112,2022-09-05
2236,Unrealised Gain / (Loss) due to market price,2022-08-31,month,-187686655,2022-10-03
2236,Unrealised Gain / (Loss) due to market price,2022-08-31,ytd,-384205626,2022-09-05
2237,Change of Net Asset Value of the Fund due to investment activities during the period (= III + IV),2022-08-31,month,3267593701,2022-10-03
2237,Change of Net Asset Value of the Fund due to investment activities during the period (= III + IV),2022-08-31,ytd,14465014870,2022-09-05
2238,Net Asset Value at the beginning of period,2022-08-31,month,476819554190,2022-10-03
2238,Net Asset Value at the beginning of period,2022-08-31,ytd,271332225925,2022-09-05
2239.1,Change of Net Asset Value due to investment activities during the period,2022-08-31,month,3267593701,2022-10-03
2239.1,Change of Net Asset Value due to investment activities during the period,2022-08-31,ytd,14465014870,2022-09-05
2239.2,Change of Net Asset Value due to  dividends payment to investors during the period,2022-08-31,month,0,2022-10-03
2239.2,Change of Net Asset Value due to  dividends payment to investors during the period,2022-08-31,ytd,0,2022-09-05
2239.3,Change of Net Asset Value due to subscription/redemption during the period,2022-08-31,month,364598855279,2022-10-03
2239.3,Change of Net Asset Value due to subscription/redemption during the period,2022-08-31,ytd,558888762375,2022-09-05
2239.3.1,Change of Net Asset Value due to subscription during the period,2022-08-31,month,439414736867,2022-10-03
2239.3.1,Change of Net Asset Value due to subscription during the period,2022-08-31,ytd,689596034395,2022-09-05
2239.3.2,Change of Net Asset Value due to redemption during the period,2022-08-31,month,-74815881588,2022-10-03
2239.3.2,Change of Net Asset Value due to redemption during the period,2022-08-31,ytd,-130707272020,2022-09-05
2243,Net Asset Value at the end of period,2022-08-31,month,844686003170,2022-10-03
2243,Net Asset Value at the end of period,2022-08-31,ytd,844686003170,2022-09-05
2244,Average annual profit (only applicable to annual report),2022-08-31,month,0,2022-10-03
2244,Average annual profit (only applicable to annual report),2022-08-31,ytd,0,2022-09-05
2245,Average annual rate of return (only applicable to annual report),2022-08-31,month,0,2022-10-03
2245,Average annual rate of return (only applicable to annual report),2022-08-31,ytd,0,2022-09-05
,Change of Net Asset Value of the Fund during the period,2022-09-30,month,177426362958,2022-11-01
,Change of Net Asset Value of the Fund during the period,2022-09-30,ytd,750780140203,2022-10-03
,Other Expenses,2022-09-30,month,0,2022-11-01
,Other Expenses,2022-09-30,month,10000000,2022-11-01
,Other Expenses,2022-09-30,ytd,0,2022-10-03
,Other Expenses,2022-09-30,ytd,18000000,2022-10-03
,Other incomes,2022-09-30,month,0,2022-11-01
,Other incomes,2022-09-30,ytd,0,2022-10-03
2220,Income from Investment Activities,2022-09-30,month,5960194726,2022-11-01
2220,Income from Investment Activities,2022-09-30,ytd,24194718123,2022-10-03
2221,"Dividend income, interest income from bonds",2022-09-30,month,4624123289,2022-11-01
2221,"Dividend income, interest income from bonds",2022-09-30,ytd,17664745301,2022-10-03
2221.1,Dividends income,2022-09-30,month,0,2022-11-01
2221.1,Dividends income,2022-09-30,ytd,0,2022-10-03
2221.2,Interest income from bonds,2022-09-30,month,4624123289,2022-11-01
2221.2,Interest income from bonds,2022-09-30,ytd,17664745301,2022-10-03
2222,Interest income,2022-09-30,month,1336071437,2022-11-01
2222,Interest income,2022-09-30,ytd,6529972822,2022-10-03
2222.1,Interest income from bank deposits,2022-09-30,month,557030340,2022-11-01
2222.1,Interest income from bank deposits,2022-09-30,ytd,2683328986,2022-10-03
2222.2,Interest income from Certificates of Deposit,2022-09-30,month,779041097,2022-11-01
2222.2,Interest income from Certificates of Deposit,2022-09-30,ytd,3846643836,2022-10-03
2222.3,Interest income from reverse repo contracts,2022-09-30,month,0,2022-11-01
2222.3,Interest income from reverse repo contracts,2022-09-30,ytd,0,2022-10-03
2223.1,Other investment incomes,2022-09-30,month,0,2022-11-01
2223.1,Other investment incomes,2022-09-30,ytd,0,2022-10-03
2223.3,"Provision expense for bad debts from dividends, interest income and written off bad debts from dividends, interest income",2022-09-30,month,0,2022-11-01
2223.3,"Provision expense for bad debts from dividends, interest income and written off bad debts from dividends, interest income",2022-09-30,ytd,0,2022-10-03
2224,Expenses,2022-09-30,month,1090136125,2022-11-01
2224,Expenses,2022-09-30,ytd,4959858138,2022-10-03
2225,Management Fee paid to Fund Management Company,2022-09-30,month,914114480,2022-11-01
2225,Management Fee paid to Fund Management Company,2022-09-30,ytd,3713556681,2022-10-03
2226,"Custody fee, Supervising fee paid to Supervising Bank/VSD",2022-09-30,month,64661812,2022-11-01
2226,"Custody fee, Supervising fee paid to Supervising Bank/VSD",2022-09-30,ytd,337622865,2022-10-03
2226.1,Custodian service - Safe Custody Fee,2022-09-30,month,38088101,2022-11-01
2226.1,Custodian service - Safe Custody Fee,2022-09-30,ytd,155651573,2022-10-03
2226.2,Custodian service - Transaction fee,2022-09-30,month,1050000,2022-11-01
2226.2,Custodian service - Transaction fee,2022-09-30,ytd,8200000,2022-10-03
2226.3,"Custodian service -  Depository fee, Position and Margin management fee paid to VSD",2022-09-30,month,385563,2022-11-01
2226.3,"Custodian service -  Depository fee, Position and Margin management fee paid to VSD",2022-09-30,ytd,2037318,2022-10-03
2226.4,Supervisory fee,2022-09-30,month,25138148,2022-11-01
2226.4,Supervisory fee,2022-09-30,ytd,171733974,2022-10-03
2227,"Fund Administration Fee, and other fees paid to relevant Fund's service providers",2022-09-30,month,53224682,2022-11-01
2227,"Fund Administration Fee, and other fees paid to relevant Fund's service providers",2022-09-30,ytd,443765599,2022-10-03
2227.1,Fund Administration Fee,2022-09-30,month,40024682,2022-11-01
2227.1,Fund Administration Fee,2022-09-30,ytd,338165599,2022-10-03
2227.2,Transfer Agency Fee,2022-09-30,month,13200000,2022-11-01
2227.2,Transfer Agency Fee,2022-09-30,ytd,105600000,2022-10-03
2228,Audit fee,2022-09-30,month,9717642,2022-11-01
2228,Audit fee,2022-09-30,ytd,80215438,2022-10-03
2229,"Legal consultancy expenses, price feed fee, other valid expenses, remuneration paid to Fund's Board of Representatives",2022-09-30,month,6372386,2022-11-01
2229,"Legal consultancy expenses, price feed fee, other valid expenses, remuneration paid to Fund's Board of Representatives",2022-09-30,ytd,145058063,2022-10-03
2229.1,Remuneration of Fund's Board of Representatives,2022-09-30,month,6372386,2022-11-01
2229.1,Remuneration of Fund's Board of Representatives,2022-09-30,ytd,70858064,2022-10-03
2229.2,Price feed fee,2022-09-30,month,0,2022-11-01
2229.2,Price feed fee,2022-09-30,ytd,74199999,2022-10-03
2229.3,Legal consultancy expenses,2022-09-30,month,0,2022-11-01
2229.3,Legal consultancy expenses,2022-09-30,ytd,0,2022-10-03
2230,"Fee for drafting, printing, distribution of prospectus, summarised prospectus, financial statements, transaction confirmations, account statements and other documents to investors; information disclosure fee; fee for organising annual general meeting, board of representatives meeting",2022-09-30,month,0,2022-11-01
2230,"Fee for drafting, printing, distribution of prospectus, summarised prospectus, financial statements, transaction confirmations, account statements and other documents to investors; information disclosure fee; fee for organising annual general meeting, board of representatives meeting",2022-09-30,ytd,0,2022-10-03
2230.1,Meeting expenses,2022-09-30,month,0,2022-11-01
2230.1,Meeting expenses,2022-09-30,ytd,0,2022-10-03
2230.2,Annual report expenses,2022-09-30,month,0,2022-11-01
2230.2,Annual report expenses,2022-09-30,ytd,0,2022-10-03
2230.3,"Fund's Board of Representatives meeting, travelling expenses",2022-09-30,month,0,2022-11-01
2230.3,"Fund's Board of Representatives meeting, travelling expenses",2022-09-30,ytd,0,2022-10-03
2230.4,Expenses of information disclosure of the Fund,2022-09-30,month,0,2022-11-01
2230.4,Expenses of information disclosure of the Fund,2022-09-30,ytd,0,2022-10-03
2230.5,"Designing, printing, posting... expenses",2022-09-30,month,0,2022-11-01
2230.5,"Designing, printing, posting... expenses",2022-09-30,ytd,0,2022-10-03
2231,Expenses related to execution of Fund’s asset transactions,2022-09-30,month,29372573,2022-11-01
2231,Expenses related to execution of Fund’s asset transactions,2022-09-30,ytd,138255696,2022-10-03
2231.1,Brokerage fee,2022-09-30,month,19372573,2022-11-01
2231.1,Brokerage fee,2022-09-30,ytd,119943696,2022-10-03
2231.2,Clearing settlement fee,2022-09-30,month,0,2022-11-01
2231.2,Clearing settlement fee,2022-09-30,ytd,312000,2022-10-03
2232,Other expenses,2022-09-30,month,12672550,2022-11-01
2232,Other expenses,2022-09-30,ytd,101383796,2022-10-03
2232.1,Set up Expenses,2022-09-30,month,0,2022-11-01
2232.1,Set up Expenses,2022-09-30,ytd,0,2022-10-03
2232.2,"Listing, registration fees",2022-09-30,month,0,2022-11-01
2232.2,"Listing, registration fees",2022-09-30,ytd,0,2022-10-03
2232.3,Annual management fee paid to SSC,2022-09-30,month,0,2022-11-01
2232.3,Annual management fee paid to SSC,2022-09-30,ytd,0,2022-10-03
2232.4,Bank charges,2022-09-30,month,12672550,2022-11-01
2232.4,Bank charges,2022-09-30,ytd,100283796,2022-10-03
2232.5,Borrowing expense,2022-09-30,month,0,2022-11-01
2232.5,Borrowing expense,2022-09-30,ytd,0,2022-10-03
2232.7,Fee paid to VSD for getting the list of investors,2022-09-30,month,0,2022-11-01
2232.7,Fee paid to VSD for getting the list of investors,2022-09-30,ytd,1100000,2022-10-03
2233,Net Income from Investment Activities (= I - II),2022-09-30,month,4870058601,2022-11-01
2233,Net Income from Investment Activities (= I - II),2022-09-30,ytd,19234859985,2022-10-03
2234,Gain / (Loss) from Investment Activities,2022-09-30,month,-766100349,2022-11-01
2234,Gain / (Loss) from Investment Activities,2022-09-30,ytd,-665886863,2022-10-03
2235,Realised Gain / (Loss) from disposal of investment or real estate transfer,2022-09-30,month,0,2022-11-01
2235,Realised Gain / (Loss) from disposal of investment or real estate transfer,2022-09-30,ytd,484419112,2022-10-03
2236,Unrealised Gain / (Loss) due to market price,2022-09-30,month,-766100349,2022-11-01
2236,Unrealised Gain / (Loss) due to market price,2022-09-30,ytd,-1150305975,2022-10-03
2237,Change of Net Asset Value of the Fund due to investment activities during the period (= III + IV),2022-09-30,month,4103958252,2022-11-01
2237,Change of Net Asset Value of the Fund due to investment activities during the period (= III + IV),2022-09-30,ytd,18568973122,2022-10-03
2238,Net Asset Value at the beginning of period,2022-09-30,month,844686003170,2022-11-01
2238,Net Asset Value at the beginning of period,2022-09-30,ytd,271332225925,2022-10-03
2239.1,Change of Net Asset Value due to investment activities during the period,2022-09-30,month,4103958252,2022-11-01
2239.1,Change of Net Asset Value due to investment activities during the period,2022-09-30,ytd,18568973122,2022-10-03
2239.2,Change of Net Asset Value due to  dividends payment to investors during the period,2022-09-30,month,0,2022-11-01
2239.2,Change of Net Asset Value due to  dividends payment to investors during the period,2022-09-30,ytd,0,2022-10-03
2239.3,Change of Net Asset Value due to subscription/redemption during the period,2022-09-30,month,173322404706,2022-11-01
2239.3,Change of Net Asset Value due to subscription/redemption during the period,2022-09-30,ytd,732211167081,2022-10-03
2239.3.1,Change of Net Asset Value due to subscription during the period,2022-09-30,month,386108412452,2022-11-01
2239.3.1,Change of Net Asset Value due to subscription during the period,2022-09-30,ytd,1075704446847,2022-10-03
2239.3.2,Change of Net Asset Value due to redemption during the period,2022-09-30,month,-212786007746,2022-11-01
2239.3.2,Change of Net Asset Value due to redemption during the period,2022-09-30,ytd,-343493279766,2022-10-03
2243,Net Asset Value at the end of period,2022-09-30,month,1022112366128,2022-11-01
2243,Net Asset Value at the end of period,2022-09-30,ytd,1022112366128,2022-10-03
2244,Average annual profit (only applicable to annual report),2022-09-30,month,0,2022-11-01
2244,Average annual profit (only applicable to annual report),2022-09-30,ytd,0,2022-10-03
2245,Average annual rate of return (only applicable to annual report),2022-09-30,month,0,2022-11-01
2245,Average annual rate of return (only applicable to annual report),2022-09-30,ytd,0,2022-10-03
,Change of Net Asset Value of the Fund during the period,2022-10-31,month,-284563575511,2022-12-02
,Change of Net Asset Value of the Fund during the period,2022-10-31,ytd,466216564692,2022-11-01
,Other Expenses,2022-10-31,month,0,2022-12-02
,Other Expenses,2022-10-31,month,15000000,2022-12-02
,Other Expenses,2022-10-31,ytd,0,2022-11-01
,Other Expenses,2022-10-31,ytd,33000000,2022-11-01
,Other incomes,2022-10-31,month,0,2022-12-02
,Other incomes,2022-10-31,ytd,0,2022-11-01
2220,Income from Investment Activities,2022-10-31,month,6094150113,2022-12-02
2220,Income from Investment Activities,2022-10-31,ytd,30288868236,2022-11-01
2221,"Dividend income, interest income from bonds",2022-10-31,month,5288201855,2022-12-02
2221,"Dividend income, interest income from bonds",2022-10-31,ytd,22952947156,2022-11-01
2221.1,Dividends income,2022-10-31,month,0,2022-12-02
2221.1,Dividends income,2022-10-31,ytd,0,2022-11-01
2221.2,Interest income from bonds,2022-10-31,month,5288201855,2022-12-02
2221.2,Interest income from bonds,2022-10-31,ytd,22952947156,2022-11-01
2222,Interest income,2022-10-31,month,805948258,2022-12-02
2222,Interest income,2022-10-31,ytd,7335921080,2022-11-01
2222.1,Interest income from bank deposits,2022-10-31,month,74804426,2022-12-02
2222.1,Interest income from bank deposits,2022-10-31,ytd,2758133412,2022-11-01
2222.2,Interest income from Certificates of Deposit,2022-10-31,month,731143832,2022-12-02
2222.2,Interest income from Certificates of Deposit,2022-10-31,ytd,4577787668,2022-11-01
2222.3,Interest income from reverse repo contracts,2022-10-31,month,0,2022-12-02
2222.3,Interest income from reverse repo contracts,2022-10-31,ytd,0,2022-11-01
2223.1,Other investment incomes,2022-10-31,month,0,2022-12-02
2223.1,Other investment incomes,2022-10-31,ytd,0,2022-11-01
2223.3,"Provision expense for bad debts from dividends, interest income and written off bad debts from dividends, interest income",2022-10-31,month,0,2022-12-02
2223.3,"Provision expense for bad debts from dividends, interest income and written off bad debts from dividends, interest income",2022-10-31,ytd,0,2022-11-01
2224,Expenses,2022-10-31,month,1128054444,2022-12-02
2224,Expenses,2022-10-31,ytd,6087912582,2022-11-01
2225,Management Fee paid to Fund Management Company,2022-10-31,month,915169323,2022-12-02
2225,Management Fee paid to Fund Management Company,2022-10-31,ytd,4628726004,2022-11-01
2226,"Custody fee, Supervising fee paid to Supervising Bank/VSD",2022-10-31,month,65741247,2022-12-02
2226,"Custody fee, Supervising fee paid to Supervising Bank/VSD",2022-10-31,ytd,403364112,2022-11-01
2226.1,Custodian service - Safe Custody Fee,2022-10-31,month,38132057,2022-12-02
2226.1,Custodian service - Safe Custody Fee,2022-10-31,ytd,193783630,2022-11-01
2226.2,Custodian service - Transaction fee,2022-10-31,month,1800000,2022-12-02
2226.2,Custodian service - Transaction fee,2022-10-31,ytd,10000000,2022-11-01
2226.3,"Custodian service -  Depository fee, Position and Margin management fee paid to VSD",2022-10-31,month,642035,2022-12-02
2226.3,"Custodian service -  Depository fee, Position and Margin management fee paid to VSD",2022-10-31,ytd,2679353,2022-11-01
2226.4,Supervisory fee,2022-10-31,month,25167155,2022-12-02
2226.4,Supervisory fee,2022-10-31,ytd,196901129,2022-11-01
2227,"Fund Administration Fee, and other fees paid to relevant Fund's service providers",2022-10-31,month,53728726,2022-12-02
2227,"Fund Administration Fee, and other fees paid to relevant Fund's service providers",2022-10-31,ytd,497494325,2022-11-01
2227.1,Fund Administration Fee,2022-10-31,month,40528726,2022-12-02
2227.1,Fund Administration Fee,2022-10-31,ytd,378694325,2022-11-01
2227.2,Transfer Agency Fee,2022-10-31,month,13200000,2022-12-02
2227.2,Transfer Agency Fee,2022-10-31,ytd,118800000,2022-11-01
2228,Audit fee,2022-10-31,month,10041563,2022-12-02
2228,Audit fee,2022-10-31,ytd,90257001,2022-11-01
2229,"Legal consultancy expenses, price feed fee, other valid expenses, remuneration paid to Fund's Board of Representatives",2022-10-31,month,6384798,2022-12-02
2229,"Legal consultancy expenses, price feed fee, other valid expenses, remuneration paid to Fund's Board of Representatives",2022-10-31,ytd,151442861,2022-11-01
2229.1,Remuneration of Fund's Board of Representatives,2022-10-31,month,6384798,2022-12-02
2229.1,Remuneration of Fund's Board of Representatives,2022-10-31,ytd,77242862,2022-11-01
2229.2,Price feed fee,2022-10-31,month,0,2022-12-02
2229.2,Price feed fee,2022-10-31,ytd,74199999,2022-11-01
2229.3,Legal consultancy expenses,2022-10-31,month,0,2022-12-02
2229.3,Legal consultancy expenses,2022-10-31,ytd,0,2022-11-01
2230,"Fee for drafting, printing, distribution of prospectus, summarised prospectus, financial statements, transaction confirmations, account statements and other documents to investors; information disclosure fee; fee for organising annual general meeting, board of representatives meeting",2022-10-31,month,0,2022-12-02
2230,"Fee for drafting, printing, distribution of prospectus, summarised prospectus, financial statements, transaction confirmations, account statements and other documents to investors; information disclosure fee; fee for organising annual general meeting, board of representatives meeting",2022-10-31,ytd,0,2022-11-01
2230.1,Meeting expenses,2022-10-31,month,0,2022-12-02
2230.1,Meeting expenses,2022-10-31,ytd,0,2022-11-01
2230.2,Annual report expenses,2022-10-31,month,0,2022-12-02
2230.2,Annual report expenses,2022-10-31,ytd,0,2022-11-01
2230.3,"Fund's Board of Representatives meeting, travelling expenses",2022-10-31,month,0,2022-12-02
2230.3,"Fund's Board of Representatives meeting, travelling expenses",2022-10-31,ytd,0,2022-11-01
2230.4,Expenses of information disclosure of the Fund,2022-10-31,month,0,2022-12-02
2230.4,Expenses of information disclosure of the Fund,2022-10-31,ytd,0,2022-11-01
2230.5,"Designing, printing, posting... expenses",2022-10-31,month,0,2022-12-02
2230.5,"Designing, printing, posting... expenses",2022-10-31,ytd,0,2022-11-01
2231,Expenses related to execution of Fund’s asset transactions,2022-10-31,month,66354537,2022-12-02
2231,Expenses related to execution of Fund’s asset transactions,2022-10-31,ytd,204610233,2022-11-01
2231.1,Brokerage fee,2022-10-31,month,51354537,2022-12-02
2231.1,Brokerage fee,2022-10-31,ytd,171298233,2022-11-01
2231.2,Clearing settlement fee,2022-10-31,month,0,2022-12-02
2231.2,Clearing settlement fee,2022-10-31,ytd,312000,2022-11-01
2232,Other expenses,2022-10-31,month,10634250,2022-12-02
2232,Other expenses,2022-10-31,ytd,112018046,2022-11-01
2232.1,Set up Expenses,2022-10-31,month,0,2022-12-02
2232.1,Set up Expenses,2022-10-31,ytd,0,2022-11-01
2232.2,"Listing, registration fees",2022-10-31,month,0,2022-12-02
2232.2,"Listing, registration fees",2022-10-31,ytd,0,2022-11-01
2232.3,Annual management fee paid to SSC,2022-10-31,month,0,2022-12-02
2232.3,Annual management fee paid to SSC,2022-10-31,ytd,0,2022-11-01
2232.4,Bank charges,2022-10-31,month,10634250,2022-12-02
2232.4,Bank charges,2022-10-31,ytd,110918046,2022-11-01
2232.5,Borrowing expense,2022-10-31,month,0,2022-12-02
2232.5,Borrowing expense,2022-10-31,ytd,0,2022-11-01
2232.7,Fee paid to VSD for getting the list of investors,2022-10-31,month,0,2022-12-02
2232.7,Fee paid to VSD for getting the list of investors,2022-10-31,ytd,1100000,2022-11-01
2233,Net Income from Investment Activities (= I - II),2022-10-31,month,4966095669,2022-12-02
2233,Net Income from Investment Activities (= I - II),2022-10-31,ytd,24200955654,2022-11-01
2234,Gain / (Loss) from Investment Activities,2022-10-31,month,-475722500,2022-12-02
2234,Gain / (Loss) from Investment Activities,2022-10-31,ytd,-1141609363,2022-11-01
2235,Realised Gain / (Loss) from disposal of investment or real estate transfer,2022-10-31,month,-669874864,2022-12-02
2235,Realised Gain / (Loss) from disposal of investment or real estate transfer,2022-10-31,ytd,-185455752,2022-11-01
2236,Unrealised Gain / (Loss) due to market price,2022-10-31,month,194152364,2022-12-02
2236,Unrealised Gain / (Loss) due to market price,2022-10-31,ytd,-956153611,2022-11-01
2237,Change of Net Asset Value of the Fund due to investment activities during the period (= III + IV),2022-10-31,month,4490373169,2022-12-02
2237,Change of Net Asset Value of the Fund due to investment activities during the period (= III + IV),2022-10-31,ytd,23059346291,2022-11-01
2238,Net Asset Value at the beginning of period,2022-10-31,month,1022112366128,2022-12-02
2238,Net Asset Value at the beginning of period,2022-10-31,ytd,271332225925,2022-11-01
2239.1,Change of Net Asset Value due to investment activities during the period,2022-10-31,month,4490373169,2022-12-02
2239.1,Change of Net Asset Value due to investment activities during the period,2022-10-31,ytd,23059346291,2022-11-01
2239.2,Change of Net Asset Value due to  dividends payment to investors during the period,2022-10-31,month,0,2022-12-02
2239.2,Change of Net Asset Value due to  dividends payment to investors during the period,2022-10-31,ytd,0,2022-11-01
2239.3,Change of Net Asset Value due to subscription/redemption during the period,2022-10-31,month,-289053948680,2022-12-02
2239.3,Change of Net Asset Value due to subscription/redemption during the period,2022-10-31,ytd,443157218401,2022-11-01
2239.3.1,Change of Net Asset Value due to subscription during the period,2022-10-31,month,128491275745,2022-12-02
2239.3.1,Change of Net Asset Value due to subscription during the period,2022-10-31,ytd,1204195722592,2022-11-01
2239.3.2,Change of Net Asset Value due to redemption during the period,2022-10-31,month,-417545224425,2022-12-02
2239.3.2,Change of Net Asset Value due to redemption during the period,2022-10-31,ytd,-761038504191,2022-11-01
2243,Net Asset Value at the end of period,2022-10-31,month,737548790617,2022-12-02
2243,Net Asset Value at the end of period,2022-10-31,ytd,737548790617,2022-11-01
2244,Average annual profit (only applicable to annual report),2022-10-31,month,0,2022-12-02
2244,Average annual profit (only applicable to annual report),2022-10-31,ytd,0,2022-11-01
2245,Average annual rate of return (only applicable to annual report),2022-10-31,month,0,2022-12-02
2245,Average annual rate of return (only applicable to annual report),2022-10-31,ytd,0,2022-11-01
,Change of Net Asset Value of the Fund during the period,2022-11-30,month,-417739077716,2022-12-02
,Change of Net Asset Value of the Fund during the period,2022-11-30,ytd,48477486976,2022-12-02
,Other Expenses,2022-11-30,month,0,2023-01-04
,Other Expenses,2022-11-30,month,20000000,2023-01-04
,Other Expenses,2022-11-30,ytd,0,2022-12-02
,Other Expenses,2022-11-30,ytd,53000000,2022-12-02
,Other incomes,2022-11-30,month,0,2023-01-04
,Other incomes,2022-11-30,ytd,0,2022-12-02
2220,Income from Investment Activities,2022-11-30,month,3219299854,2023-01-04
2220,Income from Investment Activities,2022-11-30,ytd,33508168090,2022-12-02
2221,"Dividend income, interest income from bonds",2022-11-30,month,3388089040,2023-01-04
2221,"Dividend income, interest income from bonds",2022-11-30,ytd,26341036196,2022-12-02
2221.1,Dividends income,2022-11-30,month,0,2023-01-04
2221.1,Dividends income,2022-11-30,ytd,0,2022-12-02
2221.2,Interest income from bonds,2022-11-30,month,3388089040,2023-01-04
2221.2,Interest income from bonds,2022-11-30,ytd,26341036196,2022-12-02
2222,Interest income,2022-11-30,month,-168789186,2023-01-04
2222,Interest income,2022-11-30,ytd,7167131894,2022-12-02
2222.1,Interest income from bank deposits,2022-11-30,month,-355419324,2023-01-04
2222.1,Interest income from bank deposits,2022-11-30,ytd,2402714088,2022-12-02
2222.2,Interest income from Certificates of Deposit,2022-11-30,month,186630138,2023-01-04
2222.2,Interest income from Certificates of Deposit,2022-11-30,ytd,4764417806,2022-12-02
2222.3,Interest income from reverse repo contracts,2022-11-30,month,0,2023-01-04
2222.3,Interest income from reverse repo contracts,2022-11-30,ytd,0,2022-12-02
2223,Income from rental property (not applicable),2022-11-30,month,0,2023-01-04
2223.1,Other investment incomes,2022-11-30,month,0,2023-01-04
2223.1,Other investment incomes,2022-11-30,ytd,0,2022-12-02
2223.3,"Provision expense for bad debts from dividends, interest income and written off bad debts from dividends, interest income",2022-11-30,month,0,2023-01-04
2223.3,"Provision expense for bad debts from dividends, interest income and written off bad debts from dividends, interest income",2022-11-30,ytd,0,2022-12-02
2224,Expenses,2022-11-30,month,713982673,2023-01-04
2224,Expenses,2022-11-30,ytd,6801895255,2022-12-02
2225,Management Fee paid to Fund Management Company,2022-11-30,month,502456780,2023-01-04
2225,Management Fee paid to Fund Management Company,2022-11-30,ytd,5131182784,2022-12-02
2226,"Custody fee, Supervising fee paid to Supervising Bank/VSD",2022-11-30,month,42403359,2023-01-04
2226,"Custody fee, Supervising fee paid to Supervising Bank/VSD",2022-11-30,ytd,445767471,2022-12-02
2226.1,Custodian service - Safe Custody Fee,2022-11-30,month,20935700,2023-01-04
2226.1,Custodian service - Safe Custody Fee,2022-11-30,ytd,214719330,2022-12-02
2226.2,Custodian service - Transaction fee,2022-11-30,month,2400000,2023-01-04
2226.2,Custodian service - Transaction fee,2022-11-30,ytd,12400000,2022-12-02
2226.3,"Custodian service -  Depository fee, Position and Margin management fee paid to VSD",2022-11-30,month,849892,2023-01-04
2226.3,"Custodian service -  Depository fee, Position and Margin management fee paid to VSD",2022-11-30,ytd,3529245,2022-12-02
2226.4,Supervisory fee,2022-11-30,month,18217767,2023-01-04
2226.4,Supervisory fee,2022-11-30,ytd,215118896,2022-12-02
2227,"Fund Administration Fee, and other fees paid to relevant Fund's service providers",2022-11-30,month,50462500,2023-01-04
2227,"Fund Administration Fee, and other fees paid to relevant Fund's service providers",2022-11-30,ytd,547956825,2022-12-02
2227.1,Fund Administration Fee,2022-11-30,month,37262500,2023-01-04
2227.1,Fund Administration Fee,2022-11-30,ytd,415956825,2022-12-02
2227.2,Transfer Agency Fee,2022-11-30,month,13200000,2023-01-04
2227.2,Transfer Agency Fee,2022-11-30,ytd,132000000,2022-12-02
2228,Audit fee,2022-11-30,month,9717642,2023-01-04
2228,Audit fee,2022-11-30,ytd,99974643,2022-12-02
2229,"Legal consultancy expenses, price feed fee, other valid expenses, remuneration paid to Fund's Board of Representatives",2022-11-30,month,37439052,2023-01-04
2229,"Legal consultancy expenses, price feed fee, other valid expenses, remuneration paid to Fund's Board of Representatives",2022-11-30,ytd,188881913,2022-12-02
2229.1,Remuneration of Fund's Board of Representatives,2022-11-30,month,6372386,2023-01-04
2229.1,Remuneration of Fund's Board of Representatives,2022-11-30,ytd,83615248,2022-12-02
2229.2,Price feed fee,2022-11-30,month,31066666,2023-01-04
2229.2,Price feed fee,2022-11-30,ytd,105266665,2022-12-02
2229.3,Legal consultancy expenses,2022-11-30,month,0,2023-01-04
2229.3,Legal consultancy expenses,2022-11-30,ytd,0,2022-12-02
2230,"Fee for drafting, printing, distribution of prospectus, summarised prospectus, financial statements, transaction confirmations, account statements and other documents to investors; information disclosure fee; fee for organising annual general meeting, board of representatives meeting",2022-11-30,month,0,2023-01-04
2230,"Fee for drafting, printing, distribution of prospectus, summarised prospectus, financial statements, transaction confirmations, account statements and other documents to investors; information disclosure fee; fee for organising annual general meeting, board of representatives meeting",2022-11-30,ytd,0,2022-12-02
2230.1,Meeting expenses,2022-11-30,month,0,2023-01-04
2230.1,Meeting expenses,2022-11-30,ytd,0,2022-12-02
2230.2,Annual report expenses,2022-11-30,month,0,2023-01-04
2230.2,Annual report expenses,2022-11-30,ytd,0,2022-12-02
2230.3,"Fund's Board of Representatives meeting, travelling expenses",2022-11-30,month,0,2023-01-04
2230.3,"Fund's Board of Representatives meeting, travelling expenses",2022-11-30,ytd,0,2022-12-02
2230.4,Expenses of information disclosure of the Fund,2022-11-30,month,0,2023-01-04
2230.4,Expenses of information disclosure of the Fund,2022-11-30,ytd,0,2022-12-02
2230.5,"Designing, printing, posting... expenses",2022-11-30,month,0,2023-01-04
2230.5,"Designing, printing, posting... expenses",2022-11-30,ytd,0,2022-12-02
2231,Expenses related to execution of Fund’s asset transactions,2022-11-30,month,63432365,2023-01-04
2231,Expenses related to execution of Fund’s asset transactions,2022-11-30,ytd,268042598,2022-12-02
2231,Real Estate Management Service fee (not applicable),2022-11-30,month,0,2023-01-04
2231.1,Brokerage fee,2022-11-30,month,42999155,2023-01-04
2231.1,Brokerage fee,2022-11-30,ytd,214297388,2022-12-02
2231.2,Clearing settlement fee,2022-11-30,month,433210,2023-01-04
2231.2,Clearing settlement fee,2022-11-30,ytd,745210,2022-12-02
2232,Other expenses,2022-11-30,month,8070975,2023-01-04
2232,Other expenses,2022-11-30,ytd,120089021,2022-12-02
2232,Real estate valuation service fees (not applicable),2022-11-30,month,0,2023-01-04
2232.1,Set up Expenses,2022-11-30,month,0,2023-01-04
2232.1,Set up Expenses,2022-11-30,ytd,0,2022-12-02
2232.2,"Listing, registration fees",2022-11-30,month,0,2023-01-04
2232.2,"Listing, registration fees",2022-11-30,ytd,0,2022-12-02
2232.3,Annual management fee paid to SSC,2022-11-30,month,0,2023-01-04
2232.3,Annual management fee paid to SSC,2022-11-30,ytd,0,2022-12-02
2232.4,Bank charges,2022-11-30,month,8070975,2023-01-04
2232.4,Bank charges,2022-11-30,ytd,118989021,2022-12-02
2232.5,Borrowing expense,2022-11-30,month,0,2023-01-04
2232.5,Borrowing expense,2022-11-30,ytd,0,2022-12-02
2232.7,Fee paid to VSD for getting the list of investors,2022-11-30,month,0,2023-01-04
2232.7,Fee paid to VSD for getting the list of investors,2022-11-30,ytd,1100000,2022-12-02
2233,Net Income from Investment Activities (= I - II),2022-11-30,month,2505317181,2023-01-04
2233,Net Income from Investment Activities (= I - II),2022-11-30,ytd,26706272835,2022-12-02
2234,Gain / (Loss) from Investment Activities,2022-11-30,month,-13585862270,2023-01-04
2234,Gain / (Loss) from Investment Activities,2022-11-30,ytd,-14727471633,2022-12-02
2235,Realised Gain / (Loss) from disposal of investment or real estate transfer,2022-11-30,month,-14343402858,2023-01-04
2235,Realised Gain / (Loss) from disposal of investment or real estate transfer,2022-11-30,ytd,-14528858610,2022-12-02
2236,Unrealised Gain / (Loss) due to market price,2022-11-30,month,757540588,2023-01-04
2236,Unrealised Gain / (Loss) due to market price,2022-11-30,ytd,-198613023,2022-12-02
2237,Change of Net Asset Value of the Fund due to investment activities during the period (= III + IV),2022-11-30,month,-11080545089,2023-01-04
2237,Change of Net Asset Value of the Fund due to investment activities during the period (= III + IV),2022-11-30,ytd,11978801202,2022-12-02
2238,Net Asset Value at the beginning of period,2022-11-30,month,737548790617,2023-01-04
2238,Net Asset Value at the beginning of period,2022-11-30,ytd,271332225925,2022-12-02
2239,"Change of Net Asset Value of the Fund during the period, of which",2022-11-30,month,-417739077716,2023-01-04
2239.1,Change of Net Asset Value due to investment activities during the period,2022-11-30,month,-11080545089,2023-01-04
2239.1,Change of Net Asset Value due to investment activities during the period,2022-11-30,ytd,11978801202,2022-12-02
2239.2,Change of Net Asset Value due to  dividends payment to investors during the period,2022-11-30,month,0,2023-01-04
2239.2,Change of Net Asset Value due to  dividends payment to investors during the period,2022-11-30,ytd,0,2022-12-02
2239.3,Change of Net Asset Value due to subscription/redemption during the period,2022-11-30,month,-406658532627,2023-01-04
2239.3,Change of Net Asset Value due to subscription/redemption during the period,2022-11-30,ytd,36498685774,2022-12-02
2239.3.1,Change of Net Asset Value due to subscription during the period,2022-11-30,month,6041946221,2023-01-04
2239.3.1,Change of Net Asset Value due to subscription during the period,2022-11-30,ytd,1210237668813,2022-12-02
2239.3.2,Change of Net Asset Value due to redemption during the period,2022-11-30,month,-412700478848,2023-01-04
2239.3.2,Change of Net Asset Value due to redemption during the period,2022-11-30,ytd,-1173738983039,2022-12-02
2243,Net Asset Value at the end of period,2022-11-30,month,319809712901,2023-01-04
2243,Net Asset Value at the end of period,2022-11-30,ytd,319809712901,2022-12-02
2244,Average annual profit (only applicable to annual report),2022-11-30,month,0,2023-01-04
2244,Average annual profit (only applicable to annual report),2022-11-30,ytd,0,2022-12-02
2245,Average annual rate of return (only applicable to annual report),2022-11-30,month,0,2023-01-04
2245,Average annual rate of return (only applicable to annual report),2022-11-30,ytd,0,2022-12-02
,Other Expenses,2022-12-31,month,0,2023-01-04
,Other Expenses,2022-12-31,ytd,0,2023-01-04
,Other Expenses,2022-12-31,ytd,53000000,2023-01-04
,Other incomes,2022-12-31,month,0,2023-01-04
,Other incomes,2022-12-31,ytd,0,2023-01-04
2220,Income from Investment Activities,2022-12-31,month,2340211782,2023-02-01
2220,Income from Investment Activities,2022-12-31,ytd,35848379872,2023-01-04
2221,"Dividend income, interest income from bonds",2022-12-31,month,2192800344,2023-02-01
2221,"Dividend income, interest income from bonds",2022-12-31,ytd,28533836540,2023-01-04
2221.1,Dividends income,2022-12-31,month,0,2023-02-01
2221.1,Dividends income,2022-12-31,ytd,0,2023-01-04
2221.2,Interest income from bonds,2022-12-31,month,2192800344,2023-02-01
2221.2,Interest income from bonds,2022-12-31,ytd,28533836540,2023-01-04
2222,Interest income,2022-12-31,month,147411438,2023-02-01
2222,Interest income,2022-12-31,ytd,7314543332,2023-01-04
2222.1,Interest income from bank deposits,2022-12-31,month,147411438,2023-02-01
2222.1,Interest income from bank deposits,2022-12-31,ytd,2550125526,2023-01-04
2222.2,Interest income from Certificates of Deposit,2022-12-31,month,0,2023-02-01
2222.2,Interest income from Certificates of Deposit,2022-12-31,ytd,4764417806,2023-01-04
2222.3,Interest income from reverse repo contracts,2022-12-31,month,0,2023-02-01
2222.3,Interest income from reverse repo contracts,2022-12-31,ytd,0,2023-01-04
2223,Income from rental property (not applicable),2022-12-31,month,0,2023-02-01
2223,Income from rental property (not applicable),2022-12-31,ytd,0,2023-01-04
2223,Other incomes,2022-12-31,month,0,2023-02-01
2223.1,Other investment incomes,2022-12-31,month,0,2023-02-01
2223.1,Other investment incomes,2022-12-31,ytd,0,2023-01-04
2223.2,Other incomes,2022-12-31,month,0,2023-02-01
2223.3,"Provision expense for bad debts from dividends, interest income and written off bad debts from dividends, interest income",2022-12-31,month,0,2023-02-01
2223.3,"Provision expense for bad debts from dividends, interest income and written off bad debts from dividends, interest income",2022-12-31,ytd,0,2023-01-04
2224,Expenses,2022-12-31,month,468595645,2023-02-01
2224,Expenses,2022-12-31,ytd,7270490900,2023-01-04
2225,Management Fee paid to Fund Management Company,2022-12-31,month,318017401,2023-02-01
2225,Management Fee paid to Fund Management Company,2022-12-31,ytd,5449200185,2023-01-04
2226,"Custody fee, Supervising fee paid to Supervising Bank/VSD",2022-12-31,month,33501307,2023-02-01
2226,"Custody fee, Supervising fee paid to Supervising Bank/VSD",2022-12-31,ytd,479268778,2023-01-04
2226.1,Custodian service - Safe Custody Fee,2022-12-31,month,13250725,2023-02-01
2226.1,Custodian service - Safe Custody Fee,2022-12-31,ytd,227970055,2023-01-04
2226.2,Custodian service - Transaction fee,2022-12-31,month,1200000,2023-02-01
2226.2,Custodian service - Transaction fee,2022-12-31,ytd,13600000,2023-01-04
2226.3,"Custodian service -  Depository fee, Position and Margin management fee paid to VSD",2022-12-31,month,900582,2023-02-01
2226.3,"Custodian service -  Depository fee, Position and Margin management fee paid to VSD",2022-12-31,ytd,4429827,2023-01-04
2226.4,Supervisory fee,2022-12-31,month,18150000,2023-02-01
2226.4,Supervisory fee,2022-12-31,ytd,233268896,2023-01-04
2227,"Fund Administration Fee, and other fees paid to relevant Fund's service providers",2022-12-31,month,50462500,2023-02-01
2227,"Fund Administration Fee, and other fees paid to relevant Fund's service providers",2022-12-31,ytd,598419325,2023-01-04
2227.1,Fund Administration Fee,2022-12-31,month,37262500,2023-02-01
2227.1,Fund Administration Fee,2022-12-31,ytd,453219325,2023-01-04
2227.2,Transfer Agency Fee,2022-12-31,month,13200000,2023-02-01
2227.2,Transfer Agency Fee,2022-12-31,ytd,145200000,2023-01-04
2228,Audit fee,2022-12-31,month,10041563,2023-02-01
2228,Audit fee,2022-12-31,ytd,110016206,2023-01-04
2229,"Legal consultancy expenses, price feed fee, other valid expenses, remuneration paid to Fund's Board of Representatives",2022-12-31,month,37751419,2023-02-01
2229,"Legal consultancy expenses, price feed fee, other valid expenses, remuneration paid to Fund's Board of Representatives",2022-12-31,ytd,226633332,2023-01-04
2229.1,Remuneration of Fund's Board of Representatives,2022-12-31,month,6384752,2023-02-01
2229.1,Remuneration of Fund's Board of Representatives,2022-12-31,ytd,90000000,2023-01-04
2229.2,Price feed fee,2022-12-31,month,31366667,2023-02-01
2229.2,Price feed fee,2022-12-31,ytd,136633332,2023-01-04
2229.3,Legal consultancy expenses,2022-12-31,month,0,2023-02-01
2229.3,Legal consultancy expenses,2022-12-31,ytd,0,2023-01-04
2230,"Fee for drafting, printing, distribution of prospectus, summarised prospectus, financial statements, transaction confirmations, account statements and other documents to investors; information disclosure fee; fee for organising annual general meeting, board of representatives meeting",2022-12-31,month,0,2023-02-01
2230,"Fee for drafting, printing, distribution of prospectus, summarised prospectus, financial statements, transaction confirmations, account statements and other documents to investors; information disclosure fee; fee for organising annual general meeting, board of representatives meeting",2022-12-31,ytd,0,2023-01-04
2230.1,Meeting expenses,2022-12-31,month,0,2023-02-01
2230.1,Meeting expenses,2022-12-31,ytd,0,2023-01-04
2230.2,Annual report expenses,2022-12-31,month,0,2023-02-01
2230.2,Annual report expenses,2022-12-31,ytd,0,2023-01-04
2230.3,"Fund's Board of Representatives meeting, travelling expenses",2022-12-31,month,0,2023-02-01
2230.3,"Fund's Board of Representatives meeting, travelling expenses",2022-12-31,ytd,0,2023-01-04
2230.4,Expenses of information disclosure of the Fund,2022-12-31,month,0,2023-02-01
2230.4,Expenses of information disclosure of the Fund,2022-12-31,ytd,0,2023-01-04
2230.5,"Designing, printing, posting... expenses",2022-12-31,month,0,2023-02-01
2230.5,"Designing, printing, posting... expenses",2022-12-31,ytd,0,2023-01-04
2231,Expenses related to execution of Fund’s asset transactions,2022-12-31,month,11293880,2023-02-01
2231,Expenses related to execution of Fund’s asset transactions,2022-12-31,ytd,279336478,2023-01-04
2231,Real Estate Management Service fee (not applicable),2022-12-31,month,0,2023-02-01
2231,Real Estate Management Service fee (not applicable),2022-12-31,ytd,0,2023-01-04
2231.1,Brokerage fee,2022-12-31,month,10543880,2023-02-01
2231.1,Brokerage fee,2022-12-31,ytd,224841268,2023-01-04
2231.2,Clearing settlement fee,2022-12-31,month,750000,2023-02-01
2231.2,Clearing settlement fee,2022-12-31,ytd,1495210,2023-01-04
2231.3,Other Expenses,2022-12-31,month,0,2023-02-01
2232,Other expenses,2022-12-31,month,7527575,2023-02-01
2232,Other expenses,2022-12-31,ytd,127616596,2023-01-04
2232,Real estate valuation service fees (not applicable),2022-12-31,month,0,2023-02-01
2232,Real estate valuation service fees (not applicable),2022-12-31,ytd,0,2023-01-04
2232.1,Set up Expenses,2022-12-31,month,0,2023-02-01
2232.1,Set up Expenses,2022-12-31,ytd,0,2023-01-04
2232.2,"Listing, registration fees",2022-12-31,month,0,2023-02-01
2232.2,"Listing, registration fees",2022-12-31,ytd,0,2023-01-04
2232.3,Annual management fee paid to SSC,2022-12-31,month,0,2023-02-01
2232.3,Annual management fee paid to SSC,2022-12-31,ytd,0,2023-01-04
2232.4,Bank charges,2022-12-31,month,7527575,2023-02-01
2232.4,Bank charges,2022-12-31,ytd,126516596,2023-01-04
2232.5,Borrowing expense,2022-12-31,month,0,2023-02-01
2232.5,Borrowing expense,2022-12-31,ytd,0,2023-01-04
2232.6,Other Expenses,2022-12-31,month,0,2023-02-01
2232.7,Fee paid to VSD for getting the list of investors,2022-12-31,month,0,2023-02-01
2232.7,Fee paid to VSD for getting the list of investors,2022-12-31,ytd,1100000,2023-01-04
2233,Net Income from Investment Activities (= I - II),2022-12-31,month,1871616137,2023-02-01
2233,Net Income from Investment Activities (= I - II),2022-12-31,ytd,28577888972,2023-01-04
2234,Gain / (Loss) from Investment Activities,2022-12-31,month,-63387388,2023-02-01
2234,Gain / (Loss) from Investment Activities,2022-12-31,ytd,-14790859021,2023-01-04
2235,Realised Gain / (Loss) from disposal of investment or real estate transfer,2022-12-31,month,-9454315,2023-02-01
2235,Realised Gain / (Loss) from disposal of investment or real estate transfer,2022-12-31,ytd,-14538312925,2023-01-04
2236,Unrealised Gain / (Loss) due to market price,2022-12-31,month,-53933073,2023-02-01
2236,Unrealised Gain / (Loss) due to market price,2022-12-31,ytd,-252546096,2023-01-04
2237,Change of Net Asset Value of the Fund due to investment activities during the period (= III + IV),2022-12-31,month,1808228749,2023-02-01
2237,Change of Net Asset Value of the Fund due to investment activities during the period (= III + IV),2022-12-31,ytd,13787029951,2023-01-04
2238,Net Asset Value at the beginning of period,2022-12-31,month,319809712901,2023-02-01
2238,Net Asset Value at the beginning of period,2022-12-31,ytd,271332225925,2023-01-04
2239,"Change of Net Asset Value of the Fund during the period, of which",2022-12-31,month,-26007140849,2023-02-01
2239,"Change of Net Asset Value of the Fund during the period, of which",2022-12-31,ytd,22470346127,2023-01-04
2239.1,Change of Net Asset Value due to investment activities during the period,2022-12-31,month,1808228749,2023-02-01
2239.1,Change of Net Asset Value due to investment activities during the period,2022-12-31,ytd,13787029951,2023-01-04
2239.2,Change of Net Asset Value due to  dividends payment to investors during the period,2022-12-31,month,0,2023-02-01
2239.2,Change of Net Asset Value due to  dividends payment to investors during the period,2022-12-31,ytd,0,2023-01-04
2239.3,Change of Net Asset Value due to subscription/redemption during the period,2022-12-31,month,-27815369598,2023-02-01
2239.3,Change of Net Asset Value due to subscription/redemption during the period,2022-12-31,ytd,8683316176,2023-01-04
2239.3.1,Change of Net Asset Value due to subscription during the period,2022-12-31,month,600137868,2023-02-01
2239.3.1,Change of Net Asset Value due to subscription during the period,2022-12-31,ytd,1210837806681,2023-01-04
2239.3.2,Change of Net Asset Value due to redemption during the period,2022-12-31,month,-28415507466,2023-02-01
2239.3.2,Change of Net Asset Value due to redemption during the period,2022-12-31,ytd,-1202154490505,2023-01-04
2243,Net Asset Value at the end of period,2022-12-31,month,293802572052,2023-02-01
2243,Net Asset Value at the end of period,2022-12-31,ytd,293802572052,2023-01-04
2244,Average annual profit (only applicable to annual report),2022-12-31,month,0,2023-02-01
2244,Average annual profit (only applicable to annual report),2022-12-31,ytd,0,2023-01-04
2245,Average annual rate of return (only applicable to annual report),2022-12-31,month,0,2023-02-01
2245,Average annual rate of return (only applicable to annual report),2022-12-31,ytd,0,2023-01-04
2220,Income from Investment Activities,2023-01-31,month,2124834430,2023-03-02
2220,Income from Investment Activities,2023-01-31,ytd,2124834430,2023-02-01
2221,"Dividend income, interest income from bonds",2023-01-31,month,1775063246,2023-03-02
2221,"Dividend income, interest income from bonds",2023-01-31,ytd,1775063246,2023-02-01
2221.1,Dividends income,2023-01-31,month,0,2023-03-02
2221.1,Dividends income,2023-01-31,ytd,0,2023-02-01
2221.2,Interest income from bonds,2023-01-31,month,1775063246,2023-03-02
2221.2,Interest income from bonds,2023-01-31,ytd,1775063246,2023-02-01
2222,Interest income,2023-01-31,month,349771184,2023-03-02
2222,Interest income,2023-01-31,ytd,349771184,2023-02-01
2222.1,Interest income from bank deposits,2023-01-31,month,349771184,2023-03-02
2222.1,Interest income from bank deposits,2023-01-31,ytd,349771184,2023-02-01
2222.2,Interest income from Certificates of Deposit,2023-01-31,month,0,2023-03-02
2222.2,Interest income from Certificates of Deposit,2023-01-31,ytd,0,2023-02-01
2222.3,Interest income from reverse repo contracts,2023-01-31,month,0,2023-03-02
2222.3,Interest income from reverse repo contracts,2023-01-31,ytd,0,2023-02-01
2223,Income from rental property (not applicable),2023-01-31,month,0,2023-03-02
2223,Income from rental property (not applicable),2023-01-31,ytd,0,2023-02-01
2223,Other incomes,2023-01-31,month,0,2023-03-02
2223,Other incomes,2023-01-31,ytd,0,2023-02-01
2223.1,Other investment incomes,2023-01-31,month,0,2023-03-02
2223.1,Other investment incomes,2023-01-31,ytd,0,2023-02-01
2223.2,Other incomes,2023-01-31,month,0,2023-03-02
2223.2,Other incomes,2023-01-31,ytd,0,2023-02-01
2223.3,"Provision expense for bad debts from dividends, interest income and written off bad debts from dividends, interest income",2023-01-31,month,0,2023-03-02
2223.3,"Provision expense for bad debts from dividends, interest income and written off bad debts from dividends, interest income",2023-01-31,ytd,0,2023-02-01
2224,Expenses,2023-01-31,month,436074223,2023-03-02
2224,Expenses,2023-01-31,ytd,436074223,2023-02-01
2225,Management Fee paid to Fund Management Company,2023-01-31,month,297666405,2023-03-02
2225,Management Fee paid to Fund Management Company,2023-01-31,ytd,297666405,2023-02-01
2226,"Custody fee, Supervising fee paid to Supervising Bank/VSD",2023-01-31,month,32069566,2023-03-02
2226,"Custody fee, Supervising fee paid to Supervising Bank/VSD",2023-01-31,ytd,32069566,2023-02-01
2226.1,Custodian service - Safe Custody Fee,2023-01-31,month,12402766,2023-03-02
2226.1,Custodian service - Safe Custody Fee,2023-01-31,ytd,12402766,2023-02-01
2226.2,Custodian service - Transaction fee,2023-01-31,month,900000,2023-03-02
2226.2,Custodian service - Transaction fee,2023-01-31,ytd,900000,2023-02-01
2226.3,"Custodian service -  Depository fee, Position and Margin management fee paid to VSD",2023-01-31,month,616800,2023-03-02
2226.3,"Custodian service -  Depository fee, Position and Margin management fee paid to VSD",2023-01-31,ytd,616800,2023-02-01
2226.4,Supervisory fee,2023-01-31,month,18150000,2023-03-02
2226.4,Supervisory fee,2023-01-31,ytd,18150000,2023-02-01
2227,"Fund Administration Fee, and other fees paid to relevant Fund's service providers",2023-01-31,month,50462500,2023-03-02
2227,"Fund Administration Fee, and other fees paid to relevant Fund's service providers",2023-01-31,ytd,50462500,2023-02-01
2227.1,Fund Administration Fee,2023-01-31,month,37262500,2023-03-02
2227.1,Fund Administration Fee,2023-01-31,ytd,37262500,2023-02-01
2227.2,Transfer Agency Fee,2023-01-31,month,13200000,2023-03-02
2227.2,Transfer Agency Fee,2023-01-31,ytd,13200000,2023-02-01
2228,Audit fee,2023-01-31,month,9342466,2023-03-02
2228,Audit fee,2023-01-31,ytd,9342466,2023-02-01
2229,"Legal consultancy expenses, price feed fee, other valid expenses, remuneration paid to Fund's Board of Representatives",2023-01-31,month,14604033,2023-03-02
2229,"Legal consultancy expenses, price feed fee, other valid expenses, remuneration paid to Fund's Board of Representatives",2023-01-31,ytd,14604033,2023-02-01
2229.1,Remuneration of Fund's Board of Representatives,2023-01-31,month,6509589,2023-03-02
2229.1,Remuneration of Fund's Board of Representatives,2023-01-31,ytd,6509589,2023-02-01
2229.2,Price feed fee,2023-01-31,month,8094444,2023-03-02
2229.2,Price feed fee,2023-01-31,ytd,8094444,2023-02-01
2229.3,Legal consultancy expenses,2023-01-31,month,0,2023-03-02
2229.3,Legal consultancy expenses,2023-01-31,ytd,0,2023-02-01
2230,"Fee for drafting, printing, distribution of prospectus, summarised prospectus, financial statements, transaction confirmations, account statements and other documents to investors; information disclosure fee; fee for organising annual general meeting, board of representatives meeting",2023-01-31,month,0,2023-03-02
2230,"Fee for drafting, printing, distribution of prospectus, summarised prospectus, financial statements, transaction confirmations, account statements and other documents to investors; information disclosure fee; fee for organising annual general meeting, board of representatives meeting",2023-01-31,ytd,0,2023-02-01
2230.1,Meeting expenses,2023-01-31,month,0,2023-03-02
2230.1,Meeting expenses,2023-01-31,ytd,0,2023-02-01
2230.2,Annual report expenses,2023-01-31,month,0,2023-03-02
2230.2,Annual report expenses,2023-01-31,ytd,0,2023-02-01
2230.3,"Fund's Board of Representatives meeting, travelling expenses",2023-01-31,month,0,2023-03-02
2230.3,"Fund's Board of Representatives meeting, travelling expenses",2023-01-31,ytd,0,2023-02-01
2230.4,Expenses of information disclosure of the Fund,2023-01-31,month,0,2023-03-02
2230.4,Expenses of information disclosure of the Fund,2023-01-31,ytd,0,2023-02-01
2230.5,"Designing, printing, posting... expenses",2023-01-31,month,0,2023-03-02
2230.5,"Designing, printing, posting... expenses",2023-01-31,ytd,0,2023-02-01
2231,Expenses related to execution of Fund’s asset transactions,2023-01-31,month,16495067,2023-03-02
2231,Expenses related to execution of Fund’s asset transactions,2023-01-31,ytd,16495067,2023-02-01
2231,Real Estate Management Service fee (not applicable),2023-01-31,month,0,2023-03-02
2231,Real Estate Management Service fee (not applicable),2023-01-31,ytd,0,2023-02-01
2231.1,Brokerage fee,2023-01-31,month,6396067,2023-03-02
2231.1,Brokerage fee,2023-01-31,ytd,6396067,2023-02-01
2231.2,Clearing settlement fee,2023-01-31,month,99000,2023-03-02
2231.2,Clearing settlement fee,2023-01-31,ytd,99000,2023-02-01
2231.3,Other Expenses,2023-01-31,month,10000000,2023-03-02
2231.3,Other Expenses,2023-01-31,ytd,10000000,2023-02-01
2232,Other expenses,2023-01-31,month,15434186,2023-03-02
2232,Other expenses,2023-01-31,ytd,15434186,2023-02-01
2232,Real estate valuation service fees (not applicable),2023-01-31,month,0,2023-03-02
2232,Real estate valuation service fees (not applicable),2023-01-31,ytd,0,2023-02-01
2232.1,Set up Expenses,2023-01-31,month,0,2023-03-02
2232.1,Set up Expenses,2023-01-31,ytd,0,2023-02-01
2232.2,"Listing, registration fees",2023-01-31,month,0,2023-03-02
2232.2,"Listing, registration fees",2023-01-31,ytd,0,2023-02-01
2232.3,Annual management fee paid to SSC,2023-01-31,month,636986,2023-03-02
2232.3,Annual management fee paid to SSC,2023-01-31,ytd,636986,2023-02-01
2232.4,Bank charges,2023-01-31,month,14797200,2023-03-02
2232.4,Bank charges,2023-01-31,ytd,14797200,2023-02-01
2232.5,Borrowing expense,2023-01-31,month,0,2023-03-02
2232.5,Borrowing expense,2023-01-31,ytd,0,2023-02-01
2232.6,Other Expenses,2023-01-31,month,0,2023-03-02
2232.6,Other Expenses,2023-01-31,ytd,0,2023-02-01
2232.7,Fee paid to VSD for getting the list of investors,2023-01-31,month,0,2023-03-02
2232.7,Fee paid to VSD for getting the list of investors,2023-01-31,ytd,0,2023-02-01
2233,Net Income from Investment Activities (= I - II),2023-01-31,month,1688760207,2023-03-02
2233,Net Income from Investment Activities (= I - II),2023-01-31,ytd,1688760207,2023-02-01
2234,Gain / (Loss) from Investment Activities,2023-01-31,month,-2554706803,2023-03-02
2234,Gain / (Loss) from Investment Activities,2023-01-31,ytd,-2554706803,2023-02-01
2235,Realised Gain / (Loss) from disposal of investment or real estate transfer,2023-01-31,month,-2527740474,2023-03-02
2235,Realised Gain / (Loss) from disposal of investment or real estate transfer,2023-01-31,ytd,-2527740474,2023-02-01
2236,Unrealised Gain / (Loss) due to market price,2023-01-31,month,-26966329,2023-03-02
2236,Unrealised Gain / (Loss) due to market price,2023-01-31,ytd,-26966329,2023-02-01
2237,Change of Net Asset Value of the Fund due to investment activities during the period (= III + IV),2023-01-31,month,-865946596,2023-03-02
2237,Change of Net Asset Value of the Fund due to investment activities during the period (= III + IV),2023-01-31,ytd,-865946596,2023-02-01
2238,Net Asset Value at the beginning of period,2023-01-31,month,293802572052,2023-03-02
2238,Net Asset Value at the beginning of period,2023-01-31,ytd,293802572052,2023-02-01
2239,"Change of Net Asset Value of the Fund during the period, of which",2023-01-31,month,-2298518099,2023-03-02
2239,"Change of Net Asset Value of the Fund during the period, of which",2023-01-31,ytd,-2298518099,2023-02-01
2239.1,Change of Net Asset Value due to investment activities during the period,2023-01-31,month,-865946596,2023-03-02
2239.1,Change of Net Asset Value due to investment activities during the period,2023-01-31,ytd,-865946596,2023-02-01
2239.2,Change of Net Asset Value due to  dividends payment to investors during the period,2023-01-31,month,0,2023-03-02
2239.2,Change of Net Asset Value due to  dividends payment to investors during the period,2023-01-31,ytd,0,2023-02-01
2239.3,Change of Net Asset Value due to subscription/redemption during the period,2023-01-31,month,-1432571503,2023-03-02
2239.3,Change of Net Asset Value due to subscription/redemption during the period,2023-01-31,ytd,-1432571503,2023-02-01
2239.3.1,Change of Net Asset Value due to subscription during the period,2023-01-31,month,378630736,2023-03-02
2239.3.1,Change of Net Asset Value due to subscription during the period,2023-01-31,ytd,378630736,2023-02-01
2239.3.2,Change of Net Asset Value due to redemption during the period,2023-01-31,month,-1811202239,2023-03-02
2239.3.2,Change of Net Asset Value due to redemption during the period,2023-01-31,ytd,-1811202239,2023-02-01
2243,Net Asset Value at the end of period,2023-01-31,month,291504053953,2023-03-02
2243,Net Asset Value at the end of period,2023-01-31,ytd,291504053953,2023-02-01
2244,Average annual profit (only applicable to annual report),2023-01-31,month,0,2023-03-02
2244,Average annual profit (only applicable to annual report),2023-01-31,ytd,0,2023-02-01
2245,Average annual rate of return (only applicable to annual report),2023-01-31,month,0,2023-03-02
2245,Average annual rate of return (only applicable to annual report),2023-01-31,ytd,0,2023-02-01
2220,Income from Investment Activities,2023-02-28,month,1930318053,2023-04-04
2220,Income from Investment Activities,2023-02-28,ytd,4055152483,2023-03-02
2221,"Dividend income, interest income from bonds",2023-02-28,month,1510723272,2023-04-04
2221,"Dividend income, interest income from bonds",2023-02-28,ytd,3285786518,2023-03-02
2221.1,Dividends income,2023-02-28,month,0,2023-04-04
2221.1,Dividends income,2023-02-28,ytd,0,2023-03-02
2221.2,Interest income from bonds,2023-02-28,month,1510723272,2023-04-04
2221.2,Interest income from bonds,2023-02-28,ytd,3285786518,2023-03-02
2222,Interest income,2023-02-28,month,419594781,2023-04-04
2222,Interest income,2023-02-28,ytd,769365965,2023-03-02
2222.1,Interest income from bank deposits,2023-02-28,month,419594781,2023-04-04
2222.1,Interest income from bank deposits,2023-02-28,ytd,769365965,2023-03-02
2222.2,Interest income from Certificates of Deposit,2023-02-28,month,0,2023-04-04
2222.2,Interest income from Certificates of Deposit,2023-02-28,ytd,0,2023-03-02
2222.3,Interest income from reverse repo contracts,2023-02-28,month,0,2023-04-04
2222.3,Interest income from reverse repo contracts,2023-02-28,ytd,0,2023-03-02
2223,Income from rental property (not applicable),2023-02-28,month,0,2023-04-04
2223,Income from rental property (not applicable),2023-02-28,ytd,0,2023-03-02
2223,Other incomes,2023-02-28,month,0,2023-04-04
2223,Other incomes,2023-02-28,ytd,0,2023-03-02
2223.1,Other investment incomes,2023-02-28,month,0,2023-04-04
2223.1,Other investment incomes,2023-02-28,ytd,0,2023-03-02
2223.2,Other incomes,2023-02-28,month,0,2023-04-04
2223.2,Other incomes,2023-02-28,ytd,0,2023-03-02
2223.3,"Provision expense for bad debts from dividends, interest income and written off bad debts from dividends, interest income",2023-02-28,month,0,2023-04-04
2223.3,"Provision expense for bad debts from dividends, interest income and written off bad debts from dividends, interest income",2023-02-28,ytd,0,2023-03-02
2224,Expenses,2023-02-28,month,387094148,2023-04-04
2224,Expenses,2023-02-28,ytd,823168371,2023-03-02
2225,Management Fee paid to Fund Management Company,2023-02-28,month,267762327,2023-04-04
2225,Management Fee paid to Fund Management Company,2023-02-28,ytd,565428732,2023-03-02
2226,"Custody fee, Supervising fee paid to Supervising Bank/VSD",2023-02-28,month,30371986,2023-04-04
2226,"Custody fee, Supervising fee paid to Supervising Bank/VSD",2023-02-28,ytd,62441552,2023-03-02
2226.1,Custodian service - Safe Custody Fee,2023-02-28,month,11500000,2023-04-04
2226.1,Custodian service - Safe Custody Fee,2023-02-28,ytd,23902766,2023-03-02
2226.2,Custodian service - Transaction fee,2023-02-28,month,300000,2023-04-04
2226.2,Custodian service - Transaction fee,2023-02-28,ytd,1200000,2023-03-02
2226.3,"Custodian service -  Depository fee, Position and Margin management fee paid to VSD",2023-02-28,month,421986,2023-04-04
2226.3,"Custodian service -  Depository fee, Position and Margin management fee paid to VSD",2023-02-28,ytd,1038786,2023-03-02
2226.4,Supervisory fee,2023-02-28,month,18150000,2023-04-04
2226.4,Supervisory fee,2023-02-28,ytd,36300000,2023-03-02
2227,"Fund Administration Fee, and other fees paid to relevant Fund's service providers",2023-02-28,month,50462500,2023-04-04
2227,"Fund Administration Fee, and other fees paid to relevant Fund's service providers",2023-02-28,ytd,100925000,2023-03-02
2227.1,Fund Administration Fee,2023-02-28,month,37262500,2023-04-04
2227.1,Fund Administration Fee,2023-02-28,ytd,74525000,2023-03-02
2227.2,Transfer Agency Fee,2023-02-28,month,13200000,2023-04-04
2227.2,Transfer Agency Fee,2023-02-28,ytd,26400000,2023-03-02
2228,Audit fee,2023-02-28,month,8438356,2023-04-04
2228,Audit fee,2023-02-28,ytd,17780822,2023-03-02
2229,"Legal consultancy expenses, price feed fee, other valid expenses, remuneration paid to Fund's Board of Representatives",2023-02-28,month,13771386,2023-04-04
2229,"Legal consultancy expenses, price feed fee, other valid expenses, remuneration paid to Fund's Board of Representatives",2023-02-28,ytd,28375419,2023-03-02
2229.1,Remuneration of Fund's Board of Representatives,2023-02-28,month,6460274,2023-04-04
2229.1,Remuneration of Fund's Board of Representatives,2023-02-28,ytd,12969863,2023-03-02
2229.2,Price feed fee,2023-02-28,month,7311112,2023-04-04
2229.2,Price feed fee,2023-02-28,ytd,15405556,2023-03-02
2229.3,Legal consultancy expenses,2023-02-28,month,0,2023-04-04
2229.3,Legal consultancy expenses,2023-02-28,ytd,0,2023-03-02
2230,"Fee for drafting, printing, distribution of prospectus, summarised prospectus, financial statements, transaction confirmations, account statements and other documents to investors; information disclosure fee; fee for organising annual general meeting, board of representatives meeting",2023-02-28,month,0,2023-04-04
2230,"Fee for drafting, printing, distribution of prospectus, summarised prospectus, financial statements, transaction confirmations, account statements and other documents to investors; information disclosure fee; fee for organising annual general meeting, board of representatives meeting",2023-02-28,ytd,0,2023-03-02
2230.1,Meeting expenses,2023-02-28,month,0,2023-04-04
2230.1,Meeting expenses,2023-02-28,ytd,0,2023-03-02
2230.2,Annual report expenses,2023-02-28,month,0,2023-04-04
2230.2,Annual report expenses,2023-02-28,ytd,0,2023-03-02
2230.3,"Fund's Board of Representatives meeting, travelling expenses",2023-02-28,month,0,2023-04-04
2230.3,"Fund's Board of Representatives meeting, travelling expenses",2023-02-28,ytd,0,2023-03-02
2230.4,Expenses of information disclosure of the Fund,2023-02-28,month,0,2023-04-04
2230.4,Expenses of information disclosure of the Fund,2023-02-28,ytd,0,2023-03-02
2230.5,"Designing, printing, posting... expenses",2023-02-28,month,0,2023-04-04
2230.5,"Designing, printing, posting... expenses",2023-02-28,ytd,0,2023-03-02
2231,Expenses related to execution of Fund’s asset transactions,2023-02-28,month,6123000,2023-04-04
2231,Expenses related to execution of Fund’s asset transactions,2023-02-28,ytd,22618067,2023-03-02
2231,Real Estate Management Service fee (not applicable),2023-02-28,month,0,2023-04-04
2231,Real Estate Management Service fee (not applicable),2023-02-28,ytd,0,2023-03-02
2231.1,Brokerage fee,2023-02-28,month,0,2023-04-04
2231.1,Brokerage fee,2023-02-28,ytd,6396067,2023-03-02
2231.2,Clearing settlement fee,2023-02-28,month,123000,2023-04-04
2231.2,Clearing settlement fee,2023-02-28,ytd,222000,2023-03-02
2231.3,Other Expenses,2023-02-28,month,6000000,2023-04-04
2231.3,Other Expenses,2023-02-28,ytd,16000000,2023-03-02
2232,Other expenses,2023-02-28,month,10164593,2023-04-04
2232,Other expenses,2023-02-28,ytd,25598779,2023-03-02
2232,Real estate valuation service fees (not applicable),2023-02-28,month,0,2023-04-04
2232,Real estate valuation service fees (not applicable),2023-02-28,ytd,0,2023-03-02
2232.1,Set up Expenses,2023-02-28,month,0,2023-04-04
2232.1,Set up Expenses,2023-02-28,ytd,0,2023-03-02
2232.2,"Listing, registration fees",2023-02-28,month,0,2023-04-04
2232.2,"Listing, registration fees",2023-02-28,ytd,0,2023-03-02
2232.3,Annual management fee paid to SSC,2023-02-28,month,575343,2023-04-04
2232.3,Annual management fee paid to SSC,2023-02-28,ytd,1212329,2023-03-02
2232.4,Bank charges,2023-02-28,month,9589250,2023-04-04
2232.4,Bank charges,2023-02-28,ytd,24386450,2023-03-02
2232.5,Borrowing expense,2023-02-28,month,0,2023-04-04
2232.5,Borrowing expense,2023-02-28,ytd,0,2023-03-02
2232.6,Other Expenses,2023-02-28,month,0,2023-04-04
2232.6,Other Expenses,2023-02-28,ytd,0,2023-03-02
2232.7,Fee paid to VSD for getting the list of investors,2023-02-28,month,0,2023-04-04
2232.7,Fee paid to VSD for getting the list of investors,2023-02-28,ytd,0,2023-03-02
2233,Net Income from Investment Activities (= I - II),2023-02-28,month,1543223905,2023-04-04
2233,Net Income from Investment Activities (= I - II),2023-02-28,ytd,3231984112,2023-03-02
2234,Gain / (Loss) from Investment Activities,2023-02-28,month,-60319464,2023-04-04
2234,Gain / (Loss) from Investment Activities,2023-02-28,ytd,-2615026267,2023-03-02
2235,Realised Gain / (Loss) from disposal of investment or real estate transfer,2023-02-28,month,0,2023-04-04
2235,Realised Gain / (Loss) from disposal of investment or real estate transfer,2023-02-28,ytd,-2527740474,2023-03-02
2236,Unrealised Gain / (Loss) due to market price,2023-02-28,month,-60319464,2023-04-04
2236,Unrealised Gain / (Loss) due to market price,2023-02-28,ytd,-87285793,2023-03-02
2237,Change of Net Asset Value of the Fund due to investment activities during the period (= III + IV),2023-02-28,month,1482904441,2023-04-04
2237,Change of Net Asset Value of the Fund due to investment activities during the period (= III + IV),2023-02-28,ytd,616957845,2023-03-02
2238,Net Asset Value at the beginning of period,2023-02-28,month,291504053953,2023-04-04
2238,Net Asset Value at the beginning of period,2023-02-28,ytd,293802572052,2023-03-02
2239,"Change of Net Asset Value of the Fund during the period, of which",2023-02-28,month,-654663203,2023-04-04
2239,"Change of Net Asset Value of the Fund during the period, of which",2023-02-28,ytd,-2953181302,2023-03-02
2239.1,Change of Net Asset Value due to investment activities during the period,2023-02-28,month,1482904441,2023-04-04
2239.1,Change of Net Asset Value due to investment activities during the period,2023-02-28,ytd,616957845,2023-03-02
2239.2,Change of Net Asset Value due to  dividends payment to investors during the period,2023-02-28,month,0,2023-04-04
2239.2,Change of Net Asset Value due to  dividends payment to investors during the period,2023-02-28,ytd,0,2023-03-02
2239.3,Change of Net Asset Value due to subscription/redemption during the period,2023-02-28,month,-2137567644,2023-04-04
2239.3,Change of Net Asset Value due to subscription/redemption during the period,2023-02-28,ytd,-3570139147,2023-03-02
2239.3.1,Change of Net Asset Value due to subscription during the period,2023-02-28,month,637648971,2023-04-04
2239.3.1,Change of Net Asset Value due to subscription during the period,2023-02-28,ytd,1016279707,2023-03-02
2239.3.2,Change of Net Asset Value due to redemption during the period,2023-02-28,month,-2775216615,2023-04-04
2239.3.2,Change of Net Asset Value due to redemption during the period,2023-02-28,ytd,-4586418854,2023-03-02
2243,Net Asset Value at the end of period,2023-02-28,month,290849390750,2023-04-04
2243,Net Asset Value at the end of period,2023-02-28,ytd,290849390750,2023-03-02
2244,Average annual profit (only applicable to annual report),2023-02-28,month,0,2023-04-04
2244,Average annual profit (only applicable to annual report),2023-02-28,ytd,0,2023-03-02
2245,Average annual rate of return (only applicable to annual report),2023-02-28,month,0,2023-04-04
2245,Average annual rate of return (only applicable to annual report),2023-02-28,ytd,0,2023-03-02
2220,Income from Investment Activities,2023-03-31,month,2189430638,2023-05-05
2220,Income from Investment Activities,2023-03-31,ytd,6244583121,2023-04-04
2221,"Dividend income, interest income from bonds",2023-03-31,month,1795758903,2023-05-05
2221,"Dividend income, interest income from bonds",2023-03-31,ytd,5081545421,2023-04-04
2221.1,Dividends income,2023-03-31,month,0,2023-05-05
2221.1,Dividends income,2023-03-31,ytd,0,2023-04-04
2221.2,Interest income from bonds,2023-03-31,month,1795758903,2023-05-05
2221.2,Interest income from bonds,2023-03-31,ytd,5081545421,2023-04-04
2222,Interest income,2023-03-31,month,393671735,2023-05-05
2222,Interest income,2023-03-31,ytd,1163037700,2023-04-04
2222.1,Interest income from bank deposits,2023-03-31,month,393671735,2023-05-05
2222.1,Interest income from bank deposits,2023-03-31,ytd,1163037700,2023-04-04
2222.2,Interest income from Certificates of Deposit,2023-03-31,month,0,2023-05-05
2222.2,Interest income from Certificates of Deposit,2023-03-31,ytd,0,2023-04-04
2222.3,Interest income from reverse repo contracts,2023-03-31,month,0,2023-05-05
2222.3,Interest income from reverse repo contracts,2023-03-31,ytd,0,2023-04-04
2223,Income from rental property (not applicable),2023-03-31,month,0,2023-05-05
2223,Income from rental property (not applicable),2023-03-31,ytd,0,2023-04-04
2223,Other incomes,2023-03-31,month,0,2023-05-05
2223,Other incomes,2023-03-31,ytd,0,2023-04-04
2223.1,Other investment incomes,2023-03-31,month,0,2023-05-05
2223.1,Other investment incomes,2023-03-31,ytd,0,2023-04-04
2223.2,Other incomes,2023-03-31,month,0,2023-05-05
2223.2,Other incomes,2023-03-31,ytd,0,2023-04-04
2223.3,"Provision expense for bad debts from dividends, interest income and written off bad debts from dividends, interest income",2023-03-31,month,0,2023-05-05
2223.3,"Provision expense for bad debts from dividends, interest income and written off bad debts from dividends, interest income",2023-03-31,ytd,0,2023-04-04
2224,Expenses,2023-03-31,month,447983168,2023-05-05
2224,Expenses,2023-03-31,ytd,1271151539,2023-04-04
2225,Management Fee paid to Fund Management Company,2023-03-31,month,297465149,2023-05-05
2225,Management Fee paid to Fund Management Company,2023-03-31,ytd,862893881,2023-04-04
2226,"Custody fee, Supervising fee paid to Supervising Bank/VSD",2023-03-31,month,32239218,2023-05-05
2226,"Custody fee, Supervising fee paid to Supervising Bank/VSD",2023-03-31,ytd,94680770,2023-04-04
2226.1,Custodian service - Safe Custody Fee,2023-03-31,month,12394382,2023-05-05
2226.1,Custodian service - Safe Custody Fee,2023-03-31,ytd,36297148,2023-04-04
2226.2,Custodian service - Transaction fee,2023-03-31,month,1350000,2023-05-05
2226.2,Custodian service - Transaction fee,2023-03-31,ytd,2550000,2023-04-04
2226.3,"Custodian service -  Depository fee, Position and Margin management fee paid to VSD",2023-03-31,month,344836,2023-05-05
2226.3,"Custodian service -  Depository fee, Position and Margin management fee paid to VSD",2023-03-31,ytd,1383622,2023-04-04
2226.4,Supervisory fee,2023-03-31,month,18150000,2023-05-05
2226.4,Supervisory fee,2023-03-31,ytd,54450000,2023-04-04
2227,"Fund Administration Fee, and other fees paid to relevant Fund's service providers",2023-03-31,month,50462500,2023-05-05
2227,"Fund Administration Fee, and other fees paid to relevant Fund's service providers",2023-03-31,ytd,151387500,2023-04-04
2227.1,Fund Administration Fee,2023-03-31,month,37262500,2023-05-05
2227.1,Fund Administration Fee,2023-03-31,ytd,111787500,2023-04-04
2227.2,Transfer Agency Fee,2023-03-31,month,13200000,2023-05-05
2227.2,Transfer Agency Fee,2023-03-31,ytd,39600000,2023-04-04
2228,Audit fee,2023-03-31,month,9342466,2023-05-05
2228,Audit fee,2023-03-31,ytd,27123288,2023-04-04
2229,"Legal consultancy expenses, price feed fee, other valid expenses, remuneration paid to Fund's Board of Representatives",2023-03-31,month,14604033,2023-05-05
2229,"Legal consultancy expenses, price feed fee, other valid expenses, remuneration paid to Fund's Board of Representatives",2023-03-31,ytd,42979452,2023-04-04
2229.1,Remuneration of Fund's Board of Representatives,2023-03-31,month,6509589,2023-05-05
2229.1,Remuneration of Fund's Board of Representatives,2023-03-31,ytd,19479452,2023-04-04
2229.2,Price feed fee,2023-03-31,month,8094444,2023-05-05
2229.2,Price feed fee,2023-03-31,ytd,23500000,2023-04-04
2229.3,Legal consultancy expenses,2023-03-31,month,0,2023-05-05
2229.3,Legal consultancy expenses,2023-03-31,ytd,0,2023-04-04
2230,"Fee for drafting, printing, distribution of prospectus, summarised prospectus, financial statements, transaction confirmations, account statements and other documents to investors; information disclosure fee; fee for organising annual general meeting, board of representatives meeting",2023-03-31,month,0,2023-05-05
2230,"Fee for drafting, printing, distribution of prospectus, summarised prospectus, financial statements, transaction confirmations, account statements and other documents to investors; information disclosure fee; fee for organising annual general meeting, board of representatives meeting",2023-03-31,ytd,0,2023-04-04
2230.1,Meeting expenses,2023-03-31,month,0,2023-05-05
2230.1,Meeting expenses,2023-03-31,ytd,0,2023-04-04
2230.2,Annual report expenses,2023-03-31,month,0,2023-05-05
2230.2,Annual report expenses,2023-03-31,ytd,0,2023-04-04
2230.3,"Fund's Board of Representatives meeting, travelling expenses",2023-03-31,month,0,2023-05-05
2230.3,"Fund's Board of Representatives meeting, travelling expenses",2023-03-31,ytd,0,2023-04-04
2230.4,Expenses of information disclosure of the Fund,2023-03-31,month,0,2023-05-05
2230.4,Expenses of information disclosure of the Fund,2023-03-31,ytd,0,2023-04-04
2230.5,"Designing, printing, posting... expenses",2023-03-31,month,0,2023-05-05
2230.5,"Designing, printing, posting... expenses",2023-03-31,ytd,0,2023-04-04
2231,Expenses related to execution of Fund’s asset transactions,2023-03-31,month,34538966,2023-05-05
2231,Expenses related to execution of Fund’s asset transactions,2023-03-31,ytd,57157033,2023-04-04
2231,Real Estate Management Service fee (not applicable),2023-03-31,month,0,2023-05-05
2231,Real Estate Management Service fee (not applicable),2023-03-31,ytd,0,2023-04-04
2231.1,Brokerage fee,2023-03-31,month,14538966,2023-05-05
2231.1,Brokerage fee,2023-03-31,ytd,20935033,2023-04-04
2231.2,Clearing settlement fee,2023-03-31,month,0,2023-05-05
2231.2,Clearing settlement fee,2023-03-31,ytd,222000,2023-04-04
2231.3,Other Expenses,2023-03-31,month,20000000,2023-05-05
2231.3,Other Expenses,2023-03-31,ytd,36000000,2023-04-04
2232,Other expenses,2023-03-31,month,9330836,2023-05-05
2232,Other expenses,2023-03-31,ytd,34929615,2023-04-04
2232,Real estate valuation service fees (not applicable),2023-03-31,month,0,2023-05-05
2232,Real estate valuation service fees (not applicable),2023-03-31,ytd,0,2023-04-04
2232.1,Set up Expenses,2023-03-31,month,0,2023-05-05
2232.1,Set up Expenses,2023-03-31,ytd,0,2023-04-04
2232.2,"Listing, registration fees",2023-03-31,month,0,2023-05-05
2232.2,"Listing, registration fees",2023-03-31,ytd,0,2023-04-04
2232.3,Annual management fee paid to SSC,2023-03-31,month,636986,2023-05-05
2232.3,Annual management fee paid to SSC,2023-03-31,ytd,1849315,2023-04-04
2232.4,Bank charges,2023-03-31,month,8693850,2023-05-05
2232.4,Bank charges,2023-03-31,ytd,33080300,2023-04-04
2232.5,Borrowing expense,2023-03-31,month,0,2023-05-05
2232.5,Borrowing expense,2023-03-31,ytd,0,2023-04-04
2232.6,Other Expenses,2023-03-31,month,0,2023-05-05
2232.6,Other Expenses,2023-03-31,ytd,0,2023-04-04
2232.7,Fee paid to VSD for getting the list of investors,2023-03-31,month,0,2023-05-05
2232.7,Fee paid to VSD for getting the list of investors,2023-03-31,ytd,0,2023-04-04
2233,Net Income from Investment Activities (= I - II),2023-03-31,month,1741447470,2023-05-05
2233,Net Income from Investment Activities (= I - II),2023-03-31,ytd,4973431582,2023-04-04
2234,Gain / (Loss) from Investment Activities,2023-03-31,month,290222229,2023-05-05
2234,Gain / (Loss) from Investment Activities,2023-03-31,ytd,-2324804038,2023-04-04
2235,Realised Gain / (Loss) from disposal of investment or real estate transfer,2023-03-31,month,359726838,2023-05-05
2235,Realised Gain / (Loss) from disposal of investment or real estate transfer,2023-03-31,ytd,-2168013636,2023-04-04
2236,Unrealised Gain / (Loss) due to market price,2023-03-31,month,-69504609,2023-05-05
2236,Unrealised Gain / (Loss) due to market price,2023-03-31,ytd,-156790402,2023-04-04
2237,Change of Net Asset Value of the Fund due to investment activities during the period (= III + IV),2023-03-31,month,2031669699,2023-05-05
2237,Change of Net Asset Value of the Fund due to investment activities during the period (= III + IV),2023-03-31,ytd,2648627544,2023-04-04
2238,Net Asset Value at the beginning of period,2023-03-31,month,290849390750,2023-05-05
2238,Net Asset Value at the beginning of period,2023-03-31,ytd,293802572052,2023-04-04
2239,"Change of Net Asset Value of the Fund during the period, of which",2023-03-31,month,2199580312,2023-05-05
2239,"Change of Net Asset Value of the Fund during the period, of which",2023-03-31,ytd,-753600990,2023-04-04
2239.1,Change of Net Asset Value due to investment activities during the period,2023-03-31,month,2031669699,2023-05-05
2239.1,Change of Net Asset Value due to investment activities during the period,2023-03-31,ytd,2648627544,2023-04-04
2239.2,Change of Net Asset Value due to  dividends payment to investors during the period,2023-03-31,month,0,2023-05-05
2239.2,Change of Net Asset Value due to  dividends payment to investors during the period,2023-03-31,ytd,0,2023-04-04
2239.3,Change of Net Asset Value due to subscription/redemption during the period,2023-03-31,month,167910613,2023-05-05
2239.3,Change of Net Asset Value due to subscription/redemption during the period,2023-03-31,ytd,-3402228534,2023-04-04
2239.3.1,Change of Net Asset Value due to subscription during the period,2023-03-31,month,1296334210,2023-05-05
2239.3.1,Change of Net Asset Value due to subscription during the period,2023-03-31,ytd,2312613917,2023-04-04
2239.3.2,Change of Net Asset Value due to redemption during the period,2023-03-31,month,-1128423597,2023-05-05
2239.3.2,Change of Net Asset Value due to redemption during the period,2023-03-31,ytd,-5714842451,2023-04-04
2243,Net Asset Value at the end of period,2023-03-31,month,293048971062,2023-05-05
2243,Net Asset Value at the end of period,2023-03-31,ytd,293048971062,2023-04-04
2244,Average annual profit (only applicable to annual report),2023-03-31,month,0,2023-05-05
2244,Average annual profit (only applicable to annual report),2023-03-31,ytd,0,2023-04-04
2245,Average annual rate of return (only applicable to annual report),2023-03-31,month,0,2023-05-05
2245,Average annual rate of return (only applicable to annual report),2023-03-31,ytd,0,2023-04-04
2220,Income from Investment Activities,2023-04-30,month,2364869448,2023-06-02
2220,Income from Investment Activities,2023-04-30,ytd,8609452569,2023-05-05
2221,"Dividend income, interest income from bonds",2023-04-30,month,2091624113,2023-06-02
2221,"Dividend income, interest income from bonds",2023-04-30,ytd,7173169534,2023-05-05
2221.1,Dividends income,2023-04-30,month,0,2023-06-02
2221.1,Dividends income,2023-04-30,ytd,0,2023-05-05
2221.2,Interest income from bonds,2023-04-30,month,2091624113,2023-06-02
2221.2,Interest income from bonds,2023-04-30,ytd,7173169534,2023-05-05
2222,Interest income,2023-04-30,month,273245335,2023-06-02
2222,Interest income,2023-04-30,ytd,1436283035,2023-05-05
2222.1,Interest income from bank deposits,2023-04-30,month,273245335,2023-06-02
2222.1,Interest income from bank deposits,2023-04-30,ytd,1436283035,2023-05-05
2222.2,Interest income from Certificates of Deposit,2023-04-30,month,0,2023-06-02
2222.2,Interest income from Certificates of Deposit,2023-04-30,ytd,0,2023-05-05
2222.3,Interest income from reverse repo contracts,2023-04-30,month,0,2023-06-02
2222.3,Interest income from reverse repo contracts,2023-04-30,ytd,0,2023-05-05
2223,Income from rental property (not applicable),2023-04-30,month,0,2023-06-02
2223,Income from rental property (not applicable),2023-04-30,ytd,0,2023-05-05
2223,Other incomes,2023-04-30,month,0,2023-06-02
2223,Other incomes,2023-04-30,ytd,0,2023-05-05
2223.1,Other investment incomes,2023-04-30,month,0,2023-06-02
2223.1,Other investment incomes,2023-04-30,ytd,0,2023-05-05
2223.2,Other incomes,2023-04-30,month,0,2023-06-02
2223.2,Other incomes,2023-04-30,ytd,0,2023-05-05
2223.3,"Provision expense for bad debts from dividends, interest income and written off bad debts from dividends, interest income",2023-04-30,month,0,2023-06-02
2223.3,"Provision expense for bad debts from dividends, interest income and written off bad debts from dividends, interest income",2023-04-30,ytd,0,2023-05-05
2224,Expenses,2023-04-30,month,451392660,2023-06-02
2224,Expenses,2023-04-30,ytd,1722544199,2023-05-05
2225,Management Fee paid to Fund Management Company,2023-04-30,month,290004287,2023-06-02
2225,Management Fee paid to Fund Management Company,2023-04-30,ytd,1152898168,2023-05-05
2226,"Custody fee, Supervising fee paid to Supervising Bank/VSD",2023-04-30,month,30974150,2023-06-02
2226,"Custody fee, Supervising fee paid to Supervising Bank/VSD",2023-04-30,ytd,125654920,2023-05-05
2226.1,Custodian service - Safe Custody Fee,2023-04-30,month,12083510,2023-06-02
2226.1,Custodian service - Safe Custody Fee,2023-04-30,ytd,48380658,2023-05-05
2226.2,Custodian service - Transaction fee,2023-04-30,month,450000,2023-06-02
2226.2,Custodian service - Transaction fee,2023-04-30,ytd,3000000,2023-05-05
2226.3,"Custodian service -  Depository fee, Position and Margin management fee paid to VSD",2023-04-30,month,290640,2023-06-02
2226.3,"Custodian service -  Depository fee, Position and Margin management fee paid to VSD",2023-04-30,ytd,1674262,2023-05-05
2226.4,Supervisory fee,2023-04-30,month,18150000,2023-06-02
2226.4,Supervisory fee,2023-04-30,ytd,72600000,2023-05-05
2227,"Fund Administration Fee, and other fees paid to relevant Fund's service providers",2023-04-30,month,50462500,2023-06-02
2227,"Fund Administration Fee, and other fees paid to relevant Fund's service providers",2023-04-30,ytd,201850000,2023-05-05
2227.1,Fund Administration Fee,2023-04-30,month,37262500,2023-06-02
2227.1,Fund Administration Fee,2023-04-30,ytd,149050000,2023-05-05
2227.2,Transfer Agency Fee,2023-04-30,month,13200000,2023-06-02
2227.2,Transfer Agency Fee,2023-04-30,ytd,52800000,2023-05-05
2228,Audit fee,2023-04-30,month,13322439,2023-06-02
2228,Audit fee,2023-04-30,ytd,40445727,2023-05-05
2229,"Legal consultancy expenses, price feed fee, other valid expenses, remuneration paid to Fund's Board of Representatives",2023-04-30,month,14240404,2023-06-02
2229,"Legal consultancy expenses, price feed fee, other valid expenses, remuneration paid to Fund's Board of Representatives",2023-04-30,ytd,57219856,2023-05-05
2229.1,Remuneration of Fund's Board of Representatives,2023-04-30,month,6493151,2023-06-02
2229.1,Remuneration of Fund's Board of Representatives,2023-04-30,ytd,25972603,2023-05-05
2229.2,Price feed fee,2023-04-30,month,7747253,2023-06-02
2229.2,Price feed fee,2023-04-30,ytd,31247253,2023-05-05
2229.3,Legal consultancy expenses,2023-04-30,month,0,2023-06-02
2229.3,Legal consultancy expenses,2023-04-30,ytd,0,2023-05-05
2230,"Fee for drafting, printing, distribution of prospectus, summarised prospectus, financial statements, transaction confirmations, account statements and other documents to investors; information disclosure fee; fee for organising annual general meeting, board of representatives meeting",2023-04-30,month,34650000,2023-06-02
2230,"Fee for drafting, printing, distribution of prospectus, summarised prospectus, financial statements, transaction confirmations, account statements and other documents to investors; information disclosure fee; fee for organising annual general meeting, board of representatives meeting",2023-04-30,ytd,34650000,2023-05-05
2230.1,Meeting expenses,2023-04-30,month,34650000,2023-06-02
2230.1,Meeting expenses,2023-04-30,ytd,34650000,2023-05-05
2230.2,Annual report expenses,2023-04-30,month,0,2023-06-02
2230.2,Annual report expenses,2023-04-30,ytd,0,2023-05-05
2230.3,"Fund's Board of Representatives meeting, travelling expenses",2023-04-30,month,0,2023-06-02
2230.3,"Fund's Board of Representatives meeting, travelling expenses",2023-04-30,ytd,0,2023-05-05
2230.4,Expenses of information disclosure of the Fund,2023-04-30,month,0,2023-06-02
2230.4,Expenses of information disclosure of the Fund,2023-04-30,ytd,0,2023-05-05
2230.5,"Designing, printing, posting... expenses",2023-04-30,month,0,2023-06-02
2230.5,"Designing, printing, posting... expenses",2023-04-30,ytd,0,2023-05-05
2231,Expenses related to execution of Fund’s asset transactions,2023-04-30,month,7777392,2023-06-02
2231,Expenses related to execution of Fund’s asset transactions,2023-04-30,ytd,64934425,2023-05-05
2231,Real Estate Management Service fee (not applicable),2023-04-30,month,0,2023-06-02
2231,Real Estate Management Service fee (not applicable),2023-04-30,ytd,0,2023-05-05
2231.1,Brokerage fee,2023-04-30,month,7702392,2023-06-02
2231.1,Brokerage fee,2023-04-30,ytd,28637425,2023-05-05
2231.2,Clearing settlement fee,2023-04-30,month,75000,2023-06-02
2231.2,Clearing settlement fee,2023-04-30,ytd,297000,2023-05-05
2231.3,Other Expenses,2023-04-30,month,0,2023-06-02
2231.3,Other Expenses,2023-04-30,ytd,36000000,2023-05-05
2232,Other expenses,2023-04-30,month,9961488,2023-06-02
2232,Other expenses,2023-04-30,ytd,44891103,2023-05-05
2232,Real estate valuation service fees (not applicable),2023-04-30,month,0,2023-06-02
2232,Real estate valuation service fees (not applicable),2023-04-30,ytd,0,2023-05-05
2232.1,Set up Expenses,2023-04-30,month,0,2023-06-02
2232.1,Set up Expenses,2023-04-30,ytd,0,2023-05-05
2232.2,"Listing, registration fees",2023-04-30,month,0,2023-06-02
2232.2,"Listing, registration fees",2023-04-30,ytd,0,2023-05-05
2232.3,Annual management fee paid to SSC,2023-04-30,month,616438,2023-06-02
2232.3,Annual management fee paid to SSC,2023-04-30,ytd,2465753,2023-05-05
2232.4,Bank charges,2023-04-30,month,8245050,2023-06-02
2232.4,Bank charges,2023-04-30,ytd,41325350,2023-05-05
2232.5,Borrowing expense,2023-04-30,month,0,2023-06-02
2232.5,Borrowing expense,2023-04-30,ytd,0,2023-05-05
2232.6,Other Expenses,2023-04-30,month,0,2023-06-02
2232.6,Other Expenses,2023-04-30,ytd,0,2023-05-05
2232.7,Fee paid to VSD for getting the list of investors,2023-04-30,month,1100000,2023-06-02
2232.7,Fee paid to VSD for getting the list of investors,2023-04-30,ytd,1100000,2023-05-05
2233,Net Income from Investment Activities (= I - II),2023-04-30,month,1913476788,2023-06-02
2233,Net Income from Investment Activities (= I - II),2023-04-30,ytd,6886908370,2023-05-05
2234,Gain / (Loss) from Investment Activities,2023-04-30,month,57708280,2023-06-02
2234,Gain / (Loss) from Investment Activities,2023-04-30,ytd,-2267095758,2023-05-05
2235,Realised Gain / (Loss) from disposal of investment or real estate transfer,2023-04-30,month,-5702192,2023-06-02
2235,Realised Gain / (Loss) from disposal of investment or real estate transfer,2023-04-30,ytd,-2173715828,2023-05-05
2236,Unrealised Gain / (Loss) due to market price,2023-04-30,month,63410472,2023-06-02
2236,Unrealised Gain / (Loss) due to market price,2023-04-30,ytd,-93379930,2023-05-05
2237,Change of Net Asset Value of the Fund due to investment activities during the period (= III + IV),2023-04-30,month,1971185068,2023-06-02
2237,Change of Net Asset Value of the Fund due to investment activities during the period (= III + IV),2023-04-30,ytd,4619812612,2023-05-05
2238,Net Asset Value at the beginning of period,2023-04-30,month,293048971062,2023-06-02
2238,Net Asset Value at the beginning of period,2023-04-30,ytd,293802572052,2023-05-05
2239,"Change of Net Asset Value of the Fund during the period, of which",2023-04-30,month,2299559680,2023-06-02
2239,"Change of Net Asset Value of the Fund during the period, of which",2023-04-30,ytd,1545958690,2023-05-05
2239.1,Change of Net Asset Value due to investment activities during the period,2023-04-30,month,1971185068,2023-06-02
2239.1,Change of Net Asset Value due to investment activities during the period,2023-04-30,ytd,4619812612,2023-05-05
2239.2,Change of Net Asset Value due to  dividends payment to investors during the period,2023-04-30,month,0,2023-06-02
2239.2,Change of Net Asset Value due to  dividends payment to investors during the period,2023-04-30,ytd,0,2023-05-05
2239.3,Change of Net Asset Value due to subscription/redemption during the period,2023-04-30,month,328374612,2023-06-02
2239.3,Change of Net Asset Value due to subscription/redemption during the period,2023-04-30,ytd,-3073853922,2023-05-05
2239.3.1,Change of Net Asset Value due to subscription during the period,2023-04-30,month,1644640120,2023-06-02
2239.3.1,Change of Net Asset Value due to subscription during the period,2023-04-30,ytd,3957254037,2023-05-05
2239.3.2,Change of Net Asset Value due to redemption during the period,2023-04-30,month,-1316265508,2023-06-02
2239.3.2,Change of Net Asset Value due to redemption during the period,2023-04-30,ytd,-7031107959,2023-05-05
2243,Net Asset Value at the end of period,2023-04-30,month,295348530742,2023-06-02
2243,Net Asset Value at the end of period,2023-04-30,ytd,295348530742,2023-05-05
2244,Average annual profit (only applicable to annual report),2023-04-30,month,0,2023-06-02
2244,Average annual profit (only applicable to annual report),2023-04-30,ytd,0,2023-05-05
2245,Average annual rate of return (only applicable to annual report),2023-04-30,month,0,2023-06-02
2245,Average annual rate of return (only applicable to annual report),2023-04-30,ytd,0,2023-05-05
2220,Income from Investment Activities,2023-05-31,month,2454332891,2023-07-04
2220,Income from Investment Activities,2023-05-31,ytd,11063785460,2023-06-02
2221,"Dividend income, interest income from bonds",2023-05-31,month,2123715752,2023-07-04
2221,"Dividend income, interest income from bonds",2023-05-31,ytd,9296885286,2023-06-02
2221.1,Dividends income,2023-05-31,month,0,2023-07-04
2221.1,Dividends income,2023-05-31,ytd,0,2023-06-02
2221.2,Interest income from bonds,2023-05-31,month,2123715752,2023-07-04
2221.2,Interest income from bonds,2023-05-31,ytd,9296885286,2023-06-02
2222,Interest income,2023-05-31,month,330617139,2023-07-04
2222,Interest income,2023-05-31,ytd,1766900174,2023-06-02
2222.1,Interest income from bank deposits,2023-05-31,month,330617139,2023-07-04
2222.1,Interest income from bank deposits,2023-05-31,ytd,1766900174,2023-06-02
2222.2,Interest income from Certificates of Deposit,2023-05-31,month,0,2023-07-04
2222.2,Interest income from Certificates of Deposit,2023-05-31,ytd,0,2023-06-02
2222.3,Interest income from reverse repo contracts,2023-05-31,month,0,2023-07-04
2222.3,Interest income from reverse repo contracts,2023-05-31,ytd,0,2023-06-02
2223,Income from rental property (not applicable),2023-05-31,month,0,2023-07-04
2223,Income from rental property (not applicable),2023-05-31,ytd,0,2023-06-02
2223,Other incomes,2023-05-31,month,0,2023-07-04
2223,Other incomes,2023-05-31,ytd,0,2023-06-02
2223.1,Other investment incomes,2023-05-31,month,0,2023-07-04
2223.1,Other investment incomes,2023-05-31,ytd,0,2023-06-02
2223.2,Other incomes,2023-05-31,month,0,2023-07-04
2223.2,Other incomes,2023-05-31,ytd,0,2023-06-02
2223.3,"Provision expense for bad debts from dividends, interest income and written off bad debts from dividends, interest income",2023-05-31,month,0,2023-07-04
2223.3,"Provision expense for bad debts from dividends, interest income and written off bad debts from dividends, interest income",2023-05-31,ytd,0,2023-06-02
2224,Expenses,2023-05-31,month,423140368,2023-07-04
2224,Expenses,2023-05-31,ytd,2145684567,2023-06-02
2225,Management Fee paid to Fund Management Company,2023-05-31,month,301744347,2023-07-04
2225,Management Fee paid to Fund Management Company,2023-05-31,ytd,1454642515,2023-06-02
2226,"Custody fee, Supervising fee paid to Supervising Bank/VSD",2023-05-31,month,31534131,2023-07-04
2226,"Custody fee, Supervising fee paid to Supervising Bank/VSD",2023-05-31,ytd,157189051,2023-06-02
2226.1,Custodian service - Safe Custody Fee,2023-05-31,month,12572682,2023-07-04
2226.1,Custodian service - Safe Custody Fee,2023-05-31,ytd,60953340,2023-06-02
2226.2,Custodian service - Transaction fee,2023-05-31,month,450000,2023-07-04
2226.2,Custodian service - Transaction fee,2023-05-31,ytd,3450000,2023-06-02
2226.3,"Custodian service -  Depository fee, Position and Margin management fee paid to VSD",2023-05-31,month,361449,2023-07-04
2226.3,"Custodian service -  Depository fee, Position and Margin management fee paid to VSD",2023-05-31,ytd,2035711,2023-06-02
2226.4,Supervisory fee,2023-05-31,month,18150000,2023-07-04
2226.4,Supervisory fee,2023-05-31,ytd,90750000,2023-06-02
2227,"Fund Administration Fee, and other fees paid to relevant Fund's service providers",2023-05-31,month,50462500,2023-07-04
2227,"Fund Administration Fee, and other fees paid to relevant Fund's service providers",2023-05-31,ytd,252312500,2023-06-02
2227.1,Fund Administration Fee,2023-05-31,month,37262500,2023-07-04
2227.1,Fund Administration Fee,2023-05-31,ytd,186312500,2023-06-02
2227.2,Transfer Agency Fee,2023-05-31,month,13200000,2023-07-04
2227.2,Transfer Agency Fee,2023-05-31,ytd,66000000,2023-06-02
2228,Audit fee,2023-05-31,month,9342465,2023-07-04
2228,Audit fee,2023-05-31,ytd,49788192,2023-06-02
2229,"Legal consultancy expenses, price feed fee, other valid expenses, remuneration paid to Fund's Board of Representatives",2023-05-31,month,14515083,2023-07-04
2229,"Legal consultancy expenses, price feed fee, other valid expenses, remuneration paid to Fund's Board of Representatives",2023-05-31,ytd,71734939,2023-06-02
2229.1,Remuneration of Fund's Board of Representatives,2023-05-31,month,6509589,2023-07-04
2229.1,Remuneration of Fund's Board of Representatives,2023-05-31,ytd,32482192,2023-06-02
2229.2,Price feed fee,2023-05-31,month,8005494,2023-07-04
2229.2,Price feed fee,2023-05-31,ytd,39252747,2023-06-02
2229.3,Legal consultancy expenses,2023-05-31,month,0,2023-07-04
2229.3,Legal consultancy expenses,2023-05-31,ytd,0,2023-06-02
2230,"Fee for drafting, printing, distribution of prospectus, summarised prospectus, financial statements, transaction confirmations, account statements and other documents to investors; information disclosure fee; fee for organising annual general meeting, board of representatives meeting",2023-05-31,month,104442,2023-07-04
2230,"Fee for drafting, printing, distribution of prospectus, summarised prospectus, financial statements, transaction confirmations, account statements and other documents to investors; information disclosure fee; fee for organising annual general meeting, board of representatives meeting",2023-05-31,ytd,34754442,2023-06-02
2230.1,Meeting expenses,2023-05-31,month,104442,2023-07-04
2230.1,Meeting expenses,2023-05-31,ytd,34754442,2023-06-02
2230.2,Annual report expenses,2023-05-31,month,0,2023-07-04
2230.2,Annual report expenses,2023-05-31,ytd,0,2023-06-02
2230.3,"Fund's Board of Representatives meeting, travelling expenses",2023-05-31,month,0,2023-07-04
2230.3,"Fund's Board of Representatives meeting, travelling expenses",2023-05-31,ytd,0,2023-06-02
2230.4,Expenses of information disclosure of the Fund,2023-05-31,month,0,2023-07-04
2230.4,Expenses of information disclosure of the Fund,2023-05-31,ytd,0,2023-06-02
2230.5,"Designing, printing, posting... expenses",2023-05-31,month,0,2023-07-04
2230.5,"Designing, printing, posting... expenses",2023-05-31,ytd,0,2023-06-02
2231,Expenses related to execution of Fund’s asset transactions,2023-05-31,month,7513463,2023-07-04
2231,Expenses related to execution of Fund’s asset transactions,2023-05-31,ytd,72447888,2023-06-02
2231,Real Estate Management Service fee (not applicable),2023-05-31,month,0,2023-07-04
2231,Real Estate Management Service fee (not applicable),2023-05-31,ytd,0,2023-06-02
2231.1,Brokerage fee,2023-05-31,month,7435463,2023-07-04
2231.1,Brokerage fee,2023-05-31,ytd,36072888,2023-06-02
2231.2,Clearing settlement fee,2023-05-31,month,78000,2023-07-04
2231.2,Clearing settlement fee,2023-05-31,ytd,375000,2023-06-02
2231.3,Other Expenses,2023-05-31,month,0,2023-07-04
2231.3,Other Expenses,2023-05-31,ytd,36000000,2023-06-02
2232,Other expenses,2023-05-31,month,7923937,2023-07-04
2232,Other expenses,2023-05-31,ytd,52815040,2023-06-02
2232,Real estate valuation service fees (not applicable),2023-05-31,month,0,2023-07-04
2232,Real estate valuation service fees (not applicable),2023-05-31,ytd,0,2023-06-02
2232.1,Set up Expenses,2023-05-31,month,0,2023-07-04
2232.1,Set up Expenses,2023-05-31,ytd,0,2023-06-02
2232.2,"Listing, registration fees",2023-05-31,month,0,2023-07-04
2232.2,"Listing, registration fees",2023-05-31,ytd,0,2023-06-02
2232.3,Annual management fee paid to SSC,2023-05-31,month,636987,2023-07-04
2232.3,Annual management fee paid to SSC,2023-05-31,ytd,3102740,2023-06-02
2232.4,Bank charges,2023-05-31,month,7286950,2023-07-04
2232.4,Bank charges,2023-05-31,ytd,48612300,2023-06-02
2232.5,Borrowing expense,2023-05-31,month,0,2023-07-04
2232.5,Borrowing expense,2023-05-31,ytd,0,2023-06-02
2232.6,Other Expenses,2023-05-31,month,0,2023-07-04
2232.6,Other Expenses,2023-05-31,ytd,0,2023-06-02
2232.7,Fee paid to VSD for getting the list of investors,2023-05-31,month,0,2023-07-04
2232.7,Fee paid to VSD for getting the list of investors,2023-05-31,ytd,1100000,2023-06-02
2233,Net Income from Investment Activities (= I - II),2023-05-31,month,2031192523,2023-07-04
2233,Net Income from Investment Activities (= I - II),2023-05-31,ytd,8918100893,2023-06-02
2234,Gain / (Loss) from Investment Activities,2023-05-31,month,78837043,2023-07-04
2234,Gain / (Loss) from Investment Activities,2023-05-31,ytd,-2188258715,2023-06-02
2235,Realised Gain / (Loss) from disposal of investment or real estate transfer,2023-05-31,month,53058083,2023-07-04
2235,Realised Gain / (Loss) from disposal of investment or real estate transfer,2023-05-31,ytd,-2120657745,2023-06-02
2236,Unrealised Gain / (Loss) due to market price,2023-05-31,month,25778960,2023-07-04
2236,Unrealised Gain / (Loss) due to market price,2023-05-31,ytd,-67600970,2023-06-02
2237,Change of Net Asset Value of the Fund due to investment activities during the period (= III + IV),2023-05-31,month,2110029566,2023-07-04
2237,Change of Net Asset Value of the Fund due to investment activities during the period (= III + IV),2023-05-31,ytd,6729842178,2023-06-02
2238,Net Asset Value at the beginning of period,2023-05-31,month,295348530742,2023-07-04
2238,Net Asset Value at the beginning of period,2023-05-31,ytd,293802572052,2023-06-02
2239,"Change of Net Asset Value of the Fund during the period, of which",2023-05-31,month,-7375991826,2023-07-04
2239,"Change of Net Asset Value of the Fund during the period, of which",2023-05-31,ytd,-5830033136,2023-06-02
2239.1,Change of Net Asset Value due to investment activities during the period,2023-05-31,month,2110029566,2023-07-04
2239.1,Change of Net Asset Value due to investment activities during the period,2023-05-31,ytd,6729842178,2023-06-02
2239.2,Change of Net Asset Value due to  dividends payment to investors during the period,2023-05-31,month,0,2023-07-04
2239.2,Change of Net Asset Value due to  dividends payment to investors during the period,2023-05-31,ytd,0,2023-06-02
2239.3,Change of Net Asset Value due to subscription/redemption during the period,2023-05-31,month,-9486021392,2023-07-04
2239.3,Change of Net Asset Value due to subscription/redemption during the period,2023-05-31,ytd,-12559875314,2023-06-02
2239.3.1,Change of Net Asset Value due to subscription during the period,2023-05-31,month,887940328,2023-07-04
2239.3.1,Change of Net Asset Value due to subscription during the period,2023-05-31,ytd,4845194365,2023-06-02
2239.3.2,Change of Net Asset Value due to redemption during the period,2023-05-31,month,-10373961720,2023-07-04
2239.3.2,Change of Net Asset Value due to redemption during the period,2023-05-31,ytd,-17405069679,2023-06-02
2243,Net Asset Value at the end of period,2023-05-31,month,287972538916,2023-07-04
2243,Net Asset Value at the end of period,2023-05-31,ytd,287972538916,2023-06-02
2244,Average annual profit (only applicable to annual report),2023-05-31,month,0,2023-07-04
2244,Average annual profit (only applicable to annual report),2023-05-31,ytd,0,2023-06-02
2245,Average annual rate of return (only applicable to annual report),2023-05-31,month,0,2023-07-04
2245,Average annual rate of return (only applicable to annual report),2023-05-31,ytd,0,2023-06-02
2220,Income from Investment Activities,2023-06-30,month,2176824083,2023-08-02
2220,Income from Investment Activities,2023-06-30,ytd,13240609543,2023-07-04
2221,"Dividend income, interest income from bonds",2023-06-30,month,1807322809,2023-08-02
2221,"Dividend income, interest income from bonds",2023-06-30,ytd,11104208095,2023-07-04
2221.1,Dividends income,2023-06-30,month,0,2023-08-02
2221.1,Dividends income,2023-06-30,ytd,0,2023-07-04
2221.2,Interest income from bonds,2023-06-30,month,1807322809,2023-08-02
2221.2,Interest income from bonds,2023-06-30,ytd,11104208095,2023-07-04
2222,Interest income,2023-06-30,month,369501274,2023-08-02
2222,Interest income,2023-06-30,ytd,2136401448,2023-07-04
2222.1,Interest income from bank deposits,2023-06-30,month,236898534,2023-08-02
2222.1,Interest income from bank deposits,2023-06-30,ytd,2003798708,2023-07-04
2222.2,Interest income from Certificates of Deposit,2023-06-30,month,132602740,2023-08-02
2222.2,Interest income from Certificates of Deposit,2023-06-30,ytd,132602740,2023-07-04
2222.3,Interest income from reverse repo contracts,2023-06-30,month,0,2023-08-02
2222.3,Interest income from reverse repo contracts,2023-06-30,ytd,0,2023-07-04
2223,Income from rental property (not applicable),2023-06-30,month,0,2023-08-02
2223,Income from rental property (not applicable),2023-06-30,ytd,0,2023-07-04
2223,Other incomes,2023-06-30,month,0,2023-08-02
2223,Other incomes,2023-06-30,ytd,0,2023-07-04
2223.1,Other investment incomes,2023-06-30,month,0,2023-08-02
2223.1,Other investment incomes,2023-06-30,ytd,0,2023-07-04
2223.2,Other incomes,2023-06-30,month,0,2023-08-02
2223.2,Other incomes,2023-06-30,ytd,0,2023-07-04
2223.3,"Provision expense for bad debts from dividends, interest income and written off bad debts from dividends, interest income",2023-06-30,month,0,2023-08-02
2223.3,"Provision expense for bad debts from dividends, interest income and written off bad debts from dividends, interest income",2023-06-30,ytd,0,2023-07-04
2224,Expenses,2023-06-30,month,443298886,2023-08-02
2224,Expenses,2023-06-30,ytd,2588983453,2023-07-04
2225,Management Fee paid to Fund Management Company,2023-06-30,month,284418679,2023-08-02
2225,Management Fee paid to Fund Management Company,2023-06-30,ytd,1739061194,2023-07-04
2226,"Custody fee, Supervising fee paid to Supervising Bank/VSD",2023-06-30,month,31741933,2023-08-02
2226,"Custody fee, Supervising fee paid to Supervising Bank/VSD",2023-06-30,ytd,188930984,2023-07-04
2226.1,Custodian service - Safe Custody Fee,2023-06-30,month,11850778,2023-08-02
2226.1,Custodian service - Safe Custody Fee,2023-06-30,ytd,72804118,2023-07-04
2226.2,Custodian service - Transaction fee,2023-06-30,month,1350000,2023-08-02
2226.2,Custodian service - Transaction fee,2023-06-30,ytd,4800000,2023-07-04
2226.3,"Custodian service -  Depository fee, Position and Margin management fee paid to VSD",2023-06-30,month,391155,2023-08-02
2226.3,"Custodian service -  Depository fee, Position and Margin management fee paid to VSD",2023-06-30,ytd,2426866,2023-07-04
2226.4,Supervisory fee,2023-06-30,month,18150000,2023-08-02
2226.4,Supervisory fee,2023-06-30,ytd,108900000,2023-07-04
2227,"Fund Administration Fee, and other fees paid to relevant Fund's service providers",2023-06-30,month,50462500,2023-08-02
2227,"Fund Administration Fee, and other fees paid to relevant Fund's service providers",2023-06-30,ytd,302775000,2023-07-04
2227.1,Fund Administration Fee,2023-06-30,month,37262500,2023-08-02
2227.1,Fund Administration Fee,2023-06-30,ytd,223575000,2023-07-04
2227.2,Transfer Agency Fee,2023-06-30,month,13200000,2023-08-02
2227.2,Transfer Agency Fee,2023-06-30,ytd,79200000,2023-07-04
2228,Audit fee,2023-06-30,month,9301311,2023-08-02
2228,Audit fee,2023-06-30,ytd,59089503,2023-07-04
2229,"Legal consultancy expenses, price feed fee, other valid expenses, remuneration paid to Fund's Board of Representatives",2023-06-30,month,14240403,2023-08-02
2229,"Legal consultancy expenses, price feed fee, other valid expenses, remuneration paid to Fund's Board of Representatives",2023-06-30,ytd,85975342,2023-07-04
2229.1,Remuneration of Fund's Board of Representatives,2023-06-30,month,6493150,2023-08-02
2229.1,Remuneration of Fund's Board of Representatives,2023-06-30,ytd,38975342,2023-07-04
2229.2,Price feed fee,2023-06-30,month,7747253,2023-08-02
2229.2,Price feed fee,2023-06-30,ytd,47000000,2023-07-04
2229.3,Legal consultancy expenses,2023-06-30,month,0,2023-08-02
2229.3,Legal consultancy expenses,2023-06-30,ytd,0,2023-07-04
2230,"Fee for drafting, printing, distribution of prospectus, summarised prospectus, financial statements, transaction confirmations, account statements and other documents to investors; information disclosure fee; fee for organising annual general meeting, board of representatives meeting",2023-06-30,month,0,2023-08-02
2230,"Fee for drafting, printing, distribution of prospectus, summarised prospectus, financial statements, transaction confirmations, account statements and other documents to investors; information disclosure fee; fee for organising annual general meeting, board of representatives meeting",2023-06-30,ytd,34754442,2023-07-04
2230.1,Meeting expenses,2023-06-30,month,0,2023-08-02
2230.1,Meeting expenses,2023-06-30,ytd,34754442,2023-07-04
2230.2,Annual report expenses,2023-06-30,month,0,2023-08-02
2230.2,Annual report expenses,2023-06-30,ytd,0,2023-07-04
2230.3,"Fund's Board of Representatives meeting, travelling expenses",2023-06-30,month,0,2023-08-02
2230.3,"Fund's Board of Representatives meeting, travelling expenses",2023-06-30,ytd,0,2023-07-04
2230.4,Expenses of information disclosure of the Fund,2023-06-30,month,0,2023-08-02
2230.4,Expenses of information disclosure of the Fund,2023-06-30,ytd,0,2023-07-04
2230.5,"Designing, printing, posting... expenses",2023-06-30,month,0,2023-08-02
2230.5,"Designing, printing, posting... expenses",2023-06-30,ytd,0,2023-07-04
2231,Expenses related to execution of Fund’s asset transactions,2023-06-30,month,44793972,2023-08-02
2231,Expenses related to execution of Fund’s asset transactions,2023-06-30,ytd,117241860,2023-07-04
2231,Real Estate Management Service fee (not applicable),2023-06-30,month,0,2023-08-02
2231,Real Estate Management Service fee (not applicable),2023-06-30,ytd,0,2023-07-04
2231.1,Brokerage fee,2023-06-30,month,44667972,2023-08-02
2231.1,Brokerage fee,2023-06-30,ytd,80740860,2023-07-04
2231.2,Clearing settlement fee,2023-06-30,month,126000,2023-08-02
2231.2,Clearing settlement fee,2023-06-30,ytd,501000,2023-07-04
2231.3,Other Expenses,2023-06-30,month,0,2023-08-02
2231.3,Other Expenses,2023-06-30,ytd,36000000,2023-07-04
2232,Other expenses,2023-06-30,month,8340088,2023-08-02
2232,Other expenses,2023-06-30,ytd,61155128,2023-07-04
2232,Real estate valuation service fees (not applicable),2023-06-30,month,0,2023-08-02
2232,Real estate valuation service fees (not applicable),2023-06-30,ytd,0,2023-07-04
2232.1,Set up Expenses,2023-06-30,month,0,2023-08-02
2232.1,Set up Expenses,2023-06-30,ytd,0,2023-07-04
2232.2,"Listing, registration fees",2023-06-30,month,0,2023-08-02
2232.2,"Listing, registration fees",2023-06-30,ytd,0,2023-07-04
2232.3,Annual management fee paid to SSC,2023-06-30,month,616438,2023-08-02
2232.3,Annual management fee paid to SSC,2023-06-30,ytd,3719178,2023-07-04
2232.4,Bank charges,2023-06-30,month,7723650,2023-08-02
2232.4,Bank charges,2023-06-30,ytd,56335950,2023-07-04
2232.5,Borrowing expense,2023-06-30,month,0,2023-08-02
2232.5,Borrowing expense,2023-06-30,ytd,0,2023-07-04
2232.6,Other Expenses,2023-06-30,month,0,2023-08-02
2232.6,Other Expenses,2023-06-30,ytd,0,2023-07-04
2232.7,Fee paid to VSD for getting the list of investors,2023-06-30,month,0,2023-08-02
2232.7,Fee paid to VSD for getting the list of investors,2023-06-30,ytd,1100000,2023-07-04
2233,Net Income from Investment Activities (= I - II),2023-06-30,month,1733525197,2023-08-02
2233,Net Income from Investment Activities (= I - II),2023-06-30,ytd,10651626090,2023-07-04
2234,Gain / (Loss) from Investment Activities,2023-06-30,month,298361656,2023-08-02
2234,Gain / (Loss) from Investment Activities,2023-06-30,ytd,-1889897059,2023-07-04
2235,Realised Gain / (Loss) from disposal of investment or real estate transfer,2023-06-30,month,-373240439,2023-08-02
2235,Realised Gain / (Loss) from disposal of investment or real estate transfer,2023-06-30,ytd,-2493898184,2023-07-04
2236,Unrealised Gain / (Loss) due to market price,2023-06-30,month,671602095,2023-08-02
2236,Unrealised Gain / (Loss) due to market price,2023-06-30,ytd,604001125,2023-07-04
2237,Change of Net Asset Value of the Fund due to investment activities during the period (= III + IV),2023-06-30,month,2031886853,2023-08-02
2237,Change of Net Asset Value of the Fund due to investment activities during the period (= III + IV),2023-06-30,ytd,8761729031,2023-07-04
2238,Net Asset Value at the beginning of period,2023-06-30,month,287972538916,2023-08-02
2238,Net Asset Value at the beginning of period,2023-06-30,ytd,293802572052,2023-07-04
2239,"Change of Net Asset Value of the Fund during the period, of which",2023-06-30,month,898084224,2023-08-02
2239,"Change of Net Asset Value of the Fund during the period, of which",2023-06-30,ytd,-4931948912,2023-07-04
2239.1,Change of Net Asset Value due to investment activities during the period,2023-06-30,month,2031886853,2023-08-02
2239.1,Change of Net Asset Value due to investment activities during the period,2023-06-30,ytd,8761729031,2023-07-04
2239.2,Change of Net Asset Value due to  dividends payment to investors during the period,2023-06-30,month,0,2023-08-02
2239.2,Change of Net Asset Value due to  dividends payment to investors during the period,2023-06-30,ytd,0,2023-07-04
2239.3,Change of Net Asset Value due to subscription/redemption during the period,2023-06-30,month,-1133802629,2023-08-02
2239.3,Change of Net Asset Value due to subscription/redemption during the period,2023-06-30,ytd,-13693677943,2023-07-04
2239.3.1,Change of Net Asset Value due to subscription during the period,2023-06-30,month,1080133207,2023-08-02
2239.3.1,Change of Net Asset Value due to subscription during the period,2023-06-30,ytd,5925327572,2023-07-04
2239.3.2,Change of Net Asset Value due to redemption during the period,2023-06-30,month,-2213935836,2023-08-02
2239.3.2,Change of Net Asset Value due to redemption during the period,2023-06-30,ytd,-19619005515,2023-07-04
2243,Net Asset Value at the end of period,2023-06-30,month,288870623140,2023-08-02
2243,Net Asset Value at the end of period,2023-06-30,ytd,288870623140,2023-07-04
2244,Average annual profit (only applicable to annual report),2023-06-30,month,0,2023-08-02
2244,Average annual profit (only applicable to annual report),2023-06-30,ytd,0,2023-07-04
2245,Average annual rate of return (only applicable to annual report),2023-06-30,month,0,2023-08-02
2245,Average annual rate of return (only applicable to annual report),2023-06-30,ytd,0,2023-07-04
2220,Income from Investment Activities,2023-07-31,month,2163878117,2023-09-05
2220,Income from Investment Activities,2023-07-31,ytd,15404487660,2023-08-02
2221,"Dividend income, interest income from bonds",2023-07-31,month,1658470985,2023-09-05
2221,"Dividend income, interest income from bonds",2023-07-31,ytd,12762679080,2023-08-02
2221.1,Dividends income,2023-07-31,month,0,2023-09-05
2221.1,Dividends income,2023-07-31,ytd,0,2023-08-02
2221.2,Interest income from bonds,2023-07-31,month,1658470985,2023-09-05
2221.2,Interest income from bonds,2023-07-31,ytd,12762679080,2023-08-02
2222,Interest income,2023-07-31,month,505407132,2023-09-05
2222,Interest income,2023-07-31,ytd,2641808580,2023-08-02
2222.1,Interest income from bank deposits,2023-07-31,month,266557816,2023-09-05
2222.1,Interest income from bank deposits,2023-07-31,ytd,2270356524,2023-08-02
2222.2,Interest income from Certificates of Deposit,2023-07-31,month,238849316,2023-09-05
2222.2,Interest income from Certificates of Deposit,2023-07-31,ytd,371452056,2023-08-02
2222.3,Interest income from reverse repo contracts,2023-07-31,month,0,2023-09-05
2222.3,Interest income from reverse repo contracts,2023-07-31,ytd,0,2023-08-02
2223,Income from rental property (not applicable),2023-07-31,month,0,2023-09-05
2223,Income from rental property (not applicable),2023-07-31,ytd,0,2023-08-02
2223,Other incomes,2023-07-31,month,0,2023-09-05
2223,Other incomes,2023-07-31,ytd,0,2023-08-02
2223.1,Other investment incomes,2023-07-31,month,0,2023-09-05
2223.1,Other investment incomes,2023-07-31,ytd,0,2023-08-02
2223.2,Other incomes,2023-07-31,month,0,2023-09-05
2223.2,Other incomes,2023-07-31,ytd,0,2023-08-02
2223.3,"Provision expense for bad debts from dividends, interest income and written off bad debts from dividends, interest income",2023-07-31,month,0,2023-09-05
2223.3,"Provision expense for bad debts from dividends, interest income and written off bad debts from dividends, interest income",2023-07-31,ytd,0,2023-08-02
2224,Expenses,2023-07-31,month,401914499,2023-09-05
2224,Expenses,2023-07-31,ytd,2990897952,2023-08-02
2225,Management Fee paid to Fund Management Company,2023-07-31,month,246705685,2023-09-05
2225,Management Fee paid to Fund Management Company,2023-07-31,ytd,1985766879,2023-08-02
2226,"Custody fee, Supervising fee paid to Supervising Bank/VSD",2023-07-31,month,32256586,2023-09-05
2226,"Custody fee, Supervising fee paid to Supervising Bank/VSD",2023-07-31,ytd,221187570,2023-08-02
2226.1,Custodian service - Safe Custody Fee,2023-07-31,month,12364693,2023-09-05
2226.1,Custodian service - Safe Custody Fee,2023-07-31,ytd,85168811,2023-08-02
2226.2,Custodian service - Transaction fee,2023-07-31,month,900000,2023-09-05
2226.2,Custodian service - Transaction fee,2023-07-31,ytd,5700000,2023-08-02
2226.3,"Custodian service -  Depository fee, Position and Margin management fee paid to VSD",2023-07-31,month,841893,2023-09-05
2226.3,"Custodian service -  Depository fee, Position and Margin management fee paid to VSD",2023-07-31,ytd,3268759,2023-08-02
2226.4,Supervisory fee,2023-07-31,month,18150000,2023-09-05
2226.4,Supervisory fee,2023-07-31,ytd,127050000,2023-08-02
2227,"Fund Administration Fee, and other fees paid to relevant Fund's service providers",2023-07-31,month,50462500,2023-09-05
2227,"Fund Administration Fee, and other fees paid to relevant Fund's service providers",2023-07-31,ytd,353237500,2023-08-02
2227.1,Fund Administration Fee,2023-07-31,month,37262500,2023-09-05
2227.1,Fund Administration Fee,2023-07-31,ytd,260837500,2023-08-02
2227.2,Transfer Agency Fee,2023-07-31,month,13200000,2023-09-05
2227.2,Transfer Agency Fee,2023-07-31,ytd,92400000,2023-08-02
2228,Audit fee,2023-07-31,month,13375799,2023-09-05
2228,Audit fee,2023-07-31,ytd,72465302,2023-08-02
2229,"Legal consultancy expenses, price feed fee, other valid expenses, remuneration paid to Fund's Board of Representatives",2023-07-31,month,14428068,2023-09-05
2229,"Legal consultancy expenses, price feed fee, other valid expenses, remuneration paid to Fund's Board of Representatives",2023-07-31,ytd,100403410,2023-08-02
2229.1,Remuneration of Fund's Board of Representatives,2023-07-31,month,6509590,2023-09-05
2229.1,Remuneration of Fund's Board of Representatives,2023-07-31,ytd,45484932,2023-08-02
2229.2,Price feed fee,2023-07-31,month,7918478,2023-09-05
2229.2,Price feed fee,2023-07-31,ytd,54918478,2023-08-02
2229.3,Legal consultancy expenses,2023-07-31,month,0,2023-09-05
2229.3,Legal consultancy expenses,2023-07-31,ytd,0,2023-08-02
2230,"Fee for drafting, printing, distribution of prospectus, summarised prospectus, financial statements, transaction confirmations, account statements and other documents to investors; information disclosure fee; fee for organising annual general meeting, board of representatives meeting",2023-07-31,month,0,2023-09-05
2230,"Fee for drafting, printing, distribution of prospectus, summarised prospectus, financial statements, transaction confirmations, account statements and other documents to investors; information disclosure fee; fee for organising annual general meeting, board of representatives meeting",2023-07-31,ytd,34754442,2023-08-02
2230.1,Meeting expenses,2023-07-31,month,0,2023-09-05
2230.1,Meeting expenses,2023-07-31,ytd,34754442,2023-08-02
2230.2,Annual report expenses,2023-07-31,month,0,2023-09-05
2230.2,Annual report expenses,2023-07-31,ytd,0,2023-08-02
2230.3,"Fund's Board of Representatives meeting, travelling expenses",2023-07-31,month,0,2023-09-05
2230.3,"Fund's Board of Representatives meeting, travelling expenses",2023-07-31,ytd,0,2023-08-02
2230.4,Expenses of information disclosure of the Fund,2023-07-31,month,0,2023-09-05
2230.4,Expenses of information disclosure of the Fund,2023-07-31,ytd,0,2023-08-02
2230.5,"Designing, printing, posting... expenses",2023-07-31,month,0,2023-09-05
2230.5,"Designing, printing, posting... expenses",2023-07-31,ytd,0,2023-08-02
2231,Expenses related to execution of Fund’s asset transactions,2023-07-31,month,28178425,2023-09-05
2231,Expenses related to execution of Fund’s asset transactions,2023-07-31,ytd,145420285,2023-08-02
2231,Real Estate Management Service fee (not applicable),2023-07-31,month,0,2023-09-05
2231,Real Estate Management Service fee (not applicable),2023-07-31,ytd,0,2023-08-02
2231.1,Brokerage fee,2023-07-31,month,27881425,2023-09-05
2231.1,Brokerage fee,2023-07-31,ytd,108622285,2023-08-02
2231.2,Clearing settlement fee,2023-07-31,month,297000,2023-09-05
2231.2,Clearing settlement fee,2023-07-31,ytd,798000,2023-08-02
2231.3,Other Expenses,2023-07-31,month,0,2023-09-05
2231.3,Other Expenses,2023-07-31,ytd,36000000,2023-08-02
2232,Other expenses,2023-07-31,month,16507436,2023-09-05
2232,Other expenses,2023-07-31,ytd,77662564,2023-08-02
2232,Real estate valuation service fees (not applicable),2023-07-31,month,0,2023-09-05
2232,Real estate valuation service fees (not applicable),2023-07-31,ytd,0,2023-08-02
2232.1,Set up Expenses,2023-07-31,month,0,2023-09-05
2232.1,Set up Expenses,2023-07-31,ytd,0,2023-08-02
2232.2,"Listing, registration fees",2023-07-31,month,0,2023-09-05
2232.2,"Listing, registration fees",2023-07-31,ytd,0,2023-08-02
2232.3,Annual management fee paid to SSC,2023-07-31,month,8136986,2023-09-05
2232.3,Annual management fee paid to SSC,2023-07-31,ytd,11856164,2023-08-02
2232.4,Bank charges,2023-07-31,month,8370450,2023-09-05
2232.4,Bank charges,2023-07-31,ytd,64706400,2023-08-02
2232.5,Borrowing expense,2023-07-31,month,0,2023-09-05
2232.5,Borrowing expense,2023-07-31,ytd,0,2023-08-02
2232.6,Other Expenses,2023-07-31,month,0,2023-09-05
2232.6,Other Expenses,2023-07-31,ytd,0,2023-08-02
2232.7,Fee paid to VSD for getting the list of investors,2023-07-31,month,0,2023-09-05
2232.7,Fee paid to VSD for getting the list of investors,2023-07-31,ytd,1100000,2023-08-02
2233,Net Income from Investment Activities (= I - II),2023-07-31,month,1761963618,2023-09-05
2233,Net Income from Investment Activities (= I - II),2023-07-31,ytd,12413589708,2023-08-02
2234,Gain / (Loss) from Investment Activities,2023-07-31,month,682210916,2023-09-05
2234,Gain / (Loss) from Investment Activities,2023-07-31,ytd,-1207686143,2023-08-02
2235,Realised Gain / (Loss) from disposal of investment or real estate transfer,2023-07-31,month,469727305,2023-09-05
2235,Realised Gain / (Loss) from disposal of investment or real estate transfer,2023-07-31,ytd,-2024170879,2023-08-02
2236,Unrealised Gain / (Loss) due to market price,2023-07-31,month,212483611,2023-09-05
2236,Unrealised Gain / (Loss) due to market price,2023-07-31,ytd,816484736,2023-08-02
2237,Change of Net Asset Value of the Fund due to investment activities during the period (= III + IV),2023-07-31,month,2444174534,2023-09-05
2237,Change of Net Asset Value of the Fund due to investment activities during the period (= III + IV),2023-07-31,ytd,11205903565,2023-08-02
2238,Net Asset Value at the beginning of period,2023-07-31,month,288870623140,2023-09-05
2238,Net Asset Value at the beginning of period,2023-07-31,ytd,293802572052,2023-08-02
2239,"Change of Net Asset Value of the Fund during the period, of which",2023-07-31,month,32874694068,2023-09-05
2239,"Change of Net Asset Value of the Fund during the period, of which",2023-07-31,ytd,27942745156,2023-08-02
2239.1,Change of Net Asset Value due to investment activities during the period,2023-07-31,month,2444174534,2023-09-05
2239.1,Change of Net Asset Value due to investment activities during the period,2023-07-31,ytd,11205903565,2023-08-02
2239.2,Change of Net Asset Value due to  dividends payment to investors during the period,2023-07-31,month,0,2023-09-05
2239.2,Change of Net Asset Value due to  dividends payment to investors during the period,2023-07-31,ytd,0,2023-08-02
2239.3,Change of Net Asset Value due to subscription/redemption during the period,2023-07-31,month,30430519534,2023-09-05
2239.3,Change of Net Asset Value due to subscription/redemption during the period,2023-07-31,ytd,16736841591,2023-08-02
2239.3.1,Change of Net Asset Value due to subscription during the period,2023-07-31,month,31986997581,2023-09-05
2239.3.1,Change of Net Asset Value due to subscription during the period,2023-07-31,ytd,37912325153,2023-08-02
2239.3.2,Change of Net Asset Value due to redemption during the period,2023-07-31,month,-1556478047,2023-09-05
2239.3.2,Change of Net Asset Value due to redemption during the period,2023-07-31,ytd,-21175483562,2023-08-02
2243,Net Asset Value at the end of period,2023-07-31,month,321745317208,2023-09-05
2243,Net Asset Value at the end of period,2023-07-31,ytd,321745317208,2023-08-02
2244,Average annual profit (only applicable to annual report),2023-07-31,month,0,2023-09-05
2244,Average annual profit (only applicable to annual report),2023-07-31,ytd,0,2023-08-02
2245,Average annual rate of return (only applicable to annual report),2023-07-31,month,0,2023-09-05
2245,Average annual rate of return (only applicable to annual report),2023-07-31,ytd,0,2023-08-02
2220,Income from Investment Activities,2023-08-31,month,2503616298,2023-10-02
2220,Income from Investment Activities,2023-08-31,ytd,17908103958,2023-09-05
2221,"Dividend income, interest income from bonds",2023-08-31,month,1807170798,2023-10-02
2221,"Dividend income, interest income from bonds",2023-08-31,ytd,14569849878,2023-09-05
2221.1,Dividends income,2023-08-31,month,0,2023-10-02
2221.1,Dividends income,2023-08-31,ytd,0,2023-09-05
2221.2,Interest income from bonds,2023-08-31,month,1807170798,2023-10-02
2221.2,Interest income from bonds,2023-08-31,ytd,14569849878,2023-09-05
2222,Interest income,2023-08-31,month,696445500,2023-10-02
2222,Interest income,2023-08-31,ytd,3338254080,2023-09-05
2222.1,Interest income from bank deposits,2023-08-31,month,337815363,2023-10-02
2222.1,Interest income from bank deposits,2023-08-31,ytd,2608171887,2023-09-05
2222.2,Interest income from Certificates of Deposit,2023-08-31,month,358630137,2023-10-02
2222.2,Interest income from Certificates of Deposit,2023-08-31,ytd,730082193,2023-09-05
2222.3,Interest income from reverse repo contracts,2023-08-31,month,0,2023-10-02
2222.3,Interest income from reverse repo contracts,2023-08-31,ytd,0,2023-09-05
2223,Income from rental property (not applicable),2023-08-31,month,0,2023-10-02
2223,Income from rental property (not applicable),2023-08-31,ytd,0,2023-09-05
2223,Other incomes,2023-08-31,month,0,2023-10-02
2223,Other incomes,2023-08-31,ytd,0,2023-09-05
2223.1,Other investment incomes,2023-08-31,month,0,2023-10-02
2223.1,Other investment incomes,2023-08-31,ytd,0,2023-09-05
2223.2,Other incomes,2023-08-31,month,0,2023-10-02
2223.2,Other incomes,2023-08-31,ytd,0,2023-09-05
2223.3,"Provision expense for bad debts from dividends, interest income and written off bad debts from dividends, interest income",2023-08-31,month,0,2023-10-02
2223.3,"Provision expense for bad debts from dividends, interest income and written off bad debts from dividends, interest income",2023-08-31,ytd,0,2023-09-05
2224,Expenses,2023-08-31,month,500304086,2023-10-02
2224,Expenses,2023-08-31,ytd,3491202038,2023-09-05
2225,Management Fee paid to Fund Management Company,2023-08-31,month,349752013,2023-10-02
2225,Management Fee paid to Fund Management Company,2023-08-31,ytd,2335518892,2023-09-05
2226,"Custody fee, Supervising fee paid to Supervising Bank/VSD",2023-08-31,month,35608620,2023-10-02
2226,"Custody fee, Supervising fee paid to Supervising Bank/VSD",2023-08-31,ytd,256796190,2023-09-05
2226.1,Custodian service - Safe Custody Fee,2023-08-31,month,15939099,2023-10-02
2226.1,Custodian service - Safe Custody Fee,2023-08-31,ytd,101107910,2023-09-05
2226.2,Custodian service - Transaction fee,2023-08-31,month,1200000,2023-10-02
2226.2,Custodian service - Transaction fee,2023-08-31,ytd,6900000,2023-09-05
2226.3,"Custodian service -  Depository fee, Position and Margin management fee paid to VSD",2023-08-31,month,319521,2023-10-02
2226.3,"Custodian service -  Depository fee, Position and Margin management fee paid to VSD",2023-08-31,ytd,3588280,2023-09-05
2226.4,Supervisory fee,2023-08-31,month,18150000,2023-10-02
2226.4,Supervisory fee,2023-08-31,ytd,145200000,2023-09-05
2227,"Fund Administration Fee, and other fees paid to relevant Fund's service providers",2023-08-31,month,50462500,2023-10-02
2227,"Fund Administration Fee, and other fees paid to relevant Fund's service providers",2023-08-31,ytd,403700000,2023-09-05
2227.1,Fund Administration Fee,2023-08-31,month,37262500,2023-10-02
2227.1,Fund Administration Fee,2023-08-31,ytd,298100000,2023-09-05
2227.2,Transfer Agency Fee,2023-08-31,month,13200000,2023-10-02
2227.2,Transfer Agency Fee,2023-08-31,ytd,105600000,2023-09-05
2228,Audit fee,2023-08-31,month,13375799,2023-10-02
2228,Audit fee,2023-08-31,ytd,85841101,2023-09-05
2229,"Legal consultancy expenses, price feed fee, other valid expenses, remuneration paid to Fund's Board of Representatives",2023-08-31,month,14428068,2023-10-02
2229,"Legal consultancy expenses, price feed fee, other valid expenses, remuneration paid to Fund's Board of Representatives",2023-08-31,ytd,114831478,2023-09-05
2229.1,Remuneration of Fund's Board of Representatives,2023-08-31,month,6509589,2023-10-02
2229.1,Remuneration of Fund's Board of Representatives,2023-08-31,ytd,51994521,2023-09-05
2229.2,Price feed fee,2023-08-31,month,7918479,2023-10-02
2229.2,Price feed fee,2023-08-31,ytd,62836957,2023-09-05
2229.3,Legal consultancy expenses,2023-08-31,month,0,2023-10-02
2229.3,Legal consultancy expenses,2023-08-31,ytd,0,2023-09-05
2230,"Fee for drafting, printing, distribution of prospectus, summarised prospectus, financial statements, transaction confirmations, account statements and other documents to investors; information disclosure fee; fee for organising annual general meeting, board of representatives meeting",2023-08-31,month,0,2023-10-02
2230,"Fee for drafting, printing, distribution of prospectus, summarised prospectus, financial statements, transaction confirmations, account statements and other documents to investors; information disclosure fee; fee for organising annual general meeting, board of representatives meeting",2023-08-31,ytd,34754442,2023-09-05
2230.1,Meeting expenses,2023-08-31,month,0,2023-10-02
2230.1,Meeting expenses,2023-08-31,ytd,34754442,2023-09-05
2230.2,Annual report expenses,2023-08-31,month,0,2023-10-02
2230.2,Annual report expenses,2023-08-31,ytd,0,2023-09-05
2230.3,"Fund's Board of Representatives meeting, travelling expenses",2023-08-31,month,0,2023-10-02
2230.3,"Fund's Board of Representatives meeting, travelling expenses",2023-08-31,ytd,0,2023-09-05
2230.4,Expenses of information disclosure of the Fund,2023-08-31,month,0,2023-10-02
2230.4,Expenses of information disclosure of the Fund,2023-08-31,ytd,0,2023-09-05
2230.5,"Designing, printing, posting... expenses",2023-08-31,month,0,2023-10-02
2230.5,"Designing, printing, posting... expenses",2023-08-31,ytd,0,2023-09-05
2231,Expenses related to execution of Fund’s asset transactions,2023-08-31,month,22131149,2023-10-02
2231,Expenses related to execution of Fund’s asset transactions,2023-08-31,ytd,167551434,2023-09-05
2231,Real Estate Management Service fee (not applicable),2023-08-31,month,0,2023-10-02
2231,Real Estate Management Service fee (not applicable),2023-08-31,ytd,0,2023-09-05
2231.1,Brokerage fee,2023-08-31,month,16420549,2023-10-02
2231.1,Brokerage fee,2023-08-31,ytd,125042834,2023-09-05
2231.2,Clearing settlement fee,2023-08-31,month,210600,2023-10-02
2231.2,Clearing settlement fee,2023-08-31,ytd,1008600,2023-09-05
2231.3,Other Expenses,2023-08-31,month,5500000,2023-10-02
2231.3,Other Expenses,2023-08-31,ytd,41500000,2023-09-05
2232,Other expenses,2023-08-31,month,14545937,2023-10-02
2232,Other expenses,2023-08-31,ytd,92208501,2023-09-05
2232,Real estate valuation service fees (not applicable),2023-08-31,month,0,2023-10-02
2232,Real estate valuation service fees (not applicable),2023-08-31,ytd,0,2023-09-05
2232.1,Set up Expenses,2023-08-31,month,0,2023-10-02
2232.1,Set up Expenses,2023-08-31,ytd,0,2023-09-05
2232.2,"Listing, registration fees",2023-08-31,month,0,2023-10-02
2232.2,"Listing, registration fees",2023-08-31,ytd,0,2023-09-05
2232.3,Annual management fee paid to SSC,2023-08-31,month,636987,2023-10-02
2232.3,Annual management fee paid to SSC,2023-08-31,ytd,12493151,2023-09-05
2232.4,Bank charges,2023-08-31,month,13908950,2023-10-02
2232.4,Bank charges,2023-08-31,ytd,78615350,2023-09-05
2232.5,Borrowing expense,2023-08-31,month,0,2023-10-02
2232.5,Borrowing expense,2023-08-31,ytd,0,2023-09-05
2232.6,Other Expenses,2023-08-31,month,0,2023-10-02
2232.6,Other Expenses,2023-08-31,ytd,0,2023-09-05
2232.7,Fee paid to VSD for getting the list of investors,2023-08-31,month,0,2023-10-02
2232.7,Fee paid to VSD for getting the list of investors,2023-08-31,ytd,1100000,2023-09-05
2233,Net Income from Investment Activities (= I - II),2023-08-31,month,2003312212,2023-10-02
2233,Net Income from Investment Activities (= I - II),2023-08-31,ytd,14416901920,2023-09-05
2234,Gain / (Loss) from Investment Activities,2023-08-31,month,495337469,2023-10-02
2234,Gain / (Loss) from Investment Activities,2023-08-31,ytd,-712348674,2023-09-05
2235,Realised Gain / (Loss) from disposal of investment or real estate transfer,2023-08-31,month,655678367,2023-10-02
2235,Realised Gain / (Loss) from disposal of investment or real estate transfer,2023-08-31,ytd,-1368492512,2023-09-05
2236,Unrealised Gain / (Loss) due to market price,2023-08-31,month,-160340898,2023-10-02
2236,Unrealised Gain / (Loss) due to market price,2023-08-31,ytd,656143838,2023-09-05
2237,Change of Net Asset Value of the Fund due to investment activities during the period (= III + IV),2023-08-31,month,2498649681,2023-10-02
2237,Change of Net Asset Value of the Fund due to investment activities during the period (= III + IV),2023-08-31,ytd,13704553246,2023-09-05
2238,Net Asset Value at the beginning of period,2023-08-31,month,321745317208,2023-10-02
2238,Net Asset Value at the beginning of period,2023-08-31,ytd,293802572052,2023-09-05
2239,"Change of Net Asset Value of the Fund during the period, of which",2023-08-31,month,102235871685,2023-10-02
2239,"Change of Net Asset Value of the Fund during the period, of which",2023-08-31,ytd,130178616841,2023-09-05
2239.1,Change of Net Asset Value due to investment activities during the period,2023-08-31,month,2498649681,2023-10-02
2239.1,Change of Net Asset Value due to investment activities during the period,2023-08-31,ytd,13704553246,2023-09-05
2239.2,Change of Net Asset Value due to  dividends payment to investors during the period,2023-08-31,month,0,2023-10-02
2239.2,Change of Net Asset Value due to  dividends payment to investors during the period,2023-08-31,ytd,0,2023-09-05
2239.3,Change of Net Asset Value due to subscription/redemption during the period,2023-08-31,month,99737222004,2023-10-02
2239.3,Change of Net Asset Value due to subscription/redemption during the period,2023-08-31,ytd,116474063595,2023-09-05
2239.3.1,Change of Net Asset Value due to subscription during the period,2023-08-31,month,141539527986,2023-10-02
2239.3.1,Change of Net Asset Value due to subscription during the period,2023-08-31,ytd,179451853139,2023-09-05
2239.3.2,Change of Net Asset Value due to redemption during the period,2023-08-31,month,-41802305982,2023-10-02
2239.3.2,Change of Net Asset Value due to redemption during the period,2023-08-31,ytd,-62977789544,2023-09-05
2243,Net Asset Value at the end of period,2023-08-31,month,423981188893,2023-10-02
2243,Net Asset Value at the end of period,2023-08-31,ytd,423981188893,2023-09-05
2244,Average annual profit (only applicable to annual report),2023-08-31,month,0,2023-10-02
2244,Average annual profit (only applicable to annual report),2023-08-31,ytd,0,2023-09-05
2245,Average annual rate of return (only applicable to annual report),2023-08-31,month,0,2023-10-02
2245,Average annual rate of return (only applicable to annual report),2023-08-31,ytd,0,2023-09-05
2220,Income from Investment Activities,2023-09-30,month,2985722882,2023-11-02
2220,Income from Investment Activities,2023-09-30,ytd,20893826840,2023-10-02
2221,"Dividend income, interest income from bonds",2023-09-30,month,2106022245,2023-11-02
2221,"Dividend income, interest income from bonds",2023-09-30,ytd,16675872123,2023-10-02
2221.1,Dividends income,2023-09-30,month,0,2023-11-02
2221.1,Dividends income,2023-09-30,ytd,0,2023-10-02
2221.2,Interest income from bonds,2023-09-30,month,2106022245,2023-11-02
2221.2,Interest income from bonds,2023-09-30,ytd,16675872123,2023-10-02
2222,Interest income,2023-09-30,month,879700637,2023-11-02
2222,Interest income,2023-09-30,ytd,4217954717,2023-10-02
2222.1,Interest income from bank deposits,2023-09-30,month,291289677,2023-11-02
2222.1,Interest income from bank deposits,2023-09-30,ytd,2899461564,2023-10-02
2222.2,Interest income from Certificates of Deposit,2023-09-30,month,588410960,2023-10-02
2222.2,Interest income from Certificates of Deposit,2023-09-30,ytd,1318493153,2023-10-02
2222.2,Interest income from Money market instruments,2023-09-30,month,588410960,2023-11-02
2222.3,Interest income from reverse repo contracts,2023-09-30,month,0,2023-11-02
2222.3,Interest income from reverse repo contracts,2023-09-30,ytd,0,2023-10-02
2223,Income from rental property (not applicable),2023-09-30,month,0,2023-11-02
2223,Income from rental property (not applicable),2023-09-30,ytd,0,2023-10-02
2223,Other incomes,2023-09-30,month,0,2023-11-02
2223,Other incomes,2023-09-30,ytd,0,2023-10-02
2223.1,Other investment incomes,2023-09-30,month,0,2023-11-02
2223.1,Other investment incomes,2023-09-30,ytd,0,2023-10-02
2223.2,Other incomes,2023-09-30,month,0,2023-11-02
2223.2,Other incomes,2023-09-30,ytd,0,2023-10-02
2223.3,"Provision expense for bad debts from dividends, interest income and written off bad debts from dividends, interest income",2023-09-30,month,0,2023-11-02
2223.3,"Provision expense for bad debts from dividends, interest income and written off bad debts from dividends, interest income",2023-09-30,ytd,0,2023-10-02
2224,Expenses,2023-09-30,month,578466426,2023-11-02
2224,Expenses,2023-09-30,ytd,4069668464,2023-10-02
2225,Management Fee paid to Fund Management Company,2023-09-30,month,433339542,2023-11-02
2225,Management Fee paid to Fund Management Company,2023-09-30,ytd,2768858434,2023-10-02
2226,"Custody fee, Supervising fee paid to Supervising Bank/VSD",2023-09-30,month,38382121,2023-11-02
2226,"Custody fee, Supervising fee paid to Supervising Bank/VSD",2023-09-30,ytd,295178311,2023-10-02
2226.1,Custodian service - Safe Custody Fee,2023-09-30,month,18713625,2023-11-02
2226.1,Custodian service - Safe Custody Fee,2023-09-30,ytd,119821535,2023-10-02
2226.2,Custodian service - Transaction fee,2023-09-30,month,1200000,2023-11-02
2226.2,Custodian service - Transaction fee,2023-09-30,ytd,8100000,2023-10-02
2226.3,"Custodian service -  Depository fee, Position and Margin management fee paid to VSD",2023-09-30,month,318496,2023-11-02
2226.3,"Custodian service -  Depository fee, Position and Margin management fee paid to VSD",2023-09-30,ytd,3906776,2023-10-02
2226.4,Supervisory fee,2023-09-30,month,18150000,2023-11-02
2226.4,Supervisory fee,2023-09-30,ytd,163350000,2023-10-02
2227,"Fund Administration Fee, and other fees paid to relevant Fund's service providers",2023-09-30,month,50462500,2023-11-02
2227,"Fund Administration Fee, and other fees paid to relevant Fund's service providers",2023-09-30,ytd,454162500,2023-10-02
2227.1,Fund Administration Fee,2023-09-30,month,37262500,2023-11-02
2227.1,Fund Administration Fee,2023-09-30,ytd,335362500,2023-10-02
2227.2,Transfer Agency Fee,2023-09-30,month,13200000,2023-11-02
2227.2,Transfer Agency Fee,2023-09-30,ytd,118800000,2023-10-02
2228,Audit fee,2023-09-30,month,12944322,2023-11-02
2228,Audit fee,2023-09-30,ytd,98785423,2023-10-02
2229,"Legal consultancy expenses, price feed fee, other valid expenses, remuneration paid to Fund's Board of Representatives",2023-09-30,month,14156193,2023-11-02
2229,"Legal consultancy expenses, price feed fee, other valid expenses, remuneration paid to Fund's Board of Representatives",2023-09-30,ytd,128987671,2023-10-02
2229.1,Remuneration of Fund's Board of Representatives,2023-09-30,month,6493150,2023-11-02
2229.1,Remuneration of Fund's Board of Representatives,2023-09-30,ytd,58487671,2023-10-02
2229.2,Price feed fee,2023-09-30,month,7663043,2023-11-02
2229.2,Price feed fee,2023-09-30,ytd,70500000,2023-10-02
2229.3,Legal consultancy expenses,2023-09-30,month,0,2023-11-02
2229.3,Legal consultancy expenses,2023-09-30,ytd,0,2023-10-02
2230,"Fee for drafting, printing, distribution of prospectus, summarised prospectus, financial statements, transaction confirmations, account statements and other documents to investors; information disclosure fee; fee for organising annual general meeting, board of representatives meeting",2023-09-30,month,0,2023-11-02
2230,"Fee for drafting, printing, distribution of prospectus, summarised prospectus, financial statements, transaction confirmations, account statements and other documents to investors; information disclosure fee; fee for organising annual general meeting, board of representatives meeting",2023-09-30,ytd,34754442,2023-10-02
2230.1,Meeting expenses,2023-09-30,month,0,2023-11-02
2230.1,Meeting expenses,2023-09-30,ytd,34754442,2023-10-02
2230.2,Annual report expenses,2023-09-30,month,0,2023-11-02
2230.2,Annual report expenses,2023-09-30,ytd,0,2023-10-02
2230.3,"Fund's Board of Representatives meeting, travelling expenses",2023-09-30,month,0,2023-11-02
2230.3,"Fund's Board of Representatives meeting, travelling expenses",2023-09-30,ytd,0,2023-10-02
2230.4,Expenses of information disclosure of the Fund,2023-09-30,month,0,2023-11-02
2230.4,Expenses of information disclosure of the Fund,2023-09-30,ytd,0,2023-10-02
2230.5,"Designing, printing, posting... expenses",2023-09-30,month,0,2023-11-02
2230.5,"Designing, printing, posting... expenses",2023-09-30,ytd,0,2023-10-02
2231,Expenses related to execution of Fund’s asset transactions,2023-09-30,month,17057660,2023-11-02
2231,Expenses related to execution of Fund’s asset transactions,2023-09-30,ytd,184609094,2023-10-02
2231,Real Estate Management Service fee (not applicable),2023-09-30,month,0,2023-11-02
2231,Real Estate Management Service fee (not applicable),2023-09-30,ytd,0,2023-10-02
2231.1,Brokerage fee,2023-09-30,month,14964660,2023-11-02
2231.1,Brokerage fee,2023-09-30,ytd,140007494,2023-10-02
2231.2,Clearing settlement fee,2023-09-30,month,93000,2023-11-02
2231.2,Clearing settlement fee,2023-09-30,ytd,1101600,2023-10-02
2231.3,Other Expenses,2023-09-30,month,2000000,2023-11-02
2231.3,Other Expenses,2023-09-30,ytd,43500000,2023-10-02
2232,Other expenses,2023-09-30,month,12124088,2023-11-02
2232,Other expenses,2023-09-30,ytd,104332589,2023-10-02
2232,Real estate valuation service fees (not applicable),2023-09-30,month,0,2023-11-02
2232,Real estate valuation service fees (not applicable),2023-09-30,ytd,0,2023-10-02
2232.1,Set up Expenses,2023-09-30,month,0,2023-11-02
2232.1,Set up Expenses,2023-09-30,ytd,0,2023-10-02
2232.2,"Listing, registration fees",2023-09-30,month,0,2023-11-02
2232.2,"Listing, registration fees",2023-09-30,ytd,0,2023-10-02
2232.3,Annual management fee paid to SSC,2023-09-30,month,616438,2023-11-02
2232.3,Annual management fee paid to SSC,2023-09-30,ytd,13109589,2023-10-02
2232.4,Bank charges,2023-09-30,month,11507650,2023-11-02
2232.4,Bank charges,2023-09-30,ytd,90123000,2023-10-02
2232.5,Borrowing expense,2023-09-30,month,0,2023-11-02
2232.5,Borrowing expense,2023-09-30,ytd,0,2023-10-02
2232.6,Other Expenses,2023-09-30,month,0,2023-11-02
2232.6,Other Expenses,2023-09-30,ytd,0,2023-10-02
2232.7,Fee paid to VSD for getting the list of investors,2023-09-30,month,0,2023-11-02
2232.7,Fee paid to VSD for getting the list of investors,2023-09-30,ytd,1100000,2023-10-02
2233,Net Income from Investment Activities (= I - II),2023-09-30,month,2407256456,2023-11-02
2233,Net Income from Investment Activities (= I - II),2023-09-30,ytd,16824158376,2023-10-02
2234,Gain / (Loss) from Investment Activities,2023-09-30,month,356546908,2023-11-02
2234,Gain / (Loss) from Investment Activities,2023-09-30,ytd,-355801766,2023-10-02
2235,Realised Gain / (Loss) from disposal of investment or real estate transfer,2023-09-30,month,-67067930,2023-11-02
2235,Realised Gain / (Loss) from disposal of investment or real estate transfer,2023-09-30,ytd,-1435560442,2023-10-02
2236,Unrealised Gain / (Loss) due to market price,2023-09-30,month,423614838,2023-11-02
2236,Unrealised Gain / (Loss) due to market price,2023-09-30,ytd,1079758676,2023-10-02
2237,Change of Net Asset Value of the Fund due to investment activities during the period (= III + IV),2023-09-30,month,2763803364,2023-11-02
2237,Change of Net Asset Value of the Fund due to investment activities during the period (= III + IV),2023-09-30,ytd,16468356610,2023-10-02
2238,Net Asset Value at the beginning of period,2023-09-30,month,423981188893,2023-11-02
2238,Net Asset Value at the beginning of period,2023-09-30,ytd,293802572052,2023-10-02
2239,"Change of Net Asset Value of the Fund during the period, of which",2023-09-30,month,69437774334,2023-11-02
2239,"Change of Net Asset Value of the Fund during the period, of which",2023-09-30,ytd,199616391175,2023-10-02
2239.1,Change of Net Asset Value due to investment activities during the period,2023-09-30,month,2763803364,2023-11-02
2239.1,Change of Net Asset Value due to investment activities during the period,2023-09-30,ytd,16468356610,2023-10-02
2239.2,Change of Net Asset Value due to  dividends payment to investors during the period,2023-09-30,month,0,2023-11-02
2239.2,Change of Net Asset Value due to  dividends payment to investors during the period,2023-09-30,ytd,0,2023-10-02
2239.3,Change of Net Asset Value due to subscription/redemption during the period,2023-09-30,month,66673970970,2023-11-02
2239.3,Change of Net Asset Value due to subscription/redemption during the period,2023-09-30,ytd,183148034565,2023-10-02
2239.3.1,Change of Net Asset Value due to subscription during the period,2023-09-30,month,165249971318,2023-11-02
2239.3.1,Change of Net Asset Value due to subscription during the period,2023-09-30,ytd,344701824457,2023-10-02
2239.3.2,Change of Net Asset Value due to redemption during the period,2023-09-30,month,-98576000348,2023-11-02
2239.3.2,Change of Net Asset Value due to redemption during the period,2023-09-30,ytd,-161553789892,2023-10-02
2243,Net Asset Value at the end of period,2023-09-30,month,493418963227,2023-11-02
2243,Net Asset Value at the end of period,2023-09-30,ytd,493418963227,2023-10-02
2244,Average annual profit (only applicable to annual report),2023-09-30,month,0,2023-11-02
2244,Average annual profit (only applicable to annual report),2023-09-30,ytd,0,2023-10-02
2245,Average annual rate of return (only applicable to annual report),2023-09-30,month,0,2023-11-02
2245,Average annual rate of return (only applicable to annual report),2023-09-30,ytd,0,2023-10-02
2220,Income from Investment Activities,2023-10-31,month,3783133040,2023-12-04
2220,Income from Investment Activities,2023-10-31,ytd,24676959880,2023-11-02
2221,"Dividend income, interest income from bonds",2023-10-31,month,2421624822,2023-12-04
2221,"Dividend income, interest income from bonds",2023-10-31,ytd,19097496945,2023-11-02
2221.1,Dividends income,2023-10-31,month,0,2023-12-04
2221.1,Dividends income,2023-10-31,ytd,0,2023-11-02
2221.2,Interest income from bonds,2023-10-31,month,2421624822,2023-12-04
2221.2,Interest income from bonds,2023-10-31,ytd,19097496945,2023-11-02
2222,Interest income,2023-10-31,month,1361508218,2023-12-04
2222,Interest income,2023-10-31,ytd,5579462935,2023-11-02
2222.1,Interest income from bank deposits,2023-10-31,month,468494522,2023-12-04
2222.1,Interest income from bank deposits,2023-10-31,ytd,3367956086,2023-11-02
2222.2,Interest income from Money market instruments,2023-10-31,month,893013696,2023-12-04
2222.2,Interest income from Money market instruments,2023-10-31,ytd,2211506849,2023-11-02
2222.3,Interest income from reverse repo contracts,2023-10-31,month,0,2023-12-04
2222.3,Interest income from reverse repo contracts,2023-10-31,ytd,0,2023-11-02
2223,Income from rental property (not applicable),2023-10-31,month,0,2023-12-04
2223,Income from rental property (not applicable),2023-10-31,ytd,0,2023-11-02
2223,Other incomes,2023-10-31,month,0,2023-12-04
2223,Other incomes,2023-10-31,ytd,0,2023-11-02
2223.1,Other investment incomes,2023-10-31,month,0,2023-12-04
2223.1,Other investment incomes,2023-10-31,ytd,0,2023-11-02
2223.2,Other incomes,2023-10-31,month,0,2023-12-04
2223.2,Other incomes,2023-10-31,ytd,0,2023-11-02
2223.3,"Provision expense for bad debts from dividends, interest income and written off bad debts from dividends, interest income",2023-10-31,month,0,2023-12-04
2223.3,"Provision expense for bad debts from dividends, interest income and written off bad debts from dividends, interest income",2023-10-31,ytd,0,2023-11-02
2224,Expenses,2023-10-31,month,741448353,2023-12-04
2224,Expenses,2023-10-31,ytd,4811116817,2023-11-02
2225,Management Fee paid to Fund Management Company,2023-10-31,month,572561722,2023-12-04
2225,Management Fee paid to Fund Management Company,2023-10-31,ytd,3341420156,2023-11-02
2226,"Custody fee, Supervising fee paid to Supervising Bank/VSD",2023-10-31,month,44263022,2023-11-02
2226,"Custody fee, Supervising fee paid to Supervising Bank/VSD",2023-10-31,ytd,339441333,2023-11-02
2226,"Custody fee, Supervising fee paid to Supervising Bank/VSDC",2023-10-31,month,44263022,2023-12-04
2226.1,Custodian service - Safe Custody Fee,2023-10-31,month,23942213,2023-12-04
2226.1,Custodian service - Safe Custody Fee,2023-10-31,ytd,143763748,2023-11-02
2226.2,Custodian service - Transaction fee,2023-10-31,month,1800000,2023-12-04
2226.2,Custodian service - Transaction fee,2023-10-31,ytd,9900000,2023-11-02
2226.3,"Custodian service -  Depository fee, Position and Margin management fee paid to VSD",2023-10-31,month,333948,2023-11-02
2226.3,"Custodian service -  Depository fee, Position and Margin management fee paid to VSD",2023-10-31,ytd,4240724,2023-11-02
2226.3,"Custodian service -  Depository fee, Position and Margin management fee paid to VSDC",2023-10-31,month,333948,2023-12-04
2226.4,Supervisory fee,2023-10-31,month,18186861,2023-12-04
2226.4,Supervisory fee,2023-10-31,ytd,181536861,2023-11-02
2227,"Fund Administration Fee, and other fees paid to relevant Fund's service providers",2023-10-31,month,50462500,2023-12-04
2227,"Fund Administration Fee, and other fees paid to relevant Fund's service providers",2023-10-31,ytd,504625000,2023-11-02
2227.1,Fund Administration Fee,2023-10-31,month,37262500,2023-12-04
2227.1,Fund Administration Fee,2023-10-31,ytd,372625000,2023-11-02
2227.2,Transfer Agency Fee,2023-10-31,month,13200000,2023-12-04
2227.2,Transfer Agency Fee,2023-10-31,ytd,132000000,2023-11-02
2228,Audit fee,2023-10-31,month,13375799,2023-12-04
2228,Audit fee,2023-10-31,ytd,112161222,2023-11-02
2229,"Legal consultancy expenses, price feed fee, other valid expenses, remuneration paid to Fund's Board of Representatives",2023-10-31,month,14428067,2023-12-04
2229,"Legal consultancy expenses, price feed fee, other valid expenses, remuneration paid to Fund's Board of Representatives",2023-10-31,ytd,143415738,2023-11-02
2229.1,Remuneration of Fund's Board of Representatives,2023-10-31,month,6509589,2023-12-04
2229.1,Remuneration of Fund's Board of Representatives,2023-10-31,ytd,64997260,2023-11-02
2229.2,Price feed fee,2023-10-31,month,7918478,2023-12-04
2229.2,Price feed fee,2023-10-31,ytd,78418478,2023-11-02
2229.3,Legal consultancy expenses,2023-10-31,month,0,2023-12-04
2229.3,Legal consultancy expenses,2023-10-31,ytd,0,2023-11-02
2230,"Fee for drafting, printing, distribution of prospectus, summarised prospectus, financial statements, transaction confirmations, account statements and other documents to investors; information disclosure fee; fee for organising annual general meeting, board of representatives meeting",2023-10-31,month,0,2023-12-04
2230,"Fee for drafting, printing, distribution of prospectus, summarised prospectus, financial statements, transaction confirmations, account statements and other documents to investors; information disclosure fee; fee for organising annual general meeting, board of representatives meeting",2023-10-31,ytd,34754442,2023-11-02
2230.1,Meeting expenses,2023-10-31,month,0,2023-12-04
2230.1,Meeting expenses,2023-10-31,ytd,34754442,2023-11-02
2230.2,Annual report expenses,2023-10-31,month,0,2023-12-04
2230.2,Annual report expenses,2023-10-31,ytd,0,2023-11-02
2230.3,"Fund's Board of Representatives meeting, travelling expenses",2023-10-31,month,0,2023-12-04
2230.3,"Fund's Board of Representatives meeting, travelling expenses",2023-10-31,ytd,0,2023-11-02
2230.4,Expenses of information disclosure of the Fund,2023-10-31,month,0,2023-12-04
2230.4,Expenses of information disclosure of the Fund,2023-10-31,ytd,0,2023-11-02
2230.5,"Designing, printing, posting... expenses",2023-10-31,month,0,2023-12-04
2230.5,"Designing, printing, posting... expenses",2023-10-31,ytd,0,2023-11-02
2231,Expenses related to execution of Fund’s asset transactions,2023-10-31,month,32745207,2023-12-04
2231,Expenses related to execution of Fund’s asset transactions,2023-10-31,ytd,217354301,2023-11-02
2231,Real Estate Management Service fee (not applicable),2023-10-31,month,0,2023-12-04
2231,Real Estate Management Service fee (not applicable),2023-10-31,ytd,0,2023-11-02
2231.1,Brokerage fee,2023-10-31,month,32666731,2023-12-04
2231.1,Brokerage fee,2023-10-31,ytd,172674225,2023-11-02
2231.2,Clearing settlement fee,2023-10-31,month,78476,2023-12-04
2231.2,Clearing settlement fee,2023-10-31,ytd,1180076,2023-11-02
2231.3,Other Expenses,2023-10-31,month,0,2023-12-04
2231.3,Other Expenses,2023-10-31,ytd,43500000,2023-11-02
2232,Other expenses,2023-10-31,month,13612036,2023-12-04
2232,Other expenses,2023-10-31,ytd,117944625,2023-11-02
2232,Real estate valuation service fees (not applicable),2023-10-31,month,0,2023-12-04
2232,Real estate valuation service fees (not applicable),2023-10-31,ytd,0,2023-11-02
2232.1,Set up Expenses,2023-10-31,month,0,2023-12-04
2232.1,Set up Expenses,2023-10-31,ytd,0,2023-11-02
2232.2,"Listing, registration fees",2023-10-31,month,0,2023-12-04
2232.2,"Listing, registration fees",2023-10-31,ytd,0,2023-11-02
2232.3,Annual management fee paid to SSC,2023-10-31,month,636986,2023-12-04
2232.3,Annual management fee paid to SSC,2023-10-31,ytd,13746575,2023-11-02
2232.4,Bank charges,2023-10-31,month,12975050,2023-12-04
2232.4,Bank charges,2023-10-31,ytd,103098050,2023-11-02
2232.5,Borrowing expense,2023-10-31,month,0,2023-12-04
2232.5,Borrowing expense,2023-10-31,ytd,0,2023-11-02
2232.6,Other Expenses,2023-10-31,month,0,2023-12-04
2232.6,Other Expenses,2023-10-31,ytd,0,2023-11-02
2232.7,Fee paid to VSD for getting the list of investors,2023-10-31,month,0,2023-11-02
2232.7,Fee paid to VSD for getting the list of investors,2023-10-31,ytd,1100000,2023-11-02
2232.7,Fee paid to VSDC for getting the list of investors,2023-10-31,month,0,2023-12-04
2233,Net Income from Investment Activities (= I - II),2023-10-31,month,3041684687,2023-12-04
2233,Net Income from Investment Activities (= I - II),2023-10-31,ytd,19865843063,2023-11-02
2234,Gain / (Loss) from Investment Activities,2023-10-31,month,322856665,2023-12-04
2234,Gain / (Loss) from Investment Activities,2023-10-31,ytd,-32945101,2023-11-02
2235,Realised Gain / (Loss) from disposal of investment or real estate transfer,2023-10-31,month,-202751643,2023-12-04
2235,Realised Gain / (Loss) from disposal of investment or real estate transfer,2023-10-31,ytd,-1638312085,2023-11-02
2236,Unrealised Gain / (Loss) due to market price,2023-10-31,month,525608308,2023-12-04
2236,Unrealised Gain / (Loss) due to market price,2023-10-31,ytd,1605366984,2023-11-02
2237,Change of Net Asset Value of the Fund due to investment activities during the period (= III + IV),2023-10-31,month,3364541352,2023-12-04
2237,Change of Net Asset Value of the Fund due to investment activities during the period (= III + IV),2023-10-31,ytd,19832897962,2023-11-02
2238,Net Asset Value at the beginning of period,2023-10-31,month,493418963227,2023-12-04
2238,Net Asset Value at the beginning of period,2023-10-31,ytd,293802572052,2023-11-02
2239,"Change of Net Asset Value of the Fund during the period, of which",2023-10-31,month,194902648436,2023-12-04
2239,"Change of Net Asset Value of the Fund during the period, of which",2023-10-31,ytd,394519039611,2023-11-02
2239.1,Change of Net Asset Value due to investment activities during the period,2023-10-31,month,3364541352,2023-12-04
2239.1,Change of Net Asset Value due to investment activities during the period,2023-10-31,ytd,19832897962,2023-11-02
2239.2,Change of Net Asset Value due to  dividends payment to investors during the period,2023-10-31,month,0,2023-12-04
2239.2,Change of Net Asset Value due to  dividends payment to investors during the period,2023-10-31,ytd,0,2023-11-02
2239.3,Change of Net Asset Value due to subscription/redemption during the period,2023-10-31,month,191538107084,2023-12-04
2239.3,Change of Net Asset Value due to subscription/redemption during the period,2023-10-31,ytd,374686141649,2023-11-02
2239.3.1,Change of Net Asset Value due to subscription during the period,2023-10-31,month,264387282887,2023-12-04
2239.3.1,Change of Net Asset Value due to subscription during the period,2023-10-31,ytd,609089107344,2023-11-02
2239.3.2,Change of Net Asset Value due to redemption during the period,2023-10-31,month,-72849175803,2023-12-04
2239.3.2,Change of Net Asset Value due to redemption during the period,2023-10-31,ytd,-234402965695,2023-11-02
2243,Net Asset Value at the end of period,2023-10-31,month,688321611663,2023-12-04
2243,Net Asset Value at the end of period,2023-10-31,ytd,688321611663,2023-11-02
2244,Average annual profit (only applicable to annual report),2023-10-31,month,0,2023-12-04
2244,Average annual profit (only applicable to annual report),2023-10-31,ytd,0,2023-11-02
2245,Average annual rate of return (only applicable to annual report),2023-10-31,month,0,2023-12-04
2245,Average annual rate of return (only applicable to annual report),2023-10-31,ytd,0,2023-11-02
2220,Income from Investment Activities,2023-11-30,month,5203553061,2024-01-03
2220,Income from Investment Activities,2023-11-30,ytd,29880512941,2023-12-04
2221,"Dividend income, interest income from bonds",2023-11-30,month,3507841238,2024-01-03
2221,"Dividend income, interest income from bonds",2023-11-30,ytd,22605338183,2023-12-04
2221.1,Dividends income,2023-11-30,month,0,2024-01-03
2221.1,Dividends income,2023-11-30,ytd,0,2023-12-04
2221.2,Interest income from bonds,2023-11-30,month,3507841238,2024-01-03
2221.2,Interest income from bonds,2023-11-30,ytd,22605338183,2023-12-04
2222,Interest income,2023-11-30,month,1695711823,2024-01-03
2222,Interest income,2023-11-30,ytd,7275174758,2023-12-04
2222.1,Interest income from bank deposits,2023-11-30,month,826166617,2024-01-03
2222.1,Interest income from bank deposits,2023-11-30,ytd,4194122703,2023-12-04
2222.2,Interest income from Money market instruments,2023-11-30,month,869545206,2024-01-03
2222.2,Interest income from Money market instruments,2023-11-30,ytd,3081052055,2023-12-04
2222.3,Interest income from reverse repo contracts,2023-11-30,month,0,2024-01-03
2222.3,Interest income from reverse repo contracts,2023-11-30,ytd,0,2023-12-04
2223,Income from rental property (not applicable),2023-11-30,month,0,2024-01-03
2223,Income from rental property (not applicable),2023-11-30,ytd,0,2023-12-04
2223,Other incomes,2023-11-30,month,0,2024-01-03
2223,Other incomes,2023-11-30,ytd,0,2023-12-04
2223.1,Other investment incomes,2023-11-30,month,0,2024-01-03
2223.1,Other investment incomes,2023-11-30,ytd,0,2023-12-04
2223.2,Other incomes,2023-11-30,month,0,2024-01-03
2223.2,Other incomes,2023-11-30,ytd,0,2023-12-04
2223.3,"Provision expense for bad debts from dividends, interest income and written off bad debts from dividends, interest income",2023-11-30,month,0,2024-01-03
2223.3,"Provision expense for bad debts from dividends, interest income and written off bad debts from dividends, interest income",2023-11-30,ytd,0,2023-12-04
2224,Expenses,2023-11-30,month,1069795450,2024-01-03
2224,Expenses,2023-11-30,ytd,5880912267,2023-12-04
2225,Management Fee paid to Fund Management Company,2023-11-30,month,840387611,2024-01-03
2225,Management Fee paid to Fund Management Company,2023-11-30,ytd,4181807767,2023-12-04
2226,"Custody fee, Supervising fee paid to Supervising Bank/VSDC",2023-11-30,month,61510268,2024-01-03
2226,"Custody fee, Supervising fee paid to Supervising Bank/VSDC",2023-11-30,ytd,400951601,2023-12-04
2226.1,Custodian service - Safe Custody Fee,2023-11-30,month,35016149,2024-01-03
2226.1,Custodian service - Safe Custody Fee,2023-11-30,ytd,178779897,2023-12-04
2226.2,Custodian service - Transaction fee,2023-11-30,month,3000000,2024-01-03
2226.2,Custodian service - Transaction fee,2023-11-30,ytd,12900000,2023-12-04
2226.3,"Custodian service -  Depository fee, Position and Margin management fee paid to VSDC",2023-11-30,month,383460,2024-01-03
2226.3,"Custodian service -  Depository fee, Position and Margin management fee paid to VSDC",2023-11-30,ytd,4624184,2023-12-04
2226.4,Supervisory fee,2023-11-30,month,23110659,2024-01-03
2226.4,Supervisory fee,2023-11-30,ytd,204647520,2023-12-04
2227,"Fund Administration Fee, and other fees paid to relevant Fund's service providers",2023-11-30,month,52628886,2024-01-03
2227,"Fund Administration Fee, and other fees paid to relevant Fund's service providers",2023-11-30,ytd,557253886,2023-12-04
2227.1,Fund Administration Fee,2023-11-30,month,39428886,2024-01-03
2227.1,Fund Administration Fee,2023-11-30,ytd,412053886,2023-12-04
2227.2,Transfer Agency Fee,2023-11-30,month,13200000,2024-01-03
2227.2,Transfer Agency Fee,2023-11-30,ytd,145200000,2023-12-04
2228,Audit fee,2023-11-30,month,12944322,2024-01-03
2228,Audit fee,2023-11-30,ytd,125105544,2023-12-04
2229,"Legal consultancy expenses, price feed fee, other valid expenses, remuneration paid to Fund's Board of Representatives",2023-11-30,month,14156195,2024-01-03
2229,"Legal consultancy expenses, price feed fee, other valid expenses, remuneration paid to Fund's Board of Representatives",2023-11-30,ytd,157571933,2023-12-04
2229.1,Remuneration of Fund's Board of Representatives,2023-11-30,month,6493151,2024-01-03
2229.1,Remuneration of Fund's Board of Representatives,2023-11-30,ytd,71490411,2023-12-04
2229.2,Price feed fee,2023-11-30,month,7663044,2024-01-03
2229.2,Price feed fee,2023-11-30,ytd,86081522,2023-12-04
2229.3,Legal consultancy expenses,2023-11-30,month,0,2024-01-03
2229.3,Legal consultancy expenses,2023-11-30,ytd,0,2023-12-04
2230,"Fee for drafting, printing, distribution of prospectus, summarised prospectus, financial statements, transaction confirmations, account statements and other documents to investors; information disclosure fee; fee for organising annual general meeting, board of representatives meeting",2023-11-30,month,0,2024-01-03
2230,"Fee for drafting, printing, distribution of prospectus, summarised prospectus, financial statements, transaction confirmations, account statements and other documents to investors; information disclosure fee; fee for organising annual general meeting, board of representatives meeting",2023-11-30,ytd,34754442,2023-12-04
2230.1,Meeting expenses,2023-11-30,month,0,2024-01-03
2230.1,Meeting expenses,2023-11-30,ytd,34754442,2023-12-04
2230.2,Annual report expenses,2023-11-30,month,0,2024-01-03
2230.2,Annual report expenses,2023-11-30,ytd,0,2023-12-04
2230.3,"Fund's Board of Representatives meeting, travelling expenses",2023-11-30,month,0,2024-01-03
2230.3,"Fund's Board of Representatives meeting, travelling expenses",2023-11-30,ytd,0,2023-12-04
2230.4,Expenses of information disclosure of the Fund,2023-11-30,month,0,2024-01-03
2230.4,Expenses of information disclosure of the Fund,2023-11-30,ytd,0,2023-12-04
2230.5,"Designing, printing, posting... expenses",2023-11-30,month,0,2024-01-03
2230.5,"Designing, printing, posting... expenses",2023-11-30,ytd,0,2023-12-04
2231,Expenses related to execution of Fund’s asset transactions,2023-11-30,month,74625079,2024-01-03
2231,Expenses related to execution of Fund’s asset transactions,2023-11-30,ytd,291979380,2023-12-04
2231,Real Estate Management Service fee (not applicable),2023-11-30,month,0,2024-01-03
2231,Real Estate Management Service fee (not applicable),2023-11-30,ytd,0,2023-12-04
2231.1,Brokerage fee,2023-11-30,month,74480848,2024-01-03
2231.1,Brokerage fee,2023-11-30,ytd,247155073,2023-12-04
2231.2,Clearing settlement fee,2023-11-30,month,144231,2024-01-03
2231.2,Clearing settlement fee,2023-11-30,ytd,1324307,2023-12-04
2231.3,Other Expenses,2023-11-30,month,0,2024-01-03
2231.3,Other Expenses,2023-11-30,ytd,43500000,2023-12-04
2232,Other expenses,2023-11-30,month,13543089,2024-01-03
2232,Other expenses,2023-11-30,ytd,131487714,2023-12-04
2232,Real estate valuation service fees (not applicable),2023-11-30,month,0,2024-01-03
2232,Real estate valuation service fees (not applicable),2023-11-30,ytd,0,2023-12-04
2232.1,Set up Expenses,2023-11-30,month,0,2024-01-03
2232.1,Set up Expenses,2023-11-30,ytd,0,2023-12-04
2232.2,"Listing, registration fees",2023-11-30,month,0,2024-01-03
2232.2,"Listing, registration fees",2023-11-30,ytd,0,2023-12-04
2232.3,Annual management fee paid to SSC,2023-11-30,month,616439,2024-01-03
2232.3,Annual management fee paid to SSC,2023-11-30,ytd,14363014,2023-12-04
2232.4,Bank charges,2023-11-30,month,12926650,2024-01-03
2232.4,Bank charges,2023-11-30,ytd,116024700,2023-12-04
2232.5,Borrowing expense,2023-11-30,month,0,2024-01-03
2232.5,Borrowing expense,2023-11-30,ytd,0,2023-12-04
2232.6,Other Expenses,2023-11-30,month,0,2024-01-03
2232.6,Other Expenses,2023-11-30,ytd,0,2023-12-04
2232.7,Fee paid to VSDC for getting the list of investors,2023-11-30,month,0,2024-01-03
2232.7,Fee paid to VSDC for getting the list of investors,2023-11-30,ytd,1100000,2023-12-04
2233,Net Income from Investment Activities (= I - II),2023-11-30,month,4133757611,2024-01-03
2233,Net Income from Investment Activities (= I - II),2023-11-30,ytd,23999600674,2023-12-04
2234,Gain / (Loss) from Investment Activities,2023-11-30,month,2108873713,2024-01-03
2234,Gain / (Loss) from Investment Activities,2023-11-30,ytd,2075928612,2023-12-04
2235,Realised Gain / (Loss) from disposal of investment or real estate transfer,2023-11-30,month,2909177877,2024-01-03
2235,Realised Gain / (Loss) from disposal of investment or real estate transfer,2023-11-30,ytd,1270865792,2023-12-04
2236,Unrealised Gain / (Loss) due to market price,2023-11-30,month,-800304164,2024-01-03
2236,Unrealised Gain / (Loss) due to market price,2023-11-30,ytd,805062820,2023-12-04
2237,Change of Net Asset Value of the Fund due to investment activities during the period (= III + IV),2023-11-30,month,6242631324,2024-01-03
2237,Change of Net Asset Value of the Fund due to investment activities during the period (= III + IV),2023-11-30,ytd,26075529286,2023-12-04
2238,Net Asset Value at the beginning of period,2023-11-30,month,688321611663,2024-01-03
2238,Net Asset Value at the beginning of period,2023-11-30,ytd,293802572052,2023-12-04
2239,"Change of Net Asset Value of the Fund during the period, of which",2023-11-30,month,431793490023,2024-01-03
2239,"Change of Net Asset Value of the Fund during the period, of which",2023-11-30,ytd,826312529634,2023-12-04
2239.1,Change of Net Asset Value due to investment activities during the period,2023-11-30,month,6242631324,2024-01-03
2239.1,Change of Net Asset Value due to investment activities during the period,2023-11-30,ytd,26075529286,2023-12-04
2239.2,Change of Net Asset Value due to  dividends payment to investors during the period,2023-11-30,month,0,2024-01-03
2239.2,Change of Net Asset Value due to  dividends payment to investors during the period,2023-11-30,ytd,0,2023-12-04
2239.3,Change of Net Asset Value due to subscription/redemption during the period,2023-11-30,month,425550858699,2024-01-03
2239.3,Change of Net Asset Value due to subscription/redemption during the period,2023-11-30,ytd,800237000348,2023-12-04
2239.3.1,Change of Net Asset Value due to subscription during the period,2023-11-30,month,572595002847,2024-01-03
2239.3.1,Change of Net Asset Value due to subscription during the period,2023-11-30,ytd,1181684110191,2023-12-04
2239.3.2,Change of Net Asset Value due to redemption during the period,2023-11-30,month,-147044144148,2024-01-03
2239.3.2,Change of Net Asset Value due to redemption during the period,2023-11-30,ytd,-381447109843,2023-12-04
2243,Net Asset Value at the end of period,2023-11-30,month,1120115101686,2024-01-03
2243,Net Asset Value at the end of period,2023-11-30,ytd,1120115101686,2023-12-04
2244,Average annual profit (only applicable to annual report),2023-11-30,month,0,2024-01-03
2244,Average annual profit (only applicable to annual report),2023-11-30,ytd,0,2023-12-04
2245,Average annual rate of return (only applicable to annual report),2023-11-30,month,0,2024-01-03
2245,Average annual rate of return (only applicable to annual report),2023-11-30,ytd,0,2023-12-04
2220,Income from Investment Activities,2023-12-31,month,8101896043,2024-02-02
2220,Income from Investment Activities,2023-12-31,ytd,37982408984,2024-01-03
2221,"Dividend income, interest income from bonds",2023-12-31,month,5301300006,2024-02-02
2221,"Dividend income, interest income from bonds",2023-12-31,ytd,27906638189,2024-01-03
2221.1,Dividends income,2023-12-31,month,0,2024-02-02
2221.1,Dividends income,2023-12-31,ytd,0,2024-01-03
2221.2,Interest income from bonds,2023-12-31,month,5301300006,2024-02-02
2221.2,Interest income from bonds,2023-12-31,ytd,27906638189,2024-01-03
2222,Interest income,2023-12-31,month,2800596037,2024-02-02
2222,Interest income,2023-12-31,ytd,10075770795,2024-01-03
2222.1,Interest income from bank deposits,2023-12-31,month,1239697407,2024-02-02
2222.1,Interest income from bank deposits,2023-12-31,ytd,5433820110,2024-01-03
2222.2,Interest income from Money market instruments,2023-12-31,month,1560898630,2024-02-02
2222.2,Interest income from Money market instruments,2023-12-31,ytd,4641950685,2024-01-03
2222.3,Interest income from reverse repo contracts,2023-12-31,month,0,2024-02-02
2222.3,Interest income from reverse repo contracts,2023-12-31,ytd,0,2024-01-03
2223,Income from rental property (not applicable),2023-12-31,month,0,2024-02-02
2223,Income from rental property (not applicable),2023-12-31,ytd,0,2024-01-03
2223,Other incomes,2023-12-31,month,0,2024-02-02
2223,Other incomes,2023-12-31,ytd,0,2024-01-03
2223.1,Other investment incomes,2023-12-31,month,0,2024-02-02
2223.1,Other investment incomes,2023-12-31,ytd,0,2024-01-03
2223.2,Other incomes,2023-12-31,month,0,2024-02-02
2223.2,Other incomes,2023-12-31,ytd,0,2024-01-03
2223.3,"Provision expense for bad debts from dividends, interest income and written off bad debts from dividends, interest income",2023-12-31,month,0,2024-02-02
2223.3,"Provision expense for bad debts from dividends, interest income and written off bad debts from dividends, interest income",2023-12-31,ytd,0,2024-01-03
2224,Expenses,2023-12-31,month,1632181231,2024-02-02
2224,Expenses,2023-12-31,ytd,7513093498,2024-01-03
2225,Management Fee paid to Fund Management Company,2023-12-31,month,1333433764,2024-02-02
2225,Management Fee paid to Fund Management Company,2023-12-31,ytd,5515241531,2024-01-03
2226,"Custody fee, Supervising fee paid to Supervising Bank/VSDC",2023-12-31,month,99819860,2024-02-02
2226,"Custody fee, Supervising fee paid to Supervising Bank/VSDC",2023-12-31,ytd,500771461,2024-01-03
2226.1,Custodian service - Safe Custody Fee,2023-12-31,month,55575049,2024-02-02
2226.1,Custodian service - Safe Custody Fee,2023-12-31,ytd,234354946,2024-01-03
2226.2,Custodian service - Transaction fee,2023-12-31,month,7100000,2024-02-02
2226.2,Custodian service - Transaction fee,2023-12-31,ytd,20000000,2024-01-03
2226.3,"Custodian service -  Depository fee, Position and Margin management fee paid to VSDC",2023-12-31,month,465278,2024-02-02
2226.3,"Custodian service -  Depository fee, Position and Margin management fee paid to VSDC",2023-12-31,ytd,5089462,2024-01-03
2226.4,Supervisory fee,2023-12-31,month,36679533,2024-02-02
2226.4,Supervisory fee,2023-12-31,ytd,241327053,2024-01-03
2227,"Fund Administration Fee, and other fees paid to relevant Fund's service providers",2023-12-31,month,68568543,2024-02-02
2227,"Fund Administration Fee, and other fees paid to relevant Fund's service providers",2023-12-31,ytd,625822429,2024-01-03
2227.1,Fund Administration Fee,2023-12-31,month,55368543,2024-02-02
2227.1,Fund Administration Fee,2023-12-31,ytd,467422429,2024-01-03
2227.2,Transfer Agency Fee,2023-12-31,month,13200000,2024-02-02
2227.2,Transfer Agency Fee,2023-12-31,ytd,158400000,2024-01-03
2228,Audit fee,2023-12-31,month,13375799,2024-02-02
2228,Audit fee,2023-12-31,ytd,138481343,2024-01-03
2229,"Legal consultancy expenses, price feed fee, other valid expenses, remuneration paid to Fund's Board of Representatives",2023-12-31,month,14428067,2024-02-02
2229,"Legal consultancy expenses, price feed fee, other valid expenses, remuneration paid to Fund's Board of Representatives",2023-12-31,ytd,172000000,2024-01-03
2229.1,Remuneration of Fund's Board of Representatives,2023-12-31,month,6509589,2024-02-02
2229.1,Remuneration of Fund's Board of Representatives,2023-12-31,ytd,78000000,2024-01-03
2229.2,Price feed fee,2023-12-31,month,7918478,2024-02-02
2229.2,Price feed fee,2023-12-31,ytd,94000000,2024-01-03
2229.3,Legal consultancy expenses,2023-12-31,month,0,2024-02-02
2229.3,Legal consultancy expenses,2023-12-31,ytd,0,2024-01-03
2230,"Fee for drafting, printing, distribution of prospectus, summarised prospectus, financial statements, transaction confirmations, account statements and other documents to investors; information disclosure fee; fee for organising annual general meeting, board of representatives meeting",2023-12-31,month,0,2024-02-02
2230,"Fee for drafting, printing, distribution of prospectus, summarised prospectus, financial statements, transaction confirmations, account statements and other documents to investors; information disclosure fee; fee for organising annual general meeting, board of representatives meeting",2023-12-31,ytd,34754442,2024-01-03
2230.1,Meeting expenses,2023-12-31,month,0,2024-02-02
2230.1,Meeting expenses,2023-12-31,ytd,34754442,2024-01-03
2230.2,Annual report expenses,2023-12-31,month,0,2024-02-02
2230.2,Annual report expenses,2023-12-31,ytd,0,2024-01-03
2230.3,"Fund's Board of Representatives meeting, travelling expenses",2023-12-31,month,0,2024-02-02
2230.3,"Fund's Board of Representatives meeting, travelling expenses",2023-12-31,ytd,0,2024-01-03
2230.4,Expenses of information disclosure of the Fund,2023-12-31,month,0,2024-02-02
2230.4,Expenses of information disclosure of the Fund,2023-12-31,ytd,0,2024-01-03
2230.5,"Designing, printing, posting... expenses",2023-12-31,month,0,2024-02-02
2230.5,"Designing, printing, posting... expenses",2023-12-31,ytd,0,2024-01-03
2231,Expenses related to execution of Fund’s asset transactions,2023-12-31,month,88045562,2024-02-02
2231,Expenses related to execution of Fund’s asset transactions,2023-12-31,ytd,380024942,2024-01-03
2231,Real Estate Management Service fee (not applicable),2023-12-31,month,0,2024-02-02
2231,Real Estate Management Service fee (not applicable),2023-12-31,ytd,0,2024-01-03
2231.1,Brokerage fee,2023-12-31,month,87805562,2024-02-02
2231.1,Brokerage fee,2023-12-31,ytd,334960635,2024-01-03
2231.2,Clearing settlement fee,2023-12-31,month,240000,2024-02-02
2231.2,Clearing settlement fee,2023-12-31,ytd,1564307,2024-01-03
2231.3,Other Expenses,2023-12-31,month,0,2024-02-02
2231.3,Other Expenses,2023-12-31,ytd,43500000,2024-01-03
2232,Other expenses,2023-12-31,month,14509636,2024-02-02
2232,Other expenses,2023-12-31,ytd,145997350,2024-01-03
2232,Real estate valuation service fees (not applicable),2023-12-31,month,0,2024-02-02
2232,Real estate valuation service fees (not applicable),2023-12-31,ytd,0,2024-01-03
2232.1,Set up Expenses,2023-12-31,month,0,2024-02-02
2232.1,Set up Expenses,2023-12-31,ytd,0,2024-01-03
2232.2,"Listing, registration fees",2023-12-31,month,0,2024-02-02
2232.2,"Listing, registration fees",2023-12-31,ytd,0,2024-01-03
2232.3,Annual management fee paid to SSC,2023-12-31,month,636986,2024-02-02
2232.3,Annual management fee paid to SSC,2023-12-31,ytd,15000000,2024-01-03
2232.4,Bank charges,2023-12-31,month,13872650,2024-02-02
2232.4,Bank charges,2023-12-31,ytd,129897350,2024-01-03
2232.5,Borrowing expense,2023-12-31,month,0,2024-02-02
2232.5,Borrowing expense,2023-12-31,ytd,0,2024-01-03
2232.6,Other Expenses,2023-12-31,month,0,2024-02-02
2232.6,Other Expenses,2023-12-31,ytd,0,2024-01-03
2232.7,Fee paid to VSDC for getting the list of investors,2023-12-31,month,0,2024-02-02
2232.7,Fee paid to VSDC for getting the list of investors,2023-12-31,ytd,1100000,2024-01-03
2233,Net Income from Investment Activities (= I - II),2023-12-31,month,6469714812,2024-02-02
2233,Net Income from Investment Activities (= I - II),2023-12-31,ytd,30469315486,2024-01-03
2234,Gain / (Loss) from Investment Activities,2023-12-31,month,1538268445,2024-02-02
2234,Gain / (Loss) from Investment Activities,2023-12-31,ytd,3614197057,2024-01-03
2235,Realised Gain / (Loss) from disposal of investment or real estate transfer,2023-12-31,month,811691317,2024-02-02
2235,Realised Gain / (Loss) from disposal of investment or real estate transfer,2023-12-31,ytd,2082557109,2024-01-03
2236,Unrealised Gain / (Loss) due to market price,2023-12-31,month,726577128,2024-02-02
2236,Unrealised Gain / (Loss) due to market price,2023-12-31,ytd,1531639948,2024-01-03
2237,Change of Net Asset Value of the Fund due to investment activities during the period (= III + IV),2023-12-31,month,8007983257,2024-02-02
2237,Change of Net Asset Value of the Fund due to investment activities during the period (= III + IV),2023-12-31,ytd,34083512543,2024-01-03
2238,Net Asset Value at the beginning of period,2023-12-31,month,1120115101686,2024-02-02
2238,Net Asset Value at the beginning of period,2023-12-31,ytd,293802572052,2024-01-03
2239,"Change of Net Asset Value of the Fund during the period, of which",2023-12-31,month,459653916486,2024-02-02
2239,"Change of Net Asset Value of the Fund during the period, of which",2023-12-31,ytd,1285966446120,2024-01-03
2239.1,Change of Net Asset Value due to investment activities during the period,2023-12-31,month,8007983257,2024-02-02
2239.1,Change of Net Asset Value due to investment activities during the period,2023-12-31,ytd,34083512543,2024-01-03
2239.2,Change of Net Asset Value due to  dividends payment to investors during the period,2023-12-31,month,0,2024-02-02
2239.2,Change of Net Asset Value due to  dividends payment to investors during the period,2023-12-31,ytd,0,2024-01-03
2239.3,Change of Net Asset Value due to subscription/redemption during the period,2023-12-31,month,451645933229,2024-02-02
2239.3,Change of Net Asset Value due to subscription/redemption during the period,2023-12-31,ytd,1251882933577,2024-01-03
2239.3.1,Change of Net Asset Value due to subscription during the period,2023-12-31,month,805935698421,2024-02-02
2239.3.1,Change of Net Asset Value due to subscription during the period,2023-12-31,ytd,1987619808612,2024-01-03
2239.3.2,Change of Net Asset Value due to redemption during the period,2023-12-31,month,-354289765192,2024-02-02
2239.3.2,Change of Net Asset Value due to redemption during the period,2023-12-31,ytd,-735736875035,2024-01-03
2243,Net Asset Value at the end of period,2023-12-31,month,1579769018172,2024-02-02
2243,Net Asset Value at the end of period,2023-12-31,ytd,1579769018172,2024-01-03
2244,Average annual profit (only applicable to annual report),2023-12-31,month,0,2024-02-02
2244,Average annual profit (only applicable to annual report),2023-12-31,ytd,0,2024-01-03
2245,Average annual rate of return (only applicable to annual report),2023-12-31,month,0,2024-02-02
2245,Average annual rate of return (only applicable to annual report),2023-12-31,ytd,0,2024-01-03
2220,Income from Investment Activities,2024-01-31,month,10910295143,2024-03-01
2220,Income from Investment Activities,2024-01-31,ytd,10910295143,2024-02-02
2221,"Dividend income, interest income from bonds",2024-01-31,month,6925041351,2024-03-01
2221,"Dividend income, interest income from bonds",2024-01-31,ytd,6925041351,2024-02-02
2221.1,Dividends income,2024-01-31,month,0,2024-03-01
2221.1,Dividends income,2024-01-31,ytd,0,2024-02-02
2221.2,Interest income from bonds,2024-01-31,month,6925041351,2024-03-01
2221.2,Interest income from bonds,2024-01-31,ytd,6925041351,2024-02-02
2222,Interest income,2024-01-31,month,3985253792,2024-03-01
2222,Interest income,2024-01-31,ytd,3985253792,2024-02-02
2222.1,Interest income from bank deposits,2024-01-31,month,2028897628,2024-03-01
2222.1,Interest income from bank deposits,2024-01-31,ytd,2028897628,2024-02-02
2222.2,Interest income from Money market instruments,2024-01-31,month,1956356164,2024-03-01
2222.2,Interest income from Money market instruments,2024-01-31,ytd,1956356164,2024-02-02
2222.3,Interest income from reverse repo contracts,2024-01-31,month,0,2024-03-01
2222.3,Interest income from reverse repo contracts,2024-01-31,ytd,0,2024-02-02
2223,Income from rental property (not applicable),2024-01-31,month,0,2024-03-01
2223,Income from rental property (not applicable),2024-01-31,ytd,0,2024-02-02
2223,Other incomes,2024-01-31,month,0,2024-03-01
2223,Other incomes,2024-01-31,ytd,0,2024-02-02
2223.1,Other investment incomes,2024-01-31,month,0,2024-03-01
2223.1,Other investment incomes,2024-01-31,ytd,0,2024-02-02
2223.2,Other incomes,2024-01-31,month,0,2024-03-01
2223.2,Other incomes,2024-01-31,ytd,0,2024-02-02
2223.3,"Provision expense for bad debts from dividends, interest income and written off bad debts from dividends, interest income",2024-01-31,month,0,2024-03-01
2223.3,"Provision expense for bad debts from dividends, interest income and written off bad debts from dividends, interest income",2024-01-31,ytd,0,2024-02-02
2224,Expenses,2024-01-31,month,2427186747,2024-03-01
2224,Expenses,2024-01-31,ytd,2427186747,2024-02-02
2225,Management Fee paid to Fund Management Company,2024-01-31,month,1965615229,2024-03-01
2225,Management Fee paid to Fund Management Company,2024-01-31,ytd,1965615229,2024-02-02
2226,"Custody fee, Supervising fee paid to Supervising Bank/VSDC",2024-01-31,month,139894923,2024-03-01
2226,"Custody fee, Supervising fee paid to Supervising Bank/VSDC",2024-01-31,ytd,139894923,2024-02-02
2226.1,Custodian service - Safe Custody Fee,2024-01-31,month,81900634,2024-03-01
2226.1,Custodian service - Safe Custody Fee,2024-01-31,ytd,81900634,2024-02-02
2226.2,Custodian service - Transaction fee,2024-01-31,month,3300000,2024-03-01
2226.2,Custodian service - Transaction fee,2024-01-31,ytd,3300000,2024-02-02
2226.3,"Custodian service -  Depository fee, Position and Margin management fee paid to VSDC",2024-01-31,month,639871,2024-03-01
2226.3,"Custodian service -  Depository fee, Position and Margin management fee paid to VSDC",2024-01-31,ytd,639871,2024-02-02
2226.4,Supervisory fee,2024-01-31,month,54054418,2024-03-01
2226.4,Supervisory fee,2024-01-31,ytd,54054418,2024-02-02
2227,"Fund Administration Fee, and other fees paid to relevant Fund's service providers",2024-01-31,month,91735060,2024-03-01
2227,"Fund Administration Fee, and other fees paid to relevant Fund's service providers",2024-01-31,ytd,91735060,2024-02-02
2227.1,Fund Administration Fee,2024-01-31,month,78535060,2024-03-01
2227.1,Fund Administration Fee,2024-01-31,ytd,78535060,2024-02-02
2227.2,Transfer Agency Fee,2024-01-31,month,13200000,2024-03-01
2227.2,Transfer Agency Fee,2024-01-31,ytd,13200000,2024-02-02
2228,Audit fee,2024-01-31,month,11366667,2024-03-01
2228,Audit fee,2024-01-31,ytd,11366667,2024-02-02
2229,"Legal consultancy expenses, price feed fee, other valid expenses, remuneration paid to Fund's Board of Representatives",2024-01-31,month,18240468,2024-03-01
2229,"Legal consultancy expenses, price feed fee, other valid expenses, remuneration paid to Fund's Board of Representatives",2024-01-31,ytd,18240468,2024-02-02
2229.1,Remuneration of Fund's Board of Representatives,2024-01-31,month,6508197,2024-03-01
2229.1,Remuneration of Fund's Board of Representatives,2024-01-31,ytd,6508197,2024-02-02
2229.2,Price feed fee,2024-01-31,month,8005495,2024-03-01
2229.2,Price feed fee,2024-01-31,ytd,8005495,2024-02-02
2229.3,Legal consultancy expenses,2024-01-31,month,3726776,2024-03-01
2229.3,Legal consultancy expenses,2024-01-31,ytd,3726776,2024-02-02
2230,"Fee for drafting, printing, distribution of prospectus, summarised prospectus, financial statements, transaction confirmations, account statements and other documents to investors; information disclosure fee; fee for organising annual general meeting, board of representatives meeting",2024-01-31,month,0,2024-03-01
2230,"Fee for drafting, printing, distribution of prospectus, summarised prospectus, financial statements, transaction confirmations, account statements and other documents to investors; information disclosure fee; fee for organising annual general meeting, board of representatives meeting",2024-01-31,ytd,0,2024-02-02
2230.1,Meeting expenses,2024-01-31,month,0,2024-03-01
2230.1,Meeting expenses,2024-01-31,ytd,0,2024-02-02
2230.2,Annual report expenses,2024-01-31,month,0,2024-03-01
2230.2,Annual report expenses,2024-01-31,ytd,0,2024-02-02
2230.3,"Fund's Board of Representatives meeting, travelling expenses",2024-01-31,month,0,2024-03-01
2230.3,"Fund's Board of Representatives meeting, travelling expenses",2024-01-31,ytd,0,2024-02-02
2230.4,Expenses of information disclosure of the Fund,2024-01-31,month,0,2024-03-01
2230.4,Expenses of information disclosure of the Fund,2024-01-31,ytd,0,2024-02-02
2230.5,"Designing, printing, posting... expenses",2024-01-31,month,0,2024-03-01
2230.5,"Designing, printing, posting... expenses",2024-01-31,ytd,0,2024-02-02
2231,Expenses related to execution of Fund’s asset transactions,2024-01-31,month,182928004,2024-03-01
2231,Expenses related to execution of Fund’s asset transactions,2024-01-31,ytd,182928004,2024-02-02
2231,Real Estate Management Service fee (not applicable),2024-01-31,month,0,2024-03-01
2231,Real Estate Management Service fee (not applicable),2024-01-31,ytd,0,2024-02-02
2231.1,Brokerage fee,2024-01-31,month,182448004,2024-03-01
2231.1,Brokerage fee,2024-01-31,ytd,182448004,2024-02-02
2231.2,Clearing settlement fee,2024-01-31,month,480000,2024-03-01
2231.2,Clearing settlement fee,2024-01-31,ytd,480000,2024-02-02
2231.3,Other Expenses,2024-01-31,month,0,2024-03-01
2231.3,Other Expenses,2024-01-31,ytd,0,2024-02-02
2232,Other expenses,2024-01-31,month,17406396,2024-03-01
2232,Other expenses,2024-01-31,ytd,17406396,2024-02-02
2232,Real estate valuation service fees (not applicable),2024-01-31,month,0,2024-03-01
2232,Real estate valuation service fees (not applicable),2024-01-31,ytd,0,2024-02-02
2232.1,Set up Expenses,2024-01-31,month,0,2024-03-01
2232.1,Set up Expenses,2024-01-31,ytd,0,2024-02-02
2232.2,"Listing, registration fees",2024-01-31,month,0,2024-03-01
2232.2,"Listing, registration fees",2024-01-31,ytd,0,2024-02-02
2232.3,Annual management fee paid to SSC,2024-01-31,month,635246,2024-03-01
2232.3,Annual management fee paid to SSC,2024-01-31,ytd,635246,2024-02-02
2232.4,Bank charges,2024-01-31,month,16771150,2024-03-01
2232.4,Bank charges,2024-01-31,ytd,16771150,2024-02-02
2232.5,Borrowing expense,2024-01-31,month,0,2024-03-01
2232.5,Borrowing expense,2024-01-31,ytd,0,2024-02-02
2232.6,Other Expenses,2024-01-31,month,0,2024-03-01
2232.6,Other Expenses,2024-01-31,ytd,0,2024-02-02
2232.7,Fee paid to VSDC for getting the list of investors,2024-01-31,month,0,2024-03-01
2232.7,Fee paid to VSDC for getting the list of investors,2024-01-31,ytd,0,2024-02-02
2233,Net Income from Investment Activities (= I - II),2024-01-31,month,8483108396,2024-03-01
2233,Net Income from Investment Activities (= I - II),2024-01-31,ytd,8483108396,2024-02-02
2234,Gain / (Loss) from Investment Activities,2024-01-31,month,-24933874,2024-03-01
2234,Gain / (Loss) from Investment Activities,2024-01-31,ytd,-24933874,2024-02-02
2235,Realised Gain / (Loss) from disposal of investment or real estate transfer,2024-01-31,month,-27973336,2024-03-01
2235,Realised Gain / (Loss) from disposal of investment or real estate transfer,2024-01-31,ytd,-27973336,2024-02-02
2236,Unrealised Gain / (Loss) due to market price,2024-01-31,month,3039462,2024-03-01
2236,Unrealised Gain / (Loss) due to market price,2024-01-31,ytd,3039462,2024-02-02
2237,Change of Net Asset Value of the Fund due to investment activities during the period (= III + IV),2024-01-31,month,8458174522,2024-03-01
2237,Change of Net Asset Value of the Fund due to investment activities during the period (= III + IV),2024-01-31,ytd,8458174522,2024-02-02
2238,Net Asset Value at the beginning of period,2024-01-31,month,1579769018172,2024-03-01
2238,Net Asset Value at the beginning of period,2024-01-31,ytd,1579769018172,2024-02-02
2239,"Change of Net Asset Value of the Fund during the period, of which",2024-01-31,month,641257440798,2024-03-01
2239,"Change of Net Asset Value of the Fund during the period, of which",2024-01-31,ytd,641257440798,2024-02-02
2239.1,Change of Net Asset Value due to investment activities during the period,2024-01-31,month,8458174522,2024-03-01
2239.1,Change of Net Asset Value due to investment activities during the period,2024-01-31,ytd,8458174522,2024-02-02
2239.2,Change of Net Asset Value due to  dividends payment to investors during the period,2024-01-31,month,0,2024-03-01
2239.2,Change of Net Asset Value due to  dividends payment to investors during the period,2024-01-31,ytd,0,2024-02-02
2239.3,Change of Net Asset Value due to subscription/redemption during the period,2024-01-31,month,632799266276,2024-03-01
2239.3,Change of Net Asset Value due to subscription/redemption during the period,2024-01-31,ytd,632799266276,2024-02-02
2239.3.1,Change of Net Asset Value due to subscription during the period,2024-01-31,month,1053270591084,2024-03-01
2239.3.1,Change of Net Asset Value due to subscription during the period,2024-01-31,ytd,1053270591084,2024-02-02
2239.3.2,Change of Net Asset Value due to redemption during the period,2024-01-31,month,-420471324808,2024-03-01
2239.3.2,Change of Net Asset Value due to redemption during the period,2024-01-31,ytd,-420471324808,2024-02-02
2243,Net Asset Value at the end of period,2024-01-31,month,2221026458970,2024-03-01
2243,Net Asset Value at the end of period,2024-01-31,ytd,2221026458970,2024-02-02
2244,Average annual profit (only applicable to annual report),2024-01-31,month,0,2024-03-01
2244,Average annual profit (only applicable to annual report),2024-01-31,ytd,0,2024-02-02
2245,Average annual rate of return (only applicable to annual report),2024-01-31,month,0,2024-03-01
2245,Average annual rate of return (only applicable to annual report),2024-01-31,ytd,0,2024-02-02
2220,Income from Investment Activities,2024-02-29,month,12348083130,2024-04-01
2220,Income from Investment Activities,2024-02-29,ytd,23258378273,2024-03-01
2221,"Dividend income, interest income from bonds",2024-02-29,month,8063430243,2024-04-01
2221,"Dividend income, interest income from bonds",2024-02-29,ytd,14988471594,2024-03-01
2221.1,Dividends income,2024-02-29,month,0,2024-04-01
2221.1,Dividends income,2024-02-29,ytd,0,2024-03-01
2221.2,Interest income from bonds,2024-02-29,month,8063430243,2024-04-01
2221.2,Interest income from bonds,2024-02-29,ytd,14988471594,2024-03-01
2222,Interest income,2024-02-29,month,4284652887,2024-04-01
2222,Interest income,2024-02-29,ytd,8269906679,2024-03-01
2222.1,Interest income from bank deposits,2024-02-29,month,2629458367,2024-04-01
2222.1,Interest income from bank deposits,2024-02-29,ytd,4658355995,2024-03-01
2222.2,Interest income from Money market instruments,2024-02-29,month,1655194520,2024-04-01
2222.2,Interest income from Money market instruments,2024-02-29,ytd,3611550684,2024-03-01
2222.3,Interest income from reverse repo contracts,2024-02-29,month,0,2024-04-01
2222.3,Interest income from reverse repo contracts,2024-02-29,ytd,0,2024-03-01
2223,Income from rental property (not applicable),2024-02-29,month,0,2024-04-01
2223,Income from rental property (not applicable),2024-02-29,ytd,0,2024-03-01
2223,Other incomes,2024-02-29,month,0,2024-04-01
2223,Other incomes,2024-02-29,ytd,0,2024-03-01
2223.1,Other investment incomes,2024-02-29,month,0,2024-04-01
2223.1,Other investment incomes,2024-02-29,ytd,0,2024-03-01
2223.2,Other incomes,2024-02-29,month,0,2024-04-01
2223.2,Other incomes,2024-02-29,ytd,0,2024-03-01
2223.3,"Provision expense for bad debts from dividends, interest income and written off bad debts from dividends, interest income",2024-02-29,month,0,2024-04-01
2223.3,"Provision expense for bad debts from dividends, interest income and written off bad debts from dividends, interest income",2024-02-29,ytd,0,2024-03-01
2224,Expenses,2024-02-29,month,2550883244,2024-04-01
2224,Expenses,2024-02-29,ytd,4978069991,2024-03-01
2225,Management Fee paid to Fund Management Company,2024-02-29,month,2165646721,2024-04-01
2225,Management Fee paid to Fund Management Company,2024-02-29,ytd,4131261950,2024-03-01
2226,"Custody fee, Supervising fee paid to Supervising Bank/VSDC",2024-02-29,month,153461663,2024-04-01
2226,"Custody fee, Supervising fee paid to Supervising Bank/VSDC",2024-02-29,ytd,293356586,2024-03-01
2226.1,Custodian service - Safe Custody Fee,2024-02-29,month,90235280,2024-04-01
2226.1,Custodian service - Safe Custody Fee,2024-02-29,ytd,172135914,2024-03-01
2226.2,Custodian service - Transaction fee,2024-02-29,month,2700000,2024-04-01
2226.2,Custodian service - Transaction fee,2024-02-29,ytd,6000000,2024-03-01
2226.3,"Custodian service -  Depository fee, Position and Margin management fee paid to VSDC",2024-02-29,month,971100,2024-04-01
2226.3,"Custodian service -  Depository fee, Position and Margin management fee paid to VSDC",2024-02-29,ytd,1610971,2024-03-01
2226.4,Supervisory fee,2024-02-29,month,59555283,2024-04-01
2226.4,Supervisory fee,2024-02-29,ytd,113609701,2024-03-01
2227,"Fund Administration Fee, and other fees paid to relevant Fund's service providers",2024-02-29,month,99069547,2024-04-01
2227,"Fund Administration Fee, and other fees paid to relevant Fund's service providers",2024-02-29,ytd,190804607,2024-03-01
2227.1,Fund Administration Fee,2024-02-29,month,85869547,2024-04-01
2227.1,Fund Administration Fee,2024-02-29,ytd,164404607,2024-03-01
2227.2,Transfer Agency Fee,2024-02-29,month,13200000,2024-04-01
2227.2,Transfer Agency Fee,2024-02-29,ytd,26400000,2024-03-01
2228,Audit fee,2024-02-29,month,10633333,2024-04-01
2228,Audit fee,2024-02-29,ytd,22000000,2024-03-01
2229,"Legal consultancy expenses, price feed fee, other valid expenses, remuneration paid to Fund's Board of Representatives",2024-02-29,month,17450759,2024-04-01
2229,"Legal consultancy expenses, price feed fee, other valid expenses, remuneration paid to Fund's Board of Representatives",2024-02-29,ytd,35691227,2024-03-01
2229.1,Remuneration of Fund's Board of Representatives,2024-02-29,month,6475410,2024-04-01
2229.1,Remuneration of Fund's Board of Representatives,2024-02-29,ytd,12983607,2024-03-01
2229.2,Price feed fee,2024-02-29,month,7489010,2024-04-01
2229.2,Price feed fee,2024-02-29,ytd,15494505,2024-03-01
2229.3,Legal consultancy expenses,2024-02-29,month,3486339,2024-04-01
2229.3,Legal consultancy expenses,2024-02-29,ytd,7213115,2024-03-01
2230,"Fee for drafting, printing, distribution of prospectus, summarised prospectus, financial statements, transaction confirmations, account statements and other documents to investors; information disclosure fee; fee for organising annual general meeting, board of representatives meeting",2024-02-29,month,0,2024-04-01
2230,"Fee for drafting, printing, distribution of prospectus, summarised prospectus, financial statements, transaction confirmations, account statements and other documents to investors; information disclosure fee; fee for organising annual general meeting, board of representatives meeting",2024-02-29,ytd,0,2024-03-01
2230.1,Meeting expenses,2024-02-29,month,0,2024-04-01
2230.1,Meeting expenses,2024-02-29,ytd,0,2024-03-01
2230.2,Annual report expenses,2024-02-29,month,0,2024-04-01
2230.2,Annual report expenses,2024-02-29,ytd,0,2024-03-01
2230.3,"Fund's Board of Representatives meeting, travelling expenses",2024-02-29,month,0,2024-04-01
2230.3,"Fund's Board of Representatives meeting, travelling expenses",2024-02-29,ytd,0,2024-03-01
2230.4,Expenses of information disclosure of the Fund,2024-02-29,month,0,2024-04-01
2230.4,Expenses of information disclosure of the Fund,2024-02-29,ytd,0,2024-03-01
2230.5,"Designing, printing, posting... expenses",2024-02-29,month,0,2024-04-01
2230.5,"Designing, printing, posting... expenses",2024-02-29,ytd,0,2024-03-01
2231,Expenses related to execution of Fund’s asset transactions,2024-02-29,month,90627309,2024-04-01
2231,Expenses related to execution of Fund’s asset transactions,2024-02-29,ytd,273555313,2024-03-01
2231,Real Estate Management Service fee (not applicable),2024-02-29,month,0,2024-04-01
2231,Real Estate Management Service fee (not applicable),2024-02-29,ytd,0,2024-03-01
2231.1,Brokerage fee,2024-02-29,month,89631309,2024-04-01
2231.1,Brokerage fee,2024-02-29,ytd,272079313,2024-03-01
2231.2,Clearing settlement fee,2024-02-29,month,996000,2024-04-01
2231.2,Clearing settlement fee,2024-02-29,ytd,1476000,2024-03-01
2231.3,Other Expenses,2024-02-29,month,0,2024-04-01
2231.3,Other Expenses,2024-02-29,ytd,0,2024-03-01
2232,Other expenses,2024-02-29,month,13993912,2024-04-01
2232,Other expenses,2024-02-29,ytd,31400308,2024-03-01
2232,Real estate valuation service fees (not applicable),2024-02-29,month,0,2024-04-01
2232,Real estate valuation service fees (not applicable),2024-02-29,ytd,0,2024-03-01
2232.1,Set up Expenses,2024-02-29,month,0,2024-04-01
2232.1,Set up Expenses,2024-02-29,ytd,0,2024-03-01
2232.2,"Listing, registration fees",2024-02-29,month,0,2024-04-01
2232.2,"Listing, registration fees",2024-02-29,ytd,0,2024-03-01
2232.3,Annual management fee paid to SSC,2024-02-29,month,594262,2024-04-01
2232.3,Annual management fee paid to SSC,2024-02-29,ytd,1229508,2024-03-01
2232.4,Bank charges,2024-02-29,month,13399650,2024-04-01
2232.4,Bank charges,2024-02-29,ytd,30170800,2024-03-01
2232.5,Borrowing expense,2024-02-29,month,0,2024-04-01
2232.5,Borrowing expense,2024-02-29,ytd,0,2024-03-01
2232.6,Other Expenses,2024-02-29,month,0,2024-04-01
2232.6,Other Expenses,2024-02-29,ytd,0,2024-03-01
2232.7,Fee paid to VSDC for getting the list of investors,2024-02-29,month,0,2024-04-01
2232.7,Fee paid to VSDC for getting the list of investors,2024-02-29,ytd,0,2024-03-01
2233,Net Income from Investment Activities (= I - II),2024-02-29,month,9797199886,2024-04-01
2233,Net Income from Investment Activities (= I - II),2024-02-29,ytd,18280308282,2024-03-01
2234,Gain / (Loss) from Investment Activities,2024-02-29,month,-1352150479,2024-04-01
2234,Gain / (Loss) from Investment Activities,2024-02-29,ytd,-1377084353,2024-03-01
2235,Realised Gain / (Loss) from disposal of investment or real estate transfer,2024-02-29,month,-1075788351,2024-04-01
2235,Realised Gain / (Loss) from disposal of investment or real estate transfer,2024-02-29,ytd,-1103761687,2024-03-01
2236,Unrealised Gain / (Loss) due to market price,2024-02-29,month,-276362128,2024-04-01
2236,Unrealised Gain / (Loss) due to market price,2024-02-29,ytd,-273322666,2024-03-01
2237,Change of Net Asset Value of the Fund due to investment activities during the period (= III + IV),2024-02-29,month,8445049407,2024-04-01
2237,Change of Net Asset Value of the Fund due to investment activities during the period (= III + IV),2024-02-29,ytd,16903223929,2024-03-01
2238,Net Asset Value at the beginning of period,2024-02-29,month,2221026458970,2024-04-01
2238,Net Asset Value at the beginning of period,2024-02-29,ytd,1579769018172,2024-03-01
2239,"Change of Net Asset Value of the Fund during the period, of which",2024-02-29,month,27955922288,2024-04-01
2239,"Change of Net Asset Value of the Fund during the period, of which",2024-02-29,ytd,669213363086,2024-03-01
2239.1,Change of Net Asset Value due to investment activities during the period,2024-02-29,month,8445049407,2024-04-01
2239.1,Change of Net Asset Value due to investment activities during the period,2024-02-29,ytd,16903223929,2024-03-01
2239.2,Change of Net Asset Value due to  dividends payment to investors during the period,2024-02-29,month,0,2024-04-01
2239.2,Change of Net Asset Value due to  dividends payment to investors during the period,2024-02-29,ytd,0,2024-03-01
2239.3,Change of Net Asset Value due to subscription/redemption during the period,2024-02-29,month,19510872881,2024-04-01
2239.3,Change of Net Asset Value due to subscription/redemption during the period,2024-02-29,ytd,652310139157,2024-03-01
2239.3.1,Change of Net Asset Value due to subscription during the period,2024-02-29,month,570766992559,2024-04-01
2239.3.1,Change of Net Asset Value due to subscription during the period,2024-02-29,ytd,1624037583643,2024-03-01
2239.3.2,Change of Net Asset Value due to redemption during the period,2024-02-29,month,-551256119678,2024-04-01
2239.3.2,Change of Net Asset Value due to redemption during the period,2024-02-29,ytd,-971727444486,2024-03-01
2243,Net Asset Value at the end of period,2024-02-29,month,2248982381258,2024-04-01
2243,Net Asset Value at the end of period,2024-02-29,ytd,2248982381258,2024-03-01
2244,Average annual profit (only applicable to annual report),2024-02-29,month,0,2024-04-01
2244,Average annual profit (only applicable to annual report),2024-02-29,ytd,0,2024-03-01
2245,Average annual rate of return (only applicable to annual report),2024-02-29,month,0,2024-04-01
2245,Average annual rate of return (only applicable to annual report),2024-02-29,ytd,0,2024-03-01
2220,Income from Investment Activities,2024-03-31,month,12400339277,2024-05-03
2220,Income from Investment Activities,2024-03-31,ytd,35658717550,2024-04-01
2221,"Dividend income, interest income from bonds",2024-03-31,month,6723564147,2024-05-03
2221,"Dividend income, interest income from bonds",2024-03-31,ytd,21712035741,2024-04-01
2221.1,Dividends income,2024-03-31,month,0,2024-05-03
2221.1,Dividends income,2024-03-31,ytd,0,2024-04-01
2221.2,Interest income from bonds,2024-03-31,month,6723564147,2024-05-03
2221.2,Interest income from bonds,2024-03-31,ytd,21712035741,2024-04-01
2222,Interest income,2024-03-31,month,5676775130,2024-05-03
2222,Interest income,2024-03-31,ytd,13946681809,2024-04-01
2222.1,Interest income from bank deposits,2024-03-31,month,3332350472,2024-05-03
2222.1,Interest income from bank deposits,2024-03-31,ytd,7990706467,2024-04-01
2222.2,Interest income from Money market instruments,2024-03-31,month,2344424658,2024-05-03
2222.2,Interest income from Money market instruments,2024-03-31,ytd,5955975342,2024-04-01
2222.3,Interest income from reverse repo contracts,2024-03-31,month,0,2024-05-03
2222.3,Interest income from reverse repo contracts,2024-03-31,ytd,0,2024-04-01
2223,Income from rental property (not applicable),2024-03-31,month,0,2024-05-03
2223,Income from rental property (not applicable),2024-03-31,ytd,0,2024-04-01
2223,Other incomes,2024-03-31,month,0,2024-05-03
2223,Other incomes,2024-03-31,ytd,0,2024-04-01
2223.1,Other investment incomes,2024-03-31,month,0,2024-05-03
2223.1,Other investment incomes,2024-03-31,ytd,0,2024-04-01
2223.2,Other incomes,2024-03-31,month,0,2024-05-03
2223.2,Other incomes,2024-03-31,ytd,0,2024-04-01
2223.3,"Provision expense for bad debts from dividends, interest income and written off bad debts from dividends, interest income",2024-03-31,month,0,2024-05-03
2223.3,"Provision expense for bad debts from dividends, interest income and written off bad debts from dividends, interest income",2024-03-31,ytd,0,2024-04-01
2224,Expenses,2024-03-31,month,2772852759,2024-05-03
2224,Expenses,2024-03-31,ytd,7750922750,2024-04-01
2225,Management Fee paid to Fund Management Company,2024-03-31,month,2379228525,2024-05-03
2225,Management Fee paid to Fund Management Company,2024-03-31,ytd,6510490475,2024-04-01
2226,"Custody fee, Supervising fee paid to Supervising Bank/VSDC",2024-03-31,month,168109531,2024-05-03
2226,"Custody fee, Supervising fee paid to Supervising Bank/VSDC",2024-03-31,ytd,461466117,2024-04-01
2226.1,Custodian service - Safe Custody Fee,2024-03-31,month,99134521,2024-05-03
2226.1,Custodian service - Safe Custody Fee,2024-03-31,ytd,271270435,2024-04-01
2226.2,Custodian service - Transaction fee,2024-03-31,month,2250000,2024-05-03
2226.2,Custodian service - Transaction fee,2024-03-31,ytd,8250000,2024-04-01
2226.3,"Custodian service -  Depository fee, Position and Margin management fee paid to VSDC",2024-03-31,month,1296227,2024-05-03
2226.3,"Custodian service -  Depository fee, Position and Margin management fee paid to VSDC",2024-03-31,ytd,2907198,2024-04-01
2226.4,Supervisory fee,2024-03-31,month,65428783,2024-05-03
2226.4,Supervisory fee,2024-03-31,ytd,179038484,2024-04-01
2227,"Fund Administration Fee, and other fees paid to relevant Fund's service providers",2024-03-31,month,106900880,2024-05-03
2227,"Fund Administration Fee, and other fees paid to relevant Fund's service providers",2024-03-31,ytd,297705487,2024-04-01
2227.1,Fund Administration Fee,2024-03-31,month,93700880,2024-05-03
2227.1,Fund Administration Fee,2024-03-31,ytd,258105487,2024-04-01
2227.2,Transfer Agency Fee,2024-03-31,month,13200000,2024-05-03
2227.2,Transfer Agency Fee,2024-03-31,ytd,39600000,2024-04-01
2228,Audit fee,2024-03-31,month,11384195,2024-05-03
2228,Audit fee,2024-03-31,ytd,33384195,2024-04-01
2229,"Legal consultancy expenses, price feed fee, other valid expenses, remuneration paid to Fund's Board of Representatives",2024-03-31,month,18193891,2024-05-03
2229,"Legal consultancy expenses, price feed fee, other valid expenses, remuneration paid to Fund's Board of Representatives",2024-03-31,ytd,53885118,2024-04-01
2229.1,Remuneration of Fund's Board of Representatives,2024-03-31,month,6508196,2024-05-03
2229.1,Remuneration of Fund's Board of Representatives,2024-03-31,ytd,19491803,2024-04-01
2229.2,Price feed fee,2024-03-31,month,8005495,2024-05-03
2229.2,Price feed fee,2024-03-31,ytd,23500000,2024-04-01
2229.3,Legal consultancy expenses,2024-03-31,month,3680200,2024-05-03
2229.3,Legal consultancy expenses,2024-03-31,ytd,10893315,2024-04-01
2230,"Fee for drafting, printing, distribution of prospectus, summarised prospectus, financial statements, transaction confirmations, account statements and other documents to investors; information disclosure fee; fee for organising annual general meeting, board of representatives meeting",2024-03-31,month,0,2024-05-03
2230,"Fee for drafting, printing, distribution of prospectus, summarised prospectus, financial statements, transaction confirmations, account statements and other documents to investors; information disclosure fee; fee for organising annual general meeting, board of representatives meeting",2024-03-31,ytd,0,2024-04-01
2230.1,Meeting expenses,2024-03-31,month,0,2024-05-03
2230.1,Meeting expenses,2024-03-31,ytd,0,2024-04-01
2230.2,Annual report expenses,2024-03-31,month,0,2024-05-03
2230.2,Annual report expenses,2024-03-31,ytd,0,2024-04-01
2230.3,"Fund's Board of Representatives meeting, travelling expenses",2024-03-31,month,0,2024-05-03
2230.3,"Fund's Board of Representatives meeting, travelling expenses",2024-03-31,ytd,0,2024-04-01
2230.4,Expenses of information disclosure of the Fund,2024-03-31,month,0,2024-05-03
2230.4,Expenses of information disclosure of the Fund,2024-03-31,ytd,0,2024-04-01
2230.5,"Designing, printing, posting... expenses",2024-03-31,month,0,2024-05-03
2230.5,"Designing, printing, posting... expenses",2024-03-31,ytd,0,2024-04-01
2231,Expenses related to execution of Fund’s asset transactions,2024-03-31,month,79497641,2024-05-03
2231,Expenses related to execution of Fund’s asset transactions,2024-03-31,ytd,353052954,2024-04-01
2231,Real Estate Management Service fee (not applicable),2024-03-31,month,0,2024-05-03
2231,Real Estate Management Service fee (not applicable),2024-03-31,ytd,0,2024-04-01
2231.1,Brokerage fee,2024-03-31,month,78451986,2024-05-03
2231.1,Brokerage fee,2024-03-31,ytd,350531299,2024-04-01
2231.2,Clearing settlement fee,2024-03-31,month,1045655,2024-05-03
2231.2,Clearing settlement fee,2024-03-31,ytd,2521655,2024-04-01
2231.3,Other Expenses,2024-03-31,month,0,2024-05-03
2231.3,Other Expenses,2024-03-31,ytd,0,2024-04-01
2232,Other expenses,2024-03-31,month,9538096,2024-05-03
2232,Other expenses,2024-03-31,ytd,40938404,2024-04-01
2232,Real estate valuation service fees (not applicable),2024-03-31,month,0,2024-05-03
2232,Real estate valuation service fees (not applicable),2024-03-31,ytd,0,2024-04-01
2232.1,Set up Expenses,2024-03-31,month,0,2024-05-03
2232.1,Set up Expenses,2024-03-31,ytd,0,2024-04-01
2232.2,"Listing, registration fees",2024-03-31,month,0,2024-05-03
2232.2,"Listing, registration fees",2024-03-31,ytd,0,2024-04-01
2232.3,Annual management fee paid to SSC,2024-03-31,month,635246,2024-05-03
2232.3,Annual management fee paid to SSC,2024-03-31,ytd,1864754,2024-04-01
2232.4,Bank charges,2024-03-31,month,8902850,2024-05-03
2232.4,Bank charges,2024-03-31,ytd,39073650,2024-04-01
2232.5,Borrowing expense,2024-03-31,month,0,2024-05-03
2232.5,Borrowing expense,2024-03-31,ytd,0,2024-04-01
2232.6,Other Expenses,2024-03-31,month,0,2024-05-03
2232.6,Other Expenses,2024-03-31,ytd,0,2024-04-01
2232.7,Fee paid to VSDC for getting the list of investors,2024-03-31,month,0,2024-05-03
2232.7,Fee paid to VSDC for getting the list of investors,2024-03-31,ytd,0,2024-04-01
2233,Net Income from Investment Activities (= I - II),2024-03-31,month,9627486518,2024-05-03
2233,Net Income from Investment Activities (= I - II),2024-03-31,ytd,27907794800,2024-04-01
2234,Gain / (Loss) from Investment Activities,2024-03-31,month,-584246982,2024-05-03
2234,Gain / (Loss) from Investment Activities,2024-03-31,ytd,-1961331335,2024-04-01
2235,Realised Gain / (Loss) from disposal of investment or real estate transfer,2024-03-31,month,-556178547,2024-05-03
2235,Realised Gain / (Loss) from disposal of investment or real estate transfer,2024-03-31,ytd,-1659940234,2024-04-01
2236,Unrealised Gain / (Loss) due to market price,2024-03-31,month,-28068435,2024-05-03
2236,Unrealised Gain / (Loss) due to market price,2024-03-31,ytd,-301391101,2024-04-01
2237,Change of Net Asset Value of the Fund due to investment activities during the period (= III + IV),2024-03-31,month,9043239536,2024-05-03
2237,Change of Net Asset Value of the Fund due to investment activities during the period (= III + IV),2024-03-31,ytd,25946463465,2024-04-01
2238,Net Asset Value at the beginning of period,2024-03-31,month,2248982381258,2024-05-03
2238,Net Asset Value at the beginning of period,2024-03-31,ytd,1579769018172,2024-04-01
2239,"Change of Net Asset Value of the Fund during the period, of which",2024-03-31,month,140715049470,2024-05-03
2239,"Change of Net Asset Value of the Fund during the period, of which",2024-03-31,ytd,809928412556,2024-04-01
2239.1,Change of Net Asset Value due to investment activities during the period,2024-03-31,month,9043239536,2024-05-03
2239.1,Change of Net Asset Value due to investment activities during the period,2024-03-31,ytd,25946463465,2024-04-01
2239.2,Change of Net Asset Value due to  dividends payment to investors during the period,2024-03-31,month,0,2024-05-03
2239.2,Change of Net Asset Value due to  dividends payment to investors during the period,2024-03-31,ytd,0,2024-04-01
2239.3,Change of Net Asset Value due to subscription/redemption during the period,2024-03-31,month,131671809934,2024-05-03
2239.3,Change of Net Asset Value due to subscription/redemption during the period,2024-03-31,ytd,783981949091,2024-04-01
2239.3.1,Change of Net Asset Value due to subscription during the period,2024-03-31,month,965413731968,2024-05-03
2239.3.1,Change of Net Asset Value due to subscription during the period,2024-03-31,ytd,2589451315611,2024-04-01
2239.3.2,Change of Net Asset Value due to redemption during the period,2024-03-31,month,-833741922034,2024-05-03
2239.3.2,Change of Net Asset Value due to redemption during the period,2024-03-31,ytd,-1805469366520,2024-04-01
2243,Net Asset Value at the end of period,2024-03-31,month,2389697430728,2024-05-03
2243,Net Asset Value at the end of period,2024-03-31,ytd,2389697430728,2024-04-01
2244,Average annual profit (only applicable to annual report),2024-03-31,month,0,2024-05-03
2244,Average annual profit (only applicable to annual report),2024-03-31,ytd,0,2024-04-01
2245,Average annual rate of return (only applicable to annual report),2024-03-31,month,0,2024-05-03
2245,Average annual rate of return (only applicable to annual report),2024-03-31,ytd,0,2024-04-01
2220,Income from Investment Activities,2024-04-30,month,11760406512,2024-06-03
2220,Income from Investment Activities,2024-04-30,ytd,47419124062,2024-05-03
2221,"Dividend income, interest income from bonds",2024-04-30,month,6564811555,2024-06-03
2221,"Dividend income, interest income from bonds",2024-04-30,ytd,28276847296,2024-05-03
2221.1,Dividends income,2024-04-30,month,0,2024-06-03
2221.1,Dividends income,2024-04-30,ytd,0,2024-05-03
2221.2,Interest income from bonds,2024-04-30,month,6564811555,2024-06-03
2221.2,Interest income from bonds,2024-04-30,ytd,28276847296,2024-05-03
2222,Interest income,2024-04-30,month,5195594957,2024-06-03
2222,Interest income,2024-04-30,ytd,19142276766,2024-05-03
2222.1,Interest income from bank deposits,2024-04-30,month,2711457970,2024-06-03
2222.1,Interest income from bank deposits,2024-04-30,ytd,10702164437,2024-05-03
2222.2,Interest income from Money market instruments,2024-04-30,month,2484136987,2024-06-03
2222.2,Interest income from Money market instruments,2024-04-30,ytd,8440112329,2024-05-03
2222.3,Interest income from reverse repo contracts,2024-04-30,month,0,2024-06-03
2222.3,Interest income from reverse repo contracts,2024-04-30,ytd,0,2024-05-03
2223,Income from rental property (not applicable),2024-04-30,month,0,2024-06-03
2223,Income from rental property (not applicable),2024-04-30,ytd,0,2024-05-03
2223,Other incomes,2024-04-30,month,0,2024-06-03
2223,Other incomes,2024-04-30,ytd,0,2024-05-03
2223.1,Other investment incomes,2024-04-30,month,0,2024-06-03
2223.1,Other investment incomes,2024-04-30,ytd,0,2024-05-03
2223.2,Other incomes,2024-04-30,month,0,2024-06-03
2223.2,Other incomes,2024-04-30,ytd,0,2024-05-03
2223.3,"Provision expense for bad debts from dividends, interest income and written off bad debts from dividends, interest income",2024-04-30,month,0,2024-06-03
2223.3,"Provision expense for bad debts from dividends, interest income and written off bad debts from dividends, interest income",2024-04-30,ytd,0,2024-05-03
2224,Expenses,2024-04-30,month,2451210724,2024-06-03
2224,Expenses,2024-04-30,ytd,10202133474,2024-05-03
2225,Management Fee paid to Fund Management Company,2024-04-30,month,2150295788,2024-06-03
2225,Management Fee paid to Fund Management Company,2024-04-30,ytd,8660786263,2024-05-03
2226,"Custody fee, Supervising fee paid to Supervising Bank/VSDC",2024-04-30,month,150280431,2024-06-03
2226,"Custody fee, Supervising fee paid to Supervising Bank/VSDC",2024-04-30,ytd,611746548,2024-05-03
2226.1,Custodian service - Safe Custody Fee,2024-04-30,month,89595659,2024-06-03
2226.1,Custodian service - Safe Custody Fee,2024-04-30,ytd,360866094,2024-05-03
2226.2,Custodian service - Transaction fee,2024-04-30,month,0,2024-06-03
2226.2,Custodian service - Transaction fee,2024-04-30,ytd,8250000,2024-05-03
2226.3,"Custodian service -  Depository fee, Position and Margin management fee paid to VSDC",2024-04-30,month,1551639,2024-06-03
2226.3,"Custodian service -  Depository fee, Position and Margin management fee paid to VSDC",2024-04-30,ytd,4458837,2024-05-03
2226.4,Supervisory fee,2024-04-30,month,59133133,2024-06-03
2226.4,Supervisory fee,2024-04-30,ytd,238171617,2024-05-03
2227,"Fund Administration Fee, and other fees paid to relevant Fund's service providers",2024-04-30,month,98506678,2024-06-03
2227,"Fund Administration Fee, and other fees paid to relevant Fund's service providers",2024-04-30,ytd,396212165,2024-05-03
2227.1,Fund Administration Fee,2024-04-30,month,85306678,2024-06-03
2227.1,Fund Administration Fee,2024-04-30,ytd,343412165,2024-05-03
2227.2,Transfer Agency Fee,2024-04-30,month,13200000,2024-06-03
2227.2,Transfer Agency Fee,2024-04-30,ytd,52800000,2024-05-03
2228,Audit fee,2024-04-30,month,11000000,2024-06-03
2228,Audit fee,2024-04-30,ytd,44384195,2024-05-03
2229,"Legal consultancy expenses, price feed fee, other valid expenses, remuneration paid to Fund's Board of Representatives",2024-04-30,month,17763423,2024-06-03
2229,"Legal consultancy expenses, price feed fee, other valid expenses, remuneration paid to Fund's Board of Representatives",2024-04-30,ytd,71648541,2024-05-03
2229.1,Remuneration of Fund's Board of Representatives,2024-04-30,month,6491804,2024-06-03
2229.1,Remuneration of Fund's Board of Representatives,2024-04-30,ytd,25983607,2024-05-03
2229.2,Price feed fee,2024-04-30,month,7747253,2024-06-03
2229.2,Price feed fee,2024-04-30,ytd,31247253,2024-05-03
2229.3,Legal consultancy expenses,2024-04-30,month,3524366,2024-06-03
2229.3,Legal consultancy expenses,2024-04-30,ytd,14417681,2024-05-03
2230,"Fee for drafting, printing, distribution of prospectus, summarised prospectus, financial statements, transaction confirmations, account statements and other documents to investors; information disclosure fee; fee for organising annual general meeting, board of representatives meeting",2024-04-30,month,17010000,2024-06-03
2230,"Fee for drafting, printing, distribution of prospectus, summarised prospectus, financial statements, transaction confirmations, account statements and other documents to investors; information disclosure fee; fee for organising annual general meeting, board of representatives meeting",2024-04-30,ytd,17010000,2024-05-03
2230.1,Meeting expenses,2024-04-30,month,17010000,2024-06-03
2230.1,Meeting expenses,2024-04-30,ytd,17010000,2024-05-03
2230.2,Annual report expenses,2024-04-30,month,0,2024-06-03
2230.2,Annual report expenses,2024-04-30,ytd,0,2024-05-03
2230.3,"Fund's Board of Representatives meeting, travelling expenses",2024-04-30,month,0,2024-06-03
2230.3,"Fund's Board of Representatives meeting, travelling expenses",2024-04-30,ytd,0,2024-05-03
2230.4,Expenses of information disclosure of the Fund,2024-04-30,month,0,2024-06-03
2230.4,Expenses of information disclosure of the Fund,2024-04-30,ytd,0,2024-05-03
2230.5,"Designing, printing, posting... expenses",2024-04-30,month,0,2024-06-03
2230.5,"Designing, printing, posting... expenses",2024-04-30,ytd,0,2024-05-03
2231,Expenses related to execution of Fund’s asset transactions,2024-04-30,month,678000,2024-06-03
2231,Expenses related to execution of Fund’s asset transactions,2024-04-30,ytd,353730954,2024-05-03
2231,Real Estate Management Service fee (not applicable),2024-04-30,month,0,2024-06-03
2231,Real Estate Management Service fee (not applicable),2024-04-30,ytd,0,2024-05-03
2231.1,Brokerage fee,2024-04-30,month,0,2024-06-03
2231.1,Brokerage fee,2024-04-30,ytd,350531299,2024-05-03
2231.2,Clearing settlement fee,2024-04-30,month,678000,2024-06-03
2231.2,Clearing settlement fee,2024-04-30,ytd,3199655,2024-05-03
2231.3,Other Expenses,2024-04-30,month,0,2024-06-03
2231.3,Other Expenses,2024-04-30,ytd,0,2024-05-03
2232,Other expenses,2024-04-30,month,5676404,2024-06-03
2232,Other expenses,2024-04-30,ytd,46614808,2024-05-03
2232,Real estate valuation service fees (not applicable),2024-04-30,month,0,2024-06-03
2232,Real estate valuation service fees (not applicable),2024-04-30,ytd,0,2024-05-03
2232.1,Set up Expenses,2024-04-30,month,0,2024-06-03
2232.1,Set up Expenses,2024-04-30,ytd,0,2024-05-03
2232.2,"Listing, registration fees",2024-04-30,month,0,2024-06-03
2232.2,"Listing, registration fees",2024-04-30,ytd,0,2024-05-03
2232.3,Annual management fee paid to SSC,2024-04-30,month,614754,2024-06-03
2232.3,Annual management fee paid to SSC,2024-04-30,ytd,2479508,2024-05-03
2232.4,Bank charges,2024-04-30,month,3961650,2024-06-03
2232.4,Bank charges,2024-04-30,ytd,43035300,2024-05-03
2232.5,Borrowing expense,2024-04-30,month,0,2024-06-03
2232.5,Borrowing expense,2024-04-30,ytd,0,2024-05-03
2232.6,Other Expenses,2024-04-30,month,0,2024-06-03
2232.6,Other Expenses,2024-04-30,ytd,0,2024-05-03
2232.7,Fee paid to VSDC for getting the list of investors,2024-04-30,month,1100000,2024-06-03
2232.7,Fee paid to VSDC for getting the list of investors,2024-04-30,ytd,1100000,2024-05-03
2233,Net Income from Investment Activities (= I - II),2024-04-30,month,9309195788,2024-06-03
2233,Net Income from Investment Activities (= I - II),2024-04-30,ytd,37216990588,2024-05-03
2234,Gain / (Loss) from Investment Activities,2024-04-30,month,-675490354,2024-06-03
2234,Gain / (Loss) from Investment Activities,2024-04-30,ytd,-2636821689,2024-05-03
2235,Realised Gain / (Loss) from disposal of investment or real estate transfer,2024-04-30,month,-64445068,2024-06-03
2235,Realised Gain / (Loss) from disposal of investment or real estate transfer,2024-04-30,ytd,-1724385302,2024-05-03
2236,Unrealised Gain / (Loss) due to market price,2024-04-30,month,-611045286,2024-06-03
2236,Unrealised Gain / (Loss) due to market price,2024-04-30,ytd,-912436387,2024-05-03
2237,Change of Net Asset Value of the Fund due to investment activities during the period (= III + IV),2024-04-30,month,8633705434,2024-06-03
2237,Change of Net Asset Value of the Fund due to investment activities during the period (= III + IV),2024-04-30,ytd,34580168899,2024-05-03
2238,Net Asset Value at the beginning of period,2024-04-30,month,2389697430728,2024-06-03
2238,Net Asset Value at the beginning of period,2024-04-30,ytd,1579769018172,2024-05-03
2239,"Change of Net Asset Value of the Fund during the period, of which",2024-04-30,month,-320407313336,2024-06-03
2239,"Change of Net Asset Value of the Fund during the period, of which",2024-04-30,ytd,489521099220,2024-05-03
2239.1,Change of Net Asset Value due to investment activities during the period,2024-04-30,month,8633705434,2024-06-03
2239.1,Change of Net Asset Value due to investment activities during the period,2024-04-30,ytd,34580168899,2024-05-03
2239.2,Change of Net Asset Value due to  dividends payment to investors during the period,2024-04-30,month,0,2024-06-03
2239.2,Change of Net Asset Value due to  dividends payment to investors during the period,2024-04-30,ytd,0,2024-05-03
2239.3,Change of Net Asset Value due to subscription/redemption during the period,2024-04-30,month,-329041018770,2024-06-03
2239.3,Change of Net Asset Value due to subscription/redemption during the period,2024-04-30,ytd,454940930321,2024-05-03
2239.3.1,Change of Net Asset Value due to subscription during the period,2024-04-30,month,659293970316,2024-06-03
2239.3.1,Change of Net Asset Value due to subscription during the period,2024-04-30,ytd,3248745285927,2024-05-03
2239.3.2,Change of Net Asset Value due to redemption during the period,2024-04-30,month,-988334989086,2024-06-03
2239.3.2,Change of Net Asset Value due to redemption during the period,2024-04-30,ytd,-2793804355606,2024-05-03
2243,Net Asset Value at the end of period,2024-04-30,month,2069290117392,2024-06-03
2243,Net Asset Value at the end of period,2024-04-30,ytd,2069290117392,2024-05-03
2244,Average annual profit (only applicable to annual report),2024-04-30,month,0,2024-06-03
2244,Average annual profit (only applicable to annual report),2024-04-30,ytd,0,2024-05-03
2245,Average annual rate of return (only applicable to annual report),2024-04-30,month,0,2024-06-03
2245,Average annual rate of return (only applicable to annual report),2024-04-30,ytd,0,2024-05-03
2220,Income from Investment Activities,2024-05-31,month,11989944783,2024-07-01
2220,Income from Investment Activities,2024-05-31,ytd,59409068845,2024-06-03
2221,"Dividend income, interest income from bonds",2024-05-31,month,6953537573,2024-07-01
2221,"Dividend income, interest income from bonds",2024-05-31,ytd,35230384869,2024-06-03
2221.1,Dividends income,2024-05-31,month,0,2024-07-01
2221.1,Dividends income,2024-05-31,ytd,0,2024-06-03
2221.2,Interest income from bonds,2024-05-31,month,6953537573,2024-07-01
2221.2,Interest income from bonds,2024-05-31,ytd,35230384869,2024-06-03
2222,Interest income,2024-05-31,month,5036407210,2024-07-01
2222,Interest income,2024-05-31,ytd,24178683976,2024-06-03
2222.1,Interest income from bank deposits,2024-05-31,month,2206530499,2024-07-01
2222.1,Interest income from bank deposits,2024-05-31,ytd,12908694936,2024-06-03
2222.2,Interest income from Money market instruments,2024-05-31,month,2829876711,2024-07-01
2222.2,Interest income from Money market instruments,2024-05-31,ytd,11269989040,2024-06-03
2222.3,Interest income from reverse repo contracts,2024-05-31,month,0,2024-07-01
2222.3,Interest income from reverse repo contracts,2024-05-31,ytd,0,2024-06-03
2223,Income from rental property (not applicable),2024-05-31,month,0,2024-07-01
2223,Income from rental property (not applicable),2024-05-31,ytd,0,2024-06-03
2223,Other incomes,2024-05-31,month,0,2024-07-01
2223,Other incomes,2024-05-31,ytd,0,2024-06-03
2223.1,Other investment incomes,2024-05-31,month,0,2024-07-01
2223.1,Other investment incomes,2024-05-31,ytd,0,2024-06-03
2223.2,Other incomes,2024-05-31,month,0,2024-07-01
2223.2,Other incomes,2024-05-31,ytd,0,2024-06-03
2223.3,"Provision expense for bad debts from dividends, interest income and written off bad debts from dividends, interest income",2024-05-31,month,0,2024-07-01
2223.3,"Provision expense for bad debts from dividends, interest income and written off bad debts from dividends, interest income",2024-05-31,ytd,0,2024-06-03
2224,Expenses,2024-05-31,month,2327277800,2024-07-01
2224,Expenses,2024-05-31,ytd,12529411274,2024-06-03
2225,Management Fee paid to Fund Management Company,2024-05-31,month,2026587329,2024-07-01
2225,Management Fee paid to Fund Management Company,2024-05-31,ytd,10687373592,2024-06-03
2226,"Custody fee, Supervising fee paid to Supervising Bank/VSDC",2024-05-31,month,142198034,2024-07-01
2226,"Custody fee, Supervising fee paid to Supervising Bank/VSDC",2024-05-31,ytd,753944582,2024-06-03
2226.1,Custodian service - Safe Custody Fee,2024-05-31,month,84441139,2024-07-01
2226.1,Custodian service - Safe Custody Fee,2024-05-31,ytd,445307233,2024-06-03
2226.2,Custodian service - Transaction fee,2024-05-31,month,750000,2024-07-01
2226.2,Custodian service - Transaction fee,2024-05-31,ytd,9000000,2024-06-03
2226.3,"Custodian service -  Depository fee, Position and Margin management fee paid to VSDC",2024-05-31,month,1275744,2024-07-01
2226.3,"Custodian service -  Depository fee, Position and Margin management fee paid to VSDC",2024-05-31,ytd,5734581,2024-06-03
2226.4,Supervisory fee,2024-05-31,month,55731151,2024-07-01
2226.4,Supervisory fee,2024-05-31,ytd,293902768,2024-06-03
2227,"Fund Administration Fee, and other fees paid to relevant Fund's service providers",2024-05-31,month,93970702,2024-07-01
2227,"Fund Administration Fee, and other fees paid to relevant Fund's service providers",2024-05-31,ytd,490182867,2024-06-03
2227.1,Fund Administration Fee,2024-05-31,month,80770702,2024-07-01
2227.1,Fund Administration Fee,2024-05-31,ytd,424182867,2024-06-03
2227.2,Transfer Agency Fee,2024-05-31,month,13200000,2024-07-01
2227.2,Transfer Agency Fee,2024-05-31,ytd,66000000,2024-06-03
2228,Audit fee,2024-05-31,month,11366666,2024-07-01
2228,Audit fee,2024-05-31,ytd,55750861,2024-06-03
2229,"Legal consultancy expenses, price feed fee, other valid expenses, remuneration paid to Fund's Board of Representatives",2024-05-31,month,18155535,2024-07-01
2229,"Legal consultancy expenses, price feed fee, other valid expenses, remuneration paid to Fund's Board of Representatives",2024-05-31,ytd,89804076,2024-06-03
2229.1,Remuneration of Fund's Board of Representatives,2024-05-31,month,6508196,2024-07-01
2229.1,Remuneration of Fund's Board of Representatives,2024-05-31,ytd,32491803,2024-06-03
2229.2,Price feed fee,2024-05-31,month,8005494,2024-07-01
2229.2,Price feed fee,2024-05-31,ytd,39252747,2024-06-03
2229.3,Legal consultancy expenses,2024-05-31,month,3641845,2024-07-01
2229.3,Legal consultancy expenses,2024-05-31,ytd,18059526,2024-06-03
2230,"Fee for drafting, printing, distribution of prospectus, summarised prospectus, financial statements, transaction confirmations, account statements and other documents to investors; information disclosure fee; fee for organising annual general meeting, board of representatives meeting",2024-05-31,month,17010000,2024-07-01
2230,"Fee for drafting, printing, distribution of prospectus, summarised prospectus, financial statements, transaction confirmations, account statements and other documents to investors; information disclosure fee; fee for organising annual general meeting, board of representatives meeting",2024-05-31,ytd,34020000,2024-06-03
2230.1,Meeting expenses,2024-05-31,month,17010000,2024-07-01
2230.1,Meeting expenses,2024-05-31,ytd,34020000,2024-06-03
2230.2,Annual report expenses,2024-05-31,month,0,2024-07-01
2230.2,Annual report expenses,2024-05-31,ytd,0,2024-06-03
2230.3,"Fund's Board of Representatives meeting, travelling expenses",2024-05-31,month,0,2024-07-01
2230.3,"Fund's Board of Representatives meeting, travelling expenses",2024-05-31,ytd,0,2024-06-03
2230.4,Expenses of information disclosure of the Fund,2024-05-31,month,0,2024-07-01
2230.4,Expenses of information disclosure of the Fund,2024-05-31,ytd,0,2024-06-03
2230.5,"Designing, printing, posting... expenses",2024-05-31,month,0,2024-07-01
2230.5,"Designing, printing, posting... expenses",2024-05-31,ytd,0,2024-06-03
2231,Expenses related to execution of Fund’s asset transactions,2024-05-31,month,11415938,2024-07-01
2231,Expenses related to execution of Fund’s asset transactions,2024-05-31,ytd,365146892,2024-06-03
2231,Real Estate Management Service fee (not applicable),2024-05-31,month,0,2024-07-01
2231,Real Estate Management Service fee (not applicable),2024-05-31,ytd,0,2024-06-03
2231.1,Brokerage fee,2024-05-31,month,11415938,2024-07-01
2231.1,Brokerage fee,2024-05-31,ytd,361947237,2024-06-03
2231.2,Clearing settlement fee,2024-05-31,month,0,2024-07-01
2231.2,Clearing settlement fee,2024-05-31,ytd,3199655,2024-06-03
2231.3,Other Expenses,2024-05-31,month,0,2024-07-01
2231.3,Other Expenses,2024-05-31,ytd,0,2024-06-03
2232,Other expenses,2024-05-31,month,6573596,2024-07-01
2232,Other expenses,2024-05-31,ytd,53188404,2024-06-03
2232,Real estate valuation service fees (not applicable),2024-05-31,month,0,2024-07-01
2232,Real estate valuation service fees (not applicable),2024-05-31,ytd,0,2024-06-03
2232.1,Set up Expenses,2024-05-31,month,0,2024-07-01
2232.1,Set up Expenses,2024-05-31,ytd,0,2024-06-03
2232.2,"Listing, registration fees",2024-05-31,month,0,2024-07-01
2232.2,"Listing, registration fees",2024-05-31,ytd,0,2024-06-03
2232.3,Annual management fee paid to SSC,2024-05-31,month,635246,2024-07-01
2232.3,Annual management fee paid to SSC,2024-05-31,ytd,3114754,2024-06-03
2232.4,Bank charges,2024-05-31,month,5938350,2024-07-01
2232.4,Bank charges,2024-05-31,ytd,48973650,2024-06-03
2232.5,Borrowing expense,2024-05-31,month,0,2024-07-01
2232.5,Borrowing expense,2024-05-31,ytd,0,2024-06-03
2232.6,Other Expenses,2024-05-31,month,0,2024-07-01
2232.6,Other Expenses,2024-05-31,ytd,0,2024-06-03
2232.7,Fee paid to VSDC for getting the list of investors,2024-05-31,month,0,2024-07-01
2232.7,Fee paid to VSDC for getting the list of investors,2024-05-31,ytd,1100000,2024-06-03
2233,Net Income from Investment Activities (= I - II),2024-05-31,month,9662666983,2024-07-01
2233,Net Income from Investment Activities (= I - II),2024-05-31,ytd,46879657571,2024-06-03
2234,Gain / (Loss) from Investment Activities,2024-05-31,month,-1124397252,2024-07-01
2234,Gain / (Loss) from Investment Activities,2024-05-31,ytd,-3761218941,2024-06-03
2235,Realised Gain / (Loss) from disposal of investment or real estate transfer,2024-05-31,month,138772727,2024-07-01
2235,Realised Gain / (Loss) from disposal of investment or real estate transfer,2024-05-31,ytd,-1585612575,2024-06-03
2236,Unrealised Gain / (Loss) due to market price,2024-05-31,month,-1263169979,2024-07-01
2236,Unrealised Gain / (Loss) due to market price,2024-05-31,ytd,-2175606366,2024-06-03
2237,Change of Net Asset Value of the Fund due to investment activities during the period (= III + IV),2024-05-31,month,8538269731,2024-07-01
2237,Change of Net Asset Value of the Fund due to investment activities during the period (= III + IV),2024-05-31,ytd,43118438630,2024-06-03
2238,Net Asset Value at the beginning of period,2024-05-31,month,2069290117392,2024-07-01
2238,Net Asset Value at the beginning of period,2024-05-31,ytd,1579769018172,2024-06-03
2239,"Change of Net Asset Value of the Fund during the period, of which",2024-05-31,month,-213495899348,2024-07-01
2239,"Change of Net Asset Value of the Fund during the period, of which",2024-05-31,ytd,276025199872,2024-06-03
2239.1,Change of Net Asset Value due to investment activities during the period,2024-05-31,month,8538269731,2024-07-01
2239.1,Change of Net Asset Value due to investment activities during the period,2024-05-31,ytd,43118438630,2024-06-03
2239.2,Change of Net Asset Value due to  dividends payment to investors during the period,2024-05-31,month,0,2024-07-01
2239.2,Change of Net Asset Value due to  dividends payment to investors during the period,2024-05-31,ytd,0,2024-06-03
2239.3,Change of Net Asset Value due to subscription/redemption during the period,2024-05-31,month,-222034169079,2024-07-01
2239.3,Change of Net Asset Value due to subscription/redemption during the period,2024-05-31,ytd,232906761242,2024-06-03
2239.3.1,Change of Net Asset Value due to subscription during the period,2024-05-31,month,586826705338,2024-07-01
2239.3.1,Change of Net Asset Value due to subscription during the period,2024-05-31,ytd,3835571991265,2024-06-03
2239.3.2,Change of Net Asset Value due to redemption during the period,2024-05-31,month,-808860874417,2024-07-01
2239.3.2,Change of Net Asset Value due to redemption during the period,2024-05-31,ytd,-3602665230023,2024-06-03
2243,Net Asset Value at the end of period,2024-05-31,month,1855794218044,2024-07-01
2243,Net Asset Value at the end of period,2024-05-31,ytd,1855794218044,2024-06-03
2244,Average annual profit (only applicable to annual report),2024-05-31,month,0,2024-07-01
2244,Average annual profit (only applicable to annual report),2024-05-31,ytd,0,2024-06-03
2245,Average annual rate of return (only applicable to annual report),2024-05-31,month,0,2024-07-01
2245,Average annual rate of return (only applicable to annual report),2024-05-31,ytd,0,2024-06-03
2220,Income from Investment Activities,2024-06-30,month,10653419659,2024-08-01
2220,Income from Investment Activities,2024-06-30,ytd,70062488504,2024-07-01
2221,"Dividend income, interest income from bonds",2024-06-30,month,6443011705,2024-08-01
2221,"Dividend income, interest income from bonds",2024-06-30,ytd,41673396574,2024-07-01
2221.1,Dividends income,2024-06-30,month,0,2024-08-01
2221.1,Dividends income,2024-06-30,ytd,0,2024-07-01
2221.2,Interest income from bonds,2024-06-30,month,6443011705,2024-08-01
2221.2,Interest income from bonds,2024-06-30,ytd,41673396574,2024-07-01
2222,Interest income,2024-06-30,month,4210407954,2024-08-01
2222,Interest income,2024-06-30,ytd,28389091930,2024-07-01
2222.1,Interest income from bank deposits,2024-06-30,month,1756681927,2024-08-01
2222.1,Interest income from bank deposits,2024-06-30,ytd,14665376863,2024-07-01
2222.2,Interest income from Money market instruments,2024-06-30,month,2453726027,2024-08-01
2222.2,Interest income from Money market instruments,2024-06-30,ytd,13723715067,2024-07-01
2222.3,Interest income from reverse repo contracts,2024-06-30,month,0,2024-08-01
2222.3,Interest income from reverse repo contracts,2024-06-30,ytd,0,2024-07-01
2223,Income from rental property (not applicable),2024-06-30,month,0,2024-08-01
2223,Income from rental property (not applicable),2024-06-30,ytd,0,2024-07-01
2223,Other incomes,2024-06-30,month,0,2024-08-01
2223,Other incomes,2024-06-30,ytd,0,2024-07-01
2223.1,Other investment incomes,2024-06-30,month,0,2024-08-01
2223.1,Other investment incomes,2024-06-30,ytd,0,2024-07-01
2223.2,Other incomes,2024-06-30,month,0,2024-08-01
2223.2,Other incomes,2024-06-30,ytd,0,2024-07-01
2223.3,"Provision expense for bad debts from dividends, interest income and written off bad debts from dividends, interest income",2024-06-30,month,0,2024-08-01
2223.3,"Provision expense for bad debts from dividends, interest income and written off bad debts from dividends, interest income",2024-06-30,ytd,0,2024-07-01
2224,Expenses,2024-06-30,month,2041392548,2024-08-01
2224,Expenses,2024-06-30,ytd,14570803822,2024-07-01
2225,Management Fee paid to Fund Management Company,2024-06-30,month,1710301862,2024-08-01
2225,Management Fee paid to Fund Management Company,2024-06-30,ytd,12397675454,2024-07-01
2226,"Custody fee, Supervising fee paid to Supervising Bank/VSDC",2024-06-30,month,120858887,2024-08-01
2226,"Custody fee, Supervising fee paid to Supervising Bank/VSDC",2024-06-30,ytd,874803469,2024-07-01
2226.1,Custodian service - Safe Custody Fee,2024-06-30,month,71262578,2024-08-01
2226.1,Custodian service - Safe Custody Fee,2024-06-30,ytd,516569811,2024-07-01
2226.2,Custodian service - Transaction fee,2024-06-30,month,1350000,2024-08-01
2226.2,Custodian service - Transaction fee,2024-06-30,ytd,10350000,2024-07-01
2226.3,"Custodian service -  Depository fee, Position and Margin management fee paid to VSDC",2024-06-30,month,1213010,2024-08-01
2226.3,"Custodian service -  Depository fee, Position and Margin management fee paid to VSDC",2024-06-30,ytd,6947591,2024-07-01
2226.4,Supervisory fee,2024-06-30,month,47033299,2024-08-01
2226.4,Supervisory fee,2024-06-30,ytd,340936067,2024-07-01
2227,"Fund Administration Fee, and other fees paid to relevant Fund's service providers",2024-06-30,month,82373568,2024-08-01
2227,"Fund Administration Fee, and other fees paid to relevant Fund's service providers",2024-06-30,ytd,572556435,2024-07-01
2227.1,Fund Administration Fee,2024-06-30,month,69173568,2024-08-01
2227.1,Fund Administration Fee,2024-06-30,ytd,493356435,2024-07-01
2227.2,Transfer Agency Fee,2024-06-30,month,13200000,2024-08-01
2227.2,Transfer Agency Fee,2024-06-30,ytd,79200000,2024-07-01
2228,Audit fee,2024-06-30,month,11000000,2024-08-01
2228,Audit fee,2024-06-30,ytd,66750861,2024-07-01
2229,"Legal consultancy expenses, price feed fee, other valid expenses, remuneration paid to Fund's Board of Representatives",2024-06-30,month,17763422,2024-08-01
2229,"Legal consultancy expenses, price feed fee, other valid expenses, remuneration paid to Fund's Board of Representatives",2024-06-30,ytd,107567498,2024-07-01
2229.1,Remuneration of Fund's Board of Representatives,2024-06-30,month,6491804,2024-08-01
2229.1,Remuneration of Fund's Board of Representatives,2024-06-30,ytd,38983607,2024-07-01
2229.2,Price feed fee,2024-06-30,month,7747253,2024-08-01
2229.2,Price feed fee,2024-06-30,ytd,47000000,2024-07-01
2229.3,Legal consultancy expenses,2024-06-30,month,3524365,2024-08-01
2229.3,Legal consultancy expenses,2024-06-30,ytd,21583891,2024-07-01
2230,"Fee for drafting, printing, distribution of prospectus, summarised prospectus, financial statements, transaction confirmations, account statements and other documents to investors; information disclosure fee; fee for organising annual general meeting, board of representatives meeting",2024-06-30,month,19120170,2024-08-01
2230,"Fee for drafting, printing, distribution of prospectus, summarised prospectus, financial statements, transaction confirmations, account statements and other documents to investors; information disclosure fee; fee for organising annual general meeting, board of representatives meeting",2024-06-30,ytd,53140170,2024-07-01
2230.1,Meeting expenses,2024-06-30,month,19120170,2024-08-01
2230.1,Meeting expenses,2024-06-30,ytd,53140170,2024-07-01
2230.2,Annual report expenses,2024-06-30,month,0,2024-08-01
2230.2,Annual report expenses,2024-06-30,ytd,0,2024-07-01
2230.3,"Fund's Board of Representatives meeting, travelling expenses",2024-06-30,month,0,2024-08-01
2230.3,"Fund's Board of Representatives meeting, travelling expenses",2024-06-30,ytd,0,2024-07-01
2230.4,Expenses of information disclosure of the Fund,2024-06-30,month,0,2024-08-01
2230.4,Expenses of information disclosure of the Fund,2024-06-30,ytd,0,2024-07-01
2230.5,"Designing, printing, posting... expenses",2024-06-30,month,0,2024-08-01
2230.5,"Designing, printing, posting... expenses",2024-06-30,ytd,0,2024-07-01
2231,Expenses related to execution of Fund’s asset transactions,2024-06-30,month,74925235,2024-08-01
2231,Expenses related to execution of Fund’s asset transactions,2024-06-30,ytd,440072127,2024-07-01
2231,Real Estate Management Service fee (not applicable),2024-06-30,month,0,2024-08-01
2231,Real Estate Management Service fee (not applicable),2024-06-30,ytd,0,2024-07-01
2231.1,Brokerage fee,2024-06-30,month,74760235,2024-08-01
2231.1,Brokerage fee,2024-06-30,ytd,436707472,2024-07-01
2231.2,Clearing settlement fee,2024-06-30,month,165000,2024-08-01
2231.2,Clearing settlement fee,2024-06-30,ytd,3364655,2024-07-01
2231.3,Other Expenses,2024-06-30,month,0,2024-08-01
2231.3,Other Expenses,2024-06-30,ytd,0,2024-07-01
2232,Other expenses,2024-06-30,month,5049404,2024-08-01
2232,Other expenses,2024-06-30,ytd,58237808,2024-07-01
2232,Real estate valuation service fees (not applicable),2024-06-30,month,0,2024-08-01
2232,Real estate valuation service fees (not applicable),2024-06-30,ytd,0,2024-07-01
2232.1,Set up Expenses,2024-06-30,month,0,2024-08-01
2232.1,Set up Expenses,2024-06-30,ytd,0,2024-07-01
2232.2,"Listing, registration fees",2024-06-30,month,0,2024-08-01
2232.2,"Listing, registration fees",2024-06-30,ytd,0,2024-07-01
2232.3,Annual management fee paid to SSC,2024-06-30,month,614754,2024-08-01
2232.3,Annual management fee paid to SSC,2024-06-30,ytd,3729508,2024-07-01
2232.4,Bank charges,2024-06-30,month,4434650,2024-08-01
2232.4,Bank charges,2024-06-30,ytd,53408300,2024-07-01
2232.5,Borrowing expense,2024-06-30,month,0,2024-08-01
2232.5,Borrowing expense,2024-06-30,ytd,0,2024-07-01
2232.6,Other Expenses,2024-06-30,month,0,2024-08-01
2232.6,Other Expenses,2024-06-30,ytd,0,2024-07-01
2232.7,Fee paid to VSDC for getting the list of investors,2024-06-30,month,0,2024-08-01
2232.7,Fee paid to VSDC for getting the list of investors,2024-06-30,ytd,1100000,2024-07-01
2233,Net Income from Investment Activities (= I - II),2024-06-30,month,8612027111,2024-08-01
2233,Net Income from Investment Activities (= I - II),2024-06-30,ytd,55491684682,2024-07-01
2234,Gain / (Loss) from Investment Activities,2024-06-30,month,3341045749,2024-08-01
2234,Gain / (Loss) from Investment Activities,2024-06-30,ytd,-420173192,2024-07-01
2235,Realised Gain / (Loss) from disposal of investment or real estate transfer,2024-06-30,month,705599847,2024-08-01
2235,Realised Gain / (Loss) from disposal of investment or real estate transfer,2024-06-30,ytd,-880012728,2024-07-01
2236,Unrealised Gain / (Loss) due to market price,2024-06-30,month,2635445902,2024-08-01
2236,Unrealised Gain / (Loss) due to market price,2024-06-30,ytd,459839536,2024-07-01
2237,Change of Net Asset Value of the Fund due to investment activities during the period (= III + IV),2024-06-30,month,11953072860,2024-08-01
2237,Change of Net Asset Value of the Fund due to investment activities during the period (= III + IV),2024-06-30,ytd,55071511490,2024-07-01
2238,Net Asset Value at the beginning of period,2024-06-30,month,1855794218044,2024-08-01
2238,Net Asset Value at the beginning of period,2024-06-30,ytd,1579769018172,2024-07-01
2239,"Change of Net Asset Value of the Fund during the period, of which",2024-06-30,month,-187097523731,2024-08-01
2239,"Change of Net Asset Value of the Fund during the period, of which",2024-06-30,ytd,88927676141,2024-07-01
2239.1,Change of Net Asset Value due to investment activities during the period,2024-06-30,month,11953072860,2024-08-01
2239.1,Change of Net Asset Value due to investment activities during the period,2024-06-30,ytd,55071511490,2024-07-01
2239.2,Change of Net Asset Value due to  dividends payment to investors during the period,2024-06-30,month,0,2024-08-01
2239.2,Change of Net Asset Value due to  dividends payment to investors during the period,2024-06-30,ytd,0,2024-07-01
2239.3,Change of Net Asset Value due to subscription/redemption during the period,2024-06-30,month,-199050596591,2024-08-01
2239.3,Change of Net Asset Value due to subscription/redemption during the period,2024-06-30,ytd,33856164651,2024-07-01
2239.3.1,Change of Net Asset Value due to subscription during the period,2024-06-30,month,497317058067,2024-08-01
2239.3.1,Change of Net Asset Value due to subscription during the period,2024-06-30,ytd,4332889049332,2024-07-01
2239.3.2,Change of Net Asset Value due to redemption during the period,2024-06-30,month,-696367654658,2024-08-01
2239.3.2,Change of Net Asset Value due to redemption during the period,2024-06-30,ytd,-4299032884681,2024-07-01
2243,Net Asset Value at the end of period,2024-06-30,month,1668696694313,2024-08-01
2243,Net Asset Value at the end of period,2024-06-30,ytd,1668696694313,2024-07-01
2244,Average annual profit (only applicable to annual report),2024-06-30,month,0,2024-08-01
2244,Average annual profit (only applicable to annual report),2024-06-30,ytd,0,2024-07-01
2245,Average annual rate of return (only applicable to annual report),2024-06-30,month,0,2024-08-01
2245,Average annual rate of return (only applicable to annual report),2024-06-30,ytd,0,2024-07-01
2220,Income from Investment Activities,2024-07-31,month,10102039900,2024-09-04
2220,Income from Investment Activities,2024-07-31,ytd,80164528404,2024-08-01
2221,"Dividend income, interest income from bonds",2024-07-31,month,5238302054,2024-09-04
2221,"Dividend income, interest income from bonds",2024-07-31,ytd,46911698628,2024-08-01
2221.1,Dividends income,2024-07-31,month,0,2024-09-04
2221.1,Dividends income,2024-07-31,ytd,0,2024-08-01
2221.2,Interest income from bonds,2024-07-31,month,5238302054,2024-09-04
2221.2,Interest income from bonds,2024-07-31,ytd,46911698628,2024-08-01
2222,Interest income,2024-07-31,month,4863737846,2024-09-04
2222,Interest income,2024-07-31,ytd,33252829776,2024-08-01
2222.1,Interest income from bank deposits,2024-07-31,month,2593518667,2024-09-04
2222.1,Interest income from bank deposits,2024-07-31,ytd,17258895530,2024-08-01
2222.2,Interest income from Money market instruments,2024-07-31,month,2270219179,2024-09-04
2222.2,Interest income from Money market instruments,2024-07-31,ytd,15993934246,2024-08-01
2222.3,Interest income from reverse repo contracts,2024-07-31,month,0,2024-09-04
2222.3,Interest income from reverse repo contracts,2024-07-31,ytd,0,2024-08-01
2223,Income from rental property (not applicable),2024-07-31,month,0,2024-09-04
2223,Income from rental property (not applicable),2024-07-31,ytd,0,2024-08-01
2223,Other incomes,2024-07-31,month,0,2024-09-04
2223,Other incomes,2024-07-31,ytd,0,2024-08-01
2223.1,Other investment incomes,2024-07-31,month,0,2024-09-04
2223.1,Other investment incomes,2024-07-31,ytd,0,2024-08-01
2223.2,Other incomes,2024-07-31,month,0,2024-09-04
2223.2,Other incomes,2024-07-31,ytd,0,2024-08-01
2223.3,"Provision expense for bad debts from dividends, interest income and written off bad debts from dividends, interest income",2024-07-31,month,0,2024-09-04
2223.3,"Provision expense for bad debts from dividends, interest income and written off bad debts from dividends, interest income",2024-07-31,ytd,0,2024-08-01
2224,Expenses,2024-07-31,month,2131543129,2024-09-04
2224,Expenses,2024-07-31,ytd,16702346951,2024-08-01
2225,Management Fee paid to Fund Management Company,2024-07-31,month,1748262205,2024-09-04
2225,Management Fee paid to Fund Management Company,2024-07-31,ytd,14145937659,2024-08-01
2226,"Custody fee, Supervising fee paid to Supervising Bank/VSDC",2024-07-31,month,127392315,2024-09-04
2226,"Custody fee, Supervising fee paid to Supervising Bank/VSDC",2024-07-31,ytd,1002195784,2024-08-01
2226.1,Custodian service - Safe Custody Fee,2024-07-31,month,72844260,2024-09-04
2226.1,Custodian service - Safe Custody Fee,2024-07-31,ytd,589414071,2024-08-01
2226.2,Custodian service - Transaction fee,2024-07-31,month,5200000,2024-09-04
2226.2,Custodian service - Transaction fee,2024-07-31,ytd,15550000,2024-08-01
2226.3,"Custodian service -  Depository fee, Position and Margin management fee paid to VSDC",2024-07-31,month,1270843,2024-09-04
2226.3,"Custodian service -  Depository fee, Position and Margin management fee paid to VSDC",2024-07-31,ytd,8218434,2024-08-01
2226.4,Supervisory fee,2024-07-31,month,48077212,2024-09-04
2226.4,Supervisory fee,2024-07-31,ytd,389013279,2024-08-01
2227,"Fund Administration Fee, and other fees paid to relevant Fund's service providers",2024-07-31,month,83765447,2024-09-04
2227,"Fund Administration Fee, and other fees paid to relevant Fund's service providers",2024-07-31,ytd,656321882,2024-08-01
2227.1,Fund Administration Fee,2024-07-31,month,70565447,2024-09-04
2227.1,Fund Administration Fee,2024-07-31,ytd,563921882,2024-08-01
2227.2,Transfer Agency Fee,2024-07-31,month,13200000,2024-09-04
2227.2,Transfer Agency Fee,2024-07-31,ytd,92400000,2024-08-01
2228,Audit fee,2024-07-31,month,11366667,2024-09-04
2228,Audit fee,2024-07-31,ytd,78117528,2024-08-01
2229,"Legal consultancy expenses, price feed fee, other valid expenses, remuneration paid to Fund's Board of Representatives",2024-07-31,month,18068519,2024-09-04
2229,"Legal consultancy expenses, price feed fee, other valid expenses, remuneration paid to Fund's Board of Representatives",2024-07-31,ytd,125636017,2024-08-01
2229.1,Remuneration of Fund's Board of Representatives,2024-07-31,month,6508196,2024-09-04
2229.1,Remuneration of Fund's Board of Representatives,2024-07-31,ytd,45491803,2024-08-01
2229.2,Price feed fee,2024-07-31,month,7918478,2024-09-04
2229.2,Price feed fee,2024-07-31,ytd,54918478,2024-08-01
2229.3,Legal consultancy expenses,2024-07-31,month,3641845,2024-09-04
2229.3,Legal consultancy expenses,2024-07-31,ytd,25225736,2024-08-01
2230,"Fee for drafting, printing, distribution of prospectus, summarised prospectus, financial statements, transaction confirmations, account statements and other documents to investors; information disclosure fee; fee for organising annual general meeting, board of representatives meeting",2024-07-31,month,20152131,2024-09-04
2230,"Fee for drafting, printing, distribution of prospectus, summarised prospectus, financial statements, transaction confirmations, account statements and other documents to investors; information disclosure fee; fee for organising annual general meeting, board of representatives meeting",2024-07-31,ytd,73292301,2024-08-01
2230.1,Meeting expenses,2024-07-31,month,20152131,2024-09-04
2230.1,Meeting expenses,2024-07-31,ytd,73292301,2024-08-01
2230.2,Annual report expenses,2024-07-31,month,0,2024-09-04
2230.2,Annual report expenses,2024-07-31,ytd,0,2024-08-01
2230.3,"Fund's Board of Representatives meeting, travelling expenses",2024-07-31,month,0,2024-09-04
2230.3,"Fund's Board of Representatives meeting, travelling expenses",2024-07-31,ytd,0,2024-08-01
2230.4,Expenses of information disclosure of the Fund,2024-07-31,month,0,2024-09-04
2230.4,Expenses of information disclosure of the Fund,2024-07-31,ytd,0,2024-08-01
2230.5,"Designing, printing, posting... expenses",2024-07-31,month,0,2024-09-04
2230.5,"Designing, printing, posting... expenses",2024-07-31,ytd,0,2024-08-01
2231,Expenses related to execution of Fund’s asset transactions,2024-07-31,month,112865749,2024-09-04
2231,Expenses related to execution of Fund’s asset transactions,2024-07-31,ytd,552937876,2024-08-01
2231,Real Estate Management Service fee (not applicable),2024-07-31,month,0,2024-09-04
2231,Real Estate Management Service fee (not applicable),2024-07-31,ytd,0,2024-08-01
2231.1,Brokerage fee,2024-07-31,month,112625738,2024-09-04
2231.1,Brokerage fee,2024-07-31,ytd,549333210,2024-08-01
2231.2,Clearing settlement fee,2024-07-31,month,240011,2024-09-04
2231.2,Clearing settlement fee,2024-07-31,ytd,3604666,2024-08-01
2231.3,Other Expenses,2024-07-31,month,0,2024-09-04
2231.3,Other Expenses,2024-07-31,ytd,0,2024-08-01
2232,Other expenses,2024-07-31,month,9670096,2024-09-04
2232,Other expenses,2024-07-31,ytd,67907904,2024-08-01
2232,Real estate valuation service fees (not applicable),2024-07-31,month,0,2024-09-04
2232,Real estate valuation service fees (not applicable),2024-07-31,ytd,0,2024-08-01
2232.1,Set up Expenses,2024-07-31,month,0,2024-09-04
2232.1,Set up Expenses,2024-07-31,ytd,0,2024-08-01
2232.2,"Listing, registration fees",2024-07-31,month,0,2024-09-04
2232.2,"Listing, registration fees",2024-07-31,ytd,0,2024-08-01
2232.3,Annual management fee paid to SSC,2024-07-31,month,635246,2024-09-04
2232.3,Annual management fee paid to SSC,2024-07-31,ytd,4364754,2024-08-01
2232.4,Bank charges,2024-07-31,month,8303350,2024-09-04
2232.4,Bank charges,2024-07-31,ytd,62443150,2024-08-01
2232.5,Borrowing expense,2024-07-31,month,0,2024-09-04
2232.5,Borrowing expense,2024-07-31,ytd,0,2024-08-01
2232.6,Other Expenses,2024-07-31,month,731500,2024-09-04
2232.6,Other Expenses,2024-07-31,ytd,0,2024-08-01
2232.7,Fee paid to VSDC for getting the list of investors,2024-07-31,month,0,2024-09-04
2232.7,Fee paid to VSDC for getting the list of investors,2024-07-31,ytd,1100000,2024-08-01
2233,Net Income from Investment Activities (= I - II),2024-07-31,month,7970496771,2024-09-04
2233,Net Income from Investment Activities (= I - II),2024-07-31,ytd,63462181453,2024-08-01
2234,Gain / (Loss) from Investment Activities,2024-07-31,month,-2169699393,2024-09-04
2234,Gain / (Loss) from Investment Activities,2024-07-31,ytd,-2589872585,2024-08-01
2235,Realised Gain / (Loss) from disposal of investment or real estate transfer,2024-07-31,month,-3013135029,2024-09-04
2235,Realised Gain / (Loss) from disposal of investment or real estate transfer,2024-07-31,ytd,-3893147757,2024-08-01
2236,Unrealised Gain / (Loss) due to market price,2024-07-31,month,843435636,2024-09-04
2236,Unrealised Gain / (Loss) due to market price,2024-07-31,ytd,1303275172,2024-08-01
2237,Change of Net Asset Value of the Fund due to investment activities during the period (= III + IV),2024-07-31,month,5800797378,2024-09-04
2237,Change of Net Asset Value of the Fund due to investment activities during the period (= III + IV),2024-07-31,ytd,60872308868,2024-08-01
2238,Net Asset Value at the beginning of period,2024-07-31,month,1668696694313,2024-09-04
2238,Net Asset Value at the beginning of period,2024-07-31,ytd,1579769018172,2024-08-01
2239,"Change of Net Asset Value of the Fund during the period, of which",2024-07-31,month,97901526052,2024-09-04
2239,"Change of Net Asset Value of the Fund during the period, of which",2024-07-31,ytd,186829202193,2024-08-01
2239.1,Change of Net Asset Value due to investment activities during the period,2024-07-31,month,5800797378,2024-09-04
2239.1,Change of Net Asset Value due to investment activities during the period,2024-07-31,ytd,60872308868,2024-08-01
2239.2,Change of Net Asset Value due to  dividends payment to investors during the period,2024-07-31,month,0,2024-09-04
2239.2,Change of Net Asset Value due to  dividends payment to investors during the period,2024-07-31,ytd,0,2024-08-01
2239.3,Change of Net Asset Value due to subscription/redemption during the period,2024-07-31,month,92100728674,2024-09-04
2239.3,Change of Net Asset Value due to subscription/redemption during the period,2024-07-31,ytd,125956893325,2024-08-01
2239.3.1,Change of Net Asset Value due to subscription during the period,2024-07-31,month,632241376712,2024-09-04
2239.3.1,Change of Net Asset Value due to subscription during the period,2024-07-31,ytd,4965130426044,2024-08-01
2239.3.2,Change of Net Asset Value due to redemption during the period,2024-07-31,month,-540140648038,2024-09-04
2239.3.2,Change of Net Asset Value due to redemption during the period,2024-07-31,ytd,-4839173532719,2024-08-01
2243,Net Asset Value at the end of period,2024-07-31,month,1766598220365,2024-09-04
2243,Net Asset Value at the end of period,2024-07-31,ytd,1766598220365,2024-08-01
2244,Average annual profit (only applicable to annual report),2024-07-31,month,0,2024-09-04
2244,Average annual profit (only applicable to annual report),2024-07-31,ytd,0,2024-08-01
2245,Average annual rate of return (only applicable to annual report),2024-07-31,month,0,2024-09-04
2245,Average annual rate of return (only applicable to annual report),2024-07-31,ytd,0,2024-08-01
2220,Income from Investment Activities,2024-08-31,month,8207315023,2024-10-01
2220,Income from Investment Activities,2024-08-31,ytd,88371843427,2024-09-04
2221,"Dividend income, interest income from bonds",2024-08-31,month,5481508951,2024-10-01
2221,"Dividend income, interest income from bonds",2024-08-31,ytd,52393207579,2024-09-04
2221.1,Dividends income,2024-08-31,month,0,2024-10-01
2221.1,Dividends income,2024-08-31,ytd,0,2024-09-04
2221.2,Interest income from bonds,2024-08-31,month,5481508951,2024-10-01
2221.2,Interest income from bonds,2024-08-31,ytd,52393207579,2024-09-04
2222,Interest income,2024-08-31,month,2725806072,2024-10-01
2222,Interest income,2024-08-31,ytd,35978635848,2024-09-04
2222.1,Interest income from bank deposits,2024-08-31,month,843751279,2024-10-01
2222.1,Interest income from bank deposits,2024-08-31,ytd,18102646809,2024-09-04
2222.2,Interest income from Money market instruments,2024-08-31,month,1882054793,2024-10-01
2222.2,Interest income from Money market instruments,2024-08-31,ytd,17875989039,2024-09-04
2222.3,Interest income from reverse repo contracts,2024-08-31,month,0,2024-10-01
2222.3,Interest income from reverse repo contracts,2024-08-31,ytd,0,2024-09-04
2223,Income from rental property (not applicable),2024-08-31,month,0,2024-10-01
2223,Income from rental property (not applicable),2024-08-31,ytd,0,2024-09-04
2223,Other incomes,2024-08-31,month,0,2024-10-01
2223,Other incomes,2024-08-31,ytd,0,2024-09-04
2223.1,Other investment incomes,2024-08-31,month,0,2024-10-01
2223.1,Other investment incomes,2024-08-31,ytd,0,2024-09-04
2223.2,Other incomes,2024-08-31,month,0,2024-10-01
2223.2,Other incomes,2024-08-31,ytd,0,2024-09-04
2223.3,"Provision expense for bad debts from dividends, interest income and written off bad debts from dividends, interest income",2024-08-31,month,0,2024-10-01
2223.3,"Provision expense for bad debts from dividends, interest income and written off bad debts from dividends, interest income",2024-08-31,ytd,0,2024-09-04
2224,Expenses,2024-08-31,month,1925215610,2024-10-01
2224,Expenses,2024-08-31,ytd,18627562561,2024-09-04
2225,Management Fee paid to Fund Management Company,2024-08-31,month,1576960997,2024-10-01
2225,Management Fee paid to Fund Management Company,2024-08-31,ytd,15722898656,2024-09-04
2226,"Custody fee, Supervising fee paid to Supervising Bank/VSDC",2024-08-31,month,112935952,2024-10-01
2226,"Custody fee, Supervising fee paid to Supervising Bank/VSDC",2024-08-31,ytd,1115131736,2024-09-04
2226.1,Custodian service - Safe Custody Fee,2024-08-31,month,65706710,2024-10-01
2226.1,Custodian service - Safe Custody Fee,2024-08-31,ytd,655120781,2024-09-04
2226.2,Custodian service - Transaction fee,2024-08-31,month,2700000,2024-10-01
2226.2,Custodian service - Transaction fee,2024-08-31,ytd,18250000,2024-09-04
2226.3,"Custodian service -  Depository fee, Position and Margin management fee paid to VSDC",2024-08-31,month,1162815,2024-10-01
2226.3,"Custodian service -  Depository fee, Position and Margin management fee paid to VSDC",2024-08-31,ytd,9381249,2024-09-04
2226.4,Supervisory fee,2024-08-31,month,43366427,2024-10-01
2226.4,Supervisory fee,2024-08-31,ytd,432379706,2024-09-04
2227,"Fund Administration Fee, and other fees paid to relevant Fund's service providers",2024-08-31,month,77484404,2024-10-01
2227,"Fund Administration Fee, and other fees paid to relevant Fund's service providers",2024-08-31,ytd,733806286,2024-09-04
2227.1,Fund Administration Fee,2024-08-31,month,64284404,2024-10-01
2227.1,Fund Administration Fee,2024-08-31,ytd,628206286,2024-09-04
2227.2,Transfer Agency Fee,2024-08-31,month,13200000,2024-10-01
2227.2,Transfer Agency Fee,2024-08-31,ytd,105600000,2024-09-04
2228,Audit fee,2024-08-31,month,11366667,2024-10-01
2228,Audit fee,2024-08-31,ytd,89484195,2024-09-04
2229,"Legal consultancy expenses, price feed fee, other valid expenses, remuneration paid to Fund's Board of Representatives",2024-08-31,month,18068520,2024-10-01
2229,"Legal consultancy expenses, price feed fee, other valid expenses, remuneration paid to Fund's Board of Representatives",2024-08-31,ytd,143704537,2024-09-04
2229.1,Remuneration of Fund's Board of Representatives,2024-08-31,month,6508197,2024-10-01
2229.1,Remuneration of Fund's Board of Representatives,2024-08-31,ytd,52000000,2024-09-04
2229.2,Price feed fee,2024-08-31,month,7918479,2024-10-01
2229.2,Price feed fee,2024-08-31,ytd,62836957,2024-09-04
2229.3,Legal consultancy expenses,2024-08-31,month,3641844,2024-10-01
2229.3,Legal consultancy expenses,2024-08-31,ytd,28867580,2024-09-04
2230,"Fee for drafting, printing, distribution of prospectus, summarised prospectus, financial statements, transaction confirmations, account statements and other documents to investors; information disclosure fee; fee for organising annual general meeting, board of representatives meeting",2024-08-31,month,14713001,2024-10-01
2230,"Fee for drafting, printing, distribution of prospectus, summarised prospectus, financial statements, transaction confirmations, account statements and other documents to investors; information disclosure fee; fee for organising annual general meeting, board of representatives meeting",2024-08-31,ytd,88005302,2024-09-04
2230.1,Meeting expenses,2024-08-31,month,14713001,2024-10-01
2230.1,Meeting expenses,2024-08-31,ytd,88005302,2024-09-04
2230.2,Annual report expenses,2024-08-31,month,0,2024-10-01
2230.2,Annual report expenses,2024-08-31,ytd,0,2024-09-04
2230.3,"Fund's Board of Representatives meeting, travelling expenses",2024-08-31,month,0,2024-10-01
2230.3,"Fund's Board of Representatives meeting, travelling expenses",2024-08-31,ytd,0,2024-09-04
2230.4,Expenses of information disclosure of the Fund,2024-08-31,month,0,2024-10-01
2230.4,Expenses of information disclosure of the Fund,2024-08-31,ytd,0,2024-09-04
2230.5,"Designing, printing, posting... expenses",2024-08-31,month,0,2024-10-01
2230.5,"Designing, printing, posting... expenses",2024-08-31,ytd,0,2024-09-04
2231,Expenses related to execution of Fund’s asset transactions,2024-08-31,month,109668323,2024-10-01
2231,Expenses related to execution of Fund’s asset transactions,2024-08-31,ytd,662606199,2024-09-04
2231,Real Estate Management Service fee (not applicable),2024-08-31,month,0,2024-10-01
2231,Real Estate Management Service fee (not applicable),2024-08-31,ytd,0,2024-09-04
2231.1,Brokerage fee,2024-08-31,month,108696318,2024-10-01
2231.1,Brokerage fee,2024-08-31,ytd,658029528,2024-09-04
2231.2,Clearing settlement fee,2024-08-31,month,972005,2024-10-01
2231.2,Clearing settlement fee,2024-08-31,ytd,4576671,2024-09-04
2231.3,Other Expenses,2024-08-31,month,0,2024-10-01
2231.3,Other Expenses,2024-08-31,ytd,0,2024-09-04
2232,Other expenses,2024-08-31,month,4017746,2024-10-01
2232,Other expenses,2024-08-31,ytd,71925650,2024-09-04
2232,Real estate valuation service fees (not applicable),2024-08-31,month,0,2024-10-01
2232,Real estate valuation service fees (not applicable),2024-08-31,ytd,0,2024-09-04
2232.1,Set up Expenses,2024-08-31,month,0,2024-10-01
2232.1,Set up Expenses,2024-08-31,ytd,0,2024-09-04
2232.2,"Listing, registration fees",2024-08-31,month,0,2024-10-01
2232.2,"Listing, registration fees",2024-08-31,ytd,0,2024-09-04
2232.3,Annual management fee paid to SSC,2024-08-31,month,635246,2024-10-01
2232.3,Annual management fee paid to SSC,2024-08-31,ytd,5000000,2024-09-04
2232.4,Bank charges,2024-08-31,month,3382500,2024-10-01
2232.4,Bank charges,2024-08-31,ytd,65094150,2024-09-04
2232.5,Borrowing expense,2024-08-31,month,0,2024-10-01
2232.5,Borrowing expense,2024-08-31,ytd,0,2024-09-04
2232.6,Other Expenses,2024-08-31,month,0,2024-10-01
2232.6,Other Expenses,2024-08-31,ytd,731500,2024-09-04
2232.7,Fee paid to VSDC for getting the list of investors,2024-08-31,month,0,2024-10-01
2232.7,Fee paid to VSDC for getting the list of investors,2024-08-31,ytd,1100000,2024-09-04
2233,Net Income from Investment Activities (= I - II),2024-08-31,month,6282099413,2024-10-01
2233,Net Income from Investment Activities (= I - II),2024-08-31,ytd,69744280866,2024-09-04
2234,Gain / (Loss) from Investment Activities,2024-08-31,month,-205666905,2024-10-01
2234,Gain / (Loss) from Investment Activities,2024-08-31,ytd,-2795539490,2024-09-04
2235,Realised Gain / (Loss) from disposal of investment or real estate transfer,2024-08-31,month,1704968901,2024-10-01
2235,Realised Gain / (Loss) from disposal of investment or real estate transfer,2024-08-31,ytd,-2188178856,2024-09-04
2236,Unrealised Gain / (Loss) due to market price,2024-08-31,month,-1910635806,2024-10-01
2236,Unrealised Gain / (Loss) due to market price,2024-08-31,ytd,-607360634,2024-09-04
2237,Change of Net Asset Value of the Fund due to investment activities during the period (= III + IV),2024-08-31,month,6076432508,2024-10-01
2237,Change of Net Asset Value of the Fund due to investment activities during the period (= III + IV),2024-08-31,ytd,66948741376,2024-09-04
2238,Net Asset Value at the beginning of period,2024-08-31,month,1766598220365,2024-10-01
2238,Net Asset Value at the beginning of period,2024-08-31,ytd,1579769018172,2024-09-04
2239,"Change of Net Asset Value of the Fund during the period, of which",2024-08-31,month,-390330098140,2024-10-01
2239,"Change of Net Asset Value of the Fund during the period, of which",2024-08-31,ytd,-203500895947,2024-09-04
2239.1,Change of Net Asset Value due to investment activities during the period,2024-08-31,month,6076432508,2024-10-01
2239.1,Change of Net Asset Value due to investment activities during the period,2024-08-31,ytd,66948741376,2024-09-04
2239.2,Change of Net Asset Value due to  dividends payment to investors during the period,2024-08-31,month,0,2024-10-01
2239.2,Change of Net Asset Value due to  dividends payment to investors during the period,2024-08-31,ytd,0,2024-09-04
2239.3,Change of Net Asset Value due to subscription/redemption during the period,2024-08-31,month,-396406530648,2024-10-01
2239.3,Change of Net Asset Value due to subscription/redemption during the period,2024-08-31,ytd,-270449637323,2024-09-04
2239.3.1,Change of Net Asset Value due to subscription during the period,2024-08-31,month,573885961351,2024-10-01
2239.3.1,Change of Net Asset Value due to subscription during the period,2024-08-31,ytd,5539016387395,2024-09-04
2239.3.2,Change of Net Asset Value due to redemption during the period,2024-08-31,month,-970292491999,2024-10-01
2239.3.2,Change of Net Asset Value due to redemption during the period,2024-08-31,ytd,-5809466024718,2024-09-04
2243,Net Asset Value at the end of period,2024-08-31,month,1376268122225,2024-10-01
2243,Net Asset Value at the end of period,2024-08-31,ytd,1376268122225,2024-09-04
2244,Average annual profit (only applicable to annual report),2024-08-31,month,0,2024-10-01
2244,Average annual profit (only applicable to annual report),2024-08-31,ytd,0,2024-09-04
2245,Average annual rate of return (only applicable to annual report),2024-08-31,month,0,2024-10-01
2245,Average annual rate of return (only applicable to annual report),2024-08-31,ytd,0,2024-09-04
2220,Income from Investment Activities,2024-09-30,month,6983057022,2024-11-01
2220,Income from Investment Activities,2024-09-30,ytd,95354900449,2024-10-01
2221,"Dividend income, interest income from bonds",2024-09-30,month,4865272155,2024-11-01
2221,"Dividend income, interest income from bonds",2024-09-30,ytd,57258479734,2024-10-01
2221.1,Dividends income,2024-09-30,month,0,2024-11-01
2221.1,Dividends income,2024-09-30,ytd,0,2024-10-01
2221.2,Interest income from bonds,2024-09-30,month,4865272155,2024-11-01
2221.2,Interest income from bonds,2024-09-30,ytd,57258479734,2024-10-01
2222,Interest income,2024-09-30,month,2117784867,2024-11-01
2222,Interest income,2024-09-30,ytd,38096420715,2024-10-01
2222.1,Interest income from bank deposits,2024-09-30,month,462442400,2024-11-01
2222.1,Interest income from bank deposits,2024-09-30,ytd,18565089209,2024-10-01
2222.2,Interest income from Money market instruments,2024-09-30,month,1655342467,2024-11-01
2222.2,Interest income from Money market instruments,2024-09-30,ytd,19531331506,2024-10-01
2222.3,Interest income from reverse repo contracts,2024-09-30,month,0,2024-11-01
2222.3,Interest income from reverse repo contracts,2024-09-30,ytd,0,2024-10-01
2223,Income from rental property (not applicable),2024-09-30,month,0,2024-11-01
2223,Income from rental property (not applicable),2024-09-30,ytd,0,2024-10-01
2223,Other incomes,2024-09-30,month,0,2024-11-01
2223,Other incomes,2024-09-30,ytd,0,2024-10-01
2223.1,Other investment incomes,2024-09-30,month,0,2024-11-01
2223.1,Other investment incomes,2024-09-30,ytd,0,2024-10-01
2223.2,Other incomes,2024-09-30,month,0,2024-11-01
2223.2,Other incomes,2024-09-30,ytd,0,2024-10-01
2223.3,"Provision expense for bad debts from dividends, interest income and written off bad debts from dividends, interest income",2024-09-30,month,0,2024-11-01
2223.3,"Provision expense for bad debts from dividends, interest income and written off bad debts from dividends, interest income",2024-09-30,ytd,0,2024-10-01
2224,Expenses,2024-09-30,month,1551195205,2024-11-01
2224,Expenses,2024-09-30,ytd,20178757766,2024-10-01
2225,Management Fee paid to Fund Management Company,2024-09-30,month,1216251099,2024-11-01
2225,Management Fee paid to Fund Management Company,2024-09-30,ytd,16939149755,2024-10-01
2226,"Custody fee, Supervising fee paid to Supervising Bank/VSDC",2024-09-30,month,88955917,2024-11-01
2226,"Custody fee, Supervising fee paid to Supervising Bank/VSDC",2024-09-30,ytd,1204087653,2024-10-01
2226.1,Custodian service - Safe Custody Fee,2024-09-30,month,50677130,2024-11-01
2226.1,Custodian service - Safe Custody Fee,2024-09-30,ytd,705797911,2024-10-01
2226.2,Custodian service - Transaction fee,2024-09-30,month,3900000,2024-11-01
2226.2,Custodian service - Transaction fee,2024-09-30,ytd,22150000,2024-10-01
2226.3,"Custodian service -  Depository fee, Position and Margin management fee paid to VSDC",2024-09-30,month,931881,2024-11-01
2226.3,"Custodian service -  Depository fee, Position and Margin management fee paid to VSDC",2024-09-30,ytd,10313130,2024-10-01
2226.4,Supervisory fee,2024-09-30,month,33446906,2024-11-01
2226.4,Supervisory fee,2024-09-30,ytd,465826612,2024-10-01
2227,"Fund Administration Fee, and other fees paid to relevant Fund's service providers",2024-09-30,month,64258374,2024-11-01
2227,"Fund Administration Fee, and other fees paid to relevant Fund's service providers",2024-09-30,ytd,798064660,2024-10-01
2227.1,Fund Administration Fee,2024-09-30,month,51058374,2024-11-01
2227.1,Fund Administration Fee,2024-09-30,ytd,679264660,2024-10-01
2227.2,Transfer Agency Fee,2024-09-30,month,13200000,2024-11-01
2227.2,Transfer Agency Fee,2024-09-30,ytd,118800000,2024-10-01
2228,Audit fee,2024-09-30,month,11000000,2024-11-01
2228,Audit fee,2024-09-30,ytd,100484195,2024-10-01
2229,"Legal consultancy expenses, price feed fee, other valid expenses, remuneration paid to Fund's Board of Representatives",2024-09-30,month,17679212,2024-11-01
2229,"Legal consultancy expenses, price feed fee, other valid expenses, remuneration paid to Fund's Board of Representatives",2024-09-30,ytd,161383749,2024-10-01
2229.1,Remuneration of Fund's Board of Representatives,2024-09-30,month,6491803,2024-11-01
2229.1,Remuneration of Fund's Board of Representatives,2024-09-30,ytd,58491803,2024-10-01
2229.2,Price feed fee,2024-09-30,month,7663043,2024-11-01
2229.2,Price feed fee,2024-09-30,ytd,70500000,2024-10-01
2229.3,Legal consultancy expenses,2024-09-30,month,3524366,2024-11-01
2229.3,Legal consultancy expenses,2024-09-30,ytd,32391946,2024-10-01
2230,"Fee for drafting, printing, distribution of prospectus, summarised prospectus, financial statements, transaction confirmations, account statements and other documents to investors; information disclosure fee; fee for organising annual general meeting, board of representatives meeting",2024-09-30,month,14238388,2024-11-01
2230,"Fee for drafting, printing, distribution of prospectus, summarised prospectus, financial statements, transaction confirmations, account statements and other documents to investors; information disclosure fee; fee for organising annual general meeting, board of representatives meeting",2024-09-30,ytd,102243690,2024-10-01
2230.1,Meeting expenses,2024-09-30,month,14238388,2024-11-01
2230.1,Meeting expenses,2024-09-30,ytd,102243690,2024-10-01
2230.2,Annual report expenses,2024-09-30,month,0,2024-11-01
2230.2,Annual report expenses,2024-09-30,ytd,0,2024-10-01
2230.3,"Fund's Board of Representatives meeting, travelling expenses",2024-09-30,month,0,2024-11-01
2230.3,"Fund's Board of Representatives meeting, travelling expenses",2024-09-30,ytd,0,2024-10-01
2230.4,Expenses of information disclosure of the Fund,2024-09-30,month,0,2024-11-01
2230.4,Expenses of information disclosure of the Fund,2024-09-30,ytd,0,2024-10-01
2230.5,"Designing, printing, posting... expenses",2024-09-30,month,0,2024-11-01
2230.5,"Designing, printing, posting... expenses",2024-09-30,ytd,0,2024-10-01
2231,Expenses related to execution of Fund’s asset transactions,2024-09-30,month,135773061,2024-11-01
2231,Expenses related to execution of Fund’s asset transactions,2024-09-30,ytd,798379260,2024-10-01
2231,Real Estate Management Service fee (not applicable),2024-09-30,month,0,2024-11-01
2231,Real Estate Management Service fee (not applicable),2024-09-30,ytd,0,2024-10-01
2231.1,Brokerage fee,2024-09-30,month,135620040,2024-11-01
2231.1,Brokerage fee,2024-09-30,ytd,793649568,2024-10-01
2231.2,Clearing settlement fee,2024-09-30,month,153021,2024-11-01
2231.2,Clearing settlement fee,2024-09-30,ytd,4729692,2024-10-01
2231.3,Other Expenses,2024-09-30,month,0,2024-11-01
2231.3,Other Expenses,2024-09-30,ytd,0,2024-10-01
2232,Other expenses,2024-09-30,month,3039154,2024-11-01
2232,Other expenses,2024-09-30,ytd,74964804,2024-10-01
2232,Real estate valuation service fees (not applicable),2024-09-30,month,0,2024-11-01
2232,Real estate valuation service fees (not applicable),2024-09-30,ytd,0,2024-10-01
2232.1,Set up Expenses,2024-09-30,month,0,2024-11-01
2232.1,Set up Expenses,2024-09-30,ytd,0,2024-10-01
2232.2,"Listing, registration fees",2024-09-30,month,0,2024-11-01
2232.2,"Listing, registration fees",2024-09-30,ytd,0,2024-10-01
2232.3,Annual management fee paid to SSC,2024-09-30,month,614754,2024-11-01
2232.3,Annual management fee paid to SSC,2024-09-30,ytd,5614754,2024-10-01
2232.4,Bank charges,2024-09-30,month,2424400,2024-11-01
2232.4,Bank charges,2024-09-30,ytd,67518550,2024-10-01
2232.5,Borrowing expense,2024-09-30,month,0,2024-11-01
2232.5,Borrowing expense,2024-09-30,ytd,0,2024-10-01
2232.6,Other Expenses,2024-09-30,month,0,2024-11-01
2232.6,Other Expenses,2024-09-30,ytd,731500,2024-10-01
2232.7,Fee paid to VSDC for getting the list of investors,2024-09-30,month,0,2024-11-01
2232.7,Fee paid to VSDC for getting the list of investors,2024-09-30,ytd,1100000,2024-10-01
2233,Net Income from Investment Activities (= I - II),2024-09-30,month,5431861817,2024-11-01
2233,Net Income from Investment Activities (= I - II),2024-09-30,ytd,75176142683,2024-10-01
2234,Gain / (Loss) from Investment Activities,2024-09-30,month,-959505173,2024-11-01
2234,Gain / (Loss) from Investment Activities,2024-09-30,ytd,-3755044663,2024-10-01
2235,Realised Gain / (Loss) from disposal of investment or real estate transfer,2024-09-30,month,-431038793,2024-11-01
2235,Realised Gain / (Loss) from disposal of investment or real estate transfer,2024-09-30,ytd,-2619217649,2024-10-01
2236,Unrealised Gain / (Loss) due to market price,2024-09-30,month,-528466380,2024-11-01
2236,Unrealised Gain / (Loss) due to market price,2024-09-30,ytd,-1135827014,2024-10-01
2237,Change of Net Asset Value of the Fund due to investment activities during the period (= III + IV),2024-09-30,month,4472356644,2024-11-01
2237,Change of Net Asset Value of the Fund due to investment activities during the period (= III + IV),2024-09-30,ytd,71421098020,2024-10-01
2238,Net Asset Value at the beginning of period,2024-09-30,month,1376268122225,2024-11-01
2238,Net Asset Value at the beginning of period,2024-09-30,ytd,1579769018172,2024-10-01
2239,"Change of Net Asset Value of the Fund during the period, of which",2024-09-30,month,-191589221946,2024-11-01
2239,"Change of Net Asset Value of the Fund during the period, of which",2024-09-30,ytd,-395090117893,2024-10-01
2239.1,Change of Net Asset Value due to investment activities during the period,2024-09-30,month,4472356644,2024-11-01
2239.1,Change of Net Asset Value due to investment activities during the period,2024-09-30,ytd,71421098020,2024-10-01
2239.2,Change of Net Asset Value due to  dividends payment to investors during the period,2024-09-30,month,0,2024-11-01
2239.2,Change of Net Asset Value due to  dividends payment to investors during the period,2024-09-30,ytd,0,2024-10-01
2239.3,Change of Net Asset Value due to subscription/redemption during the period,2024-09-30,month,-196061578590,2024-11-01
2239.3,Change of Net Asset Value due to subscription/redemption during the period,2024-09-30,ytd,-466511215913,2024-10-01
2239.3.1,Change of Net Asset Value due to subscription during the period,2024-09-30,month,475511729222,2024-11-01
2239.3.1,Change of Net Asset Value due to subscription during the period,2024-09-30,ytd,6014528116617,2024-10-01
2239.3.2,Change of Net Asset Value due to redemption during the period,2024-09-30,month,-671573307812,2024-11-01
2239.3.2,Change of Net Asset Value due to redemption during the period,2024-09-30,ytd,-6481039332530,2024-10-01
2243,Net Asset Value at the end of period,2024-09-30,month,1184678900279,2024-11-01
2243,Net Asset Value at the end of period,2024-09-30,ytd,1184678900279,2024-10-01
2244,Average annual profit (only applicable to annual report),2024-09-30,month,0,2024-11-01
2244,Average annual profit (only applicable to annual report),2024-09-30,ytd,0,2024-10-01
2245,Average annual rate of return (only applicable to annual report),2024-09-30,month,0,2024-11-01
2245,Average annual rate of return (only applicable to annual report),2024-09-30,ytd,0,2024-10-01
2220,Income from Investment Activities,2024-10-31,month,6917278834,2024-12-02
2220,Income from Investment Activities,2024-10-31,ytd,102272179283,2024-11-01
2221,"Dividend income, interest income from bonds",2024-10-31,month,4040834790,2024-12-02
2221,"Dividend income, interest income from bonds",2024-10-31,ytd,61299314524,2024-11-01
2221.1,Dividends income,2024-10-31,month,0,2024-12-02
2221.1,Dividends income,2024-10-31,ytd,0,2024-11-01
2221.2,Interest income from bonds,2024-10-31,month,4040834790,2024-12-02
2221.2,Interest income from bonds,2024-10-31,ytd,61299314524,2024-11-01
2222,Interest income,2024-10-31,month,2876444044,2024-12-02
2222,Interest income,2024-10-31,ytd,40972864759,2024-11-01
2222.1,Interest income from bank deposits,2024-10-31,month,1165923497,2024-12-02
2222.1,Interest income from bank deposits,2024-10-31,ytd,19731012706,2024-11-01
2222.2,Interest income from Money market instruments,2024-10-31,month,1710520547,2024-12-02
2222.2,Interest income from Money market instruments,2024-10-31,ytd,21241852053,2024-11-01
2222.3,Interest income from reverse repo contracts,2024-10-31,month,0,2024-12-02
2222.3,Interest income from reverse repo contracts,2024-10-31,ytd,0,2024-11-01
2223,Income from rental property (not applicable),2024-10-31,month,0,2024-12-02
2223,Income from rental property (not applicable),2024-10-31,ytd,0,2024-11-01
2223,Other incomes,2024-10-31,month,0,2024-12-02
2223,Other incomes,2024-10-31,ytd,0,2024-11-01
2223.1,Other investment incomes,2024-10-31,month,0,2024-12-02
2223.1,Other investment incomes,2024-10-31,ytd,0,2024-11-01
2223.2,Other incomes,2024-10-31,month,0,2024-12-02
2223.2,Other incomes,2024-10-31,ytd,0,2024-11-01
2223.3,"Provision expense for bad debts from dividends, interest income and written off bad debts from dividends, interest income",2024-10-31,month,0,2024-12-02
2223.3,"Provision expense for bad debts from dividends, interest income and written off bad debts from dividends, interest income",2024-10-31,ytd,0,2024-11-01
2224,Expenses,2024-10-31,month,1449078298,2024-12-02
2224,Expenses,2024-10-31,ytd,21627836064,2024-11-01
2225,Management Fee paid to Fund Management Company,2024-10-31,month,1188711608,2024-12-02
2225,Management Fee paid to Fund Management Company,2024-10-31,ytd,18127861363,2024-11-01
2226,"Custody fee, Supervising fee paid to Supervising Bank/VSDC",2024-10-31,month,85475423,2024-12-02
2226,"Custody fee, Supervising fee paid to Supervising Bank/VSDC",2024-10-31,ytd,1289563076,2024-11-01
2226.1,Custodian service - Safe Custody Fee,2024-10-31,month,49883727,2024-12-02
2226.1,Custodian service - Safe Custody Fee,2024-10-31,ytd,755681638,2024-11-01
2226.2,Custodian service - Transaction fee,2024-10-31,month,1500000,2024-12-02
2226.2,Custodian service - Transaction fee,2024-10-31,ytd,23650000,2024-11-01
2226.3,"Custodian service -  Depository fee, Position and Margin management fee paid to VSDC",2024-10-31,month,1168438,2024-12-02
2226.3,"Custodian service -  Depository fee, Position and Margin management fee paid to VSDC",2024-10-31,ytd,11481568,2024-11-01
2226.4,Supervisory fee,2024-10-31,month,32923258,2024-12-02
2226.4,Supervisory fee,2024-10-31,ytd,498749870,2024-11-01
2227,"Fund Administration Fee, and other fees paid to relevant Fund's service providers",2024-10-31,month,63560176,2024-12-02
2227,"Fund Administration Fee, and other fees paid to relevant Fund's service providers",2024-10-31,ytd,861624836,2024-11-01
2227.1,Fund Administration Fee,2024-10-31,month,50360176,2024-12-02
2227.1,Fund Administration Fee,2024-10-31,ytd,729624836,2024-11-01
2227.2,Transfer Agency Fee,2024-10-31,month,13200000,2024-12-02
2227.2,Transfer Agency Fee,2024-10-31,ytd,132000000,2024-11-01
2228,Audit fee,2024-10-31,month,11366666,2024-12-02
2228,Audit fee,2024-10-31,ytd,111850861,2024-11-01
2229,"Legal consultancy expenses, price feed fee, other valid expenses, remuneration paid to Fund's Board of Representatives",2024-10-31,month,33777758,2024-12-02
2229,"Legal consultancy expenses, price feed fee, other valid expenses, remuneration paid to Fund's Board of Representatives",2024-10-31,ytd,195161507,2024-11-01
2229.1,Remuneration of Fund's Board of Representatives,2024-10-31,month,6508197,2024-12-02
2229.1,Remuneration of Fund's Board of Representatives,2024-10-31,ytd,65000000,2024-11-01
2229.2,Price feed fee,2024-10-31,month,23627717,2024-12-02
2229.2,Price feed fee,2024-10-31,ytd,94127717,2024-11-01
2229.3,Legal consultancy expenses,2024-10-31,month,3641844,2024-12-02
2229.3,Legal consultancy expenses,2024-10-31,ytd,36033790,2024-11-01
2230,"Fee for drafting, printing, distribution of prospectus, summarised prospectus, financial statements, transaction confirmations, account statements and other documents to investors; information disclosure fee; fee for organising annual general meeting, board of representatives meeting",2024-10-31,month,14713000,2024-12-02
2230,"Fee for drafting, printing, distribution of prospectus, summarised prospectus, financial statements, transaction confirmations, account statements and other documents to investors; information disclosure fee; fee for organising annual general meeting, board of representatives meeting",2024-10-31,ytd,116956690,2024-11-01
2230.1,Meeting expenses,2024-10-31,month,14713000,2024-12-02
2230.1,Meeting expenses,2024-10-31,ytd,116956690,2024-11-01
2230.2,Annual report expenses,2024-10-31,month,0,2024-12-02
2230.2,Annual report expenses,2024-10-31,ytd,0,2024-11-01
2230.3,"Fund's Board of Representatives meeting, travelling expenses",2024-10-31,month,0,2024-12-02
2230.3,"Fund's Board of Representatives meeting, travelling expenses",2024-10-31,ytd,0,2024-11-01
2230.4,Expenses of information disclosure of the Fund,2024-10-31,month,0,2024-12-02
2230.4,Expenses of information disclosure of the Fund,2024-10-31,ytd,0,2024-11-01
2230.5,"Designing, printing, posting... expenses",2024-10-31,month,0,2024-12-02
2230.5,"Designing, printing, posting... expenses",2024-10-31,ytd,0,2024-11-01
2231,Expenses related to execution of Fund’s asset transactions,2024-10-31,month,45539721,2024-12-02
2231,Expenses related to execution of Fund’s asset transactions,2024-10-31,ytd,843918981,2024-11-01
2231,Real Estate Management Service fee (not applicable),2024-10-31,month,0,2024-12-02
2231,Real Estate Management Service fee (not applicable),2024-10-31,ytd,0,2024-11-01
2231.1,Brokerage fee,2024-10-31,month,43766118,2024-12-02
2231.1,Brokerage fee,2024-10-31,ytd,837415686,2024-11-01
2231.2,Clearing settlement fee,2024-10-31,month,1773603,2024-12-02
2231.2,Clearing settlement fee,2024-10-31,ytd,6503295,2024-11-01
2231.3,Other Expenses,2024-10-31,month,0,2024-12-02
2231.3,Other Expenses,2024-10-31,ytd,0,2024-11-01
2232,Other expenses,2024-10-31,month,5933946,2024-12-02
2232,Other expenses,2024-10-31,ytd,80898750,2024-11-01
2232,Real estate valuation service fees (not applicable),2024-10-31,month,0,2024-12-02
2232,Real estate valuation service fees (not applicable),2024-10-31,ytd,0,2024-11-01
2232.1,Set up Expenses,2024-10-31,month,0,2024-12-02
2232.1,Set up Expenses,2024-10-31,ytd,0,2024-11-01
2232.2,"Listing, registration fees",2024-10-31,month,0,2024-12-02
2232.2,"Listing, registration fees",2024-10-31,ytd,0,2024-11-01
2232.3,Annual management fee paid to SSC,2024-10-31,month,635246,2024-12-02
2232.3,Annual management fee paid to SSC,2024-10-31,ytd,6250000,2024-11-01
2232.4,Bank charges,2024-10-31,month,5298700,2024-12-02
2232.4,Bank charges,2024-10-31,ytd,72817250,2024-11-01
2232.5,Borrowing expense,2024-10-31,month,0,2024-12-02
2232.5,Borrowing expense,2024-10-31,ytd,0,2024-11-01
2232.6,Other Expenses,2024-10-31,month,0,2024-12-02
2232.6,Other Expenses,2024-10-31,ytd,731500,2024-11-01
2232.7,Fee paid to VSDC for getting the list of investors,2024-10-31,month,0,2024-12-02
2232.7,Fee paid to VSDC for getting the list of investors,2024-10-31,ytd,1100000,2024-11-01
2233,Net Income from Investment Activities (= I - II),2024-10-31,month,5468200536,2024-12-02
2233,Net Income from Investment Activities (= I - II),2024-10-31,ytd,80644343219,2024-11-01
2234,Gain / (Loss) from Investment Activities,2024-10-31,month,152753616,2024-12-02
2234,Gain / (Loss) from Investment Activities,2024-10-31,ytd,-3602291047,2024-11-01
2235,Realised Gain / (Loss) from disposal of investment or real estate transfer,2024-10-31,month,-498001723,2024-12-02
2235,Realised Gain / (Loss) from disposal of investment or real estate transfer,2024-10-31,ytd,-3117219372,2024-11-01
2236,Unrealised Gain / (Loss) due to market price,2024-10-31,month,650755339,2024-12-02
2236,Unrealised Gain / (Loss) due to market price,2024-10-31,ytd,-485071675,2024-11-01
2237,Change of Net Asset Value of the Fund due to investment activities during the period (= III + IV),2024-10-31,month,5620954152,2024-12-02
2237,Change of Net Asset Value of the Fund due to investment activities during the period (= III + IV),2024-10-31,ytd,77042052172,2024-11-01
2238,Net Asset Value at the beginning of period,2024-10-31,month,1184678900279,2024-12-02
2238,Net Asset Value at the beginning of period,2024-10-31,ytd,1579769018172,2024-11-01
2239,"Change of Net Asset Value of the Fund during the period, of which",2024-10-31,month,20012195359,2024-12-02
2239,"Change of Net Asset Value of the Fund during the period, of which",2024-10-31,ytd,-375077922534,2024-11-01
2239.1,Change of Net Asset Value due to investment activities during the period,2024-10-31,month,5620954152,2024-12-02
2239.1,Change of Net Asset Value due to investment activities during the period,2024-10-31,ytd,77042052172,2024-11-01
2239.2,Change of Net Asset Value due to  dividends payment to investors during the period,2024-10-31,month,0,2024-12-02
2239.2,Change of Net Asset Value due to  dividends payment to investors during the period,2024-10-31,ytd,0,2024-11-01
2239.3,Change of Net Asset Value due to subscription/redemption during the period,2024-10-31,month,14391241207,2024-12-02
2239.3,Change of Net Asset Value due to subscription/redemption during the period,2024-10-31,ytd,-452119974706,2024-11-01
2239.3.1,Change of Net Asset Value due to subscription during the period,2024-10-31,month,593476171920,2024-12-02
2239.3.1,Change of Net Asset Value due to subscription during the period,2024-10-31,ytd,6608004288537,2024-11-01
2239.3.2,Change of Net Asset Value due to redemption during the period,2024-10-31,month,-579084930713,2024-12-02
2239.3.2,Change of Net Asset Value due to redemption during the period,2024-10-31,ytd,-7060124263243,2024-11-01
2243,Net Asset Value at the end of period,2024-10-31,month,1204691095638,2024-12-02
2243,Net Asset Value at the end of period,2024-10-31,ytd,1204691095638,2024-11-01
2244,Average annual profit (only applicable to annual report),2024-10-31,month,0,2024-12-02
2244,Average annual profit (only applicable to annual report),2024-10-31,ytd,0,2024-11-01
2245,Average annual rate of return (only applicable to annual report),2024-10-31,month,0,2024-12-02
2245,Average annual rate of return (only applicable to annual report),2024-10-31,ytd,0,2024-11-01
2220,Income from Investment Activities,2024-11-30,month,6302304680,2025-01-03
2220,Income from Investment Activities,2024-11-30,ytd,108574483963,2024-12-02
2221,"Dividend income, interest income from bonds",2024-11-30,month,3562184149,2025-01-03
2221,"Dividend income, interest income from bonds",2024-11-30,ytd,64861498673,2024-12-02
2221.1,Dividends income,2024-11-30,month,0,2025-01-03
2221.1,Dividends income,2024-11-30,ytd,0,2024-12-02
2221.2,Interest income from bonds,2024-11-30,month,3562184149,2025-01-03
2221.2,Interest income from bonds,2024-11-30,ytd,64861498673,2024-12-02
2222,Interest income,2024-11-30,month,2740120531,2025-01-03
2222,Interest income,2024-11-30,ytd,43712985290,2024-12-02
2222.1,Interest income from bank deposits,2024-11-30,month,1084778065,2025-01-03
2222.1,Interest income from bank deposits,2024-11-30,ytd,20815790771,2024-12-02
2222.2,Interest income from Money market instruments,2024-11-30,month,1655342466,2025-01-03
2222.2,Interest income from Money market instruments,2024-11-30,ytd,22897194519,2024-12-02
2222.3,Interest income from reverse repo contracts,2024-11-30,month,0,2025-01-03
2222.3,Interest income from reverse repo contracts,2024-11-30,ytd,0,2024-12-02
2223,Income from rental property (not applicable),2024-11-30,month,0,2025-01-03
2223,Income from rental property (not applicable),2024-11-30,ytd,0,2024-12-02
2223,Other incomes,2024-11-30,month,0,2025-01-03
2223,Other incomes,2024-11-30,ytd,0,2024-12-02
2223.1,Other investment incomes,2024-11-30,month,0,2025-01-03
2223.1,Other investment incomes,2024-11-30,ytd,0,2024-12-02
2223.2,Other incomes,2024-11-30,month,0,2025-01-03
2223.2,Other incomes,2024-11-30,ytd,0,2024-12-02
2223.3,"Provision expense for bad debts from dividends, interest income and written off bad debts from dividends, interest income",2024-11-30,month,0,2025-01-03
2223.3,"Provision expense for bad debts from dividends, interest income and written off bad debts from dividends, interest income",2024-11-30,ytd,0,2024-12-02
2224,Expenses,2024-11-30,month,1286498617,2025-01-03
2224,Expenses,2024-11-30,ytd,22914334681,2024-12-02
2225,Management Fee paid to Fund Management Company,2024-11-30,month,1081299388,2025-01-03
2225,Management Fee paid to Fund Management Company,2024-11-30,ytd,19209160751,2024-12-02
2226,"Custody fee, Supervising fee paid to Supervising Bank/VSDC",2024-11-30,month,78688005,2025-01-03
2226,"Custody fee, Supervising fee paid to Supervising Bank/VSDC",2024-11-30,ytd,1368251081,2024-12-02
2226.1,Custodian service - Safe Custody Fee,2024-11-30,month,45076584,2025-01-03
2226.1,Custodian service - Safe Custody Fee,2024-11-30,ytd,800758222,2024-12-02
2226.2,Custodian service - Transaction fee,2024-11-30,month,2800000,2025-01-03
2226.2,Custodian service - Transaction fee,2024-11-30,ytd,26450000,2024-12-02
2226.3,"Custodian service -  Depository fee, Position and Margin management fee paid to VSDC",2024-11-30,month,1060872,2025-01-03
2226.3,"Custodian service -  Depository fee, Position and Margin management fee paid to VSDC",2024-11-30,ytd,12542440,2024-12-02
2226.4,Supervisory fee,2024-11-30,month,29750549,2025-01-03
2226.4,Supervisory fee,2024-11-30,ytd,528500419,2024-12-02
2227,"Fund Administration Fee, and other fees paid to relevant Fund's service providers",2024-11-30,month,59329894,2025-01-03
2227,"Fund Administration Fee, and other fees paid to relevant Fund's service providers",2024-11-30,ytd,920954730,2024-12-02
2227.1,Fund Administration Fee,2024-11-30,month,46129894,2025-01-03
2227.1,Fund Administration Fee,2024-11-30,ytd,775754730,2024-12-02
2227.2,Transfer Agency Fee,2024-11-30,month,13200000,2025-01-03
2227.2,Transfer Agency Fee,2024-11-30,ytd,145200000,2024-12-02
2228,Audit fee,2024-11-30,month,11000000,2025-01-03
2228,Audit fee,2024-11-30,ytd,122850861,2024-12-02
2229,"Legal consultancy expenses, price feed fee, other valid expenses, remuneration paid to Fund's Board of Representatives",2024-11-30,month,21510735,2025-01-03
2229,"Legal consultancy expenses, price feed fee, other valid expenses, remuneration paid to Fund's Board of Representatives",2024-11-30,ytd,216672242,2024-12-02
2229.1,Remuneration of Fund's Board of Representatives,2024-11-30,month,6491803,2025-01-03
2229.1,Remuneration of Fund's Board of Representatives,2024-11-30,ytd,71491803,2024-12-02
2229.2,Price feed fee,2024-11-30,month,11494566,2025-01-03
2229.2,Price feed fee,2024-11-30,ytd,105622283,2024-12-02
2229.3,Legal consultancy expenses,2024-11-30,month,3524366,2025-01-03
2229.3,Legal consultancy expenses,2024-11-30,ytd,39558156,2024-12-02
2230,"Fee for drafting, printing, distribution of prospectus, summarised prospectus, financial statements, transaction confirmations, account statements and other documents to investors; information disclosure fee; fee for organising annual general meeting, board of representatives meeting",2024-11-30,month,14238388,2025-01-03
2230,"Fee for drafting, printing, distribution of prospectus, summarised prospectus, financial statements, transaction confirmations, account statements and other documents to investors; information disclosure fee; fee for organising annual general meeting, board of representatives meeting",2024-11-30,ytd,131195078,2024-12-02
2230.1,Meeting expenses,2024-11-30,month,14238388,2025-01-03
2230.1,Meeting expenses,2024-11-30,ytd,131195078,2024-12-02
2230.2,Annual report expenses,2024-11-30,month,0,2025-01-03
2230.2,Annual report expenses,2024-11-30,ytd,0,2024-12-02
2230.3,"Fund's Board of Representatives meeting, travelling expenses",2024-11-30,month,0,2025-01-03
2230.3,"Fund's Board of Representatives meeting, travelling expenses",2024-11-30,ytd,0,2024-12-02
2230.4,Expenses of information disclosure of the Fund,2024-11-30,month,0,2025-01-03
2230.4,Expenses of information disclosure of the Fund,2024-11-30,ytd,0,2024-12-02
2230.5,"Designing, printing, posting... expenses",2024-11-30,month,0,2025-01-03
2230.5,"Designing, printing, posting... expenses",2024-11-30,ytd,0,2024-12-02
2231,Expenses related to execution of Fund’s asset transactions,2024-11-30,month,15501053,2025-01-03
2231,Expenses related to execution of Fund’s asset transactions,2024-11-30,ytd,859420034,2024-12-02
2231,Real Estate Management Service fee (not applicable),2024-11-30,month,0,2025-01-03
2231,Real Estate Management Service fee (not applicable),2024-11-30,ytd,0,2024-12-02
2231.1,Brokerage fee,2024-11-30,month,15201053,2025-01-03
2231.1,Brokerage fee,2024-11-30,ytd,852616739,2024-12-02
2231.2,Clearing settlement fee,2024-11-30,month,300000,2025-01-03
2231.2,Clearing settlement fee,2024-11-30,ytd,6803295,2024-12-02
2231.3,Other Expenses,2024-11-30,month,0,2025-01-03
2231.3,Other Expenses,2024-11-30,ytd,0,2024-12-02
2232,Other expenses,2024-11-30,month,4931154,2025-01-03
2232,Other expenses,2024-11-30,ytd,85829904,2024-12-02
2232,Real estate valuation service fees (not applicable),2024-11-30,month,0,2025-01-03
2232,Real estate valuation service fees (not applicable),2024-11-30,ytd,0,2024-12-02
2232.1,Set up Expenses,2024-11-30,month,0,2025-01-03
2232.1,Set up Expenses,2024-11-30,ytd,0,2024-12-02
2232.2,"Listing, registration fees",2024-11-30,month,0,2025-01-03
2232.2,"Listing, registration fees",2024-11-30,ytd,0,2024-12-02
2232.3,Annual management fee paid to SSC,2024-11-30,month,614754,2025-01-03
2232.3,Annual management fee paid to SSC,2024-11-30,ytd,6864754,2024-12-02
2232.4,Bank charges,2024-11-30,month,4316400,2025-01-03
2232.4,Bank charges,2024-11-30,ytd,77133650,2024-12-02
2232.5,Borrowing expense,2024-11-30,month,0,2025-01-03
2232.5,Borrowing expense,2024-11-30,ytd,0,2024-12-02
2232.6,Other Expenses,2024-11-30,month,0,2025-01-03
2232.6,Other Expenses,2024-11-30,ytd,731500,2024-12-02
2232.7,Fee paid to VSDC for getting the list of investors,2024-11-30,month,0,2025-01-03
2232.7,Fee paid to VSDC for getting the list of investors,2024-11-30,ytd,1100000,2024-12-02
2233,Net Income from Investment Activities (= I - II),2024-11-30,month,5015806063,2025-01-03
2233,Net Income from Investment Activities (= I - II),2024-11-30,ytd,85660149282,2024-12-02
2234,Gain / (Loss) from Investment Activities,2024-11-30,month,496694262,2025-01-03
2234,Gain / (Loss) from Investment Activities,2024-11-30,ytd,-3105596785,2024-12-02
2235,Realised Gain / (Loss) from disposal of investment or real estate transfer,2024-11-30,month,707197102,2025-01-03
2235,Realised Gain / (Loss) from disposal of investment or real estate transfer,2024-11-30,ytd,-2410022270,2024-12-02
2236,Unrealised Gain / (Loss) due to market price,2024-11-30,month,-210502840,2025-01-03
2236,Unrealised Gain / (Loss) due to market price,2024-11-30,ytd,-695574515,2024-12-02
2237,Change of Net Asset Value of the Fund due to investment activities during the period (= III + IV),2024-11-30,month,5512500325,2025-01-03
2237,Change of Net Asset Value of the Fund due to investment activities during the period (= III + IV),2024-11-30,ytd,82554552497,2024-12-02
2238,Net Asset Value at the beginning of period,2024-11-30,month,1204691095638,2025-01-03
2238,Net Asset Value at the beginning of period,2024-11-30,ytd,1579769018172,2024-12-02
2239,"Change of Net Asset Value of the Fund during the period, of which",2024-11-30,month,-94743463257,2025-01-03
2239,"Change of Net Asset Value of the Fund during the period, of which",2024-11-30,ytd,-469821385791,2024-12-02
2239.1,Change of Net Asset Value due to investment activities during the period,2024-11-30,month,5512500325,2025-01-03
2239.1,Change of Net Asset Value due to investment activities during the period,2024-11-30,ytd,82554552497,2024-12-02
2239.2,Change of Net Asset Value due to  dividends payment to investors during the period,2024-11-30,month,0,2025-01-03
2239.2,Change of Net Asset Value due to  dividends payment to investors during the period,2024-11-30,ytd,0,2024-12-02
2239.3,Change of Net Asset Value due to subscription/redemption during the period,2024-11-30,month,-100255963582,2025-01-03
2239.3,Change of Net Asset Value due to subscription/redemption during the period,2024-11-30,ytd,-552375938288,2024-12-02
2239.3.1,Change of Net Asset Value due to subscription during the period,2024-11-30,month,521497415670,2025-01-03
2239.3.1,Change of Net Asset Value due to subscription during the period,2024-11-30,ytd,7129501704207,2024-12-02
2239.3.2,Change of Net Asset Value due to redemption during the period,2024-11-30,month,-621753379252,2025-01-03
2239.3.2,Change of Net Asset Value due to redemption during the period,2024-11-30,ytd,-7681877642495,2024-12-02
2243,Net Asset Value at the end of period,2024-11-30,month,1109947632381,2025-01-03
2243,Net Asset Value at the end of period,2024-11-30,ytd,1109947632381,2024-12-02
2244,Average annual profit (only applicable to annual report),2024-11-30,month,0,2025-01-03
2244,Average annual profit (only applicable to annual report),2024-11-30,ytd,0,2024-12-02
2245,Average annual rate of return (only applicable to annual report),2024-11-30,month,0,2025-01-03
2245,Average annual rate of return (only applicable to annual report),2024-11-30,ytd,0,2024-12-02
2220,Income from Investment Activities,2024-12-31,month,6332307556,2025-02-03
2220,Income from Investment Activities,2024-12-31,ytd,114906791519,2025-01-03
2221,"Dividend income, interest income from bonds",2024-12-31,month,3741098940,2025-02-03
2221,"Dividend income, interest income from bonds",2024-12-31,ytd,68602597613,2025-01-03
2221.1,Dividends income,2024-12-31,month,0,2025-02-03
2221.1,Dividends income,2024-12-31,ytd,0,2025-01-03
2221.2,Interest income from bonds,2024-12-31,month,3741098940,2025-02-03
2221.2,Interest income from bonds,2024-12-31,ytd,68602597613,2025-01-03
2222,Interest income,2024-12-31,month,2591208616,2025-02-03
2222,Interest income,2024-12-31,ytd,46304193906,2025-01-03
2222.1,Interest income from bank deposits,2024-12-31,month,1104907246,2025-02-03
2222.1,Interest income from bank deposits,2024-12-31,ytd,21920698017,2025-01-03
2222.2,Interest income from Money market instruments,2024-12-31,month,1486301370,2025-02-03
2222.2,Interest income from Money market instruments,2024-12-31,ytd,24383495889,2025-01-03
2222.3,Interest income from reverse repo contracts,2024-12-31,month,0,2025-02-03
2222.3,Interest income from reverse repo contracts,2024-12-31,ytd,0,2025-01-03
2223,Income from rental property (not applicable),2024-12-31,month,0,2025-02-03
2223,Income from rental property (not applicable),2024-12-31,ytd,0,2025-01-03
2223,Other incomes,2024-12-31,month,0,2025-02-03
2223,Other incomes,2024-12-31,ytd,0,2025-01-03
2223.1,Other investment incomes,2024-12-31,month,0,2025-02-03
2223.1,Other investment incomes,2024-12-31,ytd,0,2025-01-03
2223.2,Other incomes,2024-12-31,month,0,2025-02-03
2223.2,Other incomes,2024-12-31,ytd,0,2025-01-03
2223.3,"Provision expense for bad debts from dividends, interest income and written off bad debts from dividends, interest income",2024-12-31,month,0,2025-02-03
2223.3,"Provision expense for bad debts from dividends, interest income and written off bad debts from dividends, interest income",2024-12-31,ytd,0,2025-01-03
2224,Expenses,2024-12-31,month,1308487812,2025-02-03
2224,Expenses,2024-12-31,ytd,24222822493,2025-01-03
2225,Management Fee paid to Fund Management Company,2024-12-31,month,1074647304,2025-02-03
2225,Management Fee paid to Fund Management Company,2024-12-31,ytd,20283808055,2025-01-03
2226,"Custody fee, Supervising fee paid to Supervising Bank/VSDC",2024-12-31,month,75750006,2025-02-03
2226,"Custody fee, Supervising fee paid to Supervising Bank/VSDC",2024-12-31,ytd,1444001087,2025-01-03
2226.1,Custodian service - Safe Custody Fee,2024-12-31,month,44776971,2025-02-03
2226.1,Custodian service - Safe Custody Fee,2024-12-31,ytd,845535193,2025-01-03
2226.2,Custodian service - Transaction fee,2024-12-31,month,600000,2025-02-03
2226.2,Custodian service - Transaction fee,2024-12-31,ytd,27050000,2025-01-03
2226.3,"Custodian service -  Depository fee, Position and Margin management fee paid to VSDC",2024-12-31,month,820235,2025-02-03
2226.3,"Custodian service -  Depository fee, Position and Margin management fee paid to VSDC",2024-12-31,ytd,13362675,2025-01-03
2226.4,Supervisory fee,2024-12-31,month,29552800,2025-02-03
2226.4,Supervisory fee,2024-12-31,ytd,558053219,2025-01-03
2227,"Fund Administration Fee, and other fees paid to relevant Fund's service providers",2024-12-31,month,59066235,2025-02-03
2227,"Fund Administration Fee, and other fees paid to relevant Fund's service providers",2024-12-31,ytd,980020965,2025-01-03
2227.1,Fund Administration Fee,2024-12-31,month,45866235,2025-02-03
2227.1,Fund Administration Fee,2024-12-31,ytd,821620965,2025-01-03
2227.2,Transfer Agency Fee,2024-12-31,month,13200000,2025-02-03
2227.2,Transfer Agency Fee,2024-12-31,ytd,158400000,2025-01-03
2228,Audit fee,2024-12-31,month,11366667,2025-02-03
2228,Audit fee,2024-12-31,ytd,134217528,2025-01-03
2229,"Legal consultancy expenses, price feed fee, other valid expenses, remuneration paid to Fund's Board of Representatives",2024-12-31,month,22027758,2025-02-03
2229,"Legal consultancy expenses, price feed fee, other valid expenses, remuneration paid to Fund's Board of Representatives",2024-12-31,ytd,238700000,2025-01-03
2229.1,Remuneration of Fund's Board of Representatives,2024-12-31,month,6508197,2025-02-03
2229.1,Remuneration of Fund's Board of Representatives,2024-12-31,ytd,78000000,2025-01-03
2229.2,Price feed fee,2024-12-31,month,11877717,2025-02-03
2229.2,Price feed fee,2024-12-31,ytd,117500000,2025-01-03
2229.3,Legal consultancy expenses,2024-12-31,month,3641844,2025-02-03
2229.3,Legal consultancy expenses,2024-12-31,ytd,43200000,2025-01-03
2230,"Fee for drafting, printing, distribution of prospectus, summarised prospectus, financial statements, transaction confirmations, account statements and other documents to investors; information disclosure fee; fee for organising annual general meeting, board of representatives meeting",2024-12-31,month,14713036,2025-02-03
2230,"Fee for drafting, printing, distribution of prospectus, summarised prospectus, financial statements, transaction confirmations, account statements and other documents to investors; information disclosure fee; fee for organising annual general meeting, board of representatives meeting",2024-12-31,ytd,145908114,2025-01-03
2230.1,Meeting expenses,2024-12-31,month,14713036,2025-02-03
2230.1,Meeting expenses,2024-12-31,ytd,145908114,2025-01-03
2230.2,Annual report expenses,2024-12-31,month,0,2025-02-03
2230.2,Annual report expenses,2024-12-31,ytd,0,2025-01-03
2230.3,"Fund's Board of Representatives meeting, travelling expenses",2024-12-31,month,0,2025-02-03
2230.3,"Fund's Board of Representatives meeting, travelling expenses",2024-12-31,ytd,0,2025-01-03
2230.4,Expenses of information disclosure of the Fund,2024-12-31,month,0,2025-02-03
2230.4,Expenses of information disclosure of the Fund,2024-12-31,ytd,0,2025-01-03
2230.5,"Designing, printing, posting... expenses",2024-12-31,month,0,2025-02-03
2230.5,"Designing, printing, posting... expenses",2024-12-31,ytd,0,2025-01-03
2231,Expenses related to execution of Fund’s asset transactions,2024-12-31,month,46426060,2025-02-03
2231,Expenses related to execution of Fund’s asset transactions,2024-12-31,ytd,905846094,2025-01-03
2231,Real Estate Management Service fee (not applicable),2024-12-31,month,0,2025-02-03
2231,Real Estate Management Service fee (not applicable),2024-12-31,ytd,0,2025-01-03
2231.1,Brokerage fee,2024-12-31,month,39766051,2025-02-03
2231.1,Brokerage fee,2024-12-31,ytd,892382790,2025-01-03
2231.2,Clearing settlement fee,2024-12-31,month,60009,2025-02-03
2231.2,Clearing settlement fee,2024-12-31,ytd,6863304,2025-01-03
2231.3,Other Expenses,2024-12-31,month,6600000,2025-02-03
2231.3,Other Expenses,2024-12-31,ytd,6600000,2025-01-03
2232,Other expenses,2024-12-31,month,4490746,2025-02-03
2232,Other expenses,2024-12-31,ytd,90320650,2025-01-03
2232,Real estate valuation service fees (not applicable),2024-12-31,month,0,2025-02-03
2232,Real estate valuation service fees (not applicable),2024-12-31,ytd,0,2025-01-03
2232.1,Set up Expenses,2024-12-31,month,0,2025-02-03
2232.1,Set up Expenses,2024-12-31,ytd,0,2025-01-03
2232.2,"Listing, registration fees",2024-12-31,month,0,2025-02-03
2232.2,"Listing, registration fees",2024-12-31,ytd,0,2025-01-03
2232.3,Annual management fee paid to SSC,2024-12-31,month,635246,2025-02-03
2232.3,Annual management fee paid to SSC,2024-12-31,ytd,7500000,2025-01-03
2232.4,Bank charges,2024-12-31,month,3855500,2025-02-03
2232.4,Bank charges,2024-12-31,ytd,80989150,2025-01-03
2232.5,Borrowing expense,2024-12-31,month,0,2025-02-03
2232.5,Borrowing expense,2024-12-31,ytd,0,2025-01-03
2232.6,Other Expenses,2024-12-31,month,0,2025-02-03
2232.6,Other Expenses,2024-12-31,ytd,731500,2025-01-03
2232.7,Fee paid to VSDC for getting the list of investors,2024-12-31,month,0,2025-02-03
2232.7,Fee paid to VSDC for getting the list of investors,2024-12-31,ytd,1100000,2025-01-03
2233,Net Income from Investment Activities (= I - II),2024-12-31,month,5023819744,2025-02-03
2233,Net Income from Investment Activities (= I - II),2024-12-31,ytd,90683969026,2025-01-03
2234,Gain / (Loss) from Investment Activities,2024-12-31,month,-1027703790,2025-02-03
2234,Gain / (Loss) from Investment Activities,2024-12-31,ytd,-4133300575,2025-01-03
2235,Realised Gain / (Loss) from disposal of investment or real estate transfer,2024-12-31,month,-410798733,2025-02-03
2235,Realised Gain / (Loss) from disposal of investment or real estate transfer,2024-12-31,ytd,-2820821003,2025-01-03
2236,Unrealised Gain / (Loss) due to market price,2024-12-31,month,-616905057,2025-02-03
2236,Unrealised Gain / (Loss) due to market price,2024-12-31,ytd,-1312479572,2025-01-03
2237,Change of Net Asset Value of the Fund due to investment activities during the period (= III + IV),2024-12-31,month,3996115954,2025-02-03
2237,Change of Net Asset Value of the Fund due to investment activities during the period (= III + IV),2024-12-31,ytd,86550668451,2025-01-03
2238,Net Asset Value at the beginning of period,2024-12-31,month,1109947632381,2025-02-03
2238,Net Asset Value at the beginning of period,2024-12-31,ytd,1579769018172,2025-01-03
2239,"Change of Net Asset Value of the Fund during the period, of which",2024-12-31,month,69144128391,2025-02-03
2239,"Change of Net Asset Value of the Fund during the period, of which",2024-12-31,ytd,-400677257400,2025-01-03
2239.1,Change of Net Asset Value due to investment activities during the period,2024-12-31,month,3996115954,2025-02-03
2239.1,Change of Net Asset Value due to investment activities during the period,2024-12-31,ytd,86550668451,2025-01-03
2239.2,Change of Net Asset Value due to  dividends payment to investors during the period,2024-12-31,month,0,2025-02-03
2239.2,Change of Net Asset Value due to  dividends payment to investors during the period,2024-12-31,ytd,0,2025-01-03
2239.3,Change of Net Asset Value due to subscription/redemption during the period,2024-12-31,month,65148012437,2025-02-03
2239.3,Change of Net Asset Value due to subscription/redemption during the period,2024-12-31,ytd,-487227925851,2025-01-03
2239.3.1,Change of Net Asset Value due to subscription during the period,2024-12-31,month,707333724115,2025-02-03
2239.3.1,Change of Net Asset Value due to subscription during the period,2024-12-31,ytd,7836835428322,2025-01-03
2239.3.2,Change of Net Asset Value due to redemption during the period,2024-12-31,month,-642185711678,2025-02-03
2239.3.2,Change of Net Asset Value due to redemption during the period,2024-12-31,ytd,-8324063354173,2025-01-03
2243,Net Asset Value at the end of period,2024-12-31,month,1179091760772,2025-02-03
2243,Net Asset Value at the end of period,2024-12-31,ytd,1179091760772,2025-01-03
2244,Average annual profit (only applicable to annual report),2024-12-31,month,0,2025-02-03
2244,Average annual profit (only applicable to annual report),2024-12-31,ytd,0,2025-01-03
2245,Average annual rate of return (only applicable to annual report),2024-12-31,month,0,2025-02-03
2245,Average annual rate of return (only applicable to annual report),2024-12-31,ytd,0,2025-01-03
2220,Income from Investment Activities,2025-01-31,month,6560119350,2025-03-03
2220,Income from Investment Activities,2025-01-31,ytd,6560119350,2025-02-03
2221,"Dividend income, interest income from bonds",2025-01-31,month,3442121560,2025-03-03
2221,"Dividend income, interest income from bonds",2025-01-31,ytd,3442121560,2025-02-03
2221.1,Dividends income,2025-01-31,month,0,2025-03-03
2221.1,Dividends income,2025-01-31,ytd,0,2025-02-03
2221.2,Interest income from bonds,2025-01-31,month,3442121560,2025-03-03
2221.2,Interest income from bonds,2025-01-31,ytd,3442121560,2025-02-03
2222,Interest income,2025-01-31,month,3117997790,2025-03-03
2222,Interest income,2025-01-31,ytd,3117997790,2025-02-03
2222.1,Interest income from bank deposits,2025-01-31,month,1752244366,2025-03-03
2222.1,Interest income from bank deposits,2025-01-31,ytd,1752244366,2025-02-03
2222.2,Interest income from Money market instruments,2025-01-31,month,1365753424,2025-03-03
2222.2,Interest income from Money market instruments,2025-01-31,ytd,1365753424,2025-02-03
2222.3,Interest income from reverse repo contracts,2025-01-31,month,0,2025-03-03
2222.3,Interest income from reverse repo contracts,2025-01-31,ytd,0,2025-02-03
2223,Income from rental property (not applicable),2025-01-31,month,0,2025-03-03
2223,Income from rental property (not applicable),2025-01-31,ytd,0,2025-02-03
2223,Other incomes,2025-01-31,month,0,2025-03-03
2223,Other incomes,2025-01-31,ytd,0,2025-02-03
2223.1,Other investment incomes,2025-01-31,month,0,2025-03-03
2223.1,Other investment incomes,2025-01-31,ytd,0,2025-02-03
2223.2,Other incomes,2025-01-31,month,0,2025-03-03
2223.2,Other incomes,2025-01-31,ytd,0,2025-02-03
2223.3,"Provision expense for bad debts from dividends, interest income and written off bad debts from dividends, interest income",2025-01-31,month,0,2025-03-03
2223.3,"Provision expense for bad debts from dividends, interest income and written off bad debts from dividends, interest income",2025-01-31,ytd,0,2025-02-03
2224,Expenses,2025-01-31,month,1393335371,2025-03-03
2224,Expenses,2025-01-31,ytd,1393335371,2025-02-03
2225,Management Fee paid to Fund Management Company,2025-01-31,month,1185352077,2025-03-03
2225,Management Fee paid to Fund Management Company,2025-01-31,ytd,1185352077,2025-02-03
2226,"Custody fee, Supervising fee paid to Supervising Bank/VSDC",2025-01-31,month,83036857,2025-03-03
2226,"Custody fee, Supervising fee paid to Supervising Bank/VSDC",2025-01-31,ytd,83036857,2025-02-03
2226.1,Custodian service - Safe Custody Fee,2025-01-31,month,49389673,2025-03-03
2226.1,Custodian service - Safe Custody Fee,2025-01-31,ytd,49389673,2025-02-03
2226.2,Custodian service - Transaction fee,2025-01-31,month,600000,2025-03-03
2226.2,Custodian service - Transaction fee,2025-01-31,ytd,600000,2025-02-03
2226.3,"Custodian service -  Depository fee, Position and Margin management fee paid to VSDC",2025-01-31,month,450000,2025-03-03
2226.3,"Custodian service -  Depository fee, Position and Margin management fee paid to VSDC",2025-01-31,ytd,450000,2025-02-03
2226.4,Supervisory fee,2025-01-31,month,32597184,2025-03-03
2226.4,Supervisory fee,2025-01-31,ytd,32597184,2025-02-03
2227,"Fund Administration Fee, and other fees paid to relevant Fund's service providers",2025-01-31,month,63125408,2025-03-03
2227,"Fund Administration Fee, and other fees paid to relevant Fund's service providers",2025-01-31,ytd,63125408,2025-02-03
2227.1,Fund Administration Fee,2025-01-31,month,49925408,2025-03-03
2227.1,Fund Administration Fee,2025-01-31,ytd,49925408,2025-02-03
2227.2,Transfer Agency Fee,2025-01-31,month,13200000,2025-03-03
2227.2,Transfer Agency Fee,2025-01-31,ytd,13200000,2025-02-03
2228,Audit fee,2025-01-31,month,11397808,2025-03-03
2228,Audit fee,2025-01-31,ytd,11397808,2025-02-03
2229,"Legal consultancy expenses, price feed fee, other valid expenses, remuneration paid to Fund's Board of Representatives",2025-01-31,month,18651256,2025-03-03
2229,"Legal consultancy expenses, price feed fee, other valid expenses, remuneration paid to Fund's Board of Representatives",2025-01-31,ytd,18651256,2025-02-03
2229.1,Remuneration of Fund's Board of Representatives,2025-01-31,month,6509589,2025-03-03
2229.1,Remuneration of Fund's Board of Representatives,2025-01-31,ytd,6509589,2025-02-03
2229.2,Price feed fee,2025-01-31,month,12141667,2025-03-03
2229.2,Price feed fee,2025-01-31,ytd,12141667,2025-02-03
2229.3,Legal consultancy expenses,2025-01-31,month,0,2025-03-03
2229.3,Legal consultancy expenses,2025-01-31,ytd,0,2025-02-03
2230,"Fee for drafting, printing, distribution of prospectus, summarised prospectus, financial statements, transaction confirmations, account statements and other documents to investors; information disclosure fee; fee for organising annual general meeting, board of representatives meeting",2025-01-31,month,3509000,2025-03-03
2230,"Fee for drafting, printing, distribution of prospectus, summarised prospectus, financial statements, transaction confirmations, account statements and other documents to investors; information disclosure fee; fee for organising annual general meeting, board of representatives meeting",2025-01-31,ytd,3509000,2025-02-03
2230.1,Meeting expenses,2025-01-31,month,3509000,2025-03-03
2230.1,Meeting expenses,2025-01-31,ytd,3509000,2025-02-03
2230.2,Annual report expenses,2025-01-31,month,0,2025-03-03
2230.2,Annual report expenses,2025-01-31,ytd,0,2025-02-03
2230.3,"Fund's Board of Representatives meeting, travelling expenses",2025-01-31,month,0,2025-03-03
2230.3,"Fund's Board of Representatives meeting, travelling expenses",2025-01-31,ytd,0,2025-02-03
2230.4,Expenses of information disclosure of the Fund,2025-01-31,month,0,2025-03-03
2230.4,Expenses of information disclosure of the Fund,2025-01-31,ytd,0,2025-02-03
2230.5,"Designing, printing, posting... expenses",2025-01-31,month,0,2025-03-03
2230.5,"Designing, printing, posting... expenses",2025-01-31,ytd,0,2025-02-03
2231,Expenses related to execution of Fund’s asset transactions,2025-01-31,month,24668079,2025-03-03
2231,Expenses related to execution of Fund’s asset transactions,2025-01-31,ytd,24668079,2025-02-03
2231,Real Estate Management Service fee (not applicable),2025-01-31,month,0,2025-03-03
2231,Real Estate Management Service fee (not applicable),2025-01-31,ytd,0,2025-02-03
2231.1,Brokerage fee,2025-01-31,month,24668079,2025-03-03
2231.1,Brokerage fee,2025-01-31,ytd,24668079,2025-02-03
2231.2,Clearing settlement fee,2025-01-31,month,0,2025-03-03
2231.2,Clearing settlement fee,2025-01-31,ytd,0,2025-02-03
2231.3,Other Expenses,2025-01-31,month,0,2025-03-03
2231.3,Other Expenses,2025-01-31,ytd,0,2025-02-03
2232,Other expenses,2025-01-31,month,3594886,2025-03-03
2232,Other expenses,2025-01-31,ytd,3594886,2025-02-03
2232,Real estate valuation service fees (not applicable),2025-01-31,month,0,2025-03-03
2232,Real estate valuation service fees (not applicable),2025-01-31,ytd,0,2025-02-03
2232.1,Set up Expenses,2025-01-31,month,0,2025-03-03
2232.1,Set up Expenses,2025-01-31,ytd,0,2025-02-03
2232.2,"Listing, registration fees",2025-01-31,month,0,2025-03-03
2232.2,"Listing, registration fees",2025-01-31,ytd,0,2025-02-03
2232.3,Annual management fee paid to SSC,2025-01-31,month,636986,2025-03-03
2232.3,Annual management fee paid to SSC,2025-01-31,ytd,636986,2025-02-03
2232.4,Bank charges,2025-01-31,month,2957900,2025-03-03
2232.4,Bank charges,2025-01-31,ytd,2957900,2025-02-03
2232.5,Borrowing expense,2025-01-31,month,0,2025-03-03
2232.5,Borrowing expense,2025-01-31,ytd,0,2025-02-03
2232.6,Other Expenses,2025-01-31,month,0,2025-03-03
2232.6,Other Expenses,2025-01-31,ytd,0,2025-02-03
2232.7,Fee paid to VSDC for getting the list of investors,2025-01-31,month,0,2025-03-03
2232.7,Fee paid to VSDC for getting the list of investors,2025-01-31,ytd,0,2025-02-03
2233,Net Income from Investment Activities (= I - II),2025-01-31,month,5166783979,2025-03-03
2233,Net Income from Investment Activities (= I - II),2025-01-31,ytd,5166783979,2025-02-03
2234,Gain / (Loss) from Investment Activities,2025-01-31,month,-26373824,2025-03-03
2234,Gain / (Loss) from Investment Activities,2025-01-31,ytd,-26373824,2025-02-03
2235,Realised Gain / (Loss) from disposal of investment or real estate transfer,2025-01-31,month,-65555890,2025-03-03
2235,Realised Gain / (Loss) from disposal of investment or real estate transfer,2025-01-31,ytd,-65555890,2025-02-03
2236,Unrealised Gain / (Loss) due to market price,2025-01-31,month,39182066,2025-03-03
2236,Unrealised Gain / (Loss) due to market price,2025-01-31,ytd,39182066,2025-02-03
2237,Change of Net Asset Value of the Fund due to investment activities during the period (= III + IV),2025-01-31,month,5140410155,2025-03-03
2237,Change of Net Asset Value of the Fund due to investment activities during the period (= III + IV),2025-01-31,ytd,5140410155,2025-02-03
2238,Net Asset Value at the beginning of period,2025-01-31,month,1179091760772,2025-03-03
2238,Net Asset Value at the beginning of period,2025-01-31,ytd,1179091760772,2025-02-03
2239,"Change of Net Asset Value of the Fund during the period, of which",2025-01-31,month,-16296160447,2025-03-03
2239,"Change of Net Asset Value of the Fund during the period, of which",2025-01-31,ytd,-16296160447,2025-02-03
2239.1,Change of Net Asset Value due to investment activities during the period,2025-01-31,month,5140410155,2025-03-03
2239.1,Change of Net Asset Value due to investment activities during the period,2025-01-31,ytd,5140410155,2025-02-03
2239.2,Change of Net Asset Value due to  dividends payment to investors during the period,2025-01-31,month,0,2025-03-03
2239.2,Change of Net Asset Value due to  dividends payment to investors during the period,2025-01-31,ytd,0,2025-02-03
2239.3,Change of Net Asset Value due to subscription/redemption during the period,2025-01-31,month,-21436570602,2025-03-03
2239.3,Change of Net Asset Value due to subscription/redemption during the period,2025-01-31,ytd,-21436570602,2025-02-03
2239.3.1,Change of Net Asset Value due to subscription during the period,2025-01-31,month,348399328167,2025-03-03
2239.3.1,Change of Net Asset Value due to subscription during the period,2025-01-31,ytd,348399328167,2025-02-03
2239.3.2,Change of Net Asset Value due to redemption during the period,2025-01-31,month,-369835898769,2025-03-03
2239.3.2,Change of Net Asset Value due to redemption during the period,2025-01-31,ytd,-369835898769,2025-02-03
2243,Net Asset Value at the end of period,2025-01-31,month,1162795600325,2025-03-03
2243,Net Asset Value at the end of period,2025-01-31,ytd,1162795600325,2025-02-03
2244,Average annual profit (only applicable to annual report),2025-01-31,month,0,2025-03-03
2244,Average annual profit (only applicable to annual report),2025-01-31,ytd,0,2025-02-03
2245,Average annual rate of return (only applicable to annual report),2025-01-31,month,0,2025-03-03
2245,Average annual rate of return (only applicable to annual report),2025-01-31,ytd,0,2025-02-03
2220,Income from Investment Activities,2025-02-28,month,6159173238,2025-04-01
2220,Income from Investment Activities,2025-02-28,ytd,12719292588,2025-03-03
2221,"Dividend income, interest income from bonds",2025-02-28,month,2970850138,2025-04-01
2221,"Dividend income, interest income from bonds",2025-02-28,ytd,6412971698,2025-03-03
2221.1,Dividends income,2025-02-28,month,0,2025-04-01
2221.1,Dividends income,2025-02-28,ytd,0,2025-03-03
2221.2,Interest income from bonds,2025-02-28,month,2970850138,2025-04-01
2221.2,Interest income from bonds,2025-02-28,ytd,6412971698,2025-03-03
2222,Interest income,2025-02-28,month,3188323100,2025-04-01
2222,Interest income,2025-02-28,ytd,6306320890,2025-03-03
2222.1,Interest income from bank deposits,2025-02-28,month,1925638168,2025-04-01
2222.1,Interest income from bank deposits,2025-02-28,ytd,3677882534,2025-03-03
2222.2,Interest income from Money market instruments,2025-02-28,month,1262684932,2025-04-01
2222.2,Interest income from Money market instruments,2025-02-28,ytd,2628438356,2025-03-03
2222.3,Interest income from reverse repo contracts,2025-02-28,month,0,2025-04-01
2222.3,Interest income from reverse repo contracts,2025-02-28,ytd,0,2025-03-03
2223,Income from rental property (not applicable),2025-02-28,month,0,2025-04-01
2223,Income from rental property (not applicable),2025-02-28,ytd,0,2025-03-03
2223,Other incomes,2025-02-28,month,0,2025-04-01
2223,Other incomes,2025-02-28,ytd,0,2025-03-03
2223.1,Other investment incomes,2025-02-28,month,0,2025-04-01
2223.1,Other investment incomes,2025-02-28,ytd,0,2025-03-03
2223.2,Other incomes,2025-02-28,month,0,2025-04-01
2223.2,Other incomes,2025-02-28,ytd,0,2025-03-03
2223.3,"Provision expense for bad debts from dividends, interest income and written off bad debts from dividends, interest income",2025-02-28,month,0,2025-04-01
2223.3,"Provision expense for bad debts from dividends, interest income and written off bad debts from dividends, interest income",2025-02-28,ytd,0,2025-03-03
2224,Expenses,2025-02-28,month,1330313888,2025-04-01
2224,Expenses,2025-02-28,ytd,2723649259,2025-03-03
2225,Management Fee paid to Fund Management Company,2025-02-28,month,1120523716,2025-04-01
2225,Management Fee paid to Fund Management Company,2025-02-28,ytd,2305875793,2025-03-03
2226,"Custody fee, Supervising fee paid to Supervising Bank/VSDC",2025-02-28,month,79423574,2025-04-01
2226,"Custody fee, Supervising fee paid to Supervising Bank/VSDC",2025-02-28,ytd,162460431,2025-03-03
2226.1,Custodian service - Safe Custody Fee,2025-02-28,month,46688488,2025-04-01
2226.1,Custodian service - Safe Custody Fee,2025-02-28,ytd,96078161,2025-03-03
2226.2,Custodian service - Transaction fee,2025-02-28,month,1050000,2025-04-01
2226.2,Custodian service - Transaction fee,2025-02-28,ytd,1650000,2025-03-03
2226.3,"Custodian service -  Depository fee, Position and Margin management fee paid to VSDC",2025-02-28,month,870686,2025-04-01
2226.3,"Custodian service -  Depository fee, Position and Margin management fee paid to VSDC",2025-02-28,ytd,1320686,2025-03-03
2226.4,Supervisory fee,2025-02-28,month,30814400,2025-04-01
2226.4,Supervisory fee,2025-02-28,ytd,63411584,2025-03-03
2227,"Fund Administration Fee, and other fees paid to relevant Fund's service providers",2025-02-28,month,60748370,2025-04-01
2227,"Fund Administration Fee, and other fees paid to relevant Fund's service providers",2025-02-28,ytd,123873778,2025-03-03
2227.1,Fund Administration Fee,2025-02-28,month,47548370,2025-04-01
2227.1,Fund Administration Fee,2025-02-28,ytd,97473778,2025-03-03
2227.2,Transfer Agency Fee,2025-02-28,month,13200000,2025-04-01
2227.2,Transfer Agency Fee,2025-02-28,ytd,26400000,2025-03-03
2228,Audit fee,2025-02-28,month,10294795,2025-04-01
2228,Audit fee,2025-02-28,ytd,21692603,2025-03-03
2229,"Legal consultancy expenses, price feed fee, other valid expenses, remuneration paid to Fund's Board of Representatives",2025-02-28,month,17426940,2025-04-01
2229,"Legal consultancy expenses, price feed fee, other valid expenses, remuneration paid to Fund's Board of Representatives",2025-02-28,ytd,36078196,2025-03-03
2229.1,Remuneration of Fund's Board of Representatives,2025-02-28,month,6460274,2025-04-01
2229.1,Remuneration of Fund's Board of Representatives,2025-02-28,ytd,12969863,2025-03-03
2229.2,Price feed fee,2025-02-28,month,10966666,2025-04-01
2229.2,Price feed fee,2025-02-28,ytd,23108333,2025-03-03
2229.3,Legal consultancy expenses,2025-02-28,month,0,2025-04-01
2229.3,Legal consultancy expenses,2025-02-28,ytd,0,2025-03-03
2230,"Fee for drafting, printing, distribution of prospectus, summarised prospectus, financial statements, transaction confirmations, account statements and other documents to investors; information disclosure fee; fee for organising annual general meeting, board of representatives meeting",2025-02-28,month,3169420,2025-04-01
2230,"Fee for drafting, printing, distribution of prospectus, summarised prospectus, financial statements, transaction confirmations, account statements and other documents to investors; information disclosure fee; fee for organising annual general meeting, board of representatives meeting",2025-02-28,ytd,6678420,2025-03-03
2230.1,Meeting expenses,2025-02-28,month,3169420,2025-04-01
2230.1,Meeting expenses,2025-02-28,ytd,6678420,2025-03-03
2230.2,Annual report expenses,2025-02-28,month,0,2025-04-01
2230.2,Annual report expenses,2025-02-28,ytd,0,2025-03-03
2230.3,"Fund's Board of Representatives meeting, travelling expenses",2025-02-28,month,0,2025-04-01
2230.3,"Fund's Board of Representatives meeting, travelling expenses",2025-02-28,ytd,0,2025-03-03
2230.4,Expenses of information disclosure of the Fund,2025-02-28,month,0,2025-04-01
2230.4,Expenses of information disclosure of the Fund,2025-02-28,ytd,0,2025-03-03
2230.5,"Designing, printing, posting... expenses",2025-02-28,month,0,2025-04-01
2230.5,"Designing, printing, posting... expenses",2025-02-28,ytd,0,2025-03-03
2231,Expenses related to execution of Fund’s asset transactions,2025-02-28,month,32416330,2025-04-01
2231,Expenses related to execution of Fund’s asset transactions,2025-02-28,ytd,57084409,2025-03-03
2231,Real Estate Management Service fee (not applicable),2025-02-28,month,0,2025-04-01
2231,Real Estate Management Service fee (not applicable),2025-02-28,ytd,0,2025-03-03
2231.1,Brokerage fee,2025-02-28,month,31846328,2025-04-01
2231.1,Brokerage fee,2025-02-28,ytd,56514407,2025-03-03
2231.2,Clearing settlement fee,2025-02-28,month,570002,2025-04-01
2231.2,Clearing settlement fee,2025-02-28,ytd,570002,2025-03-03
2231.3,Other Expenses,2025-02-28,month,0,2025-04-01
2231.3,Other Expenses,2025-02-28,ytd,0,2025-03-03
2232,Other expenses,2025-02-28,month,6310743,2025-04-01
2232,Other expenses,2025-02-28,ytd,9905629,2025-03-03
2232,Real estate valuation service fees (not applicable),2025-02-28,month,0,2025-04-01
2232,Real estate valuation service fees (not applicable),2025-02-28,ytd,0,2025-03-03
2232.1,Set up Expenses,2025-02-28,month,0,2025-04-01
2232.1,Set up Expenses,2025-02-28,ytd,0,2025-03-03
2232.2,"Listing, registration fees",2025-02-28,month,0,2025-04-01
2232.2,"Listing, registration fees",2025-02-28,ytd,0,2025-03-03
2232.3,Annual management fee paid to SSC,2025-02-28,month,575343,2025-04-01
2232.3,Annual management fee paid to SSC,2025-02-28,ytd,1212329,2025-03-03
2232.4,Bank charges,2025-02-28,month,5735400,2025-04-01
2232.4,Bank charges,2025-02-28,ytd,8693300,2025-03-03
2232.5,Borrowing expense,2025-02-28,month,0,2025-04-01
2232.5,Borrowing expense,2025-02-28,ytd,0,2025-03-03
2232.6,Other Expenses,2025-02-28,month,0,2025-04-01
2232.6,Other Expenses,2025-02-28,ytd,0,2025-03-03
2232.7,Fee paid to VSDC for getting the list of investors,2025-02-28,month,0,2025-04-01
2232.7,Fee paid to VSDC for getting the list of investors,2025-02-28,ytd,0,2025-03-03
2233,Net Income from Investment Activities (= I - II),2025-02-28,month,4828859350,2025-04-01
2233,Net Income from Investment Activities (= I - II),2025-02-28,ytd,9995643329,2025-03-03
2234,Gain / (Loss) from Investment Activities,2025-02-28,month,646014564,2025-04-01
2234,Gain / (Loss) from Investment Activities,2025-02-28,ytd,619640740,2025-03-03
2235,Realised Gain / (Loss) from disposal of investment or real estate transfer,2025-02-28,month,49901461,2025-04-01
2235,Realised Gain / (Loss) from disposal of investment or real estate transfer,2025-02-28,ytd,-15654429,2025-03-03
2236,Unrealised Gain / (Loss) due to market price,2025-02-28,month,596113103,2025-04-01
2236,Unrealised Gain / (Loss) due to market price,2025-02-28,ytd,635295169,2025-03-03
2237,Change of Net Asset Value of the Fund due to investment activities during the period (= III + IV),2025-02-28,month,5474873914,2025-04-01
2237,Change of Net Asset Value of the Fund due to investment activities during the period (= III + IV),2025-02-28,ytd,10615284069,2025-03-03
2238,Net Asset Value at the beginning of period,2025-02-28,month,1162795600325,2025-04-01
2238,Net Asset Value at the beginning of period,2025-02-28,ytd,1179091760772,2025-03-03
2239,"Change of Net Asset Value of the Fund during the period, of which",2025-02-28,month,68249819359,2025-04-01
2239,"Change of Net Asset Value of the Fund during the period, of which",2025-02-28,ytd,51953658912,2025-03-03
2239.1,Change of Net Asset Value due to investment activities during the period,2025-02-28,month,5474873914,2025-04-01
2239.1,Change of Net Asset Value due to investment activities during the period,2025-02-28,ytd,10615284069,2025-03-03
2239.2,Change of Net Asset Value due to  dividends payment to investors during the period,2025-02-28,month,0,2025-04-01
2239.2,Change of Net Asset Value due to  dividends payment to investors during the period,2025-02-28,ytd,0,2025-03-03
2239.3,Change of Net Asset Value due to subscription/redemption during the period,2025-02-28,month,62774945445,2025-04-01
2239.3,Change of Net Asset Value due to subscription/redemption during the period,2025-02-28,ytd,41338374843,2025-03-03
2239.3.1,Change of Net Asset Value due to subscription during the period,2025-02-28,month,553842409279,2025-04-01
2239.3.1,Change of Net Asset Value due to subscription during the period,2025-02-28,ytd,902241737446,2025-03-03
2239.3.2,Change of Net Asset Value due to redemption during the period,2025-02-28,month,-491067463834,2025-04-01
2239.3.2,Change of Net Asset Value due to redemption during the period,2025-02-28,ytd,-860903362603,2025-03-03
2243,Net Asset Value at the end of period,2025-02-28,month,1231045419684,2025-04-01
2243,Net Asset Value at the end of period,2025-02-28,ytd,1231045419684,2025-03-03
2244,Average annual profit (only applicable to annual report),2025-02-28,month,0,2025-04-01
2244,Average annual profit (only applicable to annual report),2025-02-28,ytd,0,2025-03-03
2245,Average annual rate of return (only applicable to annual report),2025-02-28,month,0,2025-04-01
2245,Average annual rate of return (only applicable to annual report),2025-02-28,ytd,0,2025-03-03
2220,Income from Investment Activities,2025-03-31,month,6928081127,2025-05-05
2220,Income from Investment Activities,2025-03-31,ytd,19647373715,2025-04-01
2221,"Dividend income, interest income from bonds",2025-03-31,month,3328335033,2025-05-05
2221,"Dividend income, interest income from bonds",2025-03-31,ytd,9741306731,2025-04-01
2221.1,Dividends income,2025-03-31,month,0,2025-05-05
2221.1,Dividends income,2025-03-31,ytd,0,2025-04-01
2221.2,Interest income from bonds,2025-03-31,month,3328335033,2025-05-05
2221.2,Interest income from bonds,2025-03-31,ytd,9741306731,2025-04-01
2222,Interest income,2025-03-31,month,3599746094,2025-05-05
2222,Interest income,2025-03-31,ytd,9906066984,2025-04-01
2222.1,Interest income from bank deposits,2025-03-31,month,2115307739,2025-05-05
2222.1,Interest income from bank deposits,2025-03-31,ytd,5793190273,2025-04-01
2222.2,Interest income from Money market instruments,2025-03-31,month,1484438355,2025-05-05
2222.2,Interest income from Money market instruments,2025-03-31,ytd,4112876711,2025-04-01
2222.3,Interest income from reverse repo contracts,2025-03-31,month,0,2025-05-05
2222.3,Interest income from reverse repo contracts,2025-03-31,ytd,0,2025-04-01
2223,Income from rental property (not applicable),2025-03-31,month,0,2025-05-05
2223,Income from rental property (not applicable),2025-03-31,ytd,0,2025-04-01
2223,Other incomes,2025-03-31,month,0,2025-05-05
2223,Other incomes,2025-03-31,ytd,0,2025-04-01
2223.1,Other investment incomes,2025-03-31,month,0,2025-05-05
2223.1,Other investment incomes,2025-03-31,ytd,0,2025-04-01
2223.2,Other incomes,2025-03-31,month,0,2025-05-05
2223.2,Other incomes,2025-03-31,ytd,0,2025-04-01
2223.3,"Provision expense for bad debts from dividends, interest income and written off bad debts from dividends, interest income",2025-03-31,month,0,2025-05-05
2223.3,"Provision expense for bad debts from dividends, interest income and written off bad debts from dividends, interest income",2025-03-31,ytd,0,2025-04-01
2224,Expenses,2025-03-31,month,1483088984,2025-05-05
2224,Expenses,2025-03-31,ytd,4206738243,2025-04-01
2225,Management Fee paid to Fund Management Company,2025-03-31,month,1257536468,2025-05-05
2225,Management Fee paid to Fund Management Company,2025-03-31,ytd,3563412261,2025-04-01
2226,"Custody fee, Supervising fee paid to Supervising Bank/VSDC",2025-03-31,month,89105834,2025-05-05
2226,"Custody fee, Supervising fee paid to Supervising Bank/VSDC",2025-03-31,ytd,251566265,2025-04-01
2226.1,Custodian service - Safe Custody Fee,2025-03-31,month,52397352,2025-05-05
2226.1,Custodian service - Safe Custody Fee,2025-03-31,ytd,148475513,2025-04-01
2226.2,Custodian service - Transaction fee,2025-03-31,month,1500000,2025-05-05
2226.2,Custodian service - Transaction fee,2025-03-31,ytd,3150000,2025-04-01
2226.3,"Custodian service -  Depository fee, Position and Margin management fee paid to VSDC",2025-03-31,month,626230,2025-05-05
2226.3,"Custodian service -  Depository fee, Position and Margin management fee paid to VSDC",2025-03-31,ytd,1946916,2025-04-01
2226.4,Supervisory fee,2025-03-31,month,34582252,2025-05-05
2226.4,Supervisory fee,2025-03-31,ytd,97993836,2025-04-01
2227,"Fund Administration Fee, and other fees paid to relevant Fund's service providers",2025-03-31,month,61602818,2025-05-05
2227,"Fund Administration Fee, and other fees paid to relevant Fund's service providers",2025-03-31,ytd,185476596,2025-04-01
2227.1,Fund Administration Fee,2025-03-31,month,48402818,2025-05-05
2227.1,Fund Administration Fee,2025-03-31,ytd,145876596,2025-04-01
2227.2,Transfer Agency Fee,2025-03-31,month,13200000,2025-05-05
2227.2,Transfer Agency Fee,2025-03-31,ytd,39600000,2025-04-01
2228,Audit fee,2025-03-31,month,11397808,2025-05-05
2228,Audit fee,2025-03-31,ytd,33090411,2025-04-01
2229,"Legal consultancy expenses, price feed fee, other valid expenses, remuneration paid to Fund's Board of Representatives",2025-03-31,month,18651256,2025-05-05
2229,"Legal consultancy expenses, price feed fee, other valid expenses, remuneration paid to Fund's Board of Representatives",2025-03-31,ytd,54729452,2025-04-01
2229.1,Remuneration of Fund's Board of Representatives,2025-03-31,month,6509589,2025-05-05
2229.1,Remuneration of Fund's Board of Representatives,2025-03-31,ytd,19479452,2025-04-01
2229.2,Price feed fee,2025-03-31,month,12141667,2025-05-05
2229.2,Price feed fee,2025-03-31,ytd,35250000,2025-04-01
2229.3,Legal consultancy expenses,2025-03-31,month,0,2025-05-05
2229.3,Legal consultancy expenses,2025-03-31,ytd,0,2025-04-01
2230,"Fee for drafting, printing, distribution of prospectus, summarised prospectus, financial statements, transaction confirmations, account statements and other documents to investors; information disclosure fee; fee for organising annual general meeting, board of representatives meeting",2025-03-31,month,3509001,2025-05-05
2230,"Fee for drafting, printing, distribution of prospectus, summarised prospectus, financial statements, transaction confirmations, account statements and other documents to investors; information disclosure fee; fee for organising annual general meeting, board of representatives meeting",2025-03-31,ytd,10187421,2025-04-01
2230.1,Meeting expenses,2025-03-31,month,3509001,2025-05-05
2230.1,Meeting expenses,2025-03-31,ytd,10187421,2025-04-01
2230.2,Annual report expenses,2025-03-31,month,0,2025-05-05
2230.2,Annual report expenses,2025-03-31,ytd,0,2025-04-01
2230.3,"Fund's Board of Representatives meeting, travelling expenses",2025-03-31,month,0,2025-05-05
2230.3,"Fund's Board of Representatives meeting, travelling expenses",2025-03-31,ytd,0,2025-04-01
2230.4,Expenses of information disclosure of the Fund,2025-03-31,month,0,2025-05-05
2230.4,Expenses of information disclosure of the Fund,2025-03-31,ytd,0,2025-04-01
2230.5,"Designing, printing, posting... expenses",2025-03-31,month,0,2025-05-05
2230.5,"Designing, printing, posting... expenses",2025-03-31,ytd,0,2025-04-01
2231,Expenses related to execution of Fund’s asset transactions,2025-03-31,month,29050413,2025-05-05
2231,Expenses related to execution of Fund’s asset transactions,2025-03-31,ytd,86134822,2025-04-01
2231,Real Estate Management Service fee (not applicable),2025-03-31,month,0,2025-05-05
2231,Real Estate Management Service fee (not applicable),2025-03-31,ytd,0,2025-04-01
2231.1,Brokerage fee,2025-03-31,month,28879255,2025-05-05
2231.1,Brokerage fee,2025-03-31,ytd,85393662,2025-04-01
2231.2,Clearing settlement fee,2025-03-31,month,171158,2025-05-05
2231.2,Clearing settlement fee,2025-03-31,ytd,741160,2025-04-01
2231.3,Other Expenses,2025-03-31,month,0,2025-05-05
2231.3,Other Expenses,2025-03-31,ytd,0,2025-04-01
2232,Other expenses,2025-03-31,month,12235386,2025-05-05
2232,Other expenses,2025-03-31,ytd,22141015,2025-04-01
2232,Real estate valuation service fees (not applicable),2025-03-31,month,0,2025-05-05
2232,Real estate valuation service fees (not applicable),2025-03-31,ytd,0,2025-04-01
2232.1,Set up Expenses,2025-03-31,month,0,2025-05-05
2232.1,Set up Expenses,2025-03-31,ytd,0,2025-04-01
2232.2,"Listing, registration fees",2025-03-31,month,0,2025-05-05
2232.2,"Listing, registration fees",2025-03-31,ytd,0,2025-04-01
2232.3,Annual management fee paid to SSC,2025-03-31,month,636986,2025-05-05
2232.3,Annual management fee paid to SSC,2025-03-31,ytd,1849315,2025-04-01
2232.4,Bank charges,2025-03-31,month,11598400,2025-05-05
2232.4,Bank charges,2025-03-31,ytd,20291700,2025-04-01
2232.5,Borrowing expense,2025-03-31,month,0,2025-05-05
2232.5,Borrowing expense,2025-03-31,ytd,0,2025-04-01
2232.6,Other Expenses,2025-03-31,month,0,2025-05-05
2232.6,Other Expenses,2025-03-31,ytd,0,2025-04-01
2232.7,Fee paid to VSDC for getting the list of investors,2025-03-31,month,0,2025-05-05
2232.7,Fee paid to VSDC for getting the list of investors,2025-03-31,ytd,0,2025-04-01
2233,Net Income from Investment Activities (= I - II),2025-03-31,month,5444992143,2025-05-05
2233,Net Income from Investment Activities (= I - II),2025-03-31,ytd,15440635472,2025-04-01
2234,Gain / (Loss) from Investment Activities,2025-03-31,month,-436053788,2025-05-05
2234,Gain / (Loss) from Investment Activities,2025-03-31,ytd,183586952,2025-04-01
2235,Realised Gain / (Loss) from disposal of investment or real estate transfer,2025-03-31,month,-73475958,2025-05-05
2235,Realised Gain / (Loss) from disposal of investment or real estate transfer,2025-03-31,ytd,-89130387,2025-04-01
2236,Unrealised Gain / (Loss) due to market price,2025-03-31,month,-362577830,2025-05-05
2236,Unrealised Gain / (Loss) due to market price,2025-03-31,ytd,272717339,2025-04-01
2237,Change of Net Asset Value of the Fund due to investment activities during the period (= III + IV),2025-03-31,month,5008938355,2025-05-05
2237,Change of Net Asset Value of the Fund due to investment activities during the period (= III + IV),2025-03-31,ytd,15624222424,2025-04-01
2238,Net Asset Value at the beginning of period,2025-03-31,month,1231045419684,2025-05-05
2238,Net Asset Value at the beginning of period,2025-03-31,ytd,1179091760772,2025-04-01
2239,"Change of Net Asset Value of the Fund during the period, of which",2025-03-31,month,-26536526054,2025-05-05
2239,"Change of Net Asset Value of the Fund during the period, of which",2025-03-31,ytd,25417132858,2025-04-01
2239.1,Change of Net Asset Value due to investment activities during the period,2025-03-31,month,5008938355,2025-05-05
2239.1,Change of Net Asset Value due to investment activities during the period,2025-03-31,ytd,15624222424,2025-04-01
2239.2,Change of Net Asset Value due to  dividends payment to investors during the period,2025-03-31,month,0,2025-05-05
2239.2,Change of Net Asset Value due to  dividends payment to investors during the period,2025-03-31,ytd,0,2025-04-01
2239.3,Change of Net Asset Value due to subscription/redemption during the period,2025-03-31,month,-31545464409,2025-05-05
2239.3,Change of Net Asset Value due to subscription/redemption during the period,2025-03-31,ytd,9792910434,2025-04-01
2239.3.1,Change of Net Asset Value due to subscription during the period,2025-03-31,month,633421831294,2025-05-05
2239.3.1,Change of Net Asset Value due to subscription during the period,2025-03-31,ytd,1535663568740,2025-04-01
2239.3.2,Change of Net Asset Value due to redemption during the period,2025-03-31,month,-664967295703,2025-05-05
2239.3.2,Change of Net Asset Value due to redemption during the period,2025-03-31,ytd,-1525870658306,2025-04-01
2243,Net Asset Value at the end of period,2025-03-31,month,1204508893630,2025-05-05
2243,Net Asset Value at the end of period,2025-03-31,ytd,1204508893630,2025-04-01
2244,Average annual profit (only applicable to annual report),2025-03-31,month,0,2025-05-05
2244,Average annual profit (only applicable to annual report),2025-03-31,ytd,0,2025-04-01
2245,Average annual rate of return (only applicable to annual report),2025-03-31,month,0,2025-05-05
2245,Average annual rate of return (only applicable to annual report),2025-03-31,ytd,0,2025-04-01
2220,Income from Investment Activities,2025-04-30,month,6549975338,2025-06-02
2220,Income from Investment Activities,2025-04-30,ytd,26197349053,2025-05-05
2221,"Dividend income, interest income from bonds",2025-04-30,month,3550495451,2025-06-02
2221,"Dividend income, interest income from bonds",2025-04-30,ytd,13291802182,2025-05-05
2221.1,Dividends income,2025-04-30,month,0,2025-06-02
2221.1,Dividends income,2025-04-30,ytd,0,2025-05-05
2221.2,Interest income from bonds,2025-04-30,month,3550495451,2025-06-02
2221.2,Interest income from bonds,2025-04-30,ytd,13291802182,2025-05-05
2222,Interest income,2025-04-30,month,2999479887,2025-06-02
2222,Interest income,2025-04-30,ytd,12905546871,2025-05-05
2222.1,Interest income from bank deposits,2025-04-30,month,1681096325,2025-06-02
2222.1,Interest income from bank deposits,2025-04-30,ytd,7474286598,2025-05-05
2222.2,Interest income from Money market instruments,2025-04-30,month,1318383562,2025-06-02
2222.2,Interest income from Money market instruments,2025-04-30,ytd,5431260273,2025-05-05
2222.3,Interest income from reverse repo contracts,2025-04-30,month,0,2025-06-02
2222.3,Interest income from reverse repo contracts,2025-04-30,ytd,0,2025-05-05
2223,Income from rental property (not applicable),2025-04-30,month,0,2025-06-02
2223,Income from rental property (not applicable),2025-04-30,ytd,0,2025-05-05
2223,Other incomes,2025-04-30,month,0,2025-06-02
2223,Other incomes,2025-04-30,ytd,0,2025-05-05
2223.1,Other investment incomes,2025-04-30,month,0,2025-06-02
2223.1,Other investment incomes,2025-04-30,ytd,0,2025-05-05
2223.2,Other incomes,2025-04-30,month,0,2025-06-02
2223.2,Other incomes,2025-04-30,ytd,0,2025-05-05
2223.3,"Provision expense for bad debts from dividends, interest income and written off bad debts from dividends, interest income",2025-04-30,month,0,2025-06-02
2223.3,"Provision expense for bad debts from dividends, interest income and written off bad debts from dividends, interest income",2025-04-30,ytd,0,2025-05-05
2224,Expenses,2025-04-30,month,1314822119,2025-06-02
2224,Expenses,2025-04-30,ytd,5521560362,2025-05-05
2225,Management Fee paid to Fund Management Company,2025-04-30,month,1109454844,2025-06-02
2225,Management Fee paid to Fund Management Company,2025-04-30,ytd,4672867105,2025-05-05
2226,"Custody fee, Supervising fee paid to Supervising Bank/VSDC",2025-04-30,month,78763924,2025-06-02
2226,"Custody fee, Supervising fee paid to Supervising Bank/VSDC",2025-04-30,ytd,330330189,2025-05-05
2226.1,Custodian service - Safe Custody Fee,2025-04-30,month,46227285,2025-06-02
2226.1,Custodian service - Safe Custody Fee,2025-04-30,ytd,194702798,2025-05-05
2226.2,Custodian service - Transaction fee,2025-04-30,month,1500000,2025-06-02
2226.2,Custodian service - Transaction fee,2025-04-30,ytd,4650000,2025-05-05
2226.3,"Custodian service -  Depository fee, Position and Margin management fee paid to VSDC",2025-04-30,month,526631,2025-06-02
2226.3,"Custodian service -  Depository fee, Position and Margin management fee paid to VSDC",2025-04-30,ytd,2473547,2025-05-05
2226.4,Supervisory fee,2025-04-30,month,30510008,2025-06-02
2226.4,Supervisory fee,2025-04-30,ytd,128503844,2025-05-05
2227,"Fund Administration Fee, and other fees paid to relevant Fund's service providers",2025-04-30,month,53880010,2025-06-02
2227,"Fund Administration Fee, and other fees paid to relevant Fund's service providers",2025-04-30,ytd,239356606,2025-05-05
2227.1,Fund Administration Fee,2025-04-30,month,40680010,2025-06-02
2227.1,Fund Administration Fee,2025-04-30,ytd,186556606,2025-05-05
2227.2,Transfer Agency Fee,2025-04-30,month,13200000,2025-06-02
2227.2,Transfer Agency Fee,2025-04-30,ytd,52800000,2025-05-05
2228,Audit fee,2025-04-30,month,11024101,2025-06-02
2228,Audit fee,2025-04-30,ytd,44114512,2025-05-05
2229,"Legal consultancy expenses, price feed fee, other valid expenses, remuneration paid to Fund's Board of Representatives",2025-04-30,month,21321704,2025-06-02
2229,"Legal consultancy expenses, price feed fee, other valid expenses, remuneration paid to Fund's Board of Representatives",2025-04-30,ytd,76051156,2025-05-05
2229.1,Remuneration of Fund's Board of Representatives,2025-04-30,month,6493151,2025-06-02
2229.1,Remuneration of Fund's Board of Representatives,2025-04-30,ytd,25972603,2025-05-05
2229.2,Price feed fee,2025-04-30,month,11620879,2025-06-02
2229.2,Price feed fee,2025-04-30,ytd,46870879,2025-05-05
2229.3,Legal consultancy expenses,2025-04-30,month,3207674,2025-06-02
2229.3,Legal consultancy expenses,2025-04-30,ytd,3207674,2025-05-05
2230,"Fee for drafting, printing, distribution of prospectus, summarised prospectus, financial statements, transaction confirmations, account statements and other documents to investors; information disclosure fee; fee for organising annual general meeting, board of representatives meeting",2025-04-30,month,3395807,2025-06-02
2230,"Fee for drafting, printing, distribution of prospectus, summarised prospectus, financial statements, transaction confirmations, account statements and other documents to investors; information disclosure fee; fee for organising annual general meeting, board of representatives meeting",2025-04-30,ytd,13583228,2025-05-05
2230.1,Meeting expenses,2025-04-30,month,3395807,2025-06-02
2230.1,Meeting expenses,2025-04-30,ytd,13583228,2025-05-05
2230.2,Annual report expenses,2025-04-30,month,0,2025-06-02
2230.2,Annual report expenses,2025-04-30,ytd,0,2025-05-05
2230.3,"Fund's Board of Representatives meeting, travelling expenses",2025-04-30,month,0,2025-06-02
2230.3,"Fund's Board of Representatives meeting, travelling expenses",2025-04-30,ytd,0,2025-05-05
2230.4,Expenses of information disclosure of the Fund,2025-04-30,month,0,2025-06-02
2230.4,Expenses of information disclosure of the Fund,2025-04-30,ytd,0,2025-05-05
2230.5,"Designing, printing, posting... expenses",2025-04-30,month,0,2025-06-02
2230.5,"Designing, printing, posting... expenses",2025-04-30,ytd,0,2025-05-05
2231,Expenses related to execution of Fund’s asset transactions,2025-04-30,month,30403291,2025-06-02
2231,Expenses related to execution of Fund’s asset transactions,2025-04-30,ytd,116538113,2025-05-05
2231,Real Estate Management Service fee (not applicable),2025-04-30,month,0,2025-06-02
2231,Real Estate Management Service fee (not applicable),2025-04-30,ytd,0,2025-05-05
2231.1,Brokerage fee,2025-04-30,month,30163287,2025-06-02
2231.1,Brokerage fee,2025-04-30,ytd,115556949,2025-05-05
2231.2,Clearing settlement fee,2025-04-30,month,240004,2025-06-02
2231.2,Clearing settlement fee,2025-04-30,ytd,981164,2025-05-05
2231.3,Other Expenses,2025-04-30,month,0,2025-06-02
2231.3,Other Expenses,2025-04-30,ytd,0,2025-05-05
2232,Other expenses,2025-04-30,month,6578438,2025-06-02
2232,Other expenses,2025-04-30,ytd,28719453,2025-05-05
2232,Real estate valuation service fees (not applicable),2025-04-30,month,0,2025-06-02
2232,Real estate valuation service fees (not applicable),2025-04-30,ytd,0,2025-05-05
2232.1,Set up Expenses,2025-04-30,month,0,2025-06-02
2232.1,Set up Expenses,2025-04-30,ytd,0,2025-05-05
2232.2,"Listing, registration fees",2025-04-30,month,0,2025-06-02
2232.2,"Listing, registration fees",2025-04-30,ytd,0,2025-05-05
2232.3,Annual management fee paid to SSC,2025-04-30,month,616438,2025-06-02
2232.3,Annual management fee paid to SSC,2025-04-30,ytd,2465753,2025-05-05
2232.4,Bank charges,2025-04-30,month,4862000,2025-06-02
2232.4,Bank charges,2025-04-30,ytd,25153700,2025-05-05
2232.5,Borrowing expense,2025-04-30,month,0,2025-06-02
2232.5,Borrowing expense,2025-04-30,ytd,0,2025-05-05
2232.6,Other Expenses,2025-04-30,month,0,2025-06-02
2232.6,Other Expenses,2025-04-30,ytd,0,2025-05-05
2232.7,Fee paid to VSDC for getting the list of investors,2025-04-30,month,1100000,2025-06-02
2232.7,Fee paid to VSDC for getting the list of investors,2025-04-30,ytd,1100000,2025-05-05
2233,Net Income from Investment Activities (= I - II),2025-04-30,month,5235153219,2025-06-02
2233,Net Income from Investment Activities (= I - II),2025-04-30,ytd,20675788691,2025-05-05
2234,Gain / (Loss) from Investment Activities,2025-04-30,month,346504199,2025-06-02
2234,Gain / (Loss) from Investment Activities,2025-04-30,ytd,530091151,2025-05-05
2235,Realised Gain / (Loss) from disposal of investment or real estate transfer,2025-04-30,month,711062252,2025-06-02
2235,Realised Gain / (Loss) from disposal of investment or real estate transfer,2025-04-30,ytd,621931865,2025-05-05
2236,Unrealised Gain / (Loss) due to market price,2025-04-30,month,-364558053,2025-06-02
2236,Unrealised Gain / (Loss) due to market price,2025-04-30,ytd,-91840714,2025-05-05
2237,Change of Net Asset Value of the Fund due to investment activities during the period (= III + IV),2025-04-30,month,5581657418,2025-06-02
2237,Change of Net Asset Value of the Fund due to investment activities during the period (= III + IV),2025-04-30,ytd,21205879842,2025-05-05
2238,Net Asset Value at the beginning of period,2025-04-30,month,1204508893630,2025-06-02
2238,Net Asset Value at the beginning of period,2025-04-30,ytd,1179091760772,2025-05-05
2239,"Change of Net Asset Value of the Fund during the period, of which",2025-04-30,month,-126700289800,2025-06-02
2239,"Change of Net Asset Value of the Fund during the period, of which",2025-04-30,ytd,-101283156942,2025-05-05
2239.1,Change of Net Asset Value due to investment activities during the period,2025-04-30,month,5581657418,2025-06-02
2239.1,Change of Net Asset Value due to investment activities during the period,2025-04-30,ytd,21205879842,2025-05-05
2239.2,Change of Net Asset Value due to  dividends payment to investors during the period,2025-04-30,month,0,2025-06-02
2239.2,Change of Net Asset Value due to  dividends payment to investors during the period,2025-04-30,ytd,0,2025-05-05
2239.3,Change of Net Asset Value due to subscription/redemption during the period,2025-04-30,month,-132281947218,2025-06-02
2239.3,Change of Net Asset Value due to subscription/redemption during the period,2025-04-30,ytd,-122489036784,2025-05-05
2239.3.1,Change of Net Asset Value due to subscription during the period,2025-04-30,month,640038805929,2025-06-02
2239.3.1,Change of Net Asset Value due to subscription during the period,2025-04-30,ytd,2175702374669,2025-05-05
2239.3.2,Change of Net Asset Value due to redemption during the period,2025-04-30,month,-772320753147,2025-06-02
2239.3.2,Change of Net Asset Value due to redemption during the period,2025-04-30,ytd,-2298191411453,2025-05-05
2243,Net Asset Value at the end of period,2025-04-30,month,1077808603830,2025-06-02
2243,Net Asset Value at the end of period,2025-04-30,ytd,1077808603830,2025-05-05
2244,Average annual profit (only applicable to annual report),2025-04-30,month,0,2025-06-02
2244,Average annual profit (only applicable to annual report),2025-04-30,ytd,0,2025-05-05
2245,Average annual rate of return (only applicable to annual report),2025-04-30,month,0,2025-06-02
2245,Average annual rate of return (only applicable to annual report),2025-04-30,ytd,0,2025-05-05
2220,Income from Investment Activities,2025-05-31,month,6915189323,2025-07-01
2220,Income from Investment Activities,2025-05-31,ytd,33112538376,2025-06-02
2221,"Dividend income, interest income from bonds",2025-05-31,month,3681778622,2025-07-01
2221,"Dividend income, interest income from bonds",2025-05-31,ytd,16973580804,2025-06-02
2221.1,Dividends income,2025-05-31,month,0,2025-07-01
2221.1,Dividends income,2025-05-31,ytd,0,2025-06-02
2221.2,Interest income from bonds,2025-05-31,month,3681778622,2025-07-01
2221.2,Interest income from bonds,2025-05-31,ytd,16973580804,2025-06-02
2222,Interest income,2025-05-31,month,3233410701,2025-07-01
2222,Interest income,2025-05-31,ytd,16138957572,2025-06-02
2222.1,Interest income from bank deposits,2025-05-31,month,1865760015,2025-07-01
2222.1,Interest income from bank deposits,2025-05-31,ytd,9340046613,2025-06-02
2222.2,Interest income from Money market instruments,2025-05-31,month,1367650686,2025-07-01
2222.2,Interest income from Money market instruments,2025-05-31,ytd,6798910959,2025-06-02
2222.3,Interest income from reverse repo contracts,2025-05-31,month,0,2025-07-01
2222.3,Interest income from reverse repo contracts,2025-05-31,ytd,0,2025-06-02
2223,Income from rental property (not applicable),2025-05-31,month,0,2025-07-01
2223,Income from rental property (not applicable),2025-05-31,ytd,0,2025-06-02
2223,Other incomes,2025-05-31,month,0,2025-07-01
2223,Other incomes,2025-05-31,ytd,0,2025-06-02
2223.1,Other investment incomes,2025-05-31,month,0,2025-07-01
2223.1,Other investment incomes,2025-05-31,ytd,0,2025-06-02
2223.2,Other incomes,2025-05-31,month,0,2025-07-01
2223.2,Other incomes,2025-05-31,ytd,0,2025-06-02
2223.3,"Provision expense for bad debts from dividends, interest income and written off bad debts from dividends, interest income",2025-05-31,month,0,2025-07-01
2223.3,"Provision expense for bad debts from dividends, interest income and written off bad debts from dividends, interest income",2025-05-31,ytd,0,2025-06-02
2224,Expenses,2025-05-31,month,1356447023,2025-07-01
2224,Expenses,2025-05-31,ytd,6878007385,2025-06-02
2225,Management Fee paid to Fund Management Company,2025-05-31,month,1168892928,2025-07-01
2225,Management Fee paid to Fund Management Company,2025-05-31,ytd,5841760033,2025-06-02
2226,"Custody fee, Supervising fee paid to Supervising Bank/VSDC",2025-05-31,month,82055543,2025-07-01
2226,"Custody fee, Supervising fee paid to Supervising Bank/VSDC",2025-05-31,ytd,412385732,2025-06-02
2226.1,Custodian service - Safe Custody Fee,2025-05-31,month,48703872,2025-07-01
2226.1,Custodian service - Safe Custody Fee,2025-05-31,ytd,243406670,2025-06-02
2226.2,Custodian service - Transaction fee,2025-05-31,month,600000,2025-07-01
2226.2,Custodian service - Transaction fee,2025-05-31,ytd,5250000,2025-06-02
2226.3,"Custodian service -  Depository fee, Position and Margin management fee paid to VSDC",2025-05-31,month,607115,2025-07-01
2226.3,"Custodian service -  Depository fee, Position and Margin management fee paid to VSDC",2025-05-31,ytd,3080662,2025-06-02
2226.4,Supervisory fee,2025-05-31,month,32144556,2025-07-01
2226.4,Supervisory fee,2025-05-31,ytd,160648400,2025-06-02
2227,"Fund Administration Fee, and other fees paid to relevant Fund's service providers",2025-05-31,month,56059407,2025-07-01
2227,"Fund Administration Fee, and other fees paid to relevant Fund's service providers",2025-05-31,ytd,295416013,2025-06-02
2227.1,Fund Administration Fee,2025-05-31,month,42859407,2025-07-01
2227.1,Fund Administration Fee,2025-05-31,ytd,229416013,2025-06-02
2227.2,Transfer Agency Fee,2025-05-31,month,13200000,2025-07-01
2227.2,Transfer Agency Fee,2025-05-31,ytd,66000000,2025-06-02
2228,Audit fee,2025-05-31,month,11397808,2025-07-01
2228,Audit fee,2025-05-31,ytd,55512320,2025-06-02
2229,"Legal consultancy expenses, price feed fee, other valid expenses, remuneration paid to Fund's Board of Representatives",2025-05-31,month,24367119,2025-07-01
2229,"Legal consultancy expenses, price feed fee, other valid expenses, remuneration paid to Fund's Board of Representatives",2025-05-31,ytd,100418275,2025-06-02
2229.1,Remuneration of Fund's Board of Representatives,2025-05-31,month,6509589,2025-07-01
2229.1,Remuneration of Fund's Board of Representatives,2025-05-31,ytd,32482192,2025-06-02
2229.2,Price feed fee,2025-05-31,month,12008242,2025-07-01
2229.2,Price feed fee,2025-05-31,ytd,58879121,2025-06-02
2229.3,Legal consultancy expenses,2025-05-31,month,5849288,2025-07-01
2229.3,Legal consultancy expenses,2025-05-31,ytd,9056962,2025-06-02
2230,"Fee for drafting, printing, distribution of prospectus, summarised prospectus, financial statements, transaction confirmations, account statements and other documents to investors; information disclosure fee; fee for organising annual general meeting, board of representatives meeting",2025-05-31,month,6459039,2025-07-01
2230,"Fee for drafting, printing, distribution of prospectus, summarised prospectus, financial statements, transaction confirmations, account statements and other documents to investors; information disclosure fee; fee for organising annual general meeting, board of representatives meeting",2025-05-31,ytd,20042267,2025-06-02
2230.1,Meeting expenses,2025-05-31,month,6459039,2025-07-01
2230.1,Meeting expenses,2025-05-31,ytd,20042267,2025-06-02
2230.2,Annual report expenses,2025-05-31,month,0,2025-07-01
2230.2,Annual report expenses,2025-05-31,ytd,0,2025-06-02
2230.3,"Fund's Board of Representatives meeting, travelling expenses",2025-05-31,month,0,2025-07-01
2230.3,"Fund's Board of Representatives meeting, travelling expenses",2025-05-31,ytd,0,2025-06-02
2230.4,Expenses of information disclosure of the Fund,2025-05-31,month,0,2025-07-01
2230.4,Expenses of information disclosure of the Fund,2025-05-31,ytd,0,2025-06-02
2230.5,"Designing, printing, posting... expenses",2025-05-31,month,0,2025-07-01
2230.5,"Designing, printing, posting... expenses",2025-05-31,ytd,0,2025-06-02
2231,Expenses related to execution of Fund’s asset transactions,2025-05-31,month,2722692,2025-07-01
2231,Expenses related to execution of Fund’s asset transactions,2025-05-31,ytd,119260805,2025-06-02
2231,Real Estate Management Service fee (not applicable),2025-05-31,month,0,2025-07-01
2231,Real Estate Management Service fee (not applicable),2025-05-31,ytd,0,2025-06-02
2231.1,Brokerage fee,2025-05-31,month,2594075,2025-07-01
2231.1,Brokerage fee,2025-05-31,ytd,118151024,2025-06-02
2231.2,Clearing settlement fee,2025-05-31,month,128617,2025-07-01
2231.2,Clearing settlement fee,2025-05-31,ytd,1109781,2025-06-02
2231.3,Other Expenses,2025-05-31,month,0,2025-07-01
2231.3,Other Expenses,2025-05-31,ytd,0,2025-06-02
2232,Other expenses,2025-05-31,month,4492487,2025-07-01
2232,Other expenses,2025-05-31,ytd,33211940,2025-06-02
2232,Real estate valuation service fees (not applicable),2025-05-31,month,0,2025-07-01
2232,Real estate valuation service fees (not applicable),2025-05-31,ytd,0,2025-06-02
2232.1,Set up Expenses,2025-05-31,month,0,2025-07-01
2232.1,Set up Expenses,2025-05-31,ytd,0,2025-06-02
2232.2,"Listing, registration fees",2025-05-31,month,0,2025-07-01
2232.2,"Listing, registration fees",2025-05-31,ytd,0,2025-06-02
2232.3,Annual management fee paid to SSC,2025-05-31,month,636987,2025-07-01
2232.3,Annual management fee paid to SSC,2025-05-31,ytd,3102740,2025-06-02
2232.4,Bank charges,2025-05-31,month,3855500,2025-07-01
2232.4,Bank charges,2025-05-31,ytd,29009200,2025-06-02
2232.5,Borrowing expense,2025-05-31,month,0,2025-07-01
2232.5,Borrowing expense,2025-05-31,ytd,0,2025-06-02
2232.6,Other Expenses,2025-05-31,month,0,2025-07-01
2232.6,Other Expenses,2025-05-31,ytd,0,2025-06-02
2232.7,Fee paid to VSDC for getting the list of investors,2025-05-31,month,0,2025-07-01
2232.7,Fee paid to VSDC for getting the list of investors,2025-05-31,ytd,1100000,2025-06-02
2233,Net Income from Investment Activities (= I - II),2025-05-31,month,5558742300,2025-07-01
2233,Net Income from Investment Activities (= I - II),2025-05-31,ytd,26234530991,2025-06-02
2234,Gain / (Loss) from Investment Activities,2025-05-31,month,-118405802,2025-07-01
2234,Gain / (Loss) from Investment Activities,2025-05-31,ytd,411685349,2025-06-02
2235,Realised Gain / (Loss) from disposal of investment or real estate transfer,2025-05-31,month,0,2025-07-01
2235,Realised Gain / (Loss) from disposal of investment or real estate transfer,2025-05-31,ytd,621931865,2025-06-02
2236,Unrealised Gain / (Loss) due to market price,2025-05-31,month,-118405802,2025-07-01
2236,Unrealised Gain / (Loss) due to market price,2025-05-31,ytd,-210246516,2025-06-02
2237,Change of Net Asset Value of the Fund due to investment activities during the period (= III + IV),2025-05-31,month,5440336498,2025-07-01
2237,Change of Net Asset Value of the Fund due to investment activities during the period (= III + IV),2025-05-31,ytd,26646216340,2025-06-02
2238,Net Asset Value at the beginning of period,2025-05-31,month,1077808603830,2025-07-01
2238,Net Asset Value at the beginning of period,2025-05-31,ytd,1179091760772,2025-06-02
2239,"Change of Net Asset Value of the Fund during the period, of which",2025-05-31,month,197011841535,2025-07-01
2239,"Change of Net Asset Value of the Fund during the period, of which",2025-05-31,ytd,95728684593,2025-06-02
2239.1,Change of Net Asset Value due to investment activities during the period,2025-05-31,month,5440336498,2025-07-01
2239.1,Change of Net Asset Value due to investment activities during the period,2025-05-31,ytd,26646216340,2025-06-02
2239.2,Change of Net Asset Value due to  dividends payment to investors during the period,2025-05-31,month,0,2025-07-01
2239.2,Change of Net Asset Value due to  dividends payment to investors during the period,2025-05-31,ytd,0,2025-06-02
2239.3,Change of Net Asset Value due to subscription/redemption during the period,2025-05-31,month,191571505037,2025-07-01
2239.3,Change of Net Asset Value due to subscription/redemption during the period,2025-05-31,ytd,69082468253,2025-06-02
2239.3.1,Change of Net Asset Value due to subscription during the period,2025-05-31,month,824962248171,2025-07-01
2239.3.1,Change of Net Asset Value due to subscription during the period,2025-05-31,ytd,3000664622840,2025-06-02
2239.3.2,Change of Net Asset Value due to redemption during the period,2025-05-31,month,-633390743134,2025-07-01
2239.3.2,Change of Net Asset Value due to redemption during the period,2025-05-31,ytd,-2931582154587,2025-06-02
2243,Net Asset Value at the end of period,2025-05-31,month,1274820445365,2025-07-01
2243,Net Asset Value at the end of period,2025-05-31,ytd,1274820445365,2025-06-02
2244,Average annual profit (only applicable to annual report),2025-05-31,month,0,2025-07-01
2244,Average annual profit (only applicable to annual report),2025-05-31,ytd,0,2025-06-02
2245,Average annual rate of return (only applicable to annual report),2025-05-31,month,0,2025-07-01
2245,Average annual rate of return (only applicable to annual report),2025-05-31,ytd,0,2025-06-02
2220,Income from Investment Activities,2025-06-30,month,7674691211,2025-08-01
2220,Income from Investment Activities,2025-06-30,ytd,40787229587,2025-07-01
2221,"Dividend income, interest income from bonds",2025-06-30,month,3838861421,2025-08-01
2221,"Dividend income, interest income from bonds",2025-06-30,ytd,20812442225,2025-07-01
2221.1,Dividends income,2025-06-30,month,0,2025-08-01
2221.1,Dividends income,2025-06-30,ytd,0,2025-07-01
2221.2,Interest income from bonds,2025-06-30,month,3838861421,2025-08-01
2221.2,Interest income from bonds,2025-06-30,ytd,20812442225,2025-07-01
2222,Interest income,2025-06-30,month,3835829790,2025-08-01
2222,Interest income,2025-06-30,ytd,19974787362,2025-07-01
2222.1,Interest income from bank deposits,2025-06-30,month,2469185955,2025-08-01
2222.1,Interest income from bank deposits,2025-06-30,ytd,11809232568,2025-07-01
2222.2,Interest income from Money market instruments,2025-06-30,month,1366643835,2025-08-01
2222.2,Interest income from Money market instruments,2025-06-30,ytd,8165554794,2025-07-01
2222.3,Interest income from reverse repo contracts,2025-06-30,month,0,2025-08-01
2222.3,Interest income from reverse repo contracts,2025-06-30,ytd,0,2025-07-01
2223,Income from rental property (not applicable),2025-06-30,month,0,2025-08-01
2223,Income from rental property (not applicable),2025-06-30,ytd,0,2025-07-01
2223,Other incomes,2025-06-30,month,0,2025-08-01
2223,Other incomes,2025-06-30,ytd,0,2025-07-01
2223.1,Other investment incomes,2025-06-30,month,0,2025-08-01
2223.1,Other investment incomes,2025-06-30,ytd,0,2025-07-01
2223.2,Other incomes,2025-06-30,month,0,2025-08-01
2223.2,Other incomes,2025-06-30,ytd,0,2025-07-01
2223.3,"Provision expense for bad debts from dividends, interest income and written off bad debts from dividends, interest income",2025-06-30,month,0,2025-08-01
2223.3,"Provision expense for bad debts from dividends, interest income and written off bad debts from dividends, interest income",2025-06-30,ytd,0,2025-07-01
2224,Expenses,2025-06-30,month,1576805939,2025-08-01
2224,Expenses,2025-06-30,ytd,8454813324,2025-07-01
2225,Management Fee paid to Fund Management Company,2025-06-30,month,1339686059,2025-08-01
2225,Management Fee paid to Fund Management Company,2025-06-30,ytd,7181446092,2025-07-01
2226,"Custody fee, Supervising fee paid to Supervising Bank/VSDC",2025-06-30,month,93762023,2025-08-01
2226,"Custody fee, Supervising fee paid to Supervising Bank/VSDC",2025-06-30,ytd,506147755,2025-07-01
2226.1,Custodian service - Safe Custody Fee,2025-06-30,month,55820253,2025-08-01
2226.1,Custodian service - Safe Custody Fee,2025-06-30,ytd,299226923,2025-07-01
2226.2,Custodian service - Transaction fee,2025-06-30,month,450000,2025-08-01
2226.2,Custodian service - Transaction fee,2025-06-30,ytd,5700000,2025-07-01
2226.3,"Custodian service -  Depository fee, Position and Margin management fee paid to VSDC",2025-06-30,month,650405,2025-08-01
2226.3,"Custodian service -  Depository fee, Position and Margin management fee paid to VSDC",2025-06-30,ytd,3731067,2025-07-01
2226.4,Supervisory fee,2025-06-30,month,36841365,2025-08-01
2226.4,Supervisory fee,2025-06-30,ytd,197489765,2025-07-01
2227,"Fund Administration Fee, and other fees paid to relevant Fund's service providers",2025-06-30,month,62321822,2025-08-01
2227,"Fund Administration Fee, and other fees paid to relevant Fund's service providers",2025-06-30,ytd,357737835,2025-07-01
2227.1,Fund Administration Fee,2025-06-30,month,49121822,2025-08-01
2227.1,Fund Administration Fee,2025-06-30,ytd,278537835,2025-07-01
2227.2,Transfer Agency Fee,2025-06-30,month,13200000,2025-08-01
2227.2,Transfer Agency Fee,2025-06-30,ytd,79200000,2025-07-01
2228,Audit fee,2025-06-30,month,11755792,2025-08-01
2228,Audit fee,2025-06-30,ytd,67268112,2025-07-01
2229,"Legal consultancy expenses, price feed fee, other valid expenses, remuneration paid to Fund's Board of Representatives",2025-06-30,month,23774631,2025-08-01
2229,"Legal consultancy expenses, price feed fee, other valid expenses, remuneration paid to Fund's Board of Representatives",2025-06-30,ytd,124192906,2025-07-01
2229.1,Remuneration of Fund's Board of Representatives,2025-06-30,month,6493150,2025-08-01
2229.1,Remuneration of Fund's Board of Representatives,2025-06-30,ytd,38975342,2025-07-01
2229.2,Price feed fee,2025-06-30,month,11620879,2025-08-01
2229.2,Price feed fee,2025-06-30,ytd,70500000,2025-07-01
2229.3,Legal consultancy expenses,2025-06-30,month,5660602,2025-08-01
2229.3,Legal consultancy expenses,2025-06-30,ytd,14717564,2025-07-01
2230,"Fee for drafting, printing, distribution of prospectus, summarised prospectus, financial statements, transaction confirmations, account statements and other documents to investors; information disclosure fee; fee for organising annual general meeting, board of representatives meeting",2025-06-30,month,30327704,2025-08-01
2230,"Fee for drafting, printing, distribution of prospectus, summarised prospectus, financial statements, transaction confirmations, account statements and other documents to investors; information disclosure fee; fee for organising annual general meeting, board of representatives meeting",2025-06-30,ytd,50369971,2025-07-01
2230.1,Meeting expenses,2025-06-30,month,30327704,2025-08-01
2230.1,Meeting expenses,2025-06-30,ytd,50369971,2025-07-01
2230.2,Annual report expenses,2025-06-30,month,0,2025-08-01
2230.2,Annual report expenses,2025-06-30,ytd,0,2025-07-01
2230.3,"Fund's Board of Representatives meeting, travelling expenses",2025-06-30,month,0,2025-08-01
2230.3,"Fund's Board of Representatives meeting, travelling expenses",2025-06-30,ytd,0,2025-07-01
2230.4,Expenses of information disclosure of the Fund,2025-06-30,month,0,2025-08-01
2230.4,Expenses of information disclosure of the Fund,2025-06-30,ytd,0,2025-07-01
2230.5,"Designing, printing, posting... expenses",2025-06-30,month,0,2025-08-01
2230.5,"Designing, printing, posting... expenses",2025-06-30,ytd,0,2025-07-01
2231,Expenses related to execution of Fund’s asset transactions,2025-06-30,month,6921970,2025-08-01
2231,Expenses related to execution of Fund’s asset transactions,2025-06-30,ytd,126182775,2025-07-01
2231,Real Estate Management Service fee (not applicable),2025-06-30,month,0,2025-08-01
2231,Real Estate Management Service fee (not applicable),2025-06-30,ytd,0,2025-07-01
2231.1,Brokerage fee,2025-06-30,month,6921970,2025-08-01
2231.1,Brokerage fee,2025-06-30,ytd,125072994,2025-07-01
2231.2,Clearing settlement fee,2025-06-30,month,0,2025-08-01
2231.2,Clearing settlement fee,2025-06-30,ytd,1109781,2025-07-01
2231.3,Other Expenses,2025-06-30,month,0,2025-08-01
2231.3,Other Expenses,2025-06-30,ytd,0,2025-07-01
2232,Other expenses,2025-06-30,month,8255938,2025-08-01
2232,Other expenses,2025-06-30,ytd,41467878,2025-07-01
2232,Real estate valuation service fees (not applicable),2025-06-30,month,0,2025-08-01
2232,Real estate valuation service fees (not applicable),2025-06-30,ytd,0,2025-07-01
2232.1,Set up Expenses,2025-06-30,month,0,2025-08-01
2232.1,Set up Expenses,2025-06-30,ytd,0,2025-07-01
2232.2,"Listing, registration fees",2025-06-30,month,0,2025-08-01
2232.2,"Listing, registration fees",2025-06-30,ytd,0,2025-07-01
2232.3,Annual management fee paid to SSC,2025-06-30,month,616438,2025-08-01
2232.3,Annual management fee paid to SSC,2025-06-30,ytd,3719178,2025-07-01
2232.4,Bank charges,2025-06-30,month,7639500,2025-08-01
2232.4,Bank charges,2025-06-30,ytd,36648700,2025-07-01
2232.5,Borrowing expense,2025-06-30,month,0,2025-08-01
2232.5,Borrowing expense,2025-06-30,ytd,0,2025-07-01
2232.6,Other Expenses,2025-06-30,month,0,2025-08-01
2232.6,Other Expenses,2025-06-30,ytd,0,2025-07-01
2232.7,Fee paid to VSDC for getting the list of investors,2025-06-30,month,0,2025-08-01
2232.7,Fee paid to VSDC for getting the list of investors,2025-06-30,ytd,1100000,2025-07-01
2233,Net Income from Investment Activities (= I - II),2025-06-30,month,6097885272,2025-08-01
2233,Net Income from Investment Activities (= I - II),2025-06-30,ytd,32332416263,2025-07-01
2234,Gain / (Loss) from Investment Activities,2025-06-30,month,-251182931,2025-08-01
2234,Gain / (Loss) from Investment Activities,2025-06-30,ytd,160502418,2025-07-01
2235,Realised Gain / (Loss) from disposal of investment or real estate transfer,2025-06-30,month,0,2025-08-01
2235,Realised Gain / (Loss) from disposal of investment or real estate transfer,2025-06-30,ytd,621931865,2025-07-01
2236,Unrealised Gain / (Loss) due to market price,2025-06-30,month,-251182931,2025-08-01
2236,Unrealised Gain / (Loss) due to market price,2025-06-30,ytd,-461429447,2025-07-01
2237,Change of Net Asset Value of the Fund due to investment activities during the period (= III + IV),2025-06-30,month,5846702341,2025-08-01
2237,Change of Net Asset Value of the Fund due to investment activities during the period (= III + IV),2025-06-30,ytd,32492918681,2025-07-01
2238,Net Asset Value at the beginning of period,2025-06-30,month,1274820445365,2025-08-01
2238,Net Asset Value at the beginning of period,2025-06-30,ytd,1179091760772,2025-07-01
2239,"Change of Net Asset Value of the Fund during the period, of which",2025-06-30,month,157550277659,2025-08-01
2239,"Change of Net Asset Value of the Fund during the period, of which",2025-06-30,ytd,253278962252,2025-07-01
2239.1,Change of Net Asset Value due to investment activities during the period,2025-06-30,month,5846702341,2025-08-01
2239.1,Change of Net Asset Value due to investment activities during the period,2025-06-30,ytd,32492918681,2025-07-01
2239.2,Change of Net Asset Value due to  dividends payment to investors during the period,2025-06-30,month,0,2025-08-01
2239.2,Change of Net Asset Value due to  dividends payment to investors during the period,2025-06-30,ytd,0,2025-07-01
2239.3,Change of Net Asset Value due to subscription/redemption during the period,2025-06-30,month,151703575318,2025-08-01
2239.3,Change of Net Asset Value due to subscription/redemption during the period,2025-06-30,ytd,220786043571,2025-07-01
2239.3.1,Change of Net Asset Value due to subscription during the period,2025-06-30,month,739960592399,2025-08-01
2239.3.1,Change of Net Asset Value due to subscription during the period,2025-06-30,ytd,3740625215239,2025-07-01
2239.3.2,Change of Net Asset Value due to redemption during the period,2025-06-30,month,-588257017081,2025-08-01
2239.3.2,Change of Net Asset Value due to redemption during the period,2025-06-30,ytd,-3519839171668,2025-07-01
2243,Net Asset Value at the end of period,2025-06-30,month,1432370723024,2025-08-01
2243,Net Asset Value at the end of period,2025-06-30,ytd,1432370723024,2025-07-01
2244,Average annual profit (only applicable to annual report),2025-06-30,month,0,2025-08-01
2244,Average annual profit (only applicable to annual report),2025-06-30,ytd,0,2025-07-01
2245,Average annual rate of return (only applicable to annual report),2025-06-30,month,0,2025-08-01
2245,Average annual rate of return (only applicable to annual report),2025-06-30,ytd,0,2025-07-01
2220,Income from Investment Activities,2025-07-31,month,9013017075,2025-09-03
2220,Income from Investment Activities,2025-07-31,ytd,49800246662,2025-08-01
2221,"Dividend income, interest income from bonds",2025-07-31,month,4578779453,2025-09-03
2221,"Dividend income, interest income from bonds",2025-07-31,ytd,25391221678,2025-08-01
2221.1,Dividends income,2025-07-31,month,0,2025-09-03
2221.1,Dividends income,2025-07-31,ytd,0,2025-08-01
2221.2,Interest income from bonds,2025-07-31,month,4578779453,2025-09-03
2221.2,Interest income from bonds,2025-07-31,ytd,25391221678,2025-08-01
2222,Interest income,2025-07-31,month,4434237622,2025-09-03
2222,Interest income,2025-07-31,ytd,24409024984,2025-08-01
2222.1,Interest income from bank deposits,2025-07-31,month,2980395156,2025-09-03
2222.1,Interest income from bank deposits,2025-07-31,ytd,14789627724,2025-08-01
2222.2,Interest income from Money market instruments,2025-07-31,month,1453842466,2025-09-03
2222.2,Interest income from Money market instruments,2025-07-31,ytd,9619397260,2025-08-01
2222.3,Interest income from reverse repo contracts,2025-07-31,month,0,2025-09-03
2222.3,Interest income from reverse repo contracts,2025-07-31,ytd,0,2025-08-01
2223,Income from rental property (not applicable),2025-07-31,month,0,2025-09-03
2223,Income from rental property (not applicable),2025-07-31,ytd,0,2025-08-01
2223,Other incomes,2025-07-31,month,0,2025-09-03
2223,Other incomes,2025-07-31,ytd,0,2025-08-01
2223.1,Other investment incomes,2025-07-31,month,0,2025-09-03
2223.1,Other investment incomes,2025-07-31,ytd,0,2025-08-01
2223.2,Other incomes,2025-07-31,month,0,2025-09-03
2223.2,Other incomes,2025-07-31,ytd,0,2025-08-01
2223.3,"Provision expense for bad debts from dividends, interest income and written off bad debts from dividends, interest income",2025-07-31,month,0,2025-09-03
2223.3,"Provision expense for bad debts from dividends, interest income and written off bad debts from dividends, interest income",2025-07-31,ytd,0,2025-08-01
2224,Expenses,2025-07-31,month,1870276397,2025-09-03
2224,Expenses,2025-07-31,ytd,10325089721,2025-08-01
2225,Management Fee paid to Fund Management Company,2025-07-31,month,1601151954,2025-09-03
2225,Management Fee paid to Fund Management Company,2025-07-31,ytd,8782598046,2025-08-01
2226,"Custody fee, Supervising fee paid to Supervising Bank/VSDC",2025-07-31,month,118415308,2025-09-03
2226,"Custody fee, Supervising fee paid to Supervising Bank/VSDC",2025-07-31,ytd,624563063,2025-08-01
2226.1,Custodian service - Safe Custody Fee,2025-07-31,month,72877122,2025-09-03
2226.1,Custodian service - Safe Custody Fee,2025-07-31,ytd,372104045,2025-08-01
2226.2,Custodian service - Transaction fee,2025-07-31,month,810000,2025-09-03
2226.2,Custodian service - Transaction fee,2025-07-31,ytd,6510000,2025-08-01
2226.3,"Custodian service -  Depository fee, Position and Margin management fee paid to VSDC",2025-07-31,month,696506,2025-09-03
2226.3,"Custodian service -  Depository fee, Position and Margin management fee paid to VSDC",2025-07-31,ytd,4427573,2025-08-01
2226.4,Supervisory fee,2025-07-31,month,44031680,2025-09-03
2226.4,Supervisory fee,2025-07-31,ytd,241521445,2025-08-01
2227,"Fund Administration Fee, and other fees paid to relevant Fund's service providers",2025-07-31,month,71908903,2025-09-03
2227,"Fund Administration Fee, and other fees paid to relevant Fund's service providers",2025-07-31,ytd,429646738,2025-08-01
2227.1,Fund Administration Fee,2025-07-31,month,58708903,2025-09-03
2227.1,Fund Administration Fee,2025-07-31,ytd,337246738,2025-08-01
2227.2,Transfer Agency Fee,2025-07-31,month,13200000,2025-09-03
2227.2,Transfer Agency Fee,2025-07-31,ytd,92400000,2025-08-01
2228,Audit fee,2025-07-31,month,14611421,2025-09-03
2228,Audit fee,2025-07-31,ytd,81879533,2025-08-01
2229,"Legal consultancy expenses, price feed fee, other valid expenses, remuneration paid to Fund's Board of Representatives",2025-07-31,month,24236595,2025-09-03
2229,"Legal consultancy expenses, price feed fee, other valid expenses, remuneration paid to Fund's Board of Representatives",2025-07-31,ytd,148429501,2025-08-01
2229.1,Remuneration of Fund's Board of Representatives,2025-07-31,month,6509590,2025-09-03
2229.1,Remuneration of Fund's Board of Representatives,2025-07-31,ytd,45484932,2025-08-01
2229.2,Price feed fee,2025-07-31,month,11877717,2025-09-03
2229.2,Price feed fee,2025-07-31,ytd,82377717,2025-08-01
2229.3,Legal consultancy expenses,2025-07-31,month,5849288,2025-09-03
2229.3,Legal consultancy expenses,2025-07-31,ytd,20566852,2025-08-01
2230,"Fee for drafting, printing, distribution of prospectus, summarised prospectus, financial statements, transaction confirmations, account statements and other documents to investors; information disclosure fee; fee for organising annual general meeting, board of representatives meeting",2025-07-31,month,13286680,2025-09-03
2230,"Fee for drafting, printing, distribution of prospectus, summarised prospectus, financial statements, transaction confirmations, account statements and other documents to investors; information disclosure fee; fee for organising annual general meeting, board of representatives meeting",2025-07-31,ytd,63656651,2025-08-01
2230.1,Meeting expenses,2025-07-31,month,13286680,2025-09-03
2230.1,Meeting expenses,2025-07-31,ytd,63656651,2025-08-01
2230.2,Annual report expenses,2025-07-31,month,0,2025-09-03
2230.2,Annual report expenses,2025-07-31,ytd,0,2025-08-01
2230.3,"Fund's Board of Representatives meeting, travelling expenses",2025-07-31,month,0,2025-09-03
2230.3,"Fund's Board of Representatives meeting, travelling expenses",2025-07-31,ytd,0,2025-08-01
2230.4,Expenses of information disclosure of the Fund,2025-07-31,month,0,2025-09-03
2230.4,Expenses of information disclosure of the Fund,2025-07-31,ytd,0,2025-08-01
2230.5,"Designing, printing, posting... expenses",2025-07-31,month,0,2025-09-03
2230.5,"Designing, printing, posting... expenses",2025-07-31,ytd,0,2025-08-01
2231,Expenses related to execution of Fund’s asset transactions,2025-07-31,month,17879750,2025-09-03
2231,Expenses related to execution of Fund’s asset transactions,2025-07-31,ytd,144062525,2025-08-01
2231,Real Estate Management Service fee (not applicable),2025-07-31,month,0,2025-09-03
2231,Real Estate Management Service fee (not applicable),2025-07-31,ytd,0,2025-08-01
2231.1,Brokerage fee,2025-07-31,month,17879750,2025-09-03
2231.1,Brokerage fee,2025-07-31,ytd,142952744,2025-08-01
2231.2,Clearing settlement fee,2025-07-31,month,0,2025-09-03
2231.2,Clearing settlement fee,2025-07-31,ytd,1109781,2025-08-01
2231.3,Other Expenses,2025-07-31,month,0,2025-09-03
2231.3,Other Expenses,2025-07-31,ytd,0,2025-08-01
2232,Other expenses,2025-07-31,month,8785786,2025-09-03
2232,Other expenses,2025-07-31,ytd,50253664,2025-08-01
2232,Real estate valuation service fees (not applicable),2025-07-31,month,0,2025-09-03
2232,Real estate valuation service fees (not applicable),2025-07-31,ytd,0,2025-08-01
2232.1,Set up Expenses,2025-07-31,month,0,2025-09-03
2232.1,Set up Expenses,2025-07-31,ytd,0,2025-08-01
2232.2,"Listing, registration fees",2025-07-31,month,0,2025-09-03
2232.2,"Listing, registration fees",2025-07-31,ytd,0,2025-08-01
2232.3,Annual management fee paid to SSC,2025-07-31,month,636986,2025-09-03
2232.3,Annual management fee paid to SSC,2025-07-31,ytd,4356164,2025-08-01
2232.4,Bank charges,2025-07-31,month,8148800,2025-09-03
2232.4,Bank charges,2025-07-31,ytd,44797500,2025-08-01
2232.5,Borrowing expense,2025-07-31,month,0,2025-09-03
2232.5,Borrowing expense,2025-07-31,ytd,0,2025-08-01
2232.6,Other Expenses,2025-07-31,month,0,2025-09-03
2232.6,Other Expenses,2025-07-31,ytd,0,2025-08-01
2232.7,Fee paid to VSDC for getting the list of investors,2025-07-31,month,0,2025-09-03
2232.7,Fee paid to VSDC for getting the list of investors,2025-07-31,ytd,1100000,2025-08-01
2233,Net Income from Investment Activities (= I - II),2025-07-31,month,7142740678,2025-09-03
2233,Net Income from Investment Activities (= I - II),2025-07-31,ytd,39475156941,2025-08-01
2234,Gain / (Loss) from Investment Activities,2025-07-31,month,-752206021,2025-09-03
2234,Gain / (Loss) from Investment Activities,2025-07-31,ytd,-591703603,2025-08-01
2235,Realised Gain / (Loss) from disposal of investment or real estate transfer,2025-07-31,month,0,2025-09-03
2235,Realised Gain / (Loss) from disposal of investment or real estate transfer,2025-07-31,ytd,621931865,2025-08-01
2236,Unrealised Gain / (Loss) due to market price,2025-07-31,month,-752206021,2025-09-03
2236,Unrealised Gain / (Loss) due to market price,2025-07-31,ytd,-1213635468,2025-08-01
2237,Change of Net Asset Value of the Fund due to investment activities during the period (= III + IV),2025-07-31,month,6390534657,2025-09-03
2237,Change of Net Asset Value of the Fund due to investment activities during the period (= III + IV),2025-07-31,ytd,38883453338,2025-08-01
2238,Net Asset Value at the beginning of period,2025-07-31,month,1432370723024,2025-09-03
2238,Net Asset Value at the beginning of period,2025-07-31,ytd,1179091760772,2025-08-01
2239,"Change of Net Asset Value of the Fund during the period, of which",2025-07-31,month,423155820991,2025-09-03
2239,"Change of Net Asset Value of the Fund during the period, of which",2025-07-31,ytd,676434783243,2025-08-01
2239.1,Change of Net Asset Value due to investment activities during the period,2025-07-31,month,6390534657,2025-09-03
2239.1,Change of Net Asset Value due to investment activities during the period,2025-07-31,ytd,38883453338,2025-08-01
2239.2,Change of Net Asset Value due to  dividends payment to investors during the period,2025-07-31,month,0,2025-09-03
2239.2,Change of Net Asset Value due to  dividends payment to investors during the period,2025-07-31,ytd,0,2025-08-01
2239.3,Change of Net Asset Value due to subscription/redemption during the period,2025-07-31,month,416765286334,2025-09-03
2239.3,Change of Net Asset Value due to subscription/redemption during the period,2025-07-31,ytd,637551329905,2025-08-01
2239.3.1,Change of Net Asset Value due to subscription during the period,2025-07-31,month,1167306924399,2025-09-03
2239.3.1,Change of Net Asset Value due to subscription during the period,2025-07-31,ytd,4907932139638,2025-08-01
2239.3.2,Change of Net Asset Value due to redemption during the period,2025-07-31,month,-750541638065,2025-09-03
2239.3.2,Change of Net Asset Value due to redemption during the period,2025-07-31,ytd,-4270380809733,2025-08-01
2243,Net Asset Value at the end of period,2025-07-31,month,1855526544015,2025-09-03
2243,Net Asset Value at the end of period,2025-07-31,ytd,1855526544015,2025-08-01
2244,Average annual profit (only applicable to annual report),2025-07-31,month,0,2025-09-03
2244,Average annual profit (only applicable to annual report),2025-07-31,ytd,0,2025-08-01
2245,Average annual rate of return (only applicable to annual report),2025-07-31,month,0,2025-09-03
2245,Average annual rate of return (only applicable to annual report),2025-07-31,ytd,0,2025-08-01
2220,Income from Investment Activities,2025-08-31,month,10888298845,2025-10-01
2220,Income from Investment Activities,2025-08-31,ytd,60688545507,2025-09-03
2221,"Dividend income, interest income from bonds",2025-08-31,month,5074450022,2025-10-01
2221,"Dividend income, interest income from bonds",2025-08-31,ytd,30465671700,2025-09-03
2221.1,Dividends income,2025-08-31,month,0,2025-10-01
2221.1,Dividends income,2025-08-31,ytd,0,2025-09-03
2221.2,Interest income from bonds,2025-08-31,month,5074450022,2025-10-01
2221.2,Interest income from bonds,2025-08-31,ytd,30465671700,2025-09-03
2222,Interest income,2025-08-31,month,5813848823,2025-10-01
2222,Interest income,2025-08-31,ytd,30222873807,2025-09-03
2222.1,Interest income from bank deposits,2025-08-31,month,3312272743,2025-10-01
2222.1,Interest income from bank deposits,2025-08-31,ytd,18101900467,2025-09-03
2222.2,Interest income from Money market instruments,2025-08-31,month,2501576080,2025-10-01
2222.2,Interest income from Money market instruments,2025-08-31,ytd,12120973340,2025-09-03
2222.3,Interest income from reverse repo contracts,2025-08-31,month,0,2025-10-01
2222.3,Interest income from reverse repo contracts,2025-08-31,ytd,0,2025-09-03
2223,Income from rental property (not applicable),2025-08-31,month,0,2025-10-01
2223,Income from rental property (not applicable),2025-08-31,ytd,0,2025-09-03
2223,Other incomes,2025-08-31,month,0,2025-10-01
2223,Other incomes,2025-08-31,ytd,0,2025-09-03
2223.1,Other investment incomes,2025-08-31,month,0,2025-10-01
2223.1,Other investment incomes,2025-08-31,ytd,0,2025-09-03
2223.2,Other incomes,2025-08-31,month,0,2025-10-01
2223.2,Other incomes,2025-08-31,ytd,0,2025-09-03
2223.3,"Provision expense for bad debts from dividends, interest income and written off bad debts from dividends, interest income",2025-08-31,month,0,2025-10-01
2223.3,"Provision expense for bad debts from dividends, interest income and written off bad debts from dividends, interest income",2025-08-31,ytd,0,2025-09-03
2224,Expenses,2025-08-31,month,2292198971,2025-10-01
2224,Expenses,2025-08-31,ytd,12617288692,2025-09-03
2225,Management Fee paid to Fund Management Company,2025-08-31,month,1989797923,2025-10-01
2225,Management Fee paid to Fund Management Company,2025-08-31,ytd,10772395969,2025-09-03
2226,"Custody fee, Supervising fee paid to Supervising Bank/VSDC",2025-08-31,month,139257836,2025-10-01
2226,"Custody fee, Supervising fee paid to Supervising Bank/VSDC",2025-08-31,ytd,763820899,2025-09-03
2226.1,Custodian service - Safe Custody Fee,2025-08-31,month,82908246,2025-10-01
2226.1,Custodian service - Safe Custody Fee,2025-08-31,ytd,455012291,2025-09-03
2226.2,Custodian service - Transaction fee,2025-08-31,month,915000,2025-10-01
2226.2,Custodian service - Transaction fee,2025-08-31,ytd,7425000,2025-09-03
2226.3,"Custodian service -  Depository fee, Position and Margin management fee paid to VSDC",2025-08-31,month,715148,2025-10-01
2226.3,"Custodian service -  Depository fee, Position and Margin management fee paid to VSDC",2025-08-31,ytd,5142721,2025-09-03
2226.4,Supervisory fee,2025-08-31,month,54719442,2025-10-01
2226.4,Supervisory fee,2025-08-31,ytd,296240887,2025-09-03
2227,"Fund Administration Fee, and other fees paid to relevant Fund's service providers",2025-08-31,month,86159256,2025-10-01
2227,"Fund Administration Fee, and other fees paid to relevant Fund's service providers",2025-08-31,ytd,515805994,2025-09-03
2227.1,Fund Administration Fee,2025-08-31,month,72959256,2025-10-01
2227.1,Fund Administration Fee,2025-08-31,ytd,410205994,2025-09-03
2227.2,Transfer Agency Fee,2025-08-31,month,13200000,2025-10-01
2227.2,Transfer Agency Fee,2025-08-31,ytd,105600000,2025-09-03
2228,Audit fee,2025-08-31,month,14611420,2025-10-01
2228,Audit fee,2025-08-31,ytd,96490953,2025-09-03
2229,"Legal consultancy expenses, price feed fee, other valid expenses, remuneration paid to Fund's Board of Representatives",2025-08-31,month,24236595,2025-10-01
2229,"Legal consultancy expenses, price feed fee, other valid expenses, remuneration paid to Fund's Board of Representatives",2025-08-31,ytd,172666096,2025-09-03
2229.1,Remuneration of Fund's Board of Representatives,2025-08-31,month,6509589,2025-10-01
2229.1,Remuneration of Fund's Board of Representatives,2025-08-31,ytd,51994521,2025-09-03
2229.2,Price feed fee,2025-08-31,month,11877718,2025-10-01
2229.2,Price feed fee,2025-08-31,ytd,94255435,2025-09-03
2229.3,Legal consultancy expenses,2025-08-31,month,5849288,2025-10-01
2229.3,Legal consultancy expenses,2025-08-31,ytd,26416140,2025-09-03
2230,"Fee for drafting, printing, distribution of prospectus, summarised prospectus, financial statements, transaction confirmations, account statements and other documents to investors; information disclosure fee; fee for organising annual general meeting, board of representatives meeting",2025-08-31,month,12236843,2025-10-01
2230,"Fee for drafting, printing, distribution of prospectus, summarised prospectus, financial statements, transaction confirmations, account statements and other documents to investors; information disclosure fee; fee for organising annual general meeting, board of representatives meeting",2025-08-31,ytd,75893494,2025-09-03
2230.1,Meeting expenses,2025-08-31,month,12236843,2025-10-01
2230.1,Meeting expenses,2025-08-31,ytd,75893494,2025-09-03
2230.2,Annual report expenses,2025-08-31,month,0,2025-10-01
2230.2,Annual report expenses,2025-08-31,ytd,0,2025-09-03
2230.3,"Fund's Board of Representatives meeting, travelling expenses",2025-08-31,month,0,2025-10-01
2230.3,"Fund's Board of Representatives meeting, travelling expenses",2025-08-31,ytd,0,2025-09-03
2230.4,Expenses of information disclosure of the Fund,2025-08-31,month,0,2025-10-01
2230.4,Expenses of information disclosure of the Fund,2025-08-31,ytd,0,2025-09-03
2230.5,"Designing, printing, posting... expenses",2025-08-31,month,0,2025-10-01
2230.5,"Designing, printing, posting... expenses",2025-08-31,ytd,0,2025-09-03
2231,Expenses related to execution of Fund’s asset transactions,2025-08-31,month,19029511,2025-10-01
2231,Expenses related to execution of Fund’s asset transactions,2025-08-31,ytd,163092036,2025-09-03
2231,Real Estate Management Service fee (not applicable),2025-08-31,month,0,2025-10-01
2231,Real Estate Management Service fee (not applicable),2025-08-31,ytd,0,2025-09-03
2231.1,Brokerage fee,2025-08-31,month,19029511,2025-10-01
2231.1,Brokerage fee,2025-08-31,ytd,161982255,2025-09-03
2231.2,Clearing settlement fee,2025-08-31,month,0,2025-10-01
2231.2,Clearing settlement fee,2025-08-31,ytd,1109781,2025-09-03
2231.3,Other Expenses,2025-08-31,month,0,2025-10-01
2231.3,Other Expenses,2025-08-31,ytd,0,2025-09-03
2232,Other expenses,2025-08-31,month,6869587,2025-10-01
2232,Other expenses,2025-08-31,ytd,57123251,2025-09-03
2232,Real estate valuation service fees (not applicable),2025-08-31,month,0,2025-10-01
2232,Real estate valuation service fees (not applicable),2025-08-31,ytd,0,2025-09-03
2232.1,Set up Expenses,2025-08-31,month,0,2025-10-01
2232.1,Set up Expenses,2025-08-31,ytd,0,2025-09-03
2232.2,"Listing, registration fees",2025-08-31,month,0,2025-10-01
2232.2,"Listing, registration fees",2025-08-31,ytd,0,2025-09-03
2232.3,Annual management fee paid to SSC,2025-08-31,month,636987,2025-10-01
2232.3,Annual management fee paid to SSC,2025-08-31,ytd,4993151,2025-09-03
2232.4,Bank charges,2025-08-31,month,6232600,2025-10-01
2232.4,Bank charges,2025-08-31,ytd,51030100,2025-09-03
2232.5,Borrowing expense,2025-08-31,month,0,2025-10-01
2232.5,Borrowing expense,2025-08-31,ytd,0,2025-09-03
2232.6,Other Expenses,2025-08-31,month,0,2025-10-01
2232.6,Other Expenses,2025-08-31,ytd,0,2025-09-03
2232.7,Fee paid to VSDC for getting the list of investors,2025-08-31,month,0,2025-10-01
2232.7,Fee paid to VSDC for getting the list of investors,2025-08-31,ytd,1100000,2025-09-03
2233,Net Income from Investment Activities (= I - II),2025-08-31,month,8596099874,2025-10-01
2233,Net Income from Investment Activities (= I - II),2025-08-31,ytd,48071256815,2025-09-03
2234,Gain / (Loss) from Investment Activities,2025-08-31,month,-1121820447,2025-10-01
2234,Gain / (Loss) from Investment Activities,2025-08-31,ytd,-1713524050,2025-09-03
2235,Realised Gain / (Loss) from disposal of investment or real estate transfer,2025-08-31,month,189753210,2025-10-01
2235,Realised Gain / (Loss) from disposal of investment or real estate transfer,2025-08-31,ytd,811685075,2025-09-03
2236,Unrealised Gain / (Loss) due to market price,2025-08-31,month,-1311573657,2025-10-01
2236,Unrealised Gain / (Loss) due to market price,2025-08-31,ytd,-2525209125,2025-09-03
2237,Change of Net Asset Value of the Fund due to investment activities during the period (= III + IV),2025-08-31,month,7474279427,2025-10-01
2237,Change of Net Asset Value of the Fund due to investment activities during the period (= III + IV),2025-08-31,ytd,46357732765,2025-09-03
2238,Net Asset Value at the beginning of period,2025-08-31,month,1855526544015,2025-10-01
2238,Net Asset Value at the beginning of period,2025-08-31,ytd,1179091760772,2025-09-03
2239,"Change of Net Asset Value of the Fund during the period, of which",2025-08-31,month,77239985666,2025-10-01
2239,"Change of Net Asset Value of the Fund during the period, of which",2025-08-31,ytd,753674768909,2025-09-03
2239.1,Change of Net Asset Value due to investment activities during the period,2025-08-31,month,7474279427,2025-10-01
2239.1,Change of Net Asset Value due to investment activities during the period,2025-08-31,ytd,46357732765,2025-09-03
2239.2,Change of Net Asset Value due to  dividends payment to investors during the period,2025-08-31,month,0,2025-10-01
2239.2,Change of Net Asset Value due to  dividends payment to investors during the period,2025-08-31,ytd,0,2025-09-03
2239.3,Change of Net Asset Value due to subscription/redemption during the period,2025-08-31,month,69765706239,2025-10-01
2239.3,Change of Net Asset Value due to subscription/redemption during the period,2025-08-31,ytd,707317036144,2025-09-03
2239.3.1,Change of Net Asset Value due to subscription during the period,2025-08-31,month,907458199006,2025-10-01
2239.3.1,Change of Net Asset Value due to subscription during the period,2025-08-31,ytd,5815390338644,2025-09-03
2239.3.2,Change of Net Asset Value due to redemption during the period,2025-08-31,month,-837692492767,2025-10-01
2239.3.2,Change of Net Asset Value due to redemption during the period,2025-08-31,ytd,-5108073302500,2025-09-03
2243,Net Asset Value at the end of period,2025-08-31,month,1932766529681,2025-10-01
2243,Net Asset Value at the end of period,2025-08-31,ytd,1932766529681,2025-09-03
2244,Average annual profit (only applicable to annual report),2025-08-31,month,0,2025-10-01
2244,Average annual profit (only applicable to annual report),2025-08-31,ytd,0,2025-09-03
2245,Average annual rate of return (only applicable to annual report),2025-08-31,month,0,2025-10-01
2245,Average annual rate of return (only applicable to annual report),2025-08-31,ytd,0,2025-09-03
2220,Income from Investment Activities,2025-09-30,month,10792434002,2025-11-03
2220,Income from Investment Activities,2025-09-30,ytd,71480979509,2025-10-01
2221,"Dividend income, interest income from bonds",2025-09-30,month,4732241791,2025-11-03
2221,"Dividend income, interest income from bonds",2025-09-30,ytd,35197913491,2025-10-01
2221.1,Dividends income,2025-09-30,month,0,2025-11-03
2221.1,Dividends income,2025-09-30,ytd,0,2025-10-01
2221.2,Interest income from bonds,2025-09-30,month,4732241791,2025-11-03
2221.2,Interest income from bonds,2025-09-30,ytd,35197913491,2025-10-01
2222,Interest income,2025-09-30,month,6060192211,2025-11-03
2222,Interest income,2025-09-30,ytd,36283066018,2025-10-01
2222.1,Interest income from bank deposits,2025-09-30,month,2173293779,2025-11-03
2222.1,Interest income from bank deposits,2025-09-30,ytd,20275194246,2025-10-01
2222.2,Interest income from Money market instruments,2025-09-30,month,3886898432,2025-11-03
2222.2,Interest income from Money market instruments,2025-09-30,ytd,16007871772,2025-10-01
2222.3,Interest income from reverse repo contracts,2025-09-30,month,0,2025-11-03
2222.3,Interest income from reverse repo contracts,2025-09-30,ytd,0,2025-10-01
2223,Income from rental property (not applicable),2025-09-30,month,0,2025-11-03
2223,Income from rental property (not applicable),2025-09-30,ytd,0,2025-10-01
2223,Other incomes,2025-09-30,month,0,2025-11-03
2223,Other incomes,2025-09-30,ytd,0,2025-10-01
2223.1,Other investment incomes,2025-09-30,month,0,2025-11-03
2223.1,Other investment incomes,2025-09-30,ytd,0,2025-10-01
2223.2,Other incomes,2025-09-30,month,0,2025-11-03
2223.2,Other incomes,2025-09-30,ytd,0,2025-10-01
2223.3,"Provision expense for bad debts from dividends, interest income and written off bad debts from dividends, interest income",2025-09-30,month,0,2025-11-03
2223.3,"Provision expense for bad debts from dividends, interest income and written off bad debts from dividends, interest income",2025-09-30,ytd,0,2025-10-01
2224,Expenses,2025-09-30,month,2263648682,2025-11-03
2224,Expenses,2025-09-30,ytd,14880937374,2025-10-01
2225,Management Fee paid to Fund Management Company,2025-09-30,month,1969916393,2025-11-03
2225,Management Fee paid to Fund Management Company,2025-09-30,ytd,12742312362,2025-10-01
2226,"Custody fee, Supervising fee paid to Supervising Bank/VSDC",2025-09-30,month,140060477,2025-11-03
2226,"Custody fee, Supervising fee paid to Supervising Bank/VSDC",2025-09-30,ytd,903881376,2025-10-01
2226.1,Custodian service - Safe Custody Fee,2025-09-30,month,82079848,2025-11-03
2226.1,Custodian service - Safe Custody Fee,2025-09-30,ytd,537092139,2025-10-01
2226.2,Custodian service - Transaction fee,2025-09-30,month,2950000,2025-11-03
2226.2,Custodian service - Transaction fee,2025-09-30,ytd,10375000,2025-10-01
2226.3,"Custodian service -  Depository fee, Position and Margin management fee paid to VSDC",2025-09-30,month,857928,2025-11-03
2226.3,"Custodian service -  Depository fee, Position and Margin management fee paid to VSDC",2025-09-30,ytd,6000649,2025-10-01
2226.4,Supervisory fee,2025-09-30,month,54172701,2025-11-03
2226.4,Supervisory fee,2025-09-30,ytd,350413588,2025-10-01
2227,"Fund Administration Fee, and other fees paid to relevant Fund's service providers",2025-09-30,month,85430270,2025-11-03
2227,"Fund Administration Fee, and other fees paid to relevant Fund's service providers",2025-09-30,ytd,601236264,2025-10-01
2227.1,Fund Administration Fee,2025-09-30,month,72230270,2025-11-03
2227.1,Fund Administration Fee,2025-09-30,ytd,482436264,2025-10-01
2227.2,Transfer Agency Fee,2025-09-30,month,13200000,2025-11-03
2227.2,Transfer Agency Fee,2025-09-30,ytd,118800000,2025-10-01
2228,Audit fee,2025-09-30,month,14140085,2025-11-03
2228,Audit fee,2025-09-30,ytd,110631038,2025-10-01
2229,"Legal consultancy expenses, price feed fee, other valid expenses, remuneration paid to Fund's Board of Representatives",2025-09-30,month,23648317,2025-11-03
2229,"Legal consultancy expenses, price feed fee, other valid expenses, remuneration paid to Fund's Board of Representatives",2025-09-30,ytd,196314413,2025-10-01
2229.1,Remuneration of Fund's Board of Representatives,2025-09-30,month,6493150,2025-11-03
2229.1,Remuneration of Fund's Board of Representatives,2025-09-30,ytd,58487671,2025-10-01
2229.2,Price feed fee,2025-09-30,month,11494565,2025-11-03
2229.2,Price feed fee,2025-09-30,ytd,105750000,2025-10-01
2229.3,Legal consultancy expenses,2025-09-30,month,5660602,2025-11-03
2229.3,Legal consultancy expenses,2025-09-30,ytd,32076742,2025-10-01
2230,"Fee for drafting, printing, distribution of prospectus, summarised prospectus, financial statements, transaction confirmations, account statements and other documents to investors; information disclosure fee; fee for organising annual general meeting, board of representatives meeting",2025-09-30,month,13224410,2025-11-03
2230,"Fee for drafting, printing, distribution of prospectus, summarised prospectus, financial statements, transaction confirmations, account statements and other documents to investors; information disclosure fee; fee for organising annual general meeting, board of representatives meeting",2025-09-30,ytd,89117904,2025-10-01
2230.1,Meeting expenses,2025-09-30,month,13224410,2025-11-03
2230.1,Meeting expenses,2025-09-30,ytd,89117904,2025-10-01
2230.2,Annual report expenses,2025-09-30,month,0,2025-11-03
2230.2,Annual report expenses,2025-09-30,ytd,0,2025-10-01
2230.3,"Fund's Board of Representatives meeting, travelling expenses",2025-09-30,month,0,2025-11-03
2230.3,"Fund's Board of Representatives meeting, travelling expenses",2025-09-30,ytd,0,2025-10-01
2230.4,Expenses of information disclosure of the Fund,2025-09-30,month,0,2025-11-03
2230.4,Expenses of information disclosure of the Fund,2025-09-30,ytd,0,2025-10-01
2230.5,"Designing, printing, posting... expenses",2025-09-30,month,0,2025-11-03
2230.5,"Designing, printing, posting... expenses",2025-09-30,ytd,0,2025-10-01
2231,Expenses related to execution of Fund’s asset transactions,2025-09-30,month,10876892,2025-11-03
2231,Expenses related to execution of Fund’s asset transactions,2025-09-30,ytd,173968928,2025-10-01
2231,Real Estate Management Service fee (not applicable),2025-09-30,month,0,2025-11-03
2231,Real Estate Management Service fee (not applicable),2025-09-30,ytd,0,2025-10-01
2231.1,Brokerage fee,2025-09-30,month,10876892,2025-11-03
2231.1,Brokerage fee,2025-09-30,ytd,172859147,2025-10-01
2231.2,Clearing settlement fee,2025-09-30,month,0,2025-11-03
2231.2,Clearing settlement fee,2025-09-30,ytd,1109781,2025-10-01
2231.3,Other Expenses,2025-09-30,month,0,2025-11-03
2231.3,Other Expenses,2025-09-30,ytd,0,2025-10-01
2232,Other expenses,2025-09-30,month,6351838,2025-11-03
2232,Other expenses,2025-09-30,ytd,63475089,2025-10-01
2232,Real estate valuation service fees (not applicable),2025-09-30,month,0,2025-11-03
2232,Real estate valuation service fees (not applicable),2025-09-30,ytd,0,2025-10-01
2232.1,Set up Expenses,2025-09-30,month,0,2025-11-03
2232.1,Set up Expenses,2025-09-30,ytd,0,2025-10-01
2232.2,"Listing, registration fees",2025-09-30,month,0,2025-11-03
2232.2,"Listing, registration fees",2025-09-30,ytd,0,2025-10-01
2232.3,Annual management fee paid to SSC,2025-09-30,month,616438,2025-11-03
2232.3,Annual management fee paid to SSC,2025-09-30,ytd,5609589,2025-10-01
2232.4,Bank charges,2025-09-30,month,5735400,2025-11-03
2232.4,Bank charges,2025-09-30,ytd,56765500,2025-10-01
2232.5,Borrowing expense,2025-09-30,month,0,2025-11-03
2232.5,Borrowing expense,2025-09-30,ytd,0,2025-10-01
2232.6,Other Expenses,2025-09-30,month,0,2025-11-03
2232.6,Other Expenses,2025-09-30,ytd,0,2025-10-01
2232.7,Fee paid to VSDC for getting the list of investors,2025-09-30,month,0,2025-11-03
2232.7,Fee paid to VSDC for getting the list of investors,2025-09-30,ytd,1100000,2025-10-01
2233,Net Income from Investment Activities (= I - II),2025-09-30,month,8528785320,2025-11-03
2233,Net Income from Investment Activities (= I - II),2025-09-30,ytd,56600042135,2025-10-01
2234,Gain / (Loss) from Investment Activities,2025-09-30,month,978584417,2025-11-03
2234,Gain / (Loss) from Investment Activities,2025-09-30,ytd,-734939633,2025-10-01
2235,Realised Gain / (Loss) from disposal of investment or real estate transfer,2025-09-30,month,110147008,2025-11-03
2235,Realised Gain / (Loss) from disposal of investment or real estate transfer,2025-09-30,ytd,921832083,2025-10-01
2236,Unrealised Gain / (Loss) due to market price,2025-09-30,month,868437409,2025-11-03
2236,Unrealised Gain / (Loss) due to market price,2025-09-30,ytd,-1656771716,2025-10-01
2237,Change of Net Asset Value of the Fund due to investment activities during the period (= III + IV),2025-09-30,month,9507369737,2025-11-03
2237,Change of Net Asset Value of the Fund due to investment activities during the period (= III + IV),2025-09-30,ytd,55865102502,2025-10-01
2238,Net Asset Value at the beginning of period,2025-09-30,month,1932766529681,2025-11-03
2238,Net Asset Value at the beginning of period,2025-09-30,ytd,1179091760772,2025-10-01
2239,"Change of Net Asset Value of the Fund during the period, of which",2025-09-30,month,74165101031,2025-11-03
2239,"Change of Net Asset Value of the Fund during the period, of which",2025-09-30,ytd,827839869940,2025-10-01
2239.1,Change of Net Asset Value due to investment activities during the period,2025-09-30,month,9507369737,2025-11-03
2239.1,Change of Net Asset Value due to investment activities during the period,2025-09-30,ytd,55865102502,2025-10-01
2239.2,Change of Net Asset Value due to  dividends payment to investors during the period,2025-09-30,month,0,2025-11-03
2239.2,Change of Net Asset Value due to  dividends payment to investors during the period,2025-09-30,ytd,0,2025-10-01
2239.3,Change of Net Asset Value due to subscription/redemption during the period,2025-09-30,month,64657731294,2025-11-03
2239.3,Change of Net Asset Value due to subscription/redemption during the period,2025-09-30,ytd,771974767438,2025-10-01
2239.3.1,Change of Net Asset Value due to subscription during the period,2025-09-30,month,784404004503,2025-11-03
2239.3.1,Change of Net Asset Value due to subscription during the period,2025-09-30,ytd,6599794343147,2025-10-01
2239.3.2,Change of Net Asset Value due to redemption during the period,2025-09-30,month,-719746273209,2025-11-03
2239.3.2,Change of Net Asset Value due to redemption during the period,2025-09-30,ytd,-5827819575709,2025-10-01
2243,Net Asset Value at the end of period,2025-09-30,month,2006931630712,2025-11-03
2243,Net Asset Value at the end of period,2025-09-30,ytd,2006931630712,2025-10-01
2244,Average annual profit (only applicable to annual report),2025-09-30,month,0,2025-11-03
2244,Average annual profit (only applicable to annual report),2025-09-30,ytd,0,2025-10-01
2245,Average annual rate of return (only applicable to annual report),2025-09-30,month,0,2025-11-03
2245,Average annual rate of return (only applicable to annual report),2025-09-30,ytd,0,2025-10-01
2220,Income from Investment Activities,2025-10-31,month,11266390296,2025-12-02
2220,Income from Investment Activities,2025-10-31,ytd,82747369805,2025-11-03
2221,"Dividend income, interest income from bonds",2025-10-31,month,5187590261,2025-12-02
2221,"Dividend income, interest income from bonds",2025-10-31,ytd,40385503752,2025-11-03
2221.1,Dividends income,2025-10-31,month,0,2025-12-02
2221.1,Dividends income,2025-10-31,ytd,0,2025-11-03
2221.2,Interest income from bonds,2025-10-31,month,5187590261,2025-12-02
2221.2,Interest income from bonds,2025-10-31,ytd,40385503752,2025-11-03
2222,Interest income,2025-10-31,month,6078800035,2025-12-02
2222,Interest income,2025-10-31,ytd,42361866053,2025-11-03
2222.1,Interest income from bank deposits,2025-10-31,month,1631242321,2025-12-02
2222.1,Interest income from bank deposits,2025-10-31,ytd,21906436567,2025-11-03
2222.2,Interest income from Money market instruments,2025-10-31,month,4447557714,2025-12-02
2222.2,Interest income from Money market instruments,2025-10-31,ytd,20455429486,2025-11-03
2222.3,Interest income from reverse repo contracts,2025-10-31,month,0,2025-12-02
2222.3,Interest income from reverse repo contracts,2025-10-31,ytd,0,2025-11-03
2223,Income from rental property (not applicable),2025-10-31,month,0,2025-12-02
2223,Income from rental property (not applicable),2025-10-31,ytd,0,2025-11-03
2223,Other incomes,2025-10-31,month,0,2025-12-02
2223,Other incomes,2025-10-31,ytd,0,2025-11-03
2223.1,Other investment incomes,2025-10-31,month,0,2025-12-02
2223.1,Other investment incomes,2025-10-31,ytd,0,2025-11-03
2223.2,Other incomes,2025-10-31,month,0,2025-12-02
2223.2,Other incomes,2025-10-31,ytd,0,2025-11-03
2223.3,"Provision expense for bad debts from dividends, interest income and written off bad debts from dividends, interest income",2025-10-31,month,0,2025-12-02
2223.3,"Provision expense for bad debts from dividends, interest income and written off bad debts from dividends, interest income",2025-10-31,ytd,0,2025-11-03
2224,Expenses,2025-10-31,month,2304492727,2025-12-02
2224,Expenses,2025-10-31,ytd,17185430101,2025-11-03
2225,Management Fee paid to Fund Management Company,2025-10-31,month,2013825337,2025-12-02
2225,Management Fee paid to Fund Management Company,2025-10-31,ytd,14756137699,2025-11-03
2226,"Custody fee, Supervising fee paid to Supervising Bank/VSDC",2025-10-31,month,141250618,2025-12-02
2226,"Custody fee, Supervising fee paid to Supervising Bank/VSDC",2025-10-31,ytd,1045131994,2025-11-03
2226.1,Custodian service - Safe Custody Fee,2025-10-31,month,83909389,2025-12-02
2226.1,Custodian service - Safe Custody Fee,2025-10-31,ytd,621001528,2025-11-03
2226.2,Custodian service - Transaction fee,2025-10-31,month,1050000,2025-12-02
2226.2,Custodian service - Transaction fee,2025-10-31,ytd,11425000,2025-11-03
2226.3,"Custodian service -  Depository fee, Position and Margin management fee paid to VSDC",2025-10-31,month,911033,2025-12-02
2226.3,"Custodian service -  Depository fee, Position and Margin management fee paid to VSDC",2025-10-31,ytd,6911682,2025-11-03
2226.4,Supervisory fee,2025-10-31,month,55380196,2025-12-02
2226.4,Supervisory fee,2025-10-31,ytd,405793784,2025-11-03
2227,"Fund Administration Fee, and other fees paid to relevant Fund's service providers",2025-10-31,month,87040263,2025-12-02
2227,"Fund Administration Fee, and other fees paid to relevant Fund's service providers",2025-10-31,ytd,688276527,2025-11-03
2227.1,Fund Administration Fee,2025-10-31,month,73840263,2025-12-02
2227.1,Fund Administration Fee,2025-10-31,ytd,556276527,2025-11-03
2227.2,Transfer Agency Fee,2025-10-31,month,13200000,2025-12-02
2227.2,Transfer Agency Fee,2025-10-31,ytd,132000000,2025-11-03
2228,Audit fee,2025-10-31,month,14611421,2025-12-02
2228,Audit fee,2025-10-31,ytd,125242459,2025-11-03
2229,"Legal consultancy expenses, price feed fee, other valid expenses, remuneration paid to Fund's Board of Representatives",2025-10-31,month,24236594,2025-12-02
2229,"Legal consultancy expenses, price feed fee, other valid expenses, remuneration paid to Fund's Board of Representatives",2025-10-31,ytd,220551007,2025-11-03
2229.1,Remuneration of Fund's Board of Representatives,2025-10-31,month,6509589,2025-12-02
2229.1,Remuneration of Fund's Board of Representatives,2025-10-31,ytd,64997260,2025-11-03
2229.2,Price feed fee,2025-10-31,month,11877717,2025-12-02
2229.2,Price feed fee,2025-10-31,ytd,117627717,2025-11-03
2229.3,Legal consultancy expenses,2025-10-31,month,5849288,2025-12-02
2229.3,Legal consultancy expenses,2025-10-31,ytd,37926030,2025-11-03
2230,"Fee for drafting, printing, distribution of prospectus, summarised prospectus, financial statements, transaction confirmations, account statements and other documents to investors; information disclosure fee; fee for organising annual general meeting, board of representatives meeting",2025-10-31,month,13665223,2025-12-02
2230,"Fee for drafting, printing, distribution of prospectus, summarised prospectus, financial statements, transaction confirmations, account statements and other documents to investors; information disclosure fee; fee for organising annual general meeting, board of representatives meeting",2025-10-31,ytd,102783127,2025-11-03
2230.1,Meeting expenses,2025-10-31,month,13665223,2025-12-02
2230.1,Meeting expenses,2025-10-31,ytd,102783127,2025-11-03
2230.2,Annual report expenses,2025-10-31,month,0,2025-12-02
2230.2,Annual report expenses,2025-10-31,ytd,0,2025-11-03
2230.3,"Fund's Board of Representatives meeting, travelling expenses",2025-10-31,month,0,2025-12-02
2230.3,"Fund's Board of Representatives meeting, travelling expenses",2025-10-31,ytd,0,2025-11-03
2230.4,Expenses of information disclosure of the Fund,2025-10-31,month,0,2025-12-02
2230.4,Expenses of information disclosure of the Fund,2025-10-31,ytd,0,2025-11-03
2230.5,"Designing, printing, posting... expenses",2025-10-31,month,0,2025-12-02
2230.5,"Designing, printing, posting... expenses",2025-10-31,ytd,0,2025-11-03
2231,Expenses related to execution of Fund’s asset transactions,2025-10-31,month,2035585,2025-12-02
2231,Expenses related to execution of Fund’s asset transactions,2025-10-31,ytd,176004513,2025-11-03
2231,Real Estate Management Service fee (not applicable),2025-10-31,month,0,2025-12-02
2231,Real Estate Management Service fee (not applicable),2025-10-31,ytd,0,2025-11-03
2231.1,Brokerage & transfer fee,2025-10-31,month,2035540,2025-12-02
2231.1,Brokerage fee,2025-10-31,month,2035540,2025-11-03
2231.1,Brokerage fee,2025-10-31,ytd,174894687,2025-11-03
2231.2,Clearing settlement fee,2025-10-31,month,45,2025-12-02
2231.2,Clearing settlement fee,2025-10-31,ytd,1109826,2025-11-03
2231.3,Other Expenses,2025-10-31,month,0,2025-12-02
2231.3,Other Expenses,2025-10-31,ytd,0,2025-11-03
2232,Other expenses,2025-10-31,month,7827686,2025-12-02
2232,Other expenses,2025-10-31,ytd,71302775,2025-11-03
2232,Real estate valuation service fees (not applicable),2025-10-31,month,0,2025-12-02
2232,Real estate valuation service fees (not applicable),2025-10-31,ytd,0,2025-11-03
2232.1,Set up Expenses,2025-10-31,month,0,2025-12-02
2232.1,Set up Expenses,2025-10-31,ytd,0,2025-11-03
2232.2,"Listing, registration fees",2025-10-31,month,0,2025-12-02
2232.2,"Listing, registration fees",2025-10-31,ytd,0,2025-11-03
2232.3,Annual management fee paid to SSC,2025-10-31,month,636986,2025-12-02
2232.3,Annual management fee paid to SSC,2025-10-31,ytd,6246575,2025-11-03
2232.4,Bank charges,2025-10-31,month,7190700,2025-12-02
2232.4,Bank charges,2025-10-31,ytd,63956200,2025-11-03
2232.5,Borrowing expense,2025-10-31,month,0,2025-12-02
2232.5,Borrowing expense,2025-10-31,ytd,0,2025-11-03
2232.6,Other Expenses,2025-10-31,month,0,2025-12-02
2232.6,Other Expenses,2025-10-31,ytd,0,2025-11-03
2232.7,Fee paid to VSDC for getting the list of investors,2025-10-31,month,0,2025-12-02
2232.7,Fee paid to VSDC for getting the list of investors,2025-10-31,ytd,1100000,2025-11-03
2233,Net Income from Investment Activities (= I - II),2025-10-31,month,8961897569,2025-12-02
2233,Net Income from Investment Activities (= I - II),2025-10-31,ytd,65561939704,2025-11-03
2234,Gain / (Loss) from Investment Activities,2025-10-31,month,-64379842,2025-12-02
2234,Gain / (Loss) from Investment Activities,2025-10-31,ytd,-799319475,2025-11-03
2235,Realised Gain / (Loss) from disposal of investment or real estate transfer,2025-10-31,month,87396054,2025-12-02
2235,Realised Gain / (Loss) from disposal of investment or real estate transfer,2025-10-31,ytd,1009228137,2025-11-03
2236,Unrealised Gain / (Loss) due to market price,2025-10-31,month,-151775896,2025-12-02
2236,Unrealised Gain / (Loss) due to market price,2025-10-31,ytd,-1808547612,2025-11-03
2237,Change of Net Asset Value of the Fund due to investment activities during the period (= III + IV),2025-10-31,month,8897517727,2025-12-02
2237,Change of Net Asset Value of the Fund due to investment activities during the period (= III + IV),2025-10-31,ytd,64762620229,2025-11-03
2238,Net Asset Value at the beginning of period,2025-10-31,month,2006931630712,2025-12-02
2238,Net Asset Value at the beginning of period,2025-10-31,ytd,1179091760772,2025-11-03
2239,"Change of Net Asset Value of the Fund during the period, of which",2025-10-31,month,-85795815954,2025-12-02
2239,"Change of Net Asset Value of the Fund during the period, of which",2025-10-31,ytd,742044053986,2025-11-03
2239.1,Change of Net Asset Value due to investment activities during the period,2025-10-31,month,8897517727,2025-12-02
2239.1,Change of Net Asset Value due to investment activities during the period,2025-10-31,ytd,64762620229,2025-11-03
2239.2,Change of Net Asset Value due to  dividends payment to investors during the period,2025-10-31,month,0,2025-12-02
2239.2,Change of Net Asset Value due to  dividends payment to investors during the period,2025-10-31,ytd,0,2025-11-03
2239.3,Change of Net Asset Value due to subscription/redemption during the period,2025-10-31,month,-94693333681,2025-12-02
2239.3,Change of Net Asset Value due to subscription/redemption during the period,2025-10-31,ytd,677281433757,2025-11-03
2239.3.1,Change of Net Asset Value due to subscription during the period,2025-10-31,month,815636047164,2025-12-02
2239.3.1,Change of Net Asset Value due to subscription during the period,2025-10-31,ytd,7415430390311,2025-11-03
2239.3.2,Change of Net Asset Value due to redemption during the period,2025-10-31,month,-910329380845,2025-12-02
2239.3.2,Change of Net Asset Value due to redemption during the period,2025-10-31,ytd,-6738148956554,2025-11-03
2243,Net Asset Value at the end of period,2025-10-31,month,1921135814758,2025-12-02
2243,Net Asset Value at the end of period,2025-10-31,ytd,1921135814758,2025-11-03
2244,Average annual profit (only applicable to annual report),2025-10-31,month,0,2025-12-02
2244,Average annual profit (only applicable to annual report),2025-10-31,ytd,0,2025-11-03
2245,Average annual rate of return (only applicable to annual report),2025-10-31,month,0,2025-12-02
2245,Average annual rate of return (only applicable to annual report),2025-10-31,ytd,0,2025-11-03
2220,Income from Investment Activities,2025-11-30,month,10250908072,2026-01-06
2220,Income from Investment Activities,2025-11-30,ytd,92998277877,2025-12-02
2221,"Dividend income, interest income from bonds",2025-11-30,month,4942464302,2026-01-06
2221,"Dividend income, interest income from bonds",2025-11-30,ytd,45327968054,2025-12-02
2221.1,Dividends income,2025-11-30,month,0,2026-01-06
2221.1,Dividends income,2025-11-30,ytd,0,2025-12-02
2221.2,Interest income from bonds,2025-11-30,month,4942464302,2026-01-06
2221.2,Interest income from bonds,2025-11-30,ytd,45327968054,2025-12-02
2222,Interest income,2025-11-30,month,5308443770,2026-01-06
2222,Interest income,2025-11-30,ytd,47670309823,2025-12-02
2222.1,Interest income from bank deposits,2025-11-30,month,997676474,2026-01-06
2222.1,Interest income from bank deposits,2025-11-30,ytd,22904113041,2025-12-02
2222.2,Interest income from Money market instruments,2025-11-30,month,4310767296,2026-01-06
2222.2,Interest income from Money market instruments,2025-11-30,ytd,24766196782,2025-12-02
2222.3,Interest income from reverse repo contracts,2025-11-30,month,0,2026-01-06
2222.3,Interest income from reverse repo contracts,2025-11-30,ytd,0,2025-12-02
2223,Income from rental property (not applicable),2025-11-30,month,0,2026-01-06
2223,Income from rental property (not applicable),2025-11-30,ytd,0,2025-12-02
2223,Other incomes,2025-11-30,month,0,2026-01-06
2223,Other incomes,2025-11-30,ytd,0,2025-12-02
2223.1,Other investment incomes,2025-11-30,month,0,2026-01-06
2223.1,Other investment incomes,2025-11-30,ytd,0,2025-12-02
2223.2,Other incomes,2025-11-30,month,0,2026-01-06
2223.2,Other incomes,2025-11-30,ytd,0,2025-12-02
2223.3,"Provision expense for bad debts from dividends, interest income and written off bad debts from dividends, interest income",2025-11-30,month,0,2026-01-06
2223.3,"Provision expense for bad debts from dividends, interest income and written off bad debts from dividends, interest income",2025-11-30,ytd,0,2025-12-02
2224,Expenses,2025-11-30,month,2113902116,2026-01-06
2224,Expenses,2025-11-30,ytd,19299332217,2025-12-02
2225,Management Fee paid to Fund Management Company,2025-11-30,month,1818339930,2026-01-06
2225,Management Fee paid to Fund Management Company,2025-11-30,ytd,16574477629,2025-12-02
2226,"Custody fee, Supervising fee paid to Supervising Bank/VSDC",2025-11-30,month,128177257,2026-01-06
2226,"Custody fee, Supervising fee paid to Supervising Bank/VSDC",2025-11-30,ytd,1173309251,2025-12-02
2226.1,Custodian service - Safe Custody Fee,2025-11-30,month,75764164,2026-01-06
2226.1,Custodian service - Safe Custody Fee,2025-11-30,ytd,696765692,2025-12-02
2226.2,Custodian service - Transaction fee,2025-11-30,month,1650000,2026-01-06
2226.2,Custodian service - Transaction fee,2025-11-30,ytd,13075000,2025-12-02
2226.3,"Custodian service -  Depository fee, Position and Margin management fee paid to VSDC",2025-11-30,month,758745,2026-01-06
2226.3,"Custodian service -  Depository fee, Position and Margin management fee paid to VSDC",2025-11-30,ytd,7670427,2025-12-02
2226.4,Supervisory fee,2025-11-30,month,50004348,2026-01-06
2226.4,Supervisory fee,2025-11-30,ytd,455798132,2025-12-02
2227,"Fund Administration Fee, and other fees paid to relevant Fund's service providers",2025-11-30,month,79872463,2026-01-06
2227,"Fund Administration Fee, and other fees paid to relevant Fund's service providers",2025-11-30,ytd,768148990,2025-12-02
2227.1,Fund Administration Fee,2025-11-30,month,66672463,2026-01-06
2227.1,Fund Administration Fee,2025-11-30,ytd,622948990,2025-12-02
2227.2,Transfer Agency Fee,2025-11-30,month,13200000,2026-01-06
2227.2,Transfer Agency Fee,2025-11-30,ytd,145200000,2025-12-02
2228,Audit fee,2025-11-30,month,14140084,2026-01-06
2228,Audit fee,2025-11-30,ytd,139382543,2025-12-02
2229,"Legal consultancy expenses, price feed fee, other valid expenses, remuneration paid to Fund's Board of Representatives",2025-11-30,month,23648319,2026-01-06
2229,"Legal consultancy expenses, price feed fee, other valid expenses, remuneration paid to Fund's Board of Representatives",2025-11-30,ytd,244199326,2025-12-02
2229.1,Remuneration of Fund's Board of Representatives,2025-11-30,month,6493151,2026-01-06
2229.1,Remuneration of Fund's Board of Representatives,2025-11-30,ytd,71490411,2025-12-02
2229.2,Price feed fee,2025-11-30,month,11494566,2026-01-06
2229.2,Price feed fee,2025-11-30,ytd,129122283,2025-12-02
2229.3,Legal consultancy expenses,2025-11-30,month,5660602,2026-01-06
2229.3,Legal consultancy expenses,2025-11-30,ytd,43586632,2025-12-02
2230,"Fee for drafting, printing, distribution of prospectus, summarised prospectus, financial statements, transaction confirmations, account statements and other documents to investors; information disclosure fee; fee for organising annual general meeting, board of representatives meeting",2025-11-30,month,13224409,2026-01-06
2230,"Fee for drafting, printing, distribution of prospectus, summarised prospectus, financial statements, transaction confirmations, account statements and other documents to investors; information disclosure fee; fee for organising annual general meeting, board of representatives meeting",2025-11-30,ytd,116007536,2025-12-02
2230.1,Meeting expenses,2025-11-30,month,13224409,2026-01-06
2230.1,Meeting expenses,2025-11-30,ytd,116007536,2025-12-02
2230.2,Annual report expenses,2025-11-30,month,0,2026-01-06
2230.2,Annual report expenses,2025-11-30,ytd,0,2025-12-02
2230.3,"Fund's Board of Representatives meeting, travelling expenses",2025-11-30,month,0,2026-01-06
2230.3,"Fund's Board of Representatives meeting, travelling expenses",2025-11-30,ytd,0,2025-12-02
2230.4,Expenses of information disclosure of the Fund,2025-11-30,month,0,2026-01-06
2230.4,Expenses of information disclosure of the Fund,2025-11-30,ytd,0,2025-12-02
2230.5,"Designing, printing, posting... expenses",2025-11-30,month,0,2026-01-06
2230.5,"Designing, printing, posting... expenses",2025-11-30,ytd,0,2025-12-02
2231,Expenses related to execution of Fund’s asset transactions,2025-11-30,month,32039815,2026-01-06
2231,Expenses related to execution of Fund’s asset transactions,2025-11-30,ytd,208044328,2025-12-02
2231,Real Estate Management Service fee (not applicable),2025-11-30,month,0,2026-01-06
2231,Real Estate Management Service fee (not applicable),2025-11-30,ytd,0,2025-12-02
2231.1,Brokerage & transfer fee,2025-11-30,month,32039815,2026-01-06
2231.1,Brokerage & transfer fee,2025-11-30,ytd,206934502,2025-12-02
2231.2,Clearing settlement fee,2025-11-30,month,0,2026-01-06
2231.2,Clearing settlement fee,2025-11-30,ytd,1109826,2025-12-02
2231.3,Other Expenses,2025-11-30,month,0,2026-01-06
2231.3,Other Expenses,2025-11-30,ytd,0,2025-12-02
2232,Other expenses,2025-11-30,month,4459839,2026-01-06
2232,Other expenses,2025-11-30,ytd,75762614,2025-12-02
2232,Real estate valuation service fees (not applicable),2025-11-30,month,0,2026-01-06
2232,Real estate valuation service fees (not applicable),2025-11-30,ytd,0,2025-12-02
2232.1,Set up Expenses,2025-11-30,month,0,2026-01-06
2232.1,Set up Expenses,2025-11-30,ytd,0,2025-12-02
2232.2,"Listing, registration fees",2025-11-30,month,0,2026-01-06
2232.2,"Listing, registration fees",2025-11-30,ytd,0,2025-12-02
2232.3,Annual management fee paid to SSC,2025-11-30,month,616439,2026-01-06
2232.3,Annual management fee paid to SSC,2025-11-30,ytd,6863014,2025-12-02
2232.4,Bank charges,2025-11-30,month,3843400,2026-01-06
2232.4,Bank charges,2025-11-30,ytd,67799600,2025-12-02
2232.5,Borrowing expense,2025-11-30,month,0,2026-01-06
2232.5,Borrowing expense,2025-11-30,ytd,0,2025-12-02
2232.6,Other Expenses,2025-11-30,month,0,2026-01-06
2232.6,Other Expenses,2025-11-30,ytd,0,2025-12-02
2232.7,Fee paid to VSDC for getting the list of investors,2025-11-30,month,0,2026-01-06
2232.7,Fee paid to VSDC for getting the list of investors,2025-11-30,ytd,1100000,2025-12-02
2233,Net Income from Investment Activities (= I - II),2025-11-30,month,8137005956,2026-01-06
2233,Net Income from Investment Activities (= I - II),2025-11-30,ytd,73698945660,2025-12-02
2234,Gain / (Loss) from Investment Activities,2025-11-30,month,239393310,2026-01-06
2234,Gain / (Loss) from Investment Activities,2025-11-30,ytd,-559926165,2025-12-02
2235,Realised Gain / (Loss) from disposal of investment or real estate transfer,2025-11-30,month,81870561,2026-01-06
2235,Realised Gain / (Loss) from disposal of investment or real estate transfer,2025-11-30,ytd,1091098698,2025-12-02
2236,Unrealised Gain / (Loss) due to market price,2025-11-30,month,157522749,2026-01-06
2236,Unrealised Gain / (Loss) due to market price,2025-11-30,ytd,-1651024863,2025-12-02
2237,Change of Net Asset Value of the Fund due to investment activities during the period (= III + IV),2025-11-30,month,8376399266,2026-01-06
2237,Change of Net Asset Value of the Fund due to investment activities during the period (= III + IV),2025-11-30,ytd,73139019495,2025-12-02
2238,Net Asset Value at the beginning of period,2025-11-30,month,1921135814758,2026-01-06
2238,Net Asset Value at the beginning of period,2025-11-30,ytd,1179091760772,2025-12-02
2239,"Change of Net Asset Value of the Fund during the period, of which",2025-11-30,month,-118616231335,2026-01-06
2239,"Change of Net Asset Value of the Fund during the period, of which",2025-11-30,ytd,623427822651,2025-12-02
2239.1,Change of Net Asset Value due to investment activities during the period,2025-11-30,month,8376399266,2026-01-06
2239.1,Change of Net Asset Value due to investment activities during the period,2025-11-30,ytd,73139019495,2025-12-02
2239.2,Change of Net Asset Value due to  dividends payment to investors during the period,2025-11-30,month,0,2026-01-06
2239.2,Change of Net Asset Value due to  dividends payment to investors during the period,2025-11-30,ytd,0,2025-12-02
2239.3,Change of Net Asset Value due to subscription/redemption during the period,2025-11-30,month,-126992630601,2026-01-06
2239.3,Change of Net Asset Value due to subscription/redemption during the period,2025-11-30,ytd,550288803156,2025-12-02
2239.3.1,Change of Net Asset Value due to subscription during the period,2025-11-30,month,544572007523,2026-01-06
2239.3.1,Change of Net Asset Value due to subscription during the period,2025-11-30,ytd,7960002397834,2025-12-02
2239.3.2,Change of Net Asset Value due to redemption during the period,2025-11-30,month,-671564638124,2026-01-06
2239.3.2,Change of Net Asset Value due to redemption during the period,2025-11-30,ytd,-7409713594678,2025-12-02
2243,Net Asset Value at the end of period,2025-11-30,month,1802519583423,2026-01-06
2243,Net Asset Value at the end of period,2025-11-30,ytd,1802519583423,2025-12-02
2244,Average annual profit (only applicable to annual report),2025-11-30,month,0,2026-01-06
2244,Average annual profit (only applicable to annual report),2025-11-30,ytd,0,2025-12-02
2245,Average annual rate of return (only applicable to annual report),2025-11-30,month,0,2026-01-06
2245,Average annual rate of return (only applicable to annual report),2025-11-30,ytd,0,2025-12-02
2220,Income from Investment Activities,2025-12-31,month,9480947910,2026-02-02
2220,Income from Investment Activities,2025-12-31,ytd,102479225787,2026-01-06
2221,"Dividend income, interest income from bonds",2025-12-31,month,6367053102,2026-02-02
2221,"Dividend income, interest income from bonds",2025-12-31,ytd,51695021156,2026-01-06
2221.1,Dividends income,2025-12-31,month,0,2026-02-02
2221.1,Dividends income,2025-12-31,ytd,0,2026-01-06
2221.2,Interest income from bonds,2025-12-31,month,6367053102,2026-02-02
2221.2,Interest income from bonds,2025-12-31,ytd,51695021156,2026-01-06
2222,Interest income,2025-12-31,month,3113894808,2026-02-02
2222,Interest income,2025-12-31,ytd,50784204631,2026-01-06
2222.1,Interest income from bank deposits,2025-12-31,month,124452317,2026-02-02
2222.1,Interest income from bank deposits,2025-12-31,ytd,23028565358,2026-01-06
2222.2,Interest income from Money market instruments,2025-12-31,month,2989442491,2026-02-02
2222.2,Interest income from Money market instruments,2025-12-31,ytd,27755639273,2026-01-06
2222.3,Interest income from reverse repo contracts,2025-12-31,month,0,2026-02-02
2222.3,Interest income from reverse repo contracts,2025-12-31,ytd,0,2026-01-06
2223,Income from rental property (not applicable),2025-12-31,month,0,2026-02-02
2223,Income from rental property (not applicable),2025-12-31,ytd,0,2026-01-06
2223,Other incomes,2025-12-31,month,0,2026-02-02
2223,Other incomes,2025-12-31,ytd,0,2026-01-06
2223.1,Other investment incomes,2025-12-31,month,0,2026-02-02
2223.1,Other investment incomes,2025-12-31,ytd,0,2026-01-06
2223.2,Other incomes,2025-12-31,month,0,2026-02-02
2223.2,Other incomes,2025-12-31,ytd,0,2026-01-06
2223.3,"Provision expense for bad debts from dividends, interest income and written off bad debts from dividends, interest income",2025-12-31,month,0,2026-02-02
2223.3,"Provision expense for bad debts from dividends, interest income and written off bad debts from dividends, interest income",2025-12-31,ytd,0,2026-01-06
2224,Expenses,2025-12-31,month,2071233317,2026-02-02
2224,Expenses,2025-12-31,ytd,21370565534,2026-01-06
2225,Management Fee paid to Fund Management Company,2025-12-31,month,1743919278,2026-02-02
2225,Management Fee paid to Fund Management Company,2025-12-31,ytd,18318396907,2026-01-06
2226,"Custody fee, Supervising fee paid to Supervising Bank/VSDC",2025-12-31,month,122809067,2026-02-02
2226,"Custody fee, Supervising fee paid to Supervising Bank/VSDC",2025-12-31,ytd,1296118318,2026-01-06
2226.1,Custodian service - Safe Custody Fee,2025-12-31,month,72663304,2026-02-02
2226.1,Custodian service - Safe Custody Fee,2025-12-31,ytd,769428996,2026-01-06
2226.2,Custodian service - Transaction fee,2025-12-31,month,1350000,2026-02-02
2226.2,Custodian service - Transaction fee,2025-12-31,ytd,14425000,2026-01-06
2226.3,"Custodian service -  Depository fee, Position and Margin management fee paid to VSDC",2025-12-31,month,837984,2026-02-02
2226.3,"Custodian service -  Depository fee, Position and Margin management fee paid to VSDC",2025-12-31,ytd,8508411,2026-01-06
2226.4,Supervisory fee,2025-12-31,month,47957779,2026-02-02
2226.4,Supervisory fee,2025-12-31,ytd,503755911,2026-01-06
2227,"Fund Administration Fee, and other fees paid to relevant Fund's service providers",2025-12-31,month,77143705,2026-02-02
2227,"Fund Administration Fee, and other fees paid to relevant Fund's service providers",2025-12-31,ytd,845292695,2026-01-06
2227.1,Fund Administration Fee,2025-12-31,month,63943705,2026-02-02
2227.1,Fund Administration Fee,2025-12-31,ytd,686892695,2026-01-06
2227.2,Transfer Agency Fee,2025-12-31,month,13200000,2026-02-02
2227.2,Transfer Agency Fee,2025-12-31,ytd,158400000,2026-01-06
2228,Audit fee,2025-12-31,month,14611421,2026-02-02
2228,Audit fee,2025-12-31,ytd,153993964,2026-01-06
2229,"Legal consultancy expenses, price feed fee, other valid expenses, remuneration paid to Fund's Board of Representatives",2025-12-31,month,24236594,2026-02-02
2229,"Legal consultancy expenses, price feed fee, other valid expenses, remuneration paid to Fund's Board of Representatives",2025-12-31,ytd,268435920,2026-01-06
2229.1,Remuneration of Fund's Board of Representatives,2025-12-31,month,6509589,2026-02-02
2229.1,Remuneration of Fund's Board of Representatives,2025-12-31,ytd,78000000,2026-01-06
2229.2,Price feed fee,2025-12-31,month,11877717,2026-02-02
2229.2,Price feed fee,2025-12-31,ytd,141000000,2026-01-06
2229.3,Legal consultancy expenses,2025-12-31,month,5849288,2026-02-02
2229.3,Legal consultancy expenses,2025-12-31,ytd,49435920,2026-01-06
2230,"Fee for drafting, printing, distribution of prospectus, summarised prospectus, financial statements, transaction confirmations, account statements and other documents to investors; information disclosure fee; fee for organising annual general meeting, board of representatives meeting",2025-12-31,month,13665223,2026-02-02
2230,"Fee for drafting, printing, distribution of prospectus, summarised prospectus, financial statements, transaction confirmations, account statements and other documents to investors; information disclosure fee; fee for organising annual general meeting, board of representatives meeting",2025-12-31,ytd,129672759,2026-01-06
2230.1,Meeting expenses,2025-12-31,month,13665223,2026-02-02
2230.1,Meeting expenses,2025-12-31,ytd,129672759,2026-01-06
2230.2,Annual report expenses,2025-12-31,month,0,2026-02-02
2230.2,Annual report expenses,2025-12-31,ytd,0,2026-01-06
2230.3,"Fund's Board of Representatives meeting, travelling expenses",2025-12-31,month,0,2026-02-02
2230.3,"Fund's Board of Representatives meeting, travelling expenses",2025-12-31,ytd,0,2026-01-06
2230.4,Expenses of information disclosure of the Fund,2025-12-31,month,0,2026-02-02
2230.4,Expenses of information disclosure of the Fund,2025-12-31,ytd,0,2026-01-06
2230.5,"Designing, printing, posting... expenses",2025-12-31,month,0,2026-02-02
2230.5,"Designing, printing, posting... expenses",2025-12-31,ytd,0,2026-01-06
2231,Expenses related to execution of Fund’s asset transactions,2025-12-31,month,68626343,2026-02-02
2231,Expenses related to execution of Fund’s asset transactions,2025-12-31,ytd,276670671,2026-01-06
2231,Real Estate Management Service fee (not applicable),2025-12-31,month,0,2026-02-02
2231,Real Estate Management Service fee (not applicable),2025-12-31,ytd,0,2026-01-06
2231.1,Brokerage & transfer fee,2025-12-31,month,68626343,2026-02-02
2231.1,Brokerage & transfer fee,2025-12-31,ytd,275560845,2026-01-06
2231.2,Clearing settlement fee,2025-12-31,month,0,2026-02-02
2231.2,Clearing settlement fee,2025-12-31,ytd,1109826,2026-01-06
2231.3,Other Expenses,2025-12-31,month,0,2026-02-02
2231.3,Other Expenses,2025-12-31,ytd,0,2026-01-06
2232,Other expenses,2025-12-31,month,6221686,2026-02-02
2232,Other expenses,2025-12-31,ytd,81984300,2026-01-06
2232,Real estate valuation service fees (not applicable),2025-12-31,month,0,2026-02-02
2232,Real estate valuation service fees (not applicable),2025-12-31,ytd,0,2026-01-06
2232.1,Set up Expenses,2025-12-31,month,0,2026-02-02
2232.1,Set up Expenses,2025-12-31,ytd,0,2026-01-06
2232.2,"Listing, registration fees",2025-12-31,month,0,2026-02-02
2232.2,"Listing, registration fees",2025-12-31,ytd,0,2026-01-06
2232.3,Annual management fee paid to SSC,2025-12-31,month,636986,2026-02-02
2232.3,Annual management fee paid to SSC,2025-12-31,ytd,7500000,2026-01-06
2232.4,Bank charges,2025-12-31,month,1987700,2026-02-02
2232.4,Bank charges,2025-12-31,ytd,69787300,2026-01-06
2232.5,Borrowing expense,2025-12-31,month,0,2026-02-02
2232.5,Borrowing expense,2025-12-31,ytd,0,2026-01-06
2232.6,Other Expenses,2025-12-31,month,3597000,2026-02-02
2232.6,Other Expenses,2025-12-31,ytd,3597000,2026-01-06
2232.7,Fee paid to VSDC for getting the list of investors,2025-12-31,month,0,2026-02-02
2232.7,Fee paid to VSDC for getting the list of investors,2025-12-31,ytd,1100000,2026-01-06
2233,Net Income from Investment Activities (= I - II),2025-12-31,month,7409714593,2026-02-02
2233,Net Income from Investment Activities (= I - II),2025-12-31,ytd,81108660253,2026-01-06
2234,Gain / (Loss) from Investment Activities,2025-12-31,month,1951376373,2026-02-02
2234,Gain / (Loss) from Investment Activities,2025-12-31,ytd,1391450208,2026-01-06
2235,Realised Gain / (Loss) from disposal of investment or real estate transfer,2025-12-31,month,1260850389,2026-02-02
2235,Realised Gain / (Loss) from disposal of investment or real estate transfer,2025-12-31,ytd,2351949087,2026-01-06
2236,Unrealised Gain / (Loss) due to market price,2025-12-31,month,690525984,2026-02-02
2236,Unrealised Gain / (Loss) due to market price,2025-12-31,ytd,-960498879,2026-01-06
2237,Change of Net Asset Value of the Fund due to investment activities during the period (= III + IV),2025-12-31,month,9361090966,2026-02-02
2237,Change of Net Asset Value of the Fund due to investment activities during the period (= III + IV),2025-12-31,ytd,82500110461,2026-01-06
2238,Net Asset Value at the beginning of period,2025-12-31,month,1802519583423,2026-02-02
2238,Net Asset Value at the beginning of period,2025-12-31,ytd,1179091760772,2026-01-06
2239,"Change of Net Asset Value of the Fund during the period, of which",2025-12-31,month,-460177233571,2026-02-02
2239,"Change of Net Asset Value of the Fund during the period, of which",2025-12-31,ytd,163250589080,2026-01-06
2239.1,Change of Net Asset Value due to investment activities during the period,2025-12-31,month,9361090966,2026-02-02
2239.1,Change of Net Asset Value due to investment activities during the period,2025-12-31,ytd,82500110461,2026-01-06
2239.2,Change of Net Asset Value due to  dividends payment to investors during the period,2025-12-31,month,0,2026-02-02
2239.2,Change of Net Asset Value due to  dividends payment to investors during the period,2025-12-31,ytd,0,2026-01-06
2239.3,Change of Net Asset Value due to subscription/redemption during the period,2025-12-31,month,-469538324537,2026-02-02
2239.3,Change of Net Asset Value due to subscription/redemption during the period,2025-12-31,ytd,80750478619,2026-01-06
2239.3.1,Change of Net Asset Value due to subscription during the period,2025-12-31,month,687929064106,2026-02-02
2239.3.1,Change of Net Asset Value due to subscription during the period,2025-12-31,ytd,8647931461940,2026-01-06
2239.3.2,Change of Net Asset Value due to redemption during the period,2025-12-31,month,-1157467388643,2026-02-02
2239.3.2,Change of Net Asset Value due to redemption during the period,2025-12-31,ytd,-8567180983321,2026-01-06
2243,Net Asset Value at the end of period,2025-12-31,month,1342342349852,2026-02-02
2243,Net Asset Value at the end of period,2025-12-31,ytd,1342342349852,2026-01-06
2244,Average annual profit (only applicable to annual report),2025-12-31,month,0,2026-02-02
2244,Average annual profit (only applicable to annual report),2025-12-31,ytd,0,2026-01-06
2245,Average annual rate of return (only applicable to annual report),2025-12-31,month,0,2026-02-02
2245,Average annual rate of return (only applicable to annual report),2025-12-31,ytd,0,2026-01-06
2220,Income from Investment Activities,2026-01-31,month,7790307998,2026-03-02
2220,Income from Investment Activities,2026-01-31,ytd,7790307998,2026-02-02
2221,"Dividend income, interest income from bonds",2026-01-31,month,4987331080,2026-03-02
2221,"Dividend income, interest income from bonds",2026-01-31,ytd,4987331080,2026-02-02
2221.1,Dividends income,2026-01-31,month,0,2026-03-02
2221.1,Dividends income,2026-01-31,ytd,0,2026-02-02
2221.2,Interest income from bonds,2026-01-31,month,4987331080,2026-03-02
2221.2,Interest income from bonds,2026-01-31,ytd,4987331080,2026-02-02
2222,Interest income,2026-01-31,month,2802976918,2026-03-02
2222,Interest income,2026-01-31,ytd,2802976918,2026-02-02
2222.1,Interest income from bank deposits,2026-01-31,month,450449522,2026-03-02
2222.1,Interest income from bank deposits,2026-01-31,ytd,450449522,2026-02-02
2222.2,Interest income from Money market instruments,2026-01-31,month,2352527396,2026-03-02
2222.2,Interest income from Money market instruments,2026-01-31,ytd,2352527396,2026-02-02
2222.3,Interest income from reverse repo contracts,2026-01-31,month,0,2026-03-02
2222.3,Interest income from reverse repo contracts,2026-01-31,ytd,0,2026-02-02
2223,Income from rental property (not applicable),2026-01-31,month,0,2026-03-02
2223,Income from rental property (not applicable),2026-01-31,ytd,0,2026-02-02
2223,Other incomes,2026-01-31,month,0,2026-03-02
2223,Other incomes,2026-01-31,ytd,0,2026-02-02
2223.1,Other investment incomes,2026-01-31,month,0,2026-03-02
2223.1,Other investment incomes,2026-01-31,ytd,0,2026-02-02
2223.2,Other incomes,2026-01-31,month,0,2026-03-02
2223.2,Other incomes,2026-01-31,ytd,0,2026-02-02
2223.3,"Provision expense for bad debts from dividends, interest income and written off bad debts from dividends, interest income",2026-01-31,month,0,2026-03-02
2223.3,"Provision expense for bad debts from dividends, interest income and written off bad debts from dividends, interest income",2026-01-31,ytd,0,2026-02-02
2224,Expenses,2026-01-31,month,1501803912,2026-03-02
2224,Expenses,2026-01-31,ytd,1501803912,2026-02-02
2225,Management Fee paid to Fund Management Company,2026-01-31,month,1301640517,2026-03-02
2225,Management Fee paid to Fund Management Company,2026-01-31,ytd,1301640517,2026-02-02
2226,"Custody fee, Supervising fee paid to Supervising Bank/VSDC",2026-01-31,month,91907048,2026-03-02
2226,"Custody fee, Supervising fee paid to Supervising Bank/VSDC",2026-01-31,ytd,91907048,2026-02-02
2226.1,Custodian service - Safe Custody Fee,2026-01-31,month,54235023,2026-03-02
2226.1,Custodian service - Safe Custody Fee,2026-01-31,ytd,54235023,2026-02-02
2226.2,Custodian service - Transaction fee,2026-01-31,month,1050000,2026-03-02
2226.2,Custodian service - Transaction fee,2026-01-31,ytd,1050000,2026-02-02
2226.3,"Custodian service -  Depository fee, Position and Margin management fee paid to VSDC",2026-01-31,month,826909,2026-03-02
2226.3,"Custodian service -  Depository fee, Position and Margin management fee paid to VSDC",2026-01-31,ytd,826909,2026-02-02
2226.4,Supervisory fee,2026-01-31,month,35795116,2026-03-02
2226.4,Supervisory fee,2026-01-31,ytd,35795116,2026-02-02
2227,"Fund Administration Fee, and other fees paid to relevant Fund's service providers",2026-01-31,month,60926818,2026-03-02
2227,"Fund Administration Fee, and other fees paid to relevant Fund's service providers",2026-01-31,ytd,60926818,2026-02-02
2227.1,Fund Administration Fee,2026-01-31,month,47726818,2026-03-02
2227.1,Fund Administration Fee,2026-01-31,ytd,47726818,2026-02-02
2227.2,Transfer Agency Fee,2026-01-31,month,13200000,2026-03-02
2227.2,Transfer Agency Fee,2026-01-31,ytd,13200000,2026-02-02
2228,Audit fee,2026-01-31,month,13079452,2026-03-02
2228,Audit fee,2026-01-31,ytd,13079452,2026-02-02
2229,"Legal consultancy expenses, price feed fee, other valid expenses, remuneration paid to Fund's Board of Representatives",2026-01-31,month,-2098744,2026-03-02
2229,"Legal consultancy expenses, price feed fee, other valid expenses, remuneration paid to Fund's Board of Representatives",2026-01-31,ytd,-2098744,2026-02-02
2229.1,Remuneration of Fund's Board of Representatives,2026-01-31,month,6509589,2026-03-02
2229.1,Remuneration of Fund's Board of Representatives,2026-01-31,ytd,6509589,2026-02-02
2229.2,Price feed fee,2026-01-31,month,-8608333,2026-03-02
2229.2,Price feed fee,2026-01-31,ytd,-8608333,2026-02-02
2229.3,Legal consultancy expenses,2026-01-31,month,0,2026-03-02
2229.3,Legal consultancy expenses,2026-01-31,ytd,0,2026-02-02
2230,"Fee for drafting, printing, distribution of prospectus, summarised prospectus, financial statements, transaction confirmations, account statements and other documents to investors; information disclosure fee; fee for organising annual general meeting, board of representatives meeting",2026-01-31,month,8078504,2026-03-02
2230,"Fee for drafting, printing, distribution of prospectus, summarised prospectus, financial statements, transaction confirmations, account statements and other documents to investors; information disclosure fee; fee for organising annual general meeting, board of representatives meeting",2026-01-31,ytd,8078504,2026-02-02
2230.1,Meeting expenses,2026-01-31,month,8078504,2026-03-02
2230.1,Meeting expenses,2026-01-31,ytd,8078504,2026-02-02
2230.2,Annual report expenses,2026-01-31,month,0,2026-03-02
2230.2,Annual report expenses,2026-01-31,ytd,0,2026-02-02
2230.3,"Fund's Board of Representatives meeting, travelling expenses",2026-01-31,month,0,2026-03-02
2230.3,"Fund's Board of Representatives meeting, travelling expenses",2026-01-31,ytd,0,2026-02-02
2230.4,Expenses of information disclosure of the Fund,2026-01-31,month,0,2026-03-02
2230.4,Expenses of information disclosure of the Fund,2026-01-31,ytd,0,2026-02-02
2230.5,"Designing, printing, posting... expenses",2026-01-31,month,0,2026-03-02
2230.5,"Designing, printing, posting... expenses",2026-01-31,ytd,0,2026-02-02
2231,Expenses related to execution of Fund’s asset transactions,2026-01-31,month,23729431,2026-03-02
2231,Expenses related to execution of Fund’s asset transactions,2026-01-31,ytd,23729431,2026-02-02
2231,Real Estate Management Service fee (not applicable),2026-01-31,month,0,2026-03-02
2231,Real Estate Management Service fee (not applicable),2026-01-31,ytd,0,2026-02-02
2231.1,Brokerage & transfer fee,2026-01-31,month,23579425,2026-03-02
2231.1,Brokerage & transfer fee,2026-01-31,ytd,23579425,2026-02-02
2231.2,Clearing settlement fee,2026-01-31,month,150006,2026-03-02
2231.2,Clearing settlement fee,2026-01-31,ytd,150006,2026-02-02
2231.3,Other Expenses,2026-01-31,month,0,2026-03-02
2231.3,Other Expenses,2026-01-31,ytd,0,2026-02-02
2232,Other expenses,2026-01-31,month,4540886,2026-03-02
2232,Other expenses,2026-01-31,ytd,4540886,2026-02-02
2232,Real estate valuation service fees (not applicable),2026-01-31,month,0,2026-03-02
2232,Real estate valuation service fees (not applicable),2026-01-31,ytd,0,2026-02-02
2232.1,Set up Expenses,2026-01-31,month,0,2026-03-02
2232.1,Set up Expenses,2026-01-31,ytd,0,2026-02-02
2232.2,"Listing, registration fees",2026-01-31,month,0,2026-03-02
2232.2,"Listing, registration fees",2026-01-31,ytd,0,2026-02-02
2232.3,Annual management fee paid to SSC,2026-01-31,month,636986,2026-03-02
2232.3,Annual management fee paid to SSC,2026-01-31,ytd,636986,2026-02-02
2232.4,Bank charges,2026-01-31,month,3903900,2026-03-02
2232.4,Bank charges,2026-01-31,ytd,3903900,2026-02-02
2232.5,Borrowing expense,2026-01-31,month,0,2026-03-02
2232.5,Borrowing expense,2026-01-31,ytd,0,2026-02-02
2232.6,Other Expenses,2026-01-31,month,0,2026-03-02
2232.6,Other Expenses,2026-01-31,ytd,0,2026-02-02
2232.7,Fee paid to VSDC for getting the list of investors,2026-01-31,month,0,2026-03-02
2232.7,Fee paid to VSDC for getting the list of investors,2026-01-31,ytd,0,2026-02-02
2233,Net Income from Investment Activities (= I - II),2026-01-31,month,6288504086,2026-03-02
2233,Net Income from Investment Activities (= I - II),2026-01-31,ytd,6288504086,2026-02-02
2234,Gain / (Loss) from Investment Activities,2026-01-31,month,1595120670,2026-03-02
2234,Gain / (Loss) from Investment Activities,2026-01-31,ytd,1595120670,2026-02-02
2235,Realised Gain / (Loss) from disposal of investment or real estate transfer,2026-01-31,month,-153690700,2026-03-02
2235,Realised Gain / (Loss) from disposal of investment or real estate transfer,2026-01-31,ytd,-153690700,2026-02-02
2236,Unrealised Gain / (Loss) due to market price,2026-01-31,month,1748811370,2026-03-02
2236,Unrealised Gain / (Loss) due to market price,2026-01-31,ytd,1748811370,2026-02-02
2237,Change of Net Asset Value of the Fund due to investment activities during the period (= III + IV),2026-01-31,month,7883624756,2026-03-02
2237,Change of Net Asset Value of the Fund due to investment activities during the period (= III + IV),2026-01-31,ytd,7883624756,2026-02-02
2238,Net Asset Value at the beginning of period,2026-01-31,month,1342342349852,2026-03-02
2238,Net Asset Value at the beginning of period,2026-01-31,ytd,1342342349852,2026-02-02
2239,"Change of Net Asset Value of the Fund during the period, of which",2026-01-31,month,-172474571430,2026-03-02
2239,"Change of Net Asset Value of the Fund during the period, of which",2026-01-31,ytd,-172474571430,2026-02-02
2239.1,Change of Net Asset Value due to investment activities during the period,2026-01-31,month,7883624756,2026-03-02
2239.1,Change of Net Asset Value due to investment activities during the period,2026-01-31,ytd,7883624756,2026-02-02
2239.2,Change of Net Asset Value due to  dividends payment to investors during the period,2026-01-31,month,0,2026-03-02
2239.2,Change of Net Asset Value due to  dividends payment to investors during the period,2026-01-31,ytd,0,2026-02-02
2239.3,Change of Net Asset Value due to subscription/redemption during the period,2026-01-31,month,-180358196186,2026-03-02
2239.3,Change of Net Asset Value due to subscription/redemption during the period,2026-01-31,ytd,-180358196186,2026-02-02
2239.3.1,Change of Net Asset Value due to subscription during the period,2026-01-31,month,468092038378,2026-03-02
2239.3.1,Change of Net Asset Value due to subscription during the period,2026-01-31,ytd,468092038378,2026-02-02
2239.3.2,Change of Net Asset Value due to redemption during the period,2026-01-31,month,-648450234564,2026-03-02
2239.3.2,Change of Net Asset Value due to redemption during the period,2026-01-31,ytd,-648450234564,2026-02-02
2243,Net Asset Value at the end of period,2026-01-31,month,1169867778422,2026-03-02
2243,Net Asset Value at the end of period,2026-01-31,ytd,1169867778422,2026-02-02
2244,Average annual profit (only applicable to annual report),2026-01-31,month,0,2026-03-02
2244,Average annual profit (only applicable to annual report),2026-01-31,ytd,0,2026-02-02
2245,Average annual rate of return (only applicable to annual report),2026-01-31,month,0,2026-03-02
2245,Average annual rate of return (only applicable to annual report),2026-01-31,ytd,0,2026-02-02
2220,Income from Investment Activities,2026-02-28,month,6624516303,2026-04-01
2220,Income from Investment Activities,2026-02-28,ytd,14414824301,2026-03-02
2221,"Dividend income, interest income from bonds",2026-02-28,month,4508992988,2026-04-01
2221,"Dividend income, interest income from bonds",2026-02-28,ytd,9496324068,2026-03-02
2221.1,Dividends income,2026-02-28,month,0,2026-04-01
2221.1,Dividends income,2026-02-28,ytd,0,2026-03-02
2221.2,Interest income from bonds,2026-02-28,month,4508992988,2026-04-01
2221.2,Interest income from bonds,2026-02-28,ytd,9496324068,2026-03-02
2222,Interest income,2026-02-28,month,2115523315,2026-04-01
2222,Interest income,2026-02-28,ytd,4918500233,2026-03-02
2222.1,Interest income from bank deposits,2026-02-28,month,220427427,2026-04-01
2222.1,Interest income from bank deposits,2026-02-28,ytd,670876949,2026-03-02
2222.2,Interest income from Money market instruments,2026-02-28,month,1895095888,2026-04-01
2222.2,Interest income from Money market instruments,2026-02-28,ytd,4247623284,2026-03-02
2222.3,Interest income from reverse repo contracts,2026-02-28,month,0,2026-04-01
2222.3,Interest income from reverse repo contracts,2026-02-28,ytd,0,2026-03-02
2223,Income from rental property (not applicable),2026-02-28,month,0,2026-04-01
2223,Income from rental property (not applicable),2026-02-28,ytd,0,2026-03-02
2223,Other incomes,2026-02-28,month,0,2026-04-01
2223,Other incomes,2026-02-28,ytd,0,2026-03-02
2223.1,Other investment incomes,2026-02-28,month,0,2026-04-01
2223.1,Other investment incomes,2026-02-28,ytd,0,2026-03-02
2223.2,Other incomes,2026-02-28,month,0,2026-04-01
2223.2,Other incomes,2026-02-28,ytd,0,2026-03-02
2223.3,"Provision expense for bad debts from dividends, interest income and written off bad debts from dividends, interest income",2026-02-28,month,0,2026-04-01
2223.3,"Provision expense for bad debts from dividends, interest income and written off bad debts from dividends, interest income",2026-02-28,ytd,0,2026-03-02
2224,Expenses,2026-02-28,month,1258164659,2026-04-01
2224,Expenses,2026-02-28,ytd,2759968571,2026-03-02
2225,Management Fee paid to Fund Management Company,2026-02-28,month,1050773994,2026-04-01
2225,Management Fee paid to Fund Management Company,2026-02-28,ytd,2352414511,2026-03-02
2226,"Custody fee, Supervising fee paid to Supervising Bank/VSDC",2026-02-28,month,75893527,2026-04-01
2226,"Custody fee, Supervising fee paid to Supervising Bank/VSDC",2026-02-28,ytd,167800575,2026-03-02
2226.1,Custodian service - Safe Custody Fee,2026-02-28,month,43782251,2026-04-01
2226.1,Custodian service - Safe Custody Fee,2026-02-28,ytd,98017274,2026-03-02
2226.2,Custodian service - Transaction fee,2026-02-28,month,1950000,2026-04-01
2226.2,Custodian service - Transaction fee,2026-02-28,ytd,3000000,2026-03-02
2226.3,"Custodian service -  Depository fee, Position and Margin management fee paid to VSDC",2026-02-28,month,1264991,2026-04-01
2226.3,"Custodian service -  Depository fee, Position and Margin management fee paid to VSDC",2026-02-28,ytd,2091900,2026-03-02
2226.4,Supervisory fee,2026-02-28,month,28896285,2026-04-01
2226.4,Supervisory fee,2026-02-28,ytd,64691401,2026-03-02
2227,"Fund Administration Fee, and other fees paid to relevant Fund's service providers",2026-02-28,month,51728381,2026-04-01
2227,"Fund Administration Fee, and other fees paid to relevant Fund's service providers",2026-02-28,ytd,112655199,2026-03-02
2227.1,Fund Administration Fee,2026-02-28,month,38528381,2026-04-01
2227.1,Fund Administration Fee,2026-02-28,ytd,86255199,2026-03-02
2227.2,Transfer Agency Fee,2026-02-28,month,13200000,2026-04-01
2227.2,Transfer Agency Fee,2026-02-28,ytd,26400000,2026-03-02
2228,Audit fee,2026-02-28,month,11813699,2026-04-01
2228,Audit fee,2026-02-28,ytd,24893151,2026-03-02
2229,"Legal consultancy expenses, price feed fee, other valid expenses, remuneration paid to Fund's Board of Representatives",2026-02-28,month,17426940,2026-04-01
2229,"Legal consultancy expenses, price feed fee, other valid expenses, remuneration paid to Fund's Board of Representatives",2026-02-28,ytd,15328196,2026-03-02
2229.1,Remuneration of Fund's Board of Representatives,2026-02-28,month,6460274,2026-04-01
2229.1,Remuneration of Fund's Board of Representatives,2026-02-28,ytd,12969863,2026-03-02
2229.2,Price feed fee,2026-02-28,month,10966666,2026-04-01
2229.2,Price feed fee,2026-02-28,ytd,2358333,2026-03-02
2229.3,Legal consultancy expenses,2026-02-28,month,0,2026-04-01
2229.3,Legal consultancy expenses,2026-02-28,ytd,0,2026-03-02
2230,"Fee for drafting, printing, distribution of prospectus, summarised prospectus, financial statements, transaction confirmations, account statements and other documents to investors; information disclosure fee; fee for organising annual general meeting, board of representatives meeting",2026-02-28,month,7296714,2026-04-01
2230,"Fee for drafting, printing, distribution of prospectus, summarised prospectus, financial statements, transaction confirmations, account statements and other documents to investors; information disclosure fee; fee for organising annual general meeting, board of representatives meeting",2026-02-28,ytd,15375218,2026-03-02
2230.1,Meeting expenses,2026-02-28,month,7296714,2026-04-01
2230.1,Meeting expenses,2026-02-28,ytd,15375218,2026-03-02
2230.2,Annual report expenses,2026-02-28,month,0,2026-04-01
2230.2,Annual report expenses,2026-02-28,ytd,0,2026-03-02
2230.3,"Fund's Board of Representatives meeting, travelling expenses",2026-02-28,month,0,2026-04-01
2230.3,"Fund's Board of Representatives meeting, travelling expenses",2026-02-28,ytd,0,2026-03-02
2230.4,Expenses of information disclosure of the Fund,2026-02-28,month,0,2026-04-01
2230.4,Expenses of information disclosure of the Fund,2026-02-28,ytd,0,2026-03-02
2230.5,"Designing, printing, posting... expenses",2026-02-28,month,0,2026-04-01
2230.5,"Designing, printing, posting... expenses",2026-02-28,ytd,0,2026-03-02
2231,Expenses related to execution of Fund’s asset transactions,2026-02-28,month,39758661,2026-04-01
2231,Expenses related to execution of Fund’s asset transactions,2026-02-28,ytd,63488092,2026-03-02
2231,Real Estate Management Service fee (not applicable),2026-02-28,month,0,2026-04-01
2231,Real Estate Management Service fee (not applicable),2026-02-28,ytd,0,2026-03-02
2231.1,Brokerage & transfer fee,2026-02-28,month,39638617,2026-04-01
2231.1,Brokerage & transfer fee,2026-02-28,ytd,63218042,2026-03-02
2231.2,Clearing settlement fee,2026-02-28,month,120044,2026-04-01
2231.2,Clearing settlement fee,2026-02-28,ytd,270050,2026-03-02
2231.3,Other Expenses,2026-02-28,month,0,2026-04-01
2231.3,Other Expenses,2026-02-28,ytd,0,2026-03-02
2232,Other expenses,2026-02-28,month,3472743,2026-04-01
2232,Other expenses,2026-02-28,ytd,8013629,2026-03-02
2232,Real estate valuation service fees (not applicable),2026-02-28,month,0,2026-04-01
2232,Real estate valuation service fees (not applicable),2026-02-28,ytd,0,2026-03-02
2232.1,Set up Expenses,2026-02-28,month,0,2026-04-01
2232.1,Set up Expenses,2026-02-28,ytd,0,2026-03-02
2232.2,"Listing, registration fees",2026-02-28,month,0,2026-04-01
2232.2,"Listing, registration fees",2026-02-28,ytd,0,2026-03-02
2232.3,Annual management fee paid to SSC,2026-02-28,month,575343,2026-04-01
2232.3,Annual management fee paid to SSC,2026-02-28,ytd,1212329,2026-03-02
2232.4,Bank charges,2026-02-28,month,2897400,2026-04-01
2232.4,Bank charges,2026-02-28,ytd,6801300,2026-03-02
2232.5,Borrowing expense,2026-02-28,month,0,2026-04-01
2232.5,Borrowing expense,2026-02-28,ytd,0,2026-03-02
2232.6,Other Expenses,2026-02-28,month,0,2026-04-01
2232.6,Other Expenses,2026-02-28,ytd,0,2026-03-02
2232.7,Fee paid to VSDC for getting the list of investors,2026-02-28,month,0,2026-04-01
2232.7,Fee paid to VSDC for getting the list of investors,2026-02-28,ytd,0,2026-03-02
2233,Net Income from Investment Activities (= I - II),2026-02-28,month,5366351644,2026-04-01
2233,Net Income from Investment Activities (= I - II),2026-02-28,ytd,11654855730,2026-03-02
2234,Gain / (Loss) from Investment Activities,2026-02-28,month,-19876142,2026-04-01
2234,Gain / (Loss) from Investment Activities,2026-02-28,ytd,1575244528,2026-03-02
2235,Realised Gain / (Loss) from disposal of investment or real estate transfer,2026-02-28,month,-463699452,2026-04-01
2235,Realised Gain / (Loss) from disposal of investment or real estate transfer,2026-02-28,ytd,-617390152,2026-03-02
2236,Unrealised Gain / (Loss) due to market price,2026-02-28,month,443823310,2026-04-01
2236,Unrealised Gain / (Loss) due to market price,2026-02-28,ytd,2192634680,2026-03-02
2237,Change of Net Asset Value of the Fund due to investment activities during the period (= III + IV),2026-02-28,month,5346475502,2026-04-01
2237,Change of Net Asset Value of the Fund due to investment activities during the period (= III + IV),2026-02-28,ytd,13230100258,2026-03-02
2238,Net Asset Value at the beginning of period,2026-02-28,month,1169867778422,2026-04-01
2238,Net Asset Value at the beginning of period,2026-02-28,ytd,1342342349852,2026-03-02
2239,"Change of Net Asset Value of the Fund during the period, of which",2026-02-28,month,-2332624601,2026-04-01
2239,"Change of Net Asset Value of the Fund during the period, of which",2026-02-28,ytd,-174807196031,2026-03-02
2239.1,Change of Net Asset Value due to investment activities during the period,2026-02-28,month,5346475502,2026-04-01
2239.1,Change of Net Asset Value due to investment activities during the period,2026-02-28,ytd,13230100258,2026-03-02
2239.2,Change of Net Asset Value due to  dividends payment to investors during the period,2026-02-28,month,0,2026-04-01
2239.2,Change of Net Asset Value due to  dividends payment to investors during the period,2026-02-28,ytd,0,2026-03-02
2239.3,Change of Net Asset Value due to subscription/redemption during the period,2026-02-28,month,-7679100103,2026-04-01
2239.3,Change of Net Asset Value due to subscription/redemption during the period,2026-02-28,ytd,-188037296289,2026-03-02
2239.3.1,Change of Net Asset Value due to subscription during the period,2026-02-28,month,339523650355,2026-04-01
2239.3.1,Change of Net Asset Value due to subscription during the period,2026-02-28,ytd,807615688733,2026-03-02
2239.3.2,Change of Net Asset Value due to redemption during the period,2026-02-28,month,-347202750458,2026-04-01
2239.3.2,Change of Net Asset Value due to redemption during the period,2026-02-28,ytd,-995652985022,2026-03-02
2243,Net Asset Value at the end of period,2026-02-28,month,1167535153821,2026-04-01
2243,Net Asset Value at the end of period,2026-02-28,ytd,1167535153821,2026-03-02
2244,Average annual profit (only applicable to annual report),2026-02-28,month,0,2026-04-01
2244,Average annual profit (only applicable to annual report),2026-02-28,ytd,0,2026-03-02
2245,Average annual rate of return (only applicable to annual report),2026-02-28,month,0,2026-04-01
2245,Average annual rate of return (only applicable to annual report),2026-02-28,ytd,0,2026-03-02
2220,Income from Investment Activities,2026-03-31,month,6889732922,2026-05-04
2220,Income from Investment Activities,2026-03-31,ytd,21304557223,2026-04-01
2221,"Dividend income, interest income from bonds",2026-03-31,month,4629416002,2026-05-04
2221,"Dividend income, interest income from bonds",2026-03-31,ytd,14125740070,2026-04-01
2221.1,Dividends income,2026-03-31,month,0,2026-05-04
2221.1,Dividends income,2026-03-31,ytd,0,2026-04-01
2221.2,Interest income from bonds,2026-03-31,month,4629416002,2026-05-04
2221.2,Interest income from bonds,2026-03-31,ytd,14125740070,2026-04-01
2222,Interest income,2026-03-31,month,2260316920,2026-05-04
2222,Interest income,2026-03-31,ytd,7178817153,2026-04-01
2222.1,Interest income from bank deposits,2026-03-31,month,310307329,2026-05-04
2222.1,Interest income from bank deposits,2026-03-31,ytd,981184278,2026-04-01
2222.2,Interest income from Money market instruments,2026-03-31,month,1950009591,2026-05-04
2222.2,Interest income from Money market instruments,2026-03-31,ytd,6197632875,2026-04-01
2222.3,Interest income from reverse repo contracts,2026-03-31,month,0,2026-05-04
2222.3,Interest income from reverse repo contracts,2026-03-31,ytd,0,2026-04-01
2223,Income from rental property (not applicable),2026-03-31,month,0,2026-05-04
2223,Income from rental property (not applicable),2026-03-31,ytd,0,2026-04-01
2223,Other incomes,2026-03-31,month,0,2026-05-04
2223,Other incomes,2026-03-31,ytd,0,2026-04-01
2223.1,Other investment incomes,2026-03-31,month,0,2026-05-04
2223.1,Other investment incomes,2026-03-31,ytd,0,2026-04-01
2223.2,Other incomes,2026-03-31,month,0,2026-05-04
2223.2,Other incomes,2026-03-31,ytd,0,2026-04-01
2223.3,"Provision expense for bad debts from dividends, interest income and written off bad debts from dividends, interest income",2026-03-31,month,0,2026-05-04
2223.3,"Provision expense for bad debts from dividends, interest income and written off bad debts from dividends, interest income",2026-03-31,ytd,0,2026-04-01
2224,Expenses,2026-03-31,month,1327920066,2026-05-04
2224,Expenses,2026-03-31,ytd,4087888637,2026-04-01
2225,Management Fee paid to Fund Management Company,2026-03-31,month,1092213240,2026-05-04
2225,Management Fee paid to Fund Management Company,2026-03-31,ytd,3444627751,2026-04-01
2226,"Custody fee, Supervising fee paid to Supervising Bank/VSDC",2026-03-31,month,78076139,2026-05-04
2226,"Custody fee, Supervising fee paid to Supervising Bank/VSDC",2026-03-31,ytd,245876714,2026-04-01
2226.1,Custodian service - Safe Custody Fee,2026-03-31,month,45508886,2026-05-04
2226.1,Custodian service - Safe Custody Fee,2026-03-31,ytd,143526160,2026-04-01
2226.2,Custodian service - Transaction fee,2026-03-31,month,1350000,2026-05-04
2226.2,Custodian service - Transaction fee,2026-03-31,ytd,4350000,2026-04-01
2226.3,"Custodian service -  Depository fee, Position and Margin management fee paid to VSDC",2026-03-31,month,1181387,2026-05-04
2226.3,"Custodian service -  Depository fee, Position and Margin management fee paid to VSDC",2026-03-31,ytd,3273287,2026-04-01
2226.4,Supervisory fee,2026-03-31,month,30035866,2026-05-04
2226.4,Supervisory fee,2026-03-31,ytd,94727267,2026-04-01
2227,"Fund Administration Fee, and other fees paid to relevant Fund's service providers",2026-03-31,month,53247819,2026-05-04
2227,"Fund Administration Fee, and other fees paid to relevant Fund's service providers",2026-03-31,ytd,165903018,2026-04-01
2227.1,Fund Administration Fee,2026-03-31,month,40047819,2026-05-04
2227.1,Fund Administration Fee,2026-03-31,ytd,126303018,2026-04-01
2227.2,Transfer Agency Fee,2026-03-31,month,13200000,2026-05-04
2227.2,Transfer Agency Fee,2026-03-31,ytd,39600000,2026-04-01
2228,Audit fee,2026-03-31,month,13436234,2026-05-04
2228,Audit fee,2026-03-31,ytd,38329385,2026-04-01
2229,"Legal consultancy expenses, price feed fee, other valid expenses, remuneration paid to Fund's Board of Representatives",2026-03-31,month,18651256,2026-05-04
2229,"Legal consultancy expenses, price feed fee, other valid expenses, remuneration paid to Fund's Board of Representatives",2026-03-31,ytd,33979452,2026-04-01
2229.1,Remuneration of Fund's Board of Representatives,2026-03-31,month,6509589,2026-05-04
2229.1,Remuneration of Fund's Board of Representatives,2026-03-31,ytd,19479452,2026-04-01
2229.2,Price feed fee,2026-03-31,month,12141667,2026-05-04
2229.2,Price feed fee,2026-03-31,ytd,14500000,2026-04-01
2229.3,Legal consultancy expenses,2026-03-31,month,0,2026-05-04
2229.3,Legal consultancy expenses,2026-03-31,ytd,0,2026-04-01
2230,"Fee for drafting, printing, distribution of prospectus, summarised prospectus, financial statements, transaction confirmations, account statements and other documents to investors; information disclosure fee; fee for organising annual general meeting, board of representatives meeting",2026-03-31,month,8078504,2026-05-04
2230,"Fee for drafting, printing, distribution of prospectus, summarised prospectus, financial statements, transaction confirmations, account statements and other documents to investors; information disclosure fee; fee for organising annual general meeting, board of representatives meeting",2026-03-31,ytd,23453722,2026-04-01
2230.1,Meeting expenses,2026-03-31,month,8078504,2026-05-04
2230.1,Meeting expenses,2026-03-31,ytd,23453722,2026-04-01
2230.2,Annual report expenses,2026-03-31,month,0,2026-05-04
2230.2,Annual report expenses,2026-03-31,ytd,0,2026-04-01
2230.3,"Fund's Board of Representatives meeting, travelling expenses",2026-03-31,month,0,2026-05-04
2230.3,"Fund's Board of Representatives meeting, travelling expenses",2026-03-31,ytd,0,2026-04-01
2230.4,Expenses of information disclosure of the Fund,2026-03-31,month,0,2026-05-04
2230.4,Expenses of information disclosure of the Fund,2026-03-31,ytd,0,2026-04-01
2230.5,"Designing, printing, posting... expenses",2026-03-31,month,0,2026-05-04
2230.5,"Designing, printing, posting... expenses",2026-03-31,ytd,0,2026-04-01
2231,Expenses related to execution of Fund’s asset transactions,2026-03-31,month,59712288,2026-05-04
2231,Expenses related to execution of Fund’s asset transactions,2026-03-31,ytd,123200380,2026-04-01
2231,Real Estate Management Service fee (not applicable),2026-03-31,month,0,2026-05-04
2231,Real Estate Management Service fee (not applicable),2026-03-31,ytd,0,2026-04-01
2231.1,Brokerage & transfer fee,2026-03-31,month,59376883,2026-05-04
2231.1,Brokerage & transfer fee,2026-03-31,ytd,122594925,2026-04-01
2231.2,Clearing settlement fee,2026-03-31,month,335405,2026-05-04
2231.2,Clearing settlement fee,2026-03-31,ytd,605455,2026-04-01
2231.3,Other Expenses,2026-03-31,month,0,2026-05-04
2231.3,Other Expenses,2026-03-31,ytd,0,2026-04-01
2232,Other expenses,2026-03-31,month,4504586,2026-05-04
2232,Other expenses,2026-03-31,ytd,12518215,2026-04-01
2232,Real estate valuation service fees (not applicable),2026-03-31,month,0,2026-05-04
2232,Real estate valuation service fees (not applicable),2026-03-31,ytd,0,2026-04-01
2232.1,Set up Expenses,2026-03-31,month,0,2026-05-04
2232.1,Set up Expenses,2026-03-31,ytd,0,2026-04-01
2232.2,"Listing, registration fees",2026-03-31,month,0,2026-05-04
2232.2,"Listing, registration fees",2026-03-31,ytd,0,2026-04-01
2232.3,Annual management fee paid to SSC,2026-03-31,month,636986,2026-05-04
2232.3,Annual management fee paid to SSC,2026-03-31,ytd,1849315,2026-04-01
2232.4,Bank charges,2026-03-31,month,3867600,2026-05-04
2232.4,Bank charges,2026-03-31,ytd,10668900,2026-04-01
2232.5,Borrowing expense,2026-03-31,month,0,2026-05-04
2232.5,Borrowing expense,2026-03-31,ytd,0,2026-04-01
2232.6,Other Expenses,2026-03-31,month,0,2026-05-04
2232.6,Other Expenses,2026-03-31,ytd,0,2026-04-01
2232.7,Fee paid to VSDC for getting the list of investors,2026-03-31,month,0,2026-05-04
2232.7,Fee paid to VSDC for getting the list of investors,2026-03-31,ytd,0,2026-04-01
2233,Net Income from Investment Activities (= I - II),2026-03-31,month,5561812856,2026-05-04
2233,Net Income from Investment Activities (= I - II),2026-03-31,ytd,17216668586,2026-04-01
2234,Gain / (Loss) from Investment Activities,2026-03-31,month,-2914962906,2026-05-04
2234,Gain / (Loss) from Investment Activities,2026-03-31,ytd,-1339718378,2026-04-01
2235,Realised Gain / (Loss) from disposal of investment or real estate transfer,2026-03-31,month,-71678982,2026-05-04
2235,Realised Gain / (Loss) from disposal of investment or real estate transfer,2026-03-31,ytd,-689069134,2026-04-01
2236,Unrealised Gain / (Loss) due to market price,2026-03-31,month,-2843283924,2026-05-04
2236,Unrealised Gain / (Loss) due to market price,2026-03-31,ytd,-650649244,2026-04-01
2237,Change of Net Asset Value of the Fund due to investment activities during the period (= III + IV),2026-03-31,month,2646849950,2026-05-04
2237,Change of Net Asset Value of the Fund due to investment activities during the period (= III + IV),2026-03-31,ytd,15876950208,2026-04-01
2238,Net Asset Value at the beginning of period,2026-03-31,month,1167535153821,2026-05-04
2238,Net Asset Value at the beginning of period,2026-03-31,ytd,1342342349852,2026-04-01
2239,"Change of Net Asset Value of the Fund during the period, of which",2026-03-31,month,-132664235299,2026-05-04
2239,"Change of Net Asset Value of the Fund during the period, of which",2026-03-31,ytd,-307471431330,2026-04-01
2239.1,Change of Net Asset Value due to investment activities during the period,2026-03-31,month,2646849950,2026-05-04
2239.1,Change of Net Asset Value due to investment activities during the period,2026-03-31,ytd,15876950208,2026-04-01
2239.2,Change of Net Asset Value due to  dividends payment to investors during the period,2026-03-31,month,0,2026-05-04
2239.2,Change of Net Asset Value due to  dividends payment to investors during the period,2026-03-31,ytd,0,2026-04-01
2239.3,Change of Net Asset Value due to subscription/redemption during the period,2026-03-31,month,-135311085249,2026-05-04
2239.3,Change of Net Asset Value due to subscription/redemption during the period,2026-03-31,ytd,-323348381538,2026-04-01
2239.3.1,Change of Net Asset Value due to subscription during the period,2026-03-31,month,591154016396,2026-05-04
2239.3.1,Change of Net Asset Value due to subscription during the period,2026-03-31,ytd,1398769705129,2026-04-01
2239.3.2,Change of Net Asset Value due to redemption during the period,2026-03-31,month,-726465101645,2026-05-04
2239.3.2,Change of Net Asset Value due to redemption during the period,2026-03-31,ytd,-1722118086667,2026-04-01
2243,Net Asset Value at the end of period,2026-03-31,month,1034870918522,2026-05-04
2243,Net Asset Value at the end of period,2026-03-31,ytd,1034870918522,2026-04-01
2244,Average annual profit (only applicable to annual report),2026-03-31,month,0,2026-05-04
2244,Average annual profit (only applicable to annual report),2026-03-31,ytd,0,2026-04-01
2245,Average annual rate of return (only applicable to annual report),2026-03-31,month,0,2026-05-04
2245,Average annual rate of return (only applicable to annual report),2026-03-31,ytd,0,2026-04-01
2220,Income from Investment Activities,2026-04-30,month,5581690772,2026-06-02
2220,Income from Investment Activities,2026-04-30,ytd,26886247995,2026-05-04
2221,"Dividend income, interest income from bonds",2026-04-30,month,4119591496,2026-06-02
2221,"Dividend income, interest income from bonds",2026-04-30,ytd,18245331566,2026-05-04
2221.1,Dividends income,2026-04-30,month,0,2026-06-02
2221.1,Dividends income,2026-04-30,ytd,0,2026-05-04
2221.2,Interest income from bonds,2026-04-30,month,4119591496,2026-06-02
2221.2,Interest income from bonds,2026-04-30,ytd,18245331566,2026-05-04
2222,Interest income,2026-04-30,month,1462099276,2026-06-02
2222,Interest income,2026-04-30,ytd,8640916429,2026-05-04
2222.1,Interest income from bank deposits,2026-04-30,month,328729414,2026-06-02
2222.1,Interest income from bank deposits,2026-04-30,ytd,1309913692,2026-05-04
2222.2,Interest income from Money market instruments,2026-04-30,month,1133369862,2026-06-02
2222.2,Interest income from Money market instruments,2026-04-30,ytd,7331002737,2026-05-04
2222.3,Interest income from reverse repo contracts,2026-04-30,month,0,2026-06-02
2222.3,Interest income from reverse repo contracts,2026-04-30,ytd,0,2026-05-04
2223,Income from rental property (not applicable),2026-04-30,month,0,2026-06-02
2223,Income from rental property (not applicable),2026-04-30,ytd,0,2026-05-04
2223,Other incomes,2026-04-30,month,0,2026-06-02
2223,Other incomes,2026-04-30,ytd,0,2026-05-04
2223.1,Other investment incomes,2026-04-30,month,0,2026-06-02
2223.1,Other investment incomes,2026-04-30,ytd,0,2026-05-04
2223.2,Other incomes,2026-04-30,month,0,2026-06-02
2223.2,Other incomes,2026-04-30,ytd,0,2026-05-04
2223.3,"Provision expense for bad debts from dividends, interest income and written off bad debts from dividends, interest income",2026-04-30,month,0,2026-06-02
2223.3,"Provision expense for bad debts from dividends, interest income and written off bad debts from dividends, interest income",2026-04-30,ytd,0,2026-05-04
2224,Expenses,2026-04-30,month,1024789819,2026-06-02
2224,Expenses,2026-04-30,ytd,5112678456,2026-05-04
2225,Management Fee paid to Fund Management Company,2026-04-30,month,874356598,2026-06-02
2225,Management Fee paid to Fund Management Company,2026-04-30,ytd,4318984349,2026-05-04
2226,"Custody fee, Supervising fee paid to Supervising Bank/VSDC",2026-04-30,month,62128265,2026-06-02
2226,"Custody fee, Supervising fee paid to Supervising Bank/VSDC",2026-04-30,ytd,308004979,2026-05-04
2226.1,Custodian service - Safe Custody Fee,2026-04-30,month,36431526,2026-06-02
2226.1,Custodian service - Safe Custody Fee,2026-04-30,ytd,179957686,2026-05-04
2226.2,Custodian service - Transaction fee,2026-04-30,month,750000,2026-06-02
2226.2,Custodian service - Transaction fee,2026-04-30,ytd,5100000,2026-05-04
2226.3,"Custodian service -  Depository fee, Position and Margin management fee paid to VSDC",2026-04-30,month,901934,2026-06-02
2226.3,"Custodian service -  Depository fee, Position and Margin management fee paid to VSDC",2026-04-30,ytd,4175221,2026-05-04
2226.4,Supervisory fee,2026-04-30,month,24044805,2026-06-02
2226.4,Supervisory fee,2026-04-30,ytd,118772072,2026-05-04
2227,"Fund Administration Fee, and other fees paid to relevant Fund's service providers",2026-04-30,month,45675172,2026-06-02
2227,"Fund Administration Fee, and other fees paid to relevant Fund's service providers",2026-04-30,ytd,211578190,2026-05-04
2227.1,Fund Administration Fee,2026-04-30,month,32475172,2026-06-02
2227.1,Fund Administration Fee,2026-04-30,ytd,158778190,2026-05-04
2227.2,Transfer Agency Fee,2026-04-30,month,13200000,2026-06-02
2227.2,Transfer Agency Fee,2026-04-30,ytd,52800000,2026-05-04
2228,Audit fee,2026-04-30,month,12657534,2026-06-02
2228,Audit fee,2026-04-30,ytd,50986919,2026-05-04
2229,"Legal consultancy expenses, price feed fee, other valid expenses, remuneration paid to Fund's Board of Representatives",2026-04-30,month,6364030,2026-06-02
2229,"Legal consultancy expenses, price feed fee, other valid expenses, remuneration paid to Fund's Board of Representatives",2026-04-30,ytd,40343482,2026-05-04
2229.1,Remuneration of Fund's Board of Representatives,2026-04-30,month,6493151,2026-06-02
2229.1,Remuneration of Fund's Board of Representatives,2026-04-30,ytd,25972603,2026-05-04
2229.2,Price feed fee,2026-04-30,month,-129121,2026-06-02
2229.2,Price feed fee,2026-04-30,ytd,14370879,2026-05-04
2229.3,Legal consultancy expenses,2026-04-30,month,0,2026-06-02
2229.3,Legal consultancy expenses,2026-04-30,ytd,0,2026-05-04
2230,"Fee for drafting, printing, distribution of prospectus, summarised prospectus, financial statements, transaction confirmations, account statements and other documents to investors; information disclosure fee; fee for organising annual general meeting, board of representatives meeting",2026-04-30,month,7817908,2026-06-02
2230,"Fee for drafting, printing, distribution of prospectus, summarised prospectus, financial statements, transaction confirmations, account statements and other documents to investors; information disclosure fee; fee for organising annual general meeting, board of representatives meeting",2026-04-30,ytd,31271630,2026-05-04
2230.1,Meeting expenses,2026-04-30,month,7817908,2026-06-02
2230.1,Meeting expenses,2026-04-30,ytd,31271630,2026-05-04
2230.2,Annual report expenses,2026-04-30,month,0,2026-06-02
2230.2,Annual report expenses,2026-04-30,ytd,0,2026-05-04
2230.3,"Fund's Board of Representatives meeting, travelling expenses",2026-04-30,month,0,2026-06-02
2230.3,"Fund's Board of Representatives meeting, travelling expenses",2026-04-30,ytd,0,2026-05-04
2230.4,Expenses of information disclosure of the Fund,2026-04-30,month,0,2026-06-02
2230.4,Expenses of information disclosure of the Fund,2026-04-30,ytd,0,2026-05-04
2230.5,"Designing, printing, posting... expenses",2026-04-30,month,0,2026-06-02
2230.5,"Designing, printing, posting... expenses",2026-04-30,ytd,0,2026-05-04
2231,Expenses related to execution of Fund’s asset transactions,2026-04-30,month,13463374,2026-06-02
2231,Expenses related to execution of Fund’s asset transactions,2026-04-30,ytd,136663754,2026-05-04
2231,Real Estate Management Service fee (not applicable),2026-04-30,month,0,2026-06-02
2231,Real Estate Management Service fee (not applicable),2026-04-30,ytd,0,2026-05-04
2231.1,Brokerage & transfer fee,2026-04-30,month,13118374,2026-06-02
2231.1,Brokerage & transfer fee,2026-04-30,ytd,135713299,2026-05-04
2231.2,Clearing settlement fee,2026-04-30,month,345000,2026-06-02
2231.2,Clearing settlement fee,2026-04-30,ytd,950455,2026-05-04
2231.3,Other Expenses,2026-04-30,month,0,2026-06-02
2231.3,Other Expenses,2026-04-30,ytd,0,2026-05-04
2232,Other expenses,2026-04-30,month,2326938,2026-06-02
2232,Other expenses,2026-04-30,ytd,14845153,2026-05-04
2232,Real estate valuation service fees (not applicable),2026-04-30,month,0,2026-06-02
2232,Real estate valuation service fees (not applicable),2026-04-30,ytd,0,2026-05-04
2232.1,Set up Expenses,2026-04-30,month,0,2026-06-02
2232.1,Set up Expenses,2026-04-30,ytd,0,2026-05-04
2232.2,"Listing, registration fees",2026-04-30,month,0,2026-06-02
2232.2,"Listing, registration fees",2026-04-30,ytd,0,2026-05-04
2232.3,Annual management fee paid to SSC,2026-04-30,month,616438,2026-06-02
2232.3,Annual management fee paid to SSC,2026-04-30,ytd,2465753,2026-05-04
2232.4,Bank charges,2026-04-30,month,1710500,2026-06-02
2232.4,Bank charges,2026-04-30,ytd,12379400,2026-05-04
2232.5,Borrowing expense,2026-04-30,month,0,2026-06-02
2232.5,Borrowing expense,2026-04-30,ytd,0,2026-05-04
2232.6,Other Expenses,2026-04-30,month,0,2026-06-02
2232.6,Other Expenses,2026-04-30,ytd,0,2026-05-04
2232.7,Fee paid to VSDC for getting the list of investors,2026-04-30,month,0,2026-06-02
2232.7,Fee paid to VSDC for getting the list of investors,2026-04-30,ytd,0,2026-05-04
2233,Net Income from Investment Activities (= I - II),2026-04-30,month,4556900953,2026-06-02
2233,Net Income from Investment Activities (= I - II),2026-04-30,ytd,21773569539,2026-05-04
2234,Gain / (Loss) from Investment Activities,2026-04-30,month,-10307447,2026-06-02
2234,Gain / (Loss) from Investment Activities,2026-04-30,ytd,-1350025825,2026-05-04
2235,Realised Gain / (Loss) from disposal of investment or real estate transfer,2026-04-30,month,-478130871,2026-06-02
2235,Realised Gain / (Loss) from disposal of investment or real estate transfer,2026-04-30,ytd,-1167200005,2026-05-04
2236,Unrealised Gain / (Loss) due to market price,2026-04-30,month,467823424,2026-06-02
2236,Unrealised Gain / (Loss) due to market price,2026-04-30,ytd,-182825820,2026-05-04
2237,Change of Net Asset Value of the Fund due to investment activities during the period (= III + IV),2026-04-30,month,4546593506,2026-06-02
2237,Change of Net Asset Value of the Fund due to investment activities during the period (= III + IV),2026-04-30,ytd,20423543714,2026-05-04
2238,Net Asset Value at the beginning of period,2026-04-30,month,1034870918522,2026-06-02
2238,Net Asset Value at the beginning of period,2026-04-30,ytd,1342342349852,2026-05-04
2239,"Change of Net Asset Value of the Fund during the period, of which",2026-04-30,month,-221978755044,2026-06-02
2239,"Change of Net Asset Value of the Fund during the period, of which",2026-04-30,ytd,-529450186374,2026-05-04
2239.1,Change of Net Asset Value due to investment activities during the period,2026-04-30,month,4546593506,2026-06-02
2239.1,Change of Net Asset Value due to investment activities during the period,2026-04-30,ytd,20423543714,2026-05-04
2239.2,Change of Net Asset Value due to  dividends payment to investors during the period,2026-04-30,month,0,2026-06-02
2239.2,Change of Net Asset Value due to  dividends payment to investors during the period,2026-04-30,ytd,0,2026-05-04
2239.3,Change of Net Asset Value due to subscription/redemption during the period,2026-04-30,month,-226525348550,2026-06-02
2239.3,Change of Net Asset Value due to subscription/redemption during the period,2026-04-30,ytd,-549873730088,2026-05-04
2239.3.1,Change of Net Asset Value due to subscription during the period,2026-04-30,month,222175800241,2026-06-02
2239.3.1,Change of Net Asset Value due to subscription during the period,2026-04-30,ytd,1620945505370,2026-05-04
2239.3.2,Change of Net Asset Value due to redemption during the period,2026-04-30,month,-448701148791,2026-06-02
2239.3.2,Change of Net Asset Value due to redemption during the period,2026-04-30,ytd,-2170819235458,2026-05-04
2243,Net Asset Value at the end of period,2026-04-30,month,812892163478,2026-06-02
2243,Net Asset Value at the end of period,2026-04-30,ytd,812892163478,2026-05-04
2244,Average annual profit (only applicable to annual report),2026-04-30,month,0,2026-06-02
2244,Average annual profit (only applicable to annual report),2026-04-30,ytd,0,2026-05-04
2245,Average annual rate of return (only applicable to annual report),2026-04-30,month,0,2026-06-02
2245,Average annual rate of return (only applicable to annual report),2026-04-30,ytd,0,2026-05-04
2220,Income from Investment Activities,2026-05-31,month,5224073257,2026-07-02
2220,Income from Investment Activities,2026-05-31,ytd,32110321252,2026-06-02
2221,"Dividend income, interest income from bonds",2026-05-31,month,3666582031,2026-07-02
2221,"Dividend income, interest income from bonds",2026-05-31,ytd,21911913597,2026-06-02
2221.1,Dividends income,2026-05-31,month,0,2026-07-02
2221.1,Dividends income,2026-05-31,ytd,0,2026-06-02
2221.2,Interest income from bonds,2026-05-31,month,3666582031,2026-07-02
2221.2,Interest income from bonds,2026-05-31,ytd,21911913597,2026-06-02
2222,Interest income,2026-05-31,month,1557491226,2026-07-02
2222,Interest income,2026-05-31,ytd,10198407655,2026-06-02
2222.1,Interest income from bank deposits,2026-05-31,month,535365198,2026-07-02
2222.1,Interest income from bank deposits,2026-05-31,ytd,1845278890,2026-06-02
2222.2,Interest income from Money market instruments,2026-05-31,month,1022126028,2026-07-02
2222.2,Interest income from Money market instruments,2026-05-31,ytd,8353128765,2026-06-02
2222.3,Interest income from reverse repo contracts,2026-05-31,month,0,2026-07-02
2222.3,Interest income from reverse repo contracts,2026-05-31,ytd,0,2026-06-02
2223,Income from rental property (not applicable),2026-05-31,month,0,2026-07-02
2223,Income from rental property (not applicable),2026-05-31,ytd,0,2026-06-02
2223,Other incomes,2026-05-31,month,0,2026-07-02
2223,Other incomes,2026-05-31,ytd,0,2026-06-02
2223.1,Other investment incomes,2026-05-31,month,0,2026-07-02
2223.1,Other investment incomes,2026-05-31,ytd,0,2026-06-02
2223.2,Other incomes,2026-05-31,month,0,2026-07-02
2223.2,Other incomes,2026-05-31,ytd,0,2026-06-02
2223.3,"Provision expense for bad debts from dividends, interest income and written off bad debts from dividends, interest income",2026-05-31,month,0,2026-07-02
2223.3,"Provision expense for bad debts from dividends, interest income and written off bad debts from dividends, interest income",2026-05-31,ytd,0,2026-06-02
2224,Expenses,2026-05-31,month,982114929,2026-07-02
2224,Expenses,2026-05-31,ytd,6094793385,2026-06-02
2225,Management Fee paid to Fund Management Company,2026-05-31,month,818627046,2026-07-02
2225,Management Fee paid to Fund Management Company,2026-05-31,ytd,5137611395,2026-06-02
2226,"Custody fee, Supervising fee paid to Supervising Bank/VSDC",2026-05-31,month,60218170,2026-07-02
2226,"Custody fee, Supervising fee paid to Supervising Bank/VSDC",2026-05-31,ytd,368223149,2026-06-02
2226.1,Custodian service - Safe Custody Fee,2026-05-31,month,34163357,2026-07-02
2226.1,Custodian service - Safe Custody Fee,2026-05-31,ytd,214121043,2026-06-02
2226.2,Custodian service - Transaction fee,2026-05-31,month,2650000,2026-07-02
2226.2,Custodian service - Transaction fee,2026-05-31,ytd,7750000,2026-06-02
2226.3,"Custodian service -  Depository fee, Position and Margin management fee paid to VSDC",2026-05-31,month,856996,2026-07-02
2226.3,"Custodian service -  Depository fee, Position and Margin management fee paid to VSDC",2026-05-31,ytd,5032217,2026-06-02
2226.4,Supervisory fee,2026-05-31,month,22547817,2026-07-02
2226.4,Supervisory fee,2026-05-31,ytd,141319889,2026-06-02
2227,"Fund Administration Fee, and other fees paid to relevant Fund's service providers",2026-05-31,month,44132696,2026-07-02
2227,"Fund Administration Fee, and other fees paid to relevant Fund's service providers",2026-05-31,ytd,255710886,2026-06-02
2227.1,Fund Administration Fee,2026-05-31,month,30932696,2026-07-02
2227.1,Fund Administration Fee,2026-05-31,ytd,189710886,2026-06-02
2227.2,Transfer Agency Fee,2026-05-31,month,13200000,2026-07-02
2227.2,Transfer Agency Fee,2026-05-31,ytd,66000000,2026-06-02
2228,Audit fee,2026-05-31,month,13079452,2026-07-02
2228,Audit fee,2026-05-31,ytd,64066371,2026-06-02
2229,"Legal consultancy expenses, price feed fee, other valid expenses, remuneration paid to Fund's Board of Representatives",2026-05-31,month,18517831,2026-07-02
2229,"Legal consultancy expenses, price feed fee, other valid expenses, remuneration paid to Fund's Board of Representatives",2026-05-31,ytd,58861313,2026-06-02
2229.1,Remuneration of Fund's Board of Representatives,2026-05-31,month,6509589,2026-07-02
2229.1,Remuneration of Fund's Board of Representatives,2026-05-31,ytd,32482192,2026-06-02
2229.2,Price feed fee,2026-05-31,month,12008242,2026-07-02
2229.2,Price feed fee,2026-05-31,ytd,26379121,2026-06-02
2229.3,Legal consultancy expenses,2026-05-31,month,0,2026-07-02
2229.3,Legal consultancy expenses,2026-05-31,ytd,0,2026-06-02
2230,"Fee for drafting, printing, distribution of prospectus, summarised prospectus, financial statements, transaction confirmations, account statements and other documents to investors; information disclosure fee; fee for organising annual general meeting, board of representatives meeting",2026-05-31,month,8078504,2026-07-02
2230,"Fee for drafting, printing, distribution of prospectus, summarised prospectus, financial statements, transaction confirmations, account statements and other documents to investors; information disclosure fee; fee for organising annual general meeting, board of representatives meeting",2026-05-31,ytd,39350134,2026-06-02
2230.1,Meeting expenses,2026-05-31,month,8078504,2026-07-02
2230.1,Meeting expenses,2026-05-31,ytd,39350134,2026-06-02
2230.2,Annual report expenses,2026-05-31,month,0,2026-07-02
2230.2,Annual report expenses,2026-05-31,ytd,0,2026-06-02
2230.3,"Fund's Board of Representatives meeting, travelling expenses",2026-05-31,month,0,2026-07-02
2230.3,"Fund's Board of Representatives meeting, travelling expenses",2026-05-31,ytd,0,2026-06-02
2230.4,Expenses of information disclosure of the Fund,2026-05-31,month,0,2026-07-02
2230.4,Expenses of information disclosure of the Fund,2026-05-31,ytd,0,2026-06-02
2230.5,"Designing, printing, posting... expenses",2026-05-31,month,0,2026-07-02
2230.5,"Designing, printing, posting... expenses",2026-05-31,ytd,0,2026-06-02
2231,Expenses related to execution of Fund’s asset transactions,2026-05-31,month,14932443,2026-07-02
2231,Expenses related to execution of Fund’s asset transactions,2026-05-31,ytd,151596197,2026-06-02
2231,Real Estate Management Service fee (not applicable),2026-05-31,month,0,2026-07-02
2231,Real Estate Management Service fee (not applicable),2026-05-31,ytd,0,2026-06-02
2231.1,Brokerage & transfer fee,2026-05-31,month,14284255,2026-07-02
2231.1,Brokerage & transfer fee,2026-05-31,ytd,149997554,2026-06-02
2231.2,Clearing settlement fee,2026-05-31,month,648188,2026-07-02
2231.2,Clearing settlement fee,2026-05-31,ytd,1598643,2026-06-02
2231.3,Other Expenses,2026-05-31,month,0,2026-07-02
2231.3,Other Expenses,2026-05-31,ytd,0,2026-06-02
2232,Other expenses,2026-05-31,month,4528787,2026-07-02
2232,Other expenses,2026-05-31,ytd,19373940,2026-06-02
2232,Real estate valuation service fees (not applicable),2026-05-31,month,0,2026-07-02
2232,Real estate valuation service fees (not applicable),2026-05-31,ytd,0,2026-06-02
2232.1,Set up Expenses,2026-05-31,month,0,2026-07-02
2232.1,Set up Expenses,2026-05-31,ytd,0,2026-06-02
2232.2,"Listing, registration fees",2026-05-31,month,0,2026-07-02
2232.2,"Listing, registration fees",2026-05-31,ytd,0,2026-06-02
2232.3,Annual management fee paid to SSC,2026-05-31,month,636987,2026-07-02
2232.3,Annual management fee paid to SSC,2026-05-31,ytd,3102740,2026-06-02
2232.4,Bank charges,2026-05-31,month,3891800,2026-07-02
2232.4,Bank charges,2026-05-31,ytd,16271200,2026-06-02
2232.5,Borrowing expense,2026-05-31,month,0,2026-07-02
2232.5,Borrowing expense,2026-05-31,ytd,0,2026-06-02
2232.6,Other Expenses,2026-05-31,month,0,2026-07-02
2232.6,Other Expenses,2026-05-31,ytd,0,2026-06-02
2232.7,Fee paid to VSDC for getting the list of investors,2026-05-31,month,0,2026-07-02
2232.7,Fee paid to VSDC for getting the list of investors,2026-05-31,ytd,0,2026-06-02
2233,Net Income from Investment Activities (= I - II),2026-05-31,month,4241958328,2026-07-02
2233,Net Income from Investment Activities (= I - II),2026-05-31,ytd,26015527867,2026-06-02
2234,Gain / (Loss) from Investment Activities,2026-05-31,month,14421876,2026-07-02
2234,Gain / (Loss) from Investment Activities,2026-05-31,ytd,-1335603949,2026-06-02
2235,Realised Gain / (Loss) from disposal of investment or real estate transfer,2026-05-31,month,-494267617,2026-07-02
2235,Realised Gain / (Loss) from disposal of investment or real estate transfer,2026-05-31,ytd,-1661467622,2026-06-02
2236,Unrealised Gain / (Loss) due to market price,2026-05-31,month,508689493,2026-07-02
2236,Unrealised Gain / (Loss) due to market price,2026-05-31,ytd,325863673,2026-06-02
2237,Change of Net Asset Value of the Fund due to investment activities during the period (= III + IV),2026-05-31,month,4256380204,2026-07-02
2237,Change of Net Asset Value of the Fund due to investment activities during the period (= III + IV),2026-05-31,ytd,24679923918,2026-06-02
2238,Net Asset Value at the beginning of period,2026-05-31,month,812892163478,2026-07-02
2238,Net Asset Value at the beginning of period,2026-05-31,ytd,1342342349852,2026-06-02
2239,"Change of Net Asset Value of the Fund during the period, of which",2026-05-31,month,-37707295636,2026-07-02
2239,"Change of Net Asset Value of the Fund during the period, of which",2026-05-31,ytd,-567157482010,2026-06-02
2239.1,Change of Net Asset Value due to investment activities during the period,2026-05-31,month,4256380204,2026-07-02
2239.1,Change of Net Asset Value due to investment activities during the period,2026-05-31,ytd,24679923918,2026-06-02
2239.2,Change of Net Asset Value due to  dividends payment to investors during the period,2026-05-31,month,0,2026-07-02
2239.2,Change of Net Asset Value due to  dividends payment to investors during the period,2026-05-31,ytd,0,2026-06-02
2239.3,Change of Net Asset Value due to subscription/redemption during the period,2026-05-31,month,-41963675840,2026-07-02
2239.3,Change of Net Asset Value due to subscription/redemption during the period,2026-05-31,ytd,-591837405928,2026-06-02
2239.3.1,Change of Net Asset Value due to subscription during the period,2026-05-31,month,336945023584,2026-07-02
2239.3.1,Change of Net Asset Value due to subscription during the period,2026-05-31,ytd,1957890528954,2026-06-02
2239.3.2,Change of Net Asset Value due to redemption during the period,2026-05-31,month,-378908699424,2026-07-02
2239.3.2,Change of Net Asset Value due to redemption during the period,2026-05-31,ytd,-2549727934882,2026-06-02
2243,Net Asset Value at the end of period,2026-05-31,month,775184867842,2026-07-02
2243,Net Asset Value at the end of period,2026-05-31,ytd,775184867842,2026-06-02
2244,Average annual profit (only applicable to annual report),2026-05-31,month,0,2026-07-02
2244,Average annual profit (only applicable to annual report),2026-05-31,ytd,0,2026-06-02
2245,Average annual rate of return (only applicable to annual report),2026-05-31,month,0,2026-07-02
2245,Average annual rate of return (only applicable to annual report),2026-05-31,ytd,0,2026-06-02
2220,Income from Investment Activities,2026-06-30,month,4686389440,2026-08-03
2220,Income from Investment Activities,2026-06-30,ytd,36796710692,2026-07-02
2221,"Dividend income, interest income from bonds",2026-06-30,month,3163538041,2026-08-03
2221,"Dividend income, interest income from bonds",2026-06-30,ytd,25075451638,2026-07-02
2221.1,Dividends income,2026-06-30,month,0,2026-08-03
2221.1,Dividends income,2026-06-30,ytd,0,2026-07-02
2221.2,Interest income from bonds,2026-06-30,month,3163538041,2026-08-03
2221.2,Interest income from bonds,2026-06-30,ytd,25075451638,2026-07-02
2222,Interest income,2026-06-30,month,1522851399,2026-08-03
2222,Interest income,2026-06-30,ytd,11721259054,2026-07-02
2222.1,Interest income from bank deposits,2026-06-30,month,472111674,2026-08-03
2222.1,Interest income from bank deposits,2026-06-30,ytd,2317390564,2026-07-02
2222.2,Interest income from Money market instruments,2026-06-30,month,1050739725,2026-08-03
2222.2,Interest income from Money market instruments,2026-06-30,ytd,9403868490,2026-07-02
2222.3,Interest income from reverse repo contracts,2026-06-30,month,0,2026-08-03
2222.3,Interest income from reverse repo contracts,2026-06-30,ytd,0,2026-07-02
2223,Income from rental property (not applicable),2026-06-30,month,0,2026-08-03
2223,Income from rental property (not applicable),2026-06-30,ytd,0,2026-07-02
2223,Other incomes,2026-06-30,month,0,2026-08-03
2223,Other incomes,2026-06-30,ytd,0,2026-07-02
2223.1,Other investment incomes,2026-06-30,month,0,2026-08-03
2223.1,Other investment incomes,2026-06-30,ytd,0,2026-07-02
2223.2,Other incomes,2026-06-30,month,0,2026-08-03
2223.2,Other incomes,2026-06-30,ytd,0,2026-07-02
2223.3,"Provision expense for bad debts from dividends, interest income and written off bad debts from dividends, interest income",2026-06-30,month,0,2026-08-03
2223.3,"Provision expense for bad debts from dividends, interest income and written off bad debts from dividends, interest income",2026-06-30,ytd,0,2026-07-02
2224,Expenses,2026-06-30,month,868714149,2026-08-03
2224,Expenses,2026-06-30,ytd,6963507534,2026-07-02
2225,Management Fee paid to Fund Management Company,2026-06-30,month,738523431,2026-08-03
2225,Management Fee paid to Fund Management Company,2026-06-30,ytd,5876134826,2026-07-02
2226,"Custody fee, Supervising fee paid to Supervising Bank/VSDC",2026-06-30,month,52294616,2026-08-03
2226,"Custody fee, Supervising fee paid to Supervising Bank/VSDC",2026-06-30,ytd,420517765,2026-07-02
2226.1,Custodian service - Safe Custody Fee,2026-06-30,month,30771810,2026-08-03
2226.1,Custodian service - Safe Custody Fee,2026-06-30,ytd,244892853,2026-07-02
2226.2,Custodian service - Transaction fee,2026-06-30,month,450000,2026-08-03
2226.2,Custodian service - Transaction fee,2026-06-30,ytd,8200000,2026-07-02
2226.3,"Custodian service -  Depository fee, Position and Margin management fee paid to VSDC",2026-06-30,month,763412,2026-08-03
2226.3,"Custodian service -  Depository fee, Position and Margin management fee paid to VSDC",2026-06-30,ytd,5795629,2026-07-02
2226.4,Supervisory fee,2026-06-30,month,20309394,2026-08-03
2226.4,Supervisory fee,2026-06-30,ytd,161629283,2026-07-02
2227,"Fund Administration Fee, and other fees paid to relevant Fund's service providers",2026-06-30,month,44000000,2026-08-03
2227,"Fund Administration Fee, and other fees paid to relevant Fund's service providers",2026-06-30,ytd,299710886,2026-07-02
2227.1,Fund Administration Fee,2026-06-30,month,30800000,2026-08-03
2227.1,Fund Administration Fee,2026-06-30,ytd,220510886,2026-07-02
2227.2,Transfer Agency Fee,2026-06-30,month,13200000,2026-08-03
2227.2,Transfer Agency Fee,2026-06-30,ytd,79200000,2026-07-02
2228,Audit fee,2026-06-30,month,13061616,2026-08-03
2228,Audit fee,2026-06-30,ytd,77127987,2026-07-02
2229,"Legal consultancy expenses, price feed fee, other valid expenses, remuneration paid to Fund's Board of Representatives",2026-06-30,month,-2135971,2026-08-03
2229,"Legal consultancy expenses, price feed fee, other valid expenses, remuneration paid to Fund's Board of Representatives",2026-06-30,ytd,56725342,2026-07-02
2229.1,Remuneration of Fund's Board of Representatives,2026-06-30,month,6493150,2026-08-03
2229.1,Remuneration of Fund's Board of Representatives,2026-06-30,ytd,38975342,2026-07-02
2229.2,Price feed fee,2026-06-30,month,-8629121,2026-08-03
2229.2,Price feed fee,2026-06-30,ytd,17750000,2026-07-02
2229.3,Legal consultancy expenses,2026-06-30,month,0,2026-08-03
2229.3,Legal consultancy expenses,2026-06-30,ytd,0,2026-07-02
2230,"Fee for drafting, printing, distribution of prospectus, summarised prospectus, financial statements, transaction confirmations, account statements and other documents to investors; information disclosure fee; fee for organising annual general meeting, board of representatives meeting",2026-06-30,month,5646638,2026-08-03
2230,"Fee for drafting, printing, distribution of prospectus, summarised prospectus, financial statements, transaction confirmations, account statements and other documents to investors; information disclosure fee; fee for organising annual general meeting, board of representatives meeting",2026-06-30,ytd,44996772,2026-07-02
2230.1,Meeting expenses,2026-06-30,month,5646638,2026-08-03
2230.1,Meeting expenses,2026-06-30,ytd,44996772,2026-07-02
2230.2,Annual report expenses,2026-06-30,month,0,2026-08-03
2230.2,Annual report expenses,2026-06-30,ytd,0,2026-07-02
2230.3,"Fund's Board of Representatives meeting, travelling expenses",2026-06-30,month,0,2026-08-03
2230.3,"Fund's Board of Representatives meeting, travelling expenses",2026-06-30,ytd,0,2026-07-02
2230.4,Expenses of information disclosure of the Fund,2026-06-30,month,0,2026-08-03
2230.4,Expenses of information disclosure of the Fund,2026-06-30,ytd,0,2026-07-02
2230.5,"Designing, printing, posting... expenses",2026-06-30,month,0,2026-08-03
2230.5,"Designing, printing, posting... expenses",2026-06-30,ytd,0,2026-07-02
2231,Expenses related to execution of Fund’s asset transactions,2026-06-30,month,12390981,2026-08-03
2231,Expenses related to execution of Fund’s asset transactions,2026-06-30,ytd,163987178,2026-07-02
2231,Real Estate Management Service fee (not applicable),2026-06-30,month,0,2026-08-03
2231,Real Estate Management Service fee (not applicable),2026-06-30,ytd,0,2026-07-02
2231.1,Brokerage & transfer fee,2026-06-30,month,12237075,2026-08-03
2231.1,Brokerage & transfer fee,2026-06-30,ytd,162234629,2026-07-02
2231.2,Clearing settlement fee,2026-06-30,month,153906,2026-08-03
2231.2,Clearing settlement fee,2026-06-30,ytd,1752549,2026-07-02
2231.3,Other Expenses,2026-06-30,month,0,2026-08-03
2231.3,Other Expenses,2026-06-30,ytd,0,2026-07-02
2232,Other expenses,2026-06-30,month,4932838,2026-08-03
2232,Other expenses,2026-06-30,ytd,24306778,2026-07-02
2232,Real estate valuation service fees (not applicable),2026-06-30,month,0,2026-08-03
2232,Real estate valuation service fees (not applicable),2026-06-30,ytd,0,2026-07-02
2232.1,Set up Expenses,2026-06-30,month,0,2026-08-03
2232.1,Set up Expenses,2026-06-30,ytd,0,2026-07-02
2232.2,"Listing, registration fees",2026-06-30,month,0,2026-08-03
2232.2,"Listing, registration fees",2026-06-30,ytd,0,2026-07-02
2232.3,Annual management fee paid to SSC,2026-06-30,month,616438,2026-08-03
2232.3,Annual management fee paid to SSC,2026-06-30,ytd,3719178,2026-07-02
2232.4,Bank charges,2026-06-30,month,4316400,2026-08-03
2232.4,Bank charges,2026-06-30,ytd,20587600,2026-07-02
2232.5,Borrowing expense,2026-06-30,month,0,2026-08-03
2232.5,Borrowing expense,2026-06-30,ytd,0,2026-07-02
2232.6,Other Expenses,2026-06-30,month,0,2026-08-03
2232.6,Other Expenses,2026-06-30,ytd,0,2026-07-02
2232.7,Fee paid to VSDC for getting the list of investors,2026-06-30,month,0,2026-08-03
2232.7,Fee paid to VSDC for getting the list of investors,2026-06-30,ytd,0,2026-07-02
2233,Net Income from Investment Activities (= I - II),2026-06-30,month,3817675291,2026-08-03
2233,Net Income from Investment Activities (= I - II),2026-06-30,ytd,29833203158,2026-07-02
2234,Gain / (Loss) from Investment Activities,2026-06-30,month,13512167,2026-08-03
2234,Gain / (Loss) from Investment Activities,2026-06-30,ytd,-1322091782,2026-07-02
2235,Realised Gain / (Loss) from disposal of investment or real estate transfer,2026-06-30,month,-8346794,2026-08-03
2235,Realised Gain / (Loss) from disposal of investment or real estate transfer,2026-06-30,ytd,-1669814416,2026-07-02
2236,Unrealised Gain / (Loss) due to market price,2026-06-30,month,21858961,2026-08-03
2236,Unrealised Gain / (Loss) due to market price,2026-06-30,ytd,347722634,2026-07-02
2237,Change of Net Asset Value of the Fund due to investment activities during the period (= III + IV),2026-06-30,month,3831187458,2026-08-03
2237,Change of Net Asset Value of the Fund due to investment activities during the period (= III + IV),2026-06-30,ytd,28511111376,2026-07-02
2238,Net Asset Value at the beginning of period,2026-06-30,month,775184867842,2026-08-03
2238,Net Asset Value at the beginning of period,2026-06-30,ytd,1342342349852,2026-07-02
2239,"Change of Net Asset Value of the Fund during the period, of which",2026-06-30,month,-31523510815,2026-08-03
2239,"Change of Net Asset Value of the Fund during the period, of which",2026-06-30,ytd,-598680992825,2026-07-02
2239.1,Change of Net Asset Value due to investment activities during the period,2026-06-30,month,3831187458,2026-08-03
2239.1,Change of Net Asset Value due to investment activities during the period,2026-06-30,ytd,28511111376,2026-07-02
2239.2,Change of Net Asset Value due to  dividends payment to investors during the period,2026-06-30,month,0,2026-08-03
2239.2,Change of Net Asset Value due to  dividends payment to investors during the period,2026-06-30,ytd,0,2026-07-02
2239.3,Change of Net Asset Value due to subscription/redemption during the period,2026-06-30,month,-35354698273,2026-08-03
2239.3,Change of Net Asset Value due to subscription/redemption during the period,2026-06-30,ytd,-627192104201,2026-07-02
2239.3.1,Change of Net Asset Value due to subscription during the period,2026-06-30,month,220706850289,2026-08-03
2239.3.1,Change of Net Asset Value due to subscription during the period,2026-06-30,ytd,2178597379243,2026-07-02
2239.3.2,Change of Net Asset Value due to redemption during the period,2026-06-30,month,-256061548562,2026-08-03
2239.3.2,Change of Net Asset Value due to redemption during the period,2026-06-30,ytd,-2805789483444,2026-07-02
2243,Net Asset Value at the end of period,2026-06-30,month,743661357027,2026-08-03
2243,Net Asset Value at the end of period,2026-06-30,ytd,743661357027,2026-07-02
2244,Average annual profit (only applicable to annual report),2026-06-30,month,0,2026-08-03
2244,Average annual profit (only applicable to annual report),2026-06-30,ytd,0,2026-07-02
2245,Average annual rate of return (only applicable to annual report),2026-06-30,month,0,2026-08-03
2245,Average annual rate of return (only applicable to annual report),2026-06-30,ytd,0,2026-07-02
2220,Income from Investment Activities,2026-07-31,month,3564144938,2026-08-03
2220,Income from Investment Activities,2026-07-31,ytd,40360855630,2026-08-03
2221,"Dividend income, interest income from bonds",2026-07-31,month,2304536844,2026-08-03
2221,"Dividend income, interest income from bonds",2026-07-31,ytd,27379988482,2026-08-03
2221.1,Dividends income,2026-07-31,month,0,2026-08-03
2221.1,Dividends income,2026-07-31,ytd,0,2026-08-03
2221.2,Interest income from bonds,2026-07-31,month,2304536844,2026-08-03
2221.2,Interest income from bonds,2026-07-31,ytd,27379988482,2026-08-03
2222,Interest income,2026-07-31,month,1259608094,2026-08-03
2222,Interest income,2026-07-31,ytd,12980867148,2026-08-03
2222.1,Interest income from bank deposits,2026-07-31,month,319783435,2026-08-03
2222.1,Interest income from bank deposits,2026-07-31,ytd,2637173999,2026-08-03
2222.2,Interest income from Money market instruments,2026-07-31,month,939824659,2026-08-03
2222.2,Interest income from Money market instruments,2026-07-31,ytd,10343693149,2026-08-03
2222.3,Interest income from reverse repo contracts,2026-07-31,month,0,2026-08-03
2222.3,Interest income from reverse repo contracts,2026-07-31,ytd,0,2026-08-03
2223,Income from rental property (not applicable),2026-07-31,month,0,2026-08-03
2223,Income from rental property (not applicable),2026-07-31,ytd,0,2026-08-03
2223,Other incomes,2026-07-31,month,0,2026-08-03
2223,Other incomes,2026-07-31,ytd,0,2026-08-03
2223.1,Other investment incomes,2026-07-31,month,0,2026-08-03
2223.1,Other investment incomes,2026-07-31,ytd,0,2026-08-03
2223.2,Other incomes,2026-07-31,month,0,2026-08-03
2223.2,Other incomes,2026-07-31,ytd,0,2026-08-03
2223.3,"Provision expense for bad debts from dividends, interest income and written off bad debts from dividends, interest income",2026-07-31,month,0,2026-08-03
2223.3,"Provision expense for bad debts from dividends, interest income and written off bad debts from dividends, interest income",2026-07-31,ytd,0,2026-08-03
2224,Expenses,2026-07-31,month,776226781,2026-08-03
2224,Expenses,2026-07-31,ytd,7739734315,2026-08-03
2225,Management Fee paid to Fund Management Company,2026-07-31,month,629613121,2026-08-03
2225,Management Fee paid to Fund Management Company,2026-07-31,ytd,6505747947,2026-08-03
2226,"Custody fee, Supervising fee paid to Supervising Bank/VSDC",2026-07-31,month,47241193,2026-08-03
2226,"Custody fee, Supervising fee paid to Supervising Bank/VSDC",2026-07-31,ytd,467758958,2026-08-03
2226.1,Custodian service - Safe Custody Fee,2026-07-31,month,26233881,2026-08-03
2226.1,Custodian service - Safe Custody Fee,2026-07-31,ytd,271126734,2026-08-03
2226.2,Custodian service - Transaction fee,2026-07-31,month,1950000,2026-08-03
2226.2,Custodian service - Transaction fee,2026-07-31,ytd,10150000,2026-08-03
2226.3,"Custodian service -  Depository fee, Position and Margin management fee paid to VSDC",2026-07-31,month,731099,2026-08-03
2226.3,"Custodian service -  Depository fee, Position and Margin management fee paid to VSDC",2026-07-31,ytd,6526728,2026-08-03
2226.4,Supervisory fee,2026-07-31,month,18326213,2026-08-03
2226.4,Supervisory fee,2026-07-31,ytd,179955496,2026-08-03
2227,"Fund Administration Fee, and other fees paid to relevant Fund's service providers",2026-07-31,month,44000000,2026-08-03
2227,"Fund Administration Fee, and other fees paid to relevant Fund's service providers",2026-07-31,ytd,343710886,2026-08-03
2227.1,Fund Administration Fee,2026-07-31,month,30800000,2026-08-03
2227.1,Fund Administration Fee,2026-07-31,ytd,251310886,2026-08-03
2227.2,Transfer Agency Fee,2026-07-31,month,13200000,2026-08-03
2227.2,Transfer Agency Fee,2026-07-31,ytd,92400000,2026-08-03
2228,Audit fee,2026-07-31,month,14123330,2026-08-03
2228,Audit fee,2026-07-31,ytd,91251317,2026-08-03
2229,"Legal consultancy expenses, price feed fee, other valid expenses, remuneration paid to Fund's Board of Representatives",2026-07-31,month,7773177,2026-08-03
2229,"Legal consultancy expenses, price feed fee, other valid expenses, remuneration paid to Fund's Board of Representatives",2026-07-31,ytd,64498519,2026-08-03
2229.1,Remuneration of Fund's Board of Representatives,2026-07-31,month,6509590,2026-08-03
2229.1,Remuneration of Fund's Board of Representatives,2026-07-31,ytd,45484932,2026-08-03
2229.2,Price feed fee,2026-07-31,month,1263587,2026-08-03
2229.2,Price feed fee,2026-07-31,ytd,19013587,2026-08-03
2229.3,Legal consultancy expenses,2026-07-31,month,0,2026-08-03
2229.3,Legal consultancy expenses,2026-07-31,ytd,0,2026-08-03
2230,"Fee for drafting, printing, distribution of prospectus, summarised prospectus, financial statements, transaction confirmations, account statements and other documents to investors; information disclosure fee; fee for organising annual general meeting, board of representatives meeting",2026-07-31,month,5018990,2026-08-03
2230,"Fee for drafting, printing, distribution of prospectus, summarised prospectus, financial statements, transaction confirmations, account statements and other documents to investors; information disclosure fee; fee for organising annual general meeting, board of representatives meeting",2026-07-31,ytd,50015762,2026-08-03
2230.1,Meeting expenses,2026-07-31,month,5018990,2026-08-03
2230.1,Meeting expenses,2026-07-31,ytd,50015762,2026-08-03
2230.2,Annual report expenses,2026-07-31,month,0,2026-08-03
2230.2,Annual report expenses,2026-07-31,ytd,0,2026-08-03
2230.3,"Fund's Board of Representatives meeting, travelling expenses",2026-07-31,month,0,2026-08-03
2230.3,"Fund's Board of Representatives meeting, travelling expenses",2026-07-31,ytd,0,2026-08-03
2230.4,Expenses of information disclosure of the Fund,2026-07-31,month,0,2026-08-03
2230.4,Expenses of information disclosure of the Fund,2026-07-31,ytd,0,2026-08-03
2230.5,"Designing, printing, posting... expenses",2026-07-31,month,0,2026-08-03
2230.5,"Designing, printing, posting... expenses",2026-07-31,ytd,0,2026-08-03
2231,Expenses related to execution of Fund’s asset transactions,2026-07-31,month,24437484,2026-08-03
2231,Expenses related to execution of Fund’s asset transactions,2026-07-31,ytd,188424662,2026-08-03
2231,Real Estate Management Service fee (not applicable),2026-07-31,month,0,2026-08-03
2231,Real Estate Management Service fee (not applicable),2026-07-31,ytd,0,2026-08-03
2231.1,Brokerage & transfer fee,2026-07-31,month,24287476,2026-08-03
2231.1,Brokerage & transfer fee,2026-07-31,ytd,186522105,2026-08-03
2231.2,Clearing settlement fee,2026-07-31,month,150008,2026-08-03
2231.2,Clearing settlement fee,2026-07-31,ytd,1902557,2026-08-03
2231.3,Other Expenses,2026-07-31,month,0,2026-08-03
2231.3,Other Expenses,2026-07-31,ytd,0,2026-08-03
2232,Other expenses,2026-07-31,month,4019486,2026-08-03
2232,Other expenses,2026-07-31,ytd,28326264,2026-08-03
2232,Real estate valuation service fees (not applicable),2026-07-31,month,0,2026-08-03
2232,Real estate valuation service fees (not applicable),2026-07-31,ytd,0,2026-08-03
2232.1,Set up Expenses,2026-07-31,month,0,2026-08-03
2232.1,Set up Expenses,2026-07-31,ytd,0,2026-08-03
2232.2,"Listing, registration fees",2026-07-31,month,0,2026-08-03
2232.2,"Listing, registration fees",2026-07-31,ytd,0,2026-08-03
2232.3,Annual management fee paid to SSC,2026-07-31,month,636986,2026-08-03
2232.3,Annual management fee paid to SSC,2026-07-31,ytd,4356164,2026-08-03
2232.4,Bank charges,2026-07-31,month,3382500,2026-08-03
2232.4,Bank charges,2026-07-31,ytd,23970100,2026-08-03
2232.5,Borrowing expense,2026-07-31,month,0,2026-08-03
2232.5,Borrowing expense,2026-07-31,ytd,0,2026-08-03
2232.6,Other Expenses,2026-07-31,month,0,2026-08-03
2232.6,Other Expenses,2026-07-31,ytd,0,2026-08-03
2232.7,Fee paid to VSDC for getting the list of investors,2026-07-31,month,0,2026-08-03
2232.7,Fee paid to VSDC for getting the list of investors,2026-07-31,ytd,0,2026-08-03
2233,Net Income from Investment Activities (= I - II),2026-07-31,month,2787918157,2026-08-03
2233,Net Income from Investment Activities (= I - II),2026-07-31,ytd,32621121315,2026-08-03
2234,Gain / (Loss) from Investment Activities,2026-07-31,month,98708727,2026-08-03
2234,Gain / (Loss) from Investment Activities,2026-07-31,ytd,-1223383055,2026-08-03
2235,Realised Gain / (Loss) from disposal of investment or real estate transfer,2026-07-31,month,-423584713,2026-08-03
2235,Realised Gain / (Loss) from disposal of investment or real estate transfer,2026-07-31,ytd,-2093399129,2026-08-03
2236,Unrealised Gain / (Loss) due to market price,2026-07-31,month,522293440,2026-08-03
2236,Unrealised Gain / (Loss) due to market price,2026-07-31,ytd,870016074,2026-08-03
2237,Change of Net Asset Value of the Fund due to investment activities during the period (= III + IV),2026-07-31,month,2886626884,2026-08-03
2237,Change of Net Asset Value of the Fund due to investment activities during the period (= III + IV),2026-07-31,ytd,31397738260,2026-08-03
2238,Net Asset Value at the beginning of period,2026-07-31,month,743661357027,2026-08-03
2238,Net Asset Value at the beginning of period,2026-07-31,ytd,1342342349852,2026-08-03
2239,"Change of Net Asset Value of the Fund during the period, of which",2026-07-31,month,-171258924431,2026-08-03
2239,"Change of Net Asset Value of the Fund during the period, of which",2026-07-31,ytd,-769939917256,2026-08-03
2239.1,Change of Net Asset Value due to investment activities during the period,2026-07-31,month,2886626884,2026-08-03
2239.1,Change of Net Asset Value due to investment activities during the period,2026-07-31,ytd,31397738260,2026-08-03
2239.2,Change of Net Asset Value due to  dividends payment to investors during the period,2026-07-31,month,0,2026-08-03
2239.2,Change of Net Asset Value due to  dividends payment to investors during the period,2026-07-31,ytd,0,2026-08-03
2239.3,Change of Net Asset Value due to subscription/redemption during the period,2026-07-31,month,-174145551315,2026-08-03
2239.3,Change of Net Asset Value due to subscription/redemption during the period,2026-07-31,ytd,-801337655516,2026-08-03
2239.3.1,Change of Net Asset Value due to subscription during the period,2026-07-31,month,228997338886,2026-08-03
2239.3.1,Change of Net Asset Value due to subscription during the period,2026-07-31,ytd,2407594718129,2026-08-03
2239.3.2,Change of Net Asset Value due to redemption during the period,2026-07-31,month,-403142890201,2026-08-03
2239.3.2,Change of Net Asset Value due to redemption during the period,2026-07-31,ytd,-3208932373645,2026-08-03
2243,Net Asset Value at the end of period,2026-07-31,month,572402432596,2026-08-03
2243,Net Asset Value at the end of period,2026-07-31,ytd,572402432596,2026-08-03
2244,Average annual profit (only applicable to annual report),2026-07-31,month,0,2026-08-03
2244,Average annual profit (only applicable to annual report),2026-07-31,ytd,0,2026-08-03
2245,Average annual rate of return (only applicable to annual report),2026-07-31,month,0,2026-08-03
2245,Average annual rate of return (only applicable to annual report),2026-07-31,ytd,0,2026-08-03
