period_end,section,code,ticker,quantity,market_price,value,weight,asOf
2021-06-30,REAL ESTATE INVESTMENT (NOT APPLICABLE),,,,,,,2021-07-01
2021-06-30,"SHARES LISTED, SHARES REGISTERED FOR TRADING, LISTED FUND CERTIFICATES",,,,,,,2021-07-01
2021-06-30,"SHARES LISTED, SHARES REGISTERED FOR TRADING, LISTED FUND CERTIFICATES",,FPT,17,88000,1496000,7.04343719546209e-06,2021-07-01
2021-06-30,"SHARES LISTED, SHARES REGISTERED FOR TRADING, LISTED FUND CERTIFICATES",,,,,1496000,7.04343719546209e-06,2021-07-01
2021-06-30,"SHARES UNLISTED, UNREGISTERED FOR TRADING, UNLISTED FUND CERTIFICATES",,,,,,,2021-07-01
2021-06-30,"SHARES UNLISTED, UNREGISTERED FOR TRADING, UNLISTED FUND CERTIFICATES",,,,,0,0,2021-07-01
2021-06-30,"SHARES UNLISTED, UNREGISTERED FOR TRADING, UNLISTED FUND CERTIFICATES",,,,,1496000,7.04343719546209e-06,2021-07-01
2021-06-30,BONDS,,,,,,,2021-07-01
2021-06-30,BONDS,,Listed bonds,,,40888400000,0.192509944801425,2021-07-01
2021-06-30,BONDS,,KBC12006,400000,102221,40888400000,0.192509944801425,2021-07-01
2021-06-30,BONDS,,Unlisted Bonds,,,20000000300,0.094163600282268,2021-07-01
2021-06-30,BONDS,,KDH TRADING & INV JSC 12% 14/06/2025,10,1000000000,10000000000,0.047081799434907,2021-07-01
2021-06-30,BONDS,,PHAT DAT REAL ESTATE 13% 02/02/2023,100,100000003,10000000300,0.047081800847361,2021-07-01
2021-06-30,BONDS,,,,,60888400300,0.286673545083693,2021-07-01
2021-06-30,OTHER SECURITIES,,,,,,,2021-07-01
2021-06-30,OTHER SECURITIES,,Investment - Rights,0,,0,0,2021-07-01
2021-06-30,OTHER SECURITIES,,Index future contracts,0,,0,0,2021-07-01
2021-06-30,OTHER SECURITIES,,,,,0,0,2021-07-01
2021-06-30,OTHER SECURITIES,,,,,60889896300,0.286680588520889,2021-07-01
2021-06-30,OTHER ASSETS,,,,,,,2021-07-01
2021-06-30,OTHER ASSETS,,Dividend receivables,,,0,0,2021-07-01
2021-06-30,OTHER ASSETS,,Coupon receivables,,,2126027397,0.0100097195498671,2021-07-01
2021-06-30,OTHER ASSETS,,Interest receivables from bank deposits and certificates of deposit,,,2803826025,0.0132009174559423,2021-07-01
2021-06-30,OTHER ASSETS,,Outstanding Settlement of sales transactions,,,0,0,2021-07-01
2021-06-30,OTHER ASSETS,,Receivable from AP/Investors on securities on hold of buying,,,0,0,2021-07-01
2021-06-30,OTHER ASSETS,,Other receivables,,,0,0,2021-07-01
2021-06-30,OTHER ASSETS,,Other assets,,,0,0,2021-07-01
2021-06-30,OTHER ASSETS,,,,,4929853422,0.0232106370058094,2021-07-01
2021-06-30,CASH,,,,,,,2021-07-01
2021-06-30,CASH,,"Cash, Cash Equivalents",,,26058396910,0.12268762169118218,2021-07-01
2021-06-30,CASH,,Cash at Bank,,,558396910,0.00262903313216918,2021-07-01
2021-06-30,CASH,,Cash Equivalents,,,25500000000,0.120058588559013,2021-07-01
2021-06-30,CASH,,Deposits with term over three (03) months,,,40000000000,0.188327197739628,2021-07-01
2021-06-30,CASH,,Certificates of deposit,,,80518153425,0.379093955042492,2021-07-01
2021-06-30,CASH,,"Công cụ chuyển nhượng…
Transferable instruments…",,,0,0,2021-07-01
2021-06-30,CASH,,,,,146576550335,0.690108774473302,2021-07-01
2021-06-30,Total value of portfolio,,,,,212396300057,1,2021-07-01
2021-07-31,REAL ESTATE INVESTMENT (NOT APPLICABLE),,,,,,,2021-08-02
2021-07-31,"SHARES LISTED, SHARES REGISTERED FOR TRADING, LISTED FUND CERTIFICATES",,,,,,,2021-08-02
2021-07-31,"SHARES LISTED, SHARES REGISTERED FOR TRADING, LISTED FUND CERTIFICATES",,FPT,17,94000,1598000,7.47820125071281e-06,2021-08-02
2021-07-31,"SHARES LISTED, SHARES REGISTERED FOR TRADING, LISTED FUND CERTIFICATES",,,,,1598000,7.47820125071281e-06,2021-08-02
2021-07-31,"SHARES UNLISTED, UNREGISTERED FOR TRADING, UNLISTED FUND CERTIFICATES",,,,,,,2021-08-02
2021-07-31,"SHARES UNLISTED, UNREGISTERED FOR TRADING, UNLISTED FUND CERTIFICATES",,,,,0,0,2021-08-02
2021-07-31,"SHARES UNLISTED, UNREGISTERED FOR TRADING, UNLISTED FUND CERTIFICATES",,,,,1598000,7.47820125071281e-06,2021-08-02
2021-07-31,BONDS,,,,,,,2021-08-02
2021-07-31,BONDS,,Listed bonds,,,47880560000,0.22406787464132,2021-08-02
2021-07-31,BONDS,,KBC12006,400000,102221,40888400000,0.191346485619303,2021-08-02
2021-07-31,BONDS,,MSR118001,70000,99888,6992160000,0.0327213890220176,2021-08-02
2021-07-31,BONDS,,Unlisted Bonds,,,20000000300,0.09359451017379,2021-08-02
2021-07-31,BONDS,,KDH TRADING & INV JSC 12% 14/06/2025,10,1000000000,10000000000,0.0467972543849362,2021-08-02
2021-07-31,BONDS,,PHAT DAT REAL ESTATE 13% 02/02/2023,100,100000003,10000000300,0.0467972557888538,2021-08-02
2021-07-31,BONDS,,,,,67880560300,0.31766238481511,2021-08-02
2021-07-31,OTHER SECURITIES,,,,,,,2021-08-02
2021-07-31,OTHER SECURITIES,,Investment - Rights,0,,0,0,2021-08-02
2021-07-31,OTHER SECURITIES,,Index future contracts,0,,0,0,2021-08-02
2021-07-31,OTHER SECURITIES,,,,,0,0,2021-08-02
2021-07-31,OTHER SECURITIES,,,,,67882158300,0.317669863016361,2021-08-02
2021-07-31,OTHER ASSETS,,,,,,,2021-08-02
2021-07-31,OTHER ASSETS,,Dividend receivables,,,0,0,2021-08-02
2021-07-31,OTHER ASSETS,,Coupon receivables,,,748910959,0.00350469766599895,2021-08-02
2021-07-31,OTHER ASSETS,,Interest receivables from bank deposits and certificates of deposit,,,3119271505,0.0145973342115168,2021-08-02
2021-07-31,OTHER ASSETS,,Outstanding Settlement of sales transactions,,,0,0,2021-08-02
2021-07-31,OTHER ASSETS,,Receivable from AP/Investors on securities on hold of buying,,,0,0,2021-08-02
2021-07-31,OTHER ASSETS,,Other receivables,,,0,0,2021-08-02
2021-07-31,OTHER ASSETS,,Other assets,,,0,0,2021-08-02
2021-07-31,OTHER ASSETS,,,,,3868182464,0.0181020318775157,2021-08-02
2021-07-31,CASH,,,,,,,2021-08-02
2021-07-31,CASH,,"Cash, Cash Equivalents",,,21419255903,0.1002362367228738,2021-08-02
2021-07-31,CASH,,Cash at Bank,,,3119255903,0.0145972611984405,2021-08-02
2021-07-31,CASH,,Cash Equivalents,,,18300000000,0.0856389755244333,2021-08-02
2021-07-31,CASH,,Deposits with term over three (03) months,,,40000000000,0.187189017539745,2021-08-02
2021-07-31,CASH,,Certificates of deposit,,,80518153425,0.376802850843505,2021-08-02
2021-07-31,CASH,,"Công cụ chuyển nhượng…
Transferable instruments…",,,0,0,2021-08-02
2021-07-31,CASH,,,,,141937409328,0.664228105106123,2021-08-02
2021-07-31,Total value of portfolio,,,,,213687750092,1,2021-08-02
2021-08-31,REAL ESTATE INVESTMENT (NOT APPLICABLE),,,,,,,2021-09-01
2021-08-31,"SHARES LISTED, SHARES REGISTERED FOR TRADING, LISTED FUND CERTIFICATES",,,,,,,2021-09-01
2021-08-31,"SHARES LISTED, SHARES REGISTERED FOR TRADING, LISTED FUND CERTIFICATES",,FPT,17,92400,1570800,7.21254851707445e-06,2021-09-01
2021-08-31,"SHARES LISTED, SHARES REGISTERED FOR TRADING, LISTED FUND CERTIFICATES",,,,,1570800,7.21254851707445e-06,2021-09-01
2021-08-31,"SHARES UNLISTED, UNREGISTERED FOR TRADING, UNLISTED FUND CERTIFICATES",,,,,,,2021-09-01
2021-08-31,"SHARES UNLISTED, UNREGISTERED FOR TRADING, UNLISTED FUND CERTIFICATES",,,,,0,0,2021-09-01
2021-08-31,"SHARES UNLISTED, UNREGISTERED FOR TRADING, UNLISTED FUND CERTIFICATES",,,,,1570800,7.21254851707445e-06,2021-09-01
2021-08-31,BONDS,,,,,,,2021-09-01
2021-08-31,BONDS,,Listed bonds,,,65966950000,0.302896503309412,2021-09-01
2021-08-31,BONDS,,KBC12006,400000,102221,40888400000,0.187744823520211,2021-09-01
2021-08-31,BONDS,,MSR118001,70000,100163,7011410000,0.032193872420487,2021-09-01
2021-08-31,BONDS,,VJC11912,180000,100373,18067140000,0.0829578073687143,2021-09-01
2021-08-31,BONDS,,Unlisted Bonds,,,20000000300,0.0918328065350481,2021-09-01
2021-08-31,BONDS,,KDH TRADING & INV JSC 12% 14/06/2025,10,1000000000,10000000000,0.045916402578778,2021-09-01
2021-08-31,BONDS,,PHAT DAT REAL ESTATE 13% 02/02/2023,100,100000003,10000000300,0.0459164039562701,2021-09-01
2021-08-31,BONDS,,,,,85966950300,0.39472930984446,2021-09-01
2021-08-31,OTHER SECURITIES,,,,,,,2021-09-01
2021-08-31,OTHER SECURITIES,,Investment - Rights,0,,0,0,2021-09-01
2021-08-31,OTHER SECURITIES,,Index future contracts,0,,0,0,2021-09-01
2021-08-31,OTHER SECURITIES,,,,,0,0,2021-09-01
2021-08-31,OTHER SECURITIES,,,,,85968521100,0.394736522392977,2021-09-01
2021-08-31,OTHER ASSETS,,,,,,,2021-09-01
2021-08-31,OTHER ASSETS,,Dividend receivables,,,17000,7.80578843839226e-08,2021-09-01
2021-08-31,OTHER ASSETS,,Coupon receivables,,,1202306986,0.00552056115924532,2021-09-01
2021-08-31,OTHER ASSETS,,Interest receivables from bank deposits and certificates of deposit,,,3819358354,0.0175371195774883,2021-09-01
2021-08-31,OTHER ASSETS,,Outstanding Settlement of sales transactions,,,0,0,2021-09-01
2021-08-31,OTHER ASSETS,,Receivable from AP/Investors on securities on hold of buying,,,0,0,2021-09-01
2021-08-31,OTHER ASSETS,,Other receivables,,,0,0,2021-09-01
2021-08-31,OTHER ASSETS,,Other assets,,,0,0,2021-09-01
2021-08-31,OTHER ASSETS,,,,,5021682340,0.023057758794618,2021-09-01
2021-08-31,CASH,,,,,,,2021-09-01
2021-08-31,CASH,,"Cash, Cash Equivalents",,,6278739649,0.028829713741081918,2021-09-01
2021-08-31,CASH,,Cash at Bank,,,328739649,0.00150945420670902,2021-09-01
2021-08-31,CASH,,Cash Equivalents,,,5950000000,0.0273202595343729,2021-09-01
2021-08-31,CASH,,Deposits with term over three (03) months,,,40000000000,0.183665610315112,2021-09-01
2021-08-31,CASH,,Certificates of deposit,,,80518153425,0.369710394756211,2021-09-01
2021-08-31,CASH,,"Công cụ chuyển nhượng…
Transferable instruments…",,,0,0,2021-09-01
2021-08-31,CASH,,,,,126796893074,0.582205718812405,2021-09-01
2021-08-31,Total value of portfolio,,,,,217787096514,1,2021-09-01
2021-09-30,REAL ESTATE INVESTMENT (NOT APPLICABLE),,,,,,,2021-10-01
2021-09-30,"SHARES LISTED, SHARES REGISTERED FOR TRADING, LISTED FUND CERTIFICATES",,,,,,,2021-10-01
2021-09-30,"SHARES LISTED, SHARES REGISTERED FOR TRADING, LISTED FUND CERTIFICATES",,FPT,17,93000,1581000,5.72325461847914e-06,2021-10-01
2021-09-30,"SHARES LISTED, SHARES REGISTERED FOR TRADING, LISTED FUND CERTIFICATES",,,,,1581000,5.72325461847914e-06,2021-10-01
2021-09-30,"SHARES UNLISTED, UNREGISTERED FOR TRADING, UNLISTED FUND CERTIFICATES",,,,,,,2021-10-01
2021-09-30,"SHARES UNLISTED, UNREGISTERED FOR TRADING, UNLISTED FUND CERTIFICATES",,,,,0,0,2021-10-01
2021-09-30,"SHARES UNLISTED, UNREGISTERED FOR TRADING, UNLISTED FUND CERTIFICATES",,,,,1581000,5.72325461847914e-06,2021-10-01
2021-09-30,BONDS,,,,,,,2021-10-01
2021-09-30,BONDS,,Listed bonds,,,53155820000,0.1924252323302,2021-10-01
2021-09-30,BONDS,,VJC11912,530000,100294,53155820000,0.1924252323302,2021-10-01
2021-09-30,BONDS,,Unlisted Bonds,,,25000000300,0.0905005485002877,2021-10-01
2021-09-30,BONDS,,KDH TRADING & INV JSC 12% 14/06/2025,10,1000000000,10000000000,0.0362002189657125,2021-10-01
2021-09-30,BONDS,,PHAT DAT REAL ESTATE 13% 02/02/2023,100,100000003,10000000300,0.036200220051719,2021-10-01
2021-09-30,BONDS,,PHAT DAT REAL ESTATE 13% 24/09/2023,50,100000000,5000000000,0.0181001094828562,2021-10-01
2021-09-30,BONDS,,,,,78155820300,0.282925780830488,2021-10-01
2021-09-30,OTHER SECURITIES,,,,,,,2021-10-01
2021-09-30,OTHER SECURITIES,,Investment - Rights,0,,0,0,2021-10-01
2021-09-30,OTHER SECURITIES,,Index future contracts,0,,0,0,2021-10-01
2021-09-30,OTHER SECURITIES,,,,,0,0,2021-10-01
2021-09-30,OTHER SECURITIES,,,,,78157401300,0.282931504085106,2021-10-01
2021-09-30,OTHER ASSETS,,,,,,,2021-10-01
2021-09-30,OTHER ASSETS,,Dividend receivables,,,0,0,2021-10-01
2021-09-30,OTHER ASSETS,,Coupon receivables,,,1346283013,0.00487357398604191,2021-10-01
2021-09-30,OTHER ASSETS,,Interest receivables from bank deposits and certificates of deposit,,,4567727944,0.0165352751748604,2021-10-01
2021-09-30,OTHER ASSETS,,Outstanding Settlement of sales transactions,,,0,0,2021-10-01
2021-09-30,OTHER ASSETS,,Receivable from AP/Investors on securities on hold of buying,,,0,0,2021-10-01
2021-09-30,OTHER ASSETS,,Other receivables,,,0,0,2021-10-01
2021-09-30,OTHER ASSETS,,Other assets,,,50000000000,0.181001094828562,2021-10-01
2021-09-30,OTHER ASSETS,,,,,55914010957,0.202409943989465,2021-10-01
2021-09-30,CASH,,,,,,,2021-10-01
2021-09-30,CASH,,"Cash, Cash Equivalents",,,21651857318,0.07838019759259643,2021-10-01
2021-09-30,CASH,,Cash at Bank,,,351857318,0.00127373119562883,2021-10-01
2021-09-30,CASH,,Cash Equivalents,,,21300000000,0.0771064663969676,2021-10-01
2021-09-30,CASH,,Deposits with term over three (03) months,,,40000000000,0.14480087586285,2021-10-01
2021-09-30,CASH,,Certificates of deposit,,,80518153425,0.291477478469983,2021-10-01
2021-09-30,CASH,,"Công cụ chuyển nhượng…
Transferable instruments…",,,0,0,2021-10-01
2021-09-30,CASH,,,,,142170010743,0.514658551925429,2021-10-01
2021-09-30,Total value of portfolio,,,,,276241423000,1,2021-10-01
2021-10-31,REAL ESTATE INVESTMENT (NOT APPLICABLE),,,,,,,2021-11-01
2021-10-31,"SHARES LISTED, SHARES REGISTERED FOR TRADING, LISTED FUND CERTIFICATES",,,,,,,2021-11-01
2021-10-31,"SHARES LISTED, SHARES REGISTERED FOR TRADING, LISTED FUND CERTIFICATES",,FPT,17,96900,1647300,6.11687284695269e-06,2021-11-01
2021-10-31,"SHARES LISTED, SHARES REGISTERED FOR TRADING, LISTED FUND CERTIFICATES",,,,0,1647300,6.11687284695269e-06,2021-11-01
2021-10-31,"SHARES UNLISTED, UNREGISTERED FOR TRADING, UNLISTED FUND CERTIFICATES",,,,,,,2021-11-01
2021-10-31,"SHARES UNLISTED, UNREGISTERED FOR TRADING, UNLISTED FUND CERTIFICATES",,,,,0,0,2021-11-01
2021-10-31,"SHARES UNLISTED, UNREGISTERED FOR TRADING, UNLISTED FUND CERTIFICATES",,,,,1647300,6.11687284695269e-06,2021-11-01
2021-10-31,BONDS,,,,,,,2021-11-01
2021-10-31,BONDS,,Listed bonds,,,53155820000,0.197382014214475,2021-11-01
2021-10-31,BONDS,,VJC11912,530000,100294,53155820000,0.197382014214475,2021-11-01
2021-10-31,BONDS,,Unlisted Bonds,,,25000000300,0.0928317993133486,2021-11-01
2021-10-31,BONDS,,KDH TRADING & INV JSC 12% 14/06/2025,10,1000000000,10000000000,0.0371327192797468,2021-11-01
2021-10-31,BONDS,,PHAT DAT REAL ESTATE 13% 02/02/2023,100,100000003,10000000300,0.0371327203937284,2021-11-01
2021-10-31,BONDS,,PHAT DAT REAL ESTATE 13% 24/09/2023,50,100000000,5000000000,0.0185663596398734,2021-11-01
2021-10-31,BONDS,,,,,78155820300,0.290213813527824,2021-11-01
2021-10-31,OTHER SECURITIES,,,,,,,2021-11-01
2021-10-31,OTHER SECURITIES,,Investment - Rights,0,,0,0,2021-11-01
2021-10-31,OTHER SECURITIES,,Index future contracts,0,,0,0,2021-11-01
2021-10-31,OTHER SECURITIES,,,,,0,0,2021-11-01
2021-10-31,OTHER SECURITIES,,,,,78157467600,0.290219930400671,2021-11-01
2021-10-31,OTHER ASSETS,,,,,,,2021-11-01
2021-10-31,OTHER ASSETS,,Dividend receivables,,,0,0,2021-11-01
2021-10-31,OTHER ASSETS,,Coupon receivables,,,1966274521,0.00730131198152116,2021-11-01
2021-10-31,OTHER ASSETS,,Interest receivables from bank deposits and certificates of deposit,,,5307509864,0.0197082273854399,2021-11-01
2021-10-31,OTHER ASSETS,,Outstanding Settlement of sales transactions,,,0,0,2021-11-01
2021-10-31,OTHER ASSETS,,Receivable from AP/Investors on securities on hold of buying,,,0,0,2021-11-01
2021-10-31,OTHER ASSETS,,Other receivables,,,0,0,2021-11-01
2021-10-31,OTHER ASSETS,,Other assets,,,50000000000,0.185663596398734,2021-11-01
2021-10-31,OTHER ASSETS,,,,,57273784385,0.212673135765695,2021-11-01
2021-10-31,CASH,,,,,,,2021-11-01
2021-10-31,CASH,,"Cash, Cash Equivalents",,,13354868394,0.049590257909236456,2021-11-01
2021-10-31,CASH,,Cash at Bank,,,54868394,0.000203741267173254,2021-11-01
2021-10-31,CASH,,Cash Equivalents,,,13300000000,0.0493865166420632,2021-11-01
2021-10-31,CASH,,Deposits with term over three (03) months,,,40000000000,0.148530877118987,2021-11-01
2021-10-31,CASH,,Certificates of deposit,,,80518153425,0.298985798805411,2021-11-01
2021-10-31,CASH,,"Công cụ chuyển nhượng…
Transferable instruments…",,,0,0,2021-11-01
2021-10-31,CASH,,,,,133873021819,0.497106933833634,2021-11-01
2021-10-31,Total value of portfolio,,,,,269304273804,1,2021-11-01
2021-11-30,REAL ESTATE INVESTMENT (NOT APPLICABLE),,,,,,,2021-12-01
2021-11-30,"SHARES LISTED, SHARES REGISTERED FOR TRADING, LISTED FUND CERTIFICATES",,,,,,,2021-12-01
2021-11-30,"SHARES LISTED, SHARES REGISTERED FOR TRADING, LISTED FUND CERTIFICATES",,FPT,17,97100,1650700,6.06050273096536e-06,2021-12-01
2021-11-30,"SHARES LISTED, SHARES REGISTERED FOR TRADING, LISTED FUND CERTIFICATES",,,,,1650700,6.06050273096536e-06,2021-12-01
2021-11-30,"SHARES UNLISTED, UNREGISTERED FOR TRADING, UNLISTED FUND CERTIFICATES",,,,,,,2021-12-01
2021-11-30,"SHARES UNLISTED, UNREGISTERED FOR TRADING, UNLISTED FUND CERTIFICATES",,,,,0,0,2021-12-01
2021-11-30,"SHARES UNLISTED, UNREGISTERED FOR TRADING, UNLISTED FUND CERTIFICATES",,,,,1650700,6.06050273096536e-06,2021-12-01
2021-11-30,BONDS,,,,,,,2021-12-01
2021-11-30,BONDS,,Listed bonds,,,78372650000,0.287743175233533,2021-12-01
2021-11-30,BONDS,,KBC121020,250000,101056,25264000000,0.0927561283062391,2021-12-01
2021-11-30,BONDS,,VJC11912,530000,100205,53108650000,0.194987046927294,2021-12-01
2021-11-30,BONDS,,Unlisted Bonds,,,11000000000,0.0403862179927418,2021-12-01
2021-11-30,BONDS,,KDH TRADING & INV JSC 12% 14/06/2025,10,1000000000,10000000000,0.0367147436297653,2021-12-01
2021-11-30,BONDS,,TRAI PHIEU CIIB2124002,10000,100000,1000000000,0.00367147436297653,2021-12-01
2021-11-30,BONDS,,,,,89372650000,0.328129393226274,2021-12-01
2021-11-30,OTHER SECURITIES,,,,,,,2021-12-01
2021-11-30,OTHER SECURITIES,,Investment - Rights,0,,0,0,2021-12-01
2021-11-30,OTHER SECURITIES,,Index future contracts,0,,0,0,2021-12-01
2021-11-30,OTHER SECURITIES,,,,,0,0,2021-12-01
2021-11-30,OTHER SECURITIES,,,,,89374300700,0.328135453729005,2021-12-01
2021-11-30,OTHER ASSETS,,,,,,,2021-12-01
2021-11-30,OTHER ASSETS,,Dividend receivables,,,0,0,2021-12-01
2021-11-30,OTHER ASSETS,,Coupon receivables,,,3208444384,0.011779721300892,2021-12-01
2021-11-30,OTHER ASSETS,,Interest receivables from bank deposits and certificates of deposit,,,4874256165,0.0178957065483778,2021-12-01
2021-11-30,OTHER ASSETS,,Outstanding Settlement of sales transactions,,,0,0,2021-12-01
2021-11-30,OTHER ASSETS,,Receivable from AP/Investors on securities on hold of buying,,,0,0,2021-12-01
2021-11-30,OTHER ASSETS,,Other receivables,,,0,0,2021-12-01
2021-11-30,OTHER ASSETS,,Other assets,,,0,0,2021-12-01
2021-11-30,OTHER ASSETS,,,,,8082700549,0.0296754278492698,2021-12-01
2021-11-30,CASH,,,,,,,2021-12-01
2021-11-30,CASH,,"Cash, Cash Equivalents",,,44394989071,0.1629950642188002,2021-12-01
2021-11-30,CASH,,Cash at Bank,,,16894989071,0.0620295192369452,2021-12-01
2021-11-30,CASH,,Cash Equivalents,,,27500000000,0.100965544981855,2021-12-01
2021-11-30,CASH,,Deposits with term over three (03) months,,,40000000000,0.146858974519061,2021-12-01
2021-11-30,CASH,,Certificates of deposit,,,90518153425,0.332335079683864,2021-12-01
2021-11-30,CASH,,"Công cụ chuyển nhượng…
Transferable instruments…",,,0,0,2021-12-01
2021-11-30,CASH,,,,,174913142496,0.642189118421725,2021-12-01
2021-11-30,Total value of portfolio,,,,,272370143745,1,2021-12-01
2021-12-31,REAL ESTATE INVESTMENT (NOT APPLICABLE),,,,,,,2022-01-05
2021-12-31,"SHARES LISTED, SHARES REGISTERED FOR TRADING, LISTED FUND CERTIFICATES",,,,,,,2022-01-05
2021-12-31,"SHARES LISTED, SHARES REGISTERED FOR TRADING, LISTED FUND CERTIFICATES",,,,,0,0,2022-01-05
2021-12-31,"SHARES UNLISTED, UNREGISTERED FOR TRADING, UNLISTED FUND CERTIFICATES",,,,,,,2022-01-05
2021-12-31,"SHARES UNLISTED, UNREGISTERED FOR TRADING, UNLISTED FUND CERTIFICATES",,,,,0,0,2022-01-05
2021-12-31,BONDS,,,,,,,2022-01-05
2021-12-31,BONDS,,Listed bonds,,,78728980000,0.289586578130741,2022-01-05
2021-12-31,BONDS,,CII121029,10000,100000,1000000000,0.00367827168763956,2022-01-05
2021-12-31,BONDS,,KBC121020,250000,102554,25638500000,0.0943053686635469,2022-01-05
2021-12-31,BONDS,,VJC11912,520000,100174,52090480000,0.191602937779555,2022-01-05
2021-12-31,BONDS,,Unlisted Bonds,,,25000000000,0.091956792190989,2022-01-05
2021-12-31,BONDS,,KDH TRADING & INV JSC 12% 14/06/2025,10,1000000000,10000000000,0.0367827168763956,2022-01-05
2021-12-31,BONDS,,PDR BOND 12 PCT 02 DEC 2023,150,100000000,15000000000,0.0551740753145934,2022-01-05
2021-12-31,BONDS,,,,,103728980000,0.38154337032173,2022-01-05
2021-12-31,OTHER SECURITIES,,,,,,,2022-01-05
2021-12-31,OTHER SECURITIES,,Investment - Rights,0,,0,0,2022-01-05
2021-12-31,OTHER SECURITIES,,Index future contracts,0,,0,0,2022-01-05
2021-12-31,OTHER SECURITIES,,,,,0,0,2022-01-05
2021-12-31,OTHER SECURITIES,,,,,103728980000,0.38154337032173,2022-01-05
2021-12-31,OTHER ASSETS,,,,,,,2022-01-05
2021-12-31,OTHER ASSETS,,Dividend receivables,,,0,0,2022-01-05
2021-12-31,OTHER ASSETS,,Coupon receivables,,,2058696985,0.00757244683335442,2022-01-05
2021-12-31,OTHER ASSETS,,Interest receivables from bank deposits and certificates of deposit,,,5540895891,0.0203809204800237,2022-01-05
2021-12-31,OTHER ASSETS,,Outstanding Settlement of sales transactions,,,0,0,2022-01-05
2021-12-31,OTHER ASSETS,,Receivable from AP/Investors on securities on hold of buying,,,0,0,2022-01-05
2021-12-31,OTHER ASSETS,,Other receivables,,,0,0,2022-01-05
2021-12-31,OTHER ASSETS,,Other assets,,,0,0,2022-01-05
2021-12-31,OTHER ASSETS,,,,,7599592876,0.0279533673133781,2022-01-05
2021-12-31,CASH,,,,,,,2022-01-05
2021-12-31,CASH,,"Cash, Cash Equivalents",,,30020086409,0.11042203389871738,2022-01-05
2021-12-31,CASH,,Cash at Bank,,,1520086409,0.00559129080099039,2022-01-05
2021-12-31,CASH,,Cash Equivalents,,,28500000000,0.104830743097727,2022-01-05
2021-12-31,CASH,,Deposits with term over three (03) months,,,40000000000,0.147130867505582,2022-01-05
2021-12-31,CASH,,Certificates of deposit,,,90518153425,0.332950360960591,2022-01-05
2021-12-31,CASH,,"Công cụ chuyển nhượng…
Transferable instruments…",,,0,0,2022-01-05
2021-12-31,CASH,,,,,160538239834,0.590503262364892,2022-01-05
2021-12-31,Total value of portfolio,,,,,271866812710,1,2022-01-05
2022-01-31,REAL ESTATE INVESTMENT (NOT APPLICABLE),,,,,,,2022-02-08
2022-01-31,"SHARES LISTED, SHARES REGISTERED FOR TRADING, LISTED FUND CERTIFICATES",,,,,,,2022-02-08
2022-01-31,"SHARES UNLISTED, UNREGISTERED FOR TRADING, UNLISTED FUND CERTIFICATES",,,,,,,2022-02-08
2022-01-31,"SHARES UNLISTED, UNREGISTERED FOR TRADING, UNLISTED FUND CERTIFICATES",,,0,,0,0,2022-02-08
2022-01-31,"SHARES UNLISTED, UNREGISTERED FOR TRADING, UNLISTED FUND CERTIFICATES",,,,,0,0,2022-02-08
2022-01-31,BONDS,,,,,,,2022-02-08
2022-01-31,BONDS,,Listed bonds,,,98952650000,0.359883894406893,2022-02-08
2022-01-31,BONDS,,CII121029,210000,102360,21495600000,0.0781779996858378,2022-02-08
2022-01-31,BONDS,,KBC121020,250000,101901,25475250000,0.0926517094892275,2022-02-08
2022-01-31,BONDS,,VJC11912,520000,99965,51981800000,0.189054185231828,2022-02-08
2022-01-31,BONDS,,Unlisted Bonds,,,25000000000,0.0909232583480314,2022-02-08
2022-01-31,BONDS,,KDH TRADING & INV JSC 12% 14/06/2025,10,1000000000,10000000000,0.0363693033392126,2022-02-08
2022-01-31,BONDS,,PDR BOND 12 PCT 02 DEC 2023,150,100000000,15000000000,0.0545539550088189,2022-02-08
2022-01-31,BONDS,,,,,123952650000,0.450807152754925,2022-02-08
2022-01-31,OTHER SECURITIES,,,,,,,2022-02-08
2022-01-31,OTHER SECURITIES,,Investment - Rights,0,,0,0,2022-02-08
2022-01-31,OTHER SECURITIES,,Index future contracts,0,,0,0,2022-02-08
2022-01-31,OTHER SECURITIES,,,,,0,0,2022-02-08
2022-01-31,OTHER SECURITIES,,,,,123952650000,0.450807152754925,2022-02-08
2022-01-31,OTHER ASSETS,,,,,,,2022-02-08
2022-01-31,OTHER ASSETS,,Dividend receivables,,,0,0,2022-02-08
2022-01-31,OTHER ASSETS,,Coupon receivables,,,877037261,0.00318972341851011,2022-02-08
2022-01-31,OTHER ASSETS,,Interest receivables from bank deposits and certificates of deposit,,,5910697262,0.0214967941667931,2022-02-08
2022-01-31,OTHER ASSETS,,Outstanding Settlement of sales transactions,,,0,0,2022-02-08
2022-01-31,OTHER ASSETS,,Receivable from AP/Investors on securities on hold of buying,,,0,0,2022-02-08
2022-01-31,OTHER ASSETS,,Other receivables,,,0,0,2022-02-08
2022-01-31,OTHER ASSETS,,Other assets,,,0,0,2022-02-08
2022-01-31,OTHER ASSETS,,,,,6787734523,0.0246865175853032,2022-02-08
2022-01-31,CASH,,,,,,,2022-02-08
2022-01-31,CASH,,"Cash, Cash Equivalents",,,13698612227,0.049820898341000876,2022-02-08
2022-01-31,CASH,,Cash at Bank,,,698612227,0.00254080400002458,2022-02-08
2022-01-31,CASH,,Cash Equivalents,,,13000000000,0.0472800943409763,2022-02-08
2022-01-31,CASH,,Deposits with term over three (03) months,,,40000000000,0.14547721335685,2022-02-08
2022-01-31,CASH,,Certificates of deposit,,,90518153425,0.329208217961921,2022-02-08
2022-01-31,CASH,,"Công cụ chuyển nhượng…
Transferable instruments…",,,0,0,2022-02-08
2022-01-31,CASH,,,,,144216765652,0.5245063296597718,2022-02-08
2022-01-31,Total value of portfolio,,,,,274957150175,1,2022-02-08
2022-02-28,REAL ESTATE INVESTMENT (NOT APPLICABLE),,,,,,,2022-03-01
2022-02-28,"SHARES LISTED, SHARES REGISTERED FOR TRADING, LISTED FUND CERTIFICATES",,,,,,,2022-03-01
2022-02-28,"SHARES UNLISTED, UNREGISTERED FOR TRADING, UNLISTED FUND CERTIFICATES",,,0,,0,0,2022-03-01
2022-02-28,"SHARES UNLISTED, UNREGISTERED FOR TRADING, UNLISTED FUND CERTIFICATES",,,,,,,2022-03-01
2022-02-28,BONDS,,,,,,,2022-03-01
2022-02-28,BONDS,,Listed bonds,,,129152160000,0.419488244429734,2022-03-01
2022-02-28,BONDS,,CII121029,510000,100905,51461550000,0.167147922769026,2022-03-01
2022-02-28,BONDS,,KBC121020,250000,101997,25499250000,0.0828219645476691,2022-03-01
2022-02-28,BONDS,,VJC11912,520000,100368,52191360000,0.169518357113038,2022-03-01
2022-02-28,BONDS,,Unlisted Bonds,,,25000000000,0.0812003927053433,2022-03-01
2022-02-28,BONDS,,KDH TRADING & INV JSC 12% 14/06/2025,10,1000000000,10000000000,0.0324801570821373,2022-03-01
2022-02-28,BONDS,,PDR BOND 12 PCT 02 DEC 2023,150,100000000,15000000000,0.048720235623206,2022-03-01
2022-02-28,BONDS,,,,,154152160000,0.500688637135077,2022-03-01
2022-02-28,OTHER SECURITIES,,,,,,,2022-03-01
2022-02-28,OTHER SECURITIES,,Investment - Rights,0,,0,0,2022-03-01
2022-02-28,OTHER SECURITIES,,Index future contracts,0,,0,0,2022-03-01
2022-02-28,OTHER SECURITIES,,,,,0,0,2022-03-01
2022-02-28,OTHER SECURITIES,,,,,154152160000,0.500688637135077,2022-03-01
2022-02-28,OTHER ASSETS,,,,,,,2022-03-01
2022-02-28,OTHER ASSETS,,Dividend receivables,,,0,0,2022-03-01
2022-02-28,OTHER ASSETS,,Coupon receivables,,,2082206575,0.00676303966334592,2022-03-01
2022-02-28,OTHER ASSETS,,Interest receivables from bank deposits and certificates of deposit,,,2534360277,0.00823164198996891,2022-03-01
2022-02-28,OTHER ASSETS,,Outstanding Settlement of sales transactions,,,0,0,2022-03-01
2022-02-28,OTHER ASSETS,,Receivable from AP/Investors on securities on hold of buying,,,0,0,2022-03-01
2022-02-28,OTHER ASSETS,,Other receivables,,,0,0,2022-03-01
2022-02-28,OTHER ASSETS,,Other assets,,,0,0,2022-03-01
2022-02-28,OTHER ASSETS,,,,,4616566852,0.0149946816533148,2022-03-01
2022-02-28,CASH,,,,,,,2022-03-01
2022-02-28,CASH,,"Cash, Cash Equivalents",,,58573508239,0.1902476748454587,2022-03-01
2022-02-28,CASH,,Cash at Bank,,,31073508239,0.100927242869581,2022-03-01
2022-02-28,CASH,,Cash Equivalents,,,27500000000,0.0893204319758777,2022-03-01
2022-02-28,CASH,,Deposits with term over three (03) months,,,40000000000,0.129920628328549,2022-03-01
2022-02-28,CASH,,Certificates of deposit,,,50538049315,0.1641483780376,2022-03-01
2022-02-28,CASH,,"Công cụ chuyển nhượng…
Transferable instruments…",,,0,0,2022-03-01
2022-02-28,CASH,,,,,149111557554,0.48431668121160765,2022-03-01
2022-02-28,Total value of portfolio,,,,,307880284406,1,2022-03-01
2022-03-31,REAL ESTATE INVESTMENT (NOT APPLICABLE),,,,,,,2022-04-04
2022-03-31,"SHARES LISTED, SHARES REGISTERED FOR TRADING, LISTED FUND CERTIFICATES",,,,,,,2022-04-04
2022-03-31,"SHARES UNLISTED, UNREGISTERED FOR TRADING, UNLISTED FUND CERTIFICATES",,,0,,0,0,2022-04-04
2022-03-31,"SHARES UNLISTED, UNREGISTERED FOR TRADING, UNLISTED FUND CERTIFICATES",,,,,,,2022-04-04
2022-03-31,BONDS,,,,,,,2022-04-04
2022-03-31,BONDS,,Listed bonds,,,144111344900,0.513152964105282,2022-04-04
2022-03-31,BONDS,,TNG119007,5,1013008980,5065044900,0.0180356571202976,2022-04-04
2022-03-31,BONDS,,CII121029,510000,100874,51445740000,0.18318845049922,2022-04-04
2022-03-31,BONDS,,KBC121020,250000,102118,25529500000,0.0909056716264523,2022-04-04
2022-03-31,BONDS,,MSN121015,100000,100227,10022700000,0.0356889196815622,2022-04-04
2022-03-31,BONDS,,VJC11912,520000,100093,52048360000,0.18533426517775,2022-04-04
2022-03-31,BONDS,,Unlisted Bonds,,,25000000000,0.0890202232970214,2022-04-04
2022-03-31,BONDS,,KDH TRADING & INV JSC 12% 14/06/2025,10,1000000000,10000000000,0.0356080893188086,2022-04-04
2022-03-31,BONDS,,PDR BOND 12 PCT 02 DEC 2023,150,100000000,15000000000,0.0534121339782128,2022-04-04
2022-03-31,BONDS,,,,,169111344900,0.602173187402304,2022-04-04
2022-03-31,OTHER SECURITIES,,,,,,,2022-04-04
2022-03-31,OTHER SECURITIES,,Investment - Rights,0,,0,0,2022-04-04
2022-03-31,OTHER SECURITIES,,Index future contracts,0,,0,0,2022-04-04
2022-03-31,OTHER SECURITIES,,,,,0,0,2022-04-04
2022-03-31,OTHER SECURITIES,,,,,169111344900,0.602173187402304,2022-04-04
2022-03-31,OTHER ASSETS,,,,,,,2022-04-04
2022-03-31,OTHER ASSETS,,Dividend receivables,,,0,0,2022-04-04
2022-03-31,OTHER ASSETS,,Coupon receivables,,,3190312328,0.011360092633032,2022-04-04
2022-03-31,OTHER ASSETS,,Interest receivables from bank deposits and certificates of deposit,,,3045787666,0.0108454679257053,2022-04-04
2022-03-31,OTHER ASSETS,,Outstanding Settlement of sales transactions,,,0,0,2022-04-04
2022-03-31,OTHER ASSETS,,Receivable from AP/Investors on securities on hold of buying,,,0,0,2022-04-04
2022-03-31,OTHER ASSETS,,Other receivables,,,0,0,2022-04-04
2022-03-31,OTHER ASSETS,,Other assets,,,0,0,2022-04-04
2022-03-31,OTHER ASSETS,,,,,6236099994,0.0222055605587373,2022-04-04
2022-03-31,CASH,,,,,,,2022-04-04
2022-03-31,CASH,,"Cash, Cash Equivalents",,,14949568590,0.05323255736303748,2022-04-04
2022-03-31,CASH,,Cash at Bank,,,449568590,0.00160082785076508,2022-04-04
2022-03-31,CASH,,Cash Equivalents,,,14500000000,0.0516317295122724,2022-04-04
2022-03-31,CASH,,Deposits with term over three (03) months,,,40000000000,0.142432357275234,2022-04-04
2022-03-31,CASH,,Certificates of deposit,,,50538049315,0.179956337400687,2022-04-04
2022-03-31,CASH,,"Công cụ chuyển nhượng…
Transferable instruments…",,,0,0,2022-04-04
2022-03-31,CASH,,,,,105487617905,0.3756212520389585,2022-04-04
2022-03-31,Total value of portfolio,,,,,280835062799,1,2022-04-04
2022-04-30,REAL ESTATE INVESTMENT (NOT APPLICABLE),,,,,,,2022-05-05
2022-04-30,"SHARES LISTED, SHARES REGISTERED FOR TRADING, LISTED FUND CERTIFICATES",,,,,,,2022-05-05
2022-04-30,"SHARES UNLISTED, UNREGISTERED FOR TRADING, UNLISTED FUND CERTIFICATES",,,0,,0,0,2022-05-05
2022-04-30,"SHARES UNLISTED, UNREGISTERED FOR TRADING, UNLISTED FUND CERTIFICATES",,,,,,,2022-05-05
2022-04-30,BONDS,,,,,,,2022-05-05
2022-04-30,BONDS,,Listed bonds,,,132107971930,0.44860523050356,2022-05-05
2022-04-30,BONDS,,CII121029,510000,100844,51430440000,0.174644754998772,2022-05-05
2022-04-30,BONDS,,KBC121020,250000,101973,25493250000,0.0865686235694746,2022-05-05
2022-04-30,BONDS,,MSN121015,100000,100222,10022200000,0.0340328541530793,2022-05-05
2022-04-30,BONDS,,TNG119007,13,1010818610,13140641930,0.0446222935365018,2022-05-05
2022-04-30,BONDS,,VJC11912,320000,100067,32021440000,0.108736704245732,2022-05-05
2022-04-30,BONDS,,Unlisted Bonds,,,28001238550,0.0950851178062433,2022-05-05
2022-04-30,BONDS,,BOND KDH 12% 26/06/2022,3,1000412850,3001238550,0.0101914463741244,2022-05-05
2022-04-30,BONDS,,KDH TRADING & INV JSC 12% 14/06/2025,10,1000000000,10000000000,0.0339574685728476,2022-05-05
2022-04-30,BONDS,,PDR BOND 12 PCT 02 DEC 2023,150,100000000,15000000000,0.0509362028592713,2022-05-05
2022-04-30,BONDS,,,,,160109210480,0.543690348309804,2022-05-05
2022-04-30,OTHER SECURITIES,,,,,,,2022-05-05
2022-04-30,OTHER SECURITIES,,Investment - Rights,0,,0,0,2022-05-05
2022-04-30,OTHER SECURITIES,,Index future contracts,0,,0,0,2022-05-05
2022-04-30,OTHER SECURITIES,,,,,0,0,2022-05-05
2022-04-30,OTHER SECURITIES,,,,,160109210480,0.543690348309804,2022-05-05
2022-04-30,OTHER ASSETS,,,,,,,2022-05-05
2022-04-30,OTHER ASSETS,,Dividend receivables,,,0,0,2022-05-05
2022-04-30,OTHER ASSETS,,Coupon receivables,,,2913060274,0.00989201527051657,2022-05-05
2022-04-30,OTHER ASSETS,,Interest receivables from bank deposits and certificates of deposit,,,3586291775,0.0121781390242624,2022-05-05
2022-04-30,OTHER ASSETS,,Outstanding Settlement of sales transactions,,,0,0,2022-05-05
2022-04-30,OTHER ASSETS,,Receivable from AP/Investors on securities on hold of buying,,,0,0,2022-05-05
2022-04-30,OTHER ASSETS,,Other receivables,,,4944685,1.67908985490131e-05,2022-05-05
2022-04-30,OTHER ASSETS,,Other assets,,,0,0,2022-05-05
2022-04-30,OTHER ASSETS,,,,,6504296734,0.022086945193328,2022-05-05
2022-04-30,CASH,,,,,,,2022-05-05
2022-04-30,CASH,,"Cash, Cash Equivalents",,,37334470265,0.12677841007076493,2022-05-05
2022-04-30,CASH,,Cash at Bank,,,334470265,0.00113577635122895,2022-05-05
2022-04-30,CASH,,Cash Equivalents,,,37000000000,0.125642633719536,2022-05-05
2022-04-30,CASH,,Deposits with term over three (03) months,,,40000000000,0.13582987429139,2022-05-05
2022-04-30,CASH,,Certificates of deposit,,,50538049315,0.171614422134713,2022-05-05
2022-04-30,CASH,,"Công cụ chuyển nhượng…
Transferable instruments…",,,0,0,2022-05-05
2022-04-30,CASH,,,,,127872519580,0.434222706496868,2022-05-05
2022-04-30,Total value of portfolio,,,,,294486026794,1,2022-05-05
2022-05-31,REAL ESTATE INVESTMENT (NOT APPLICABLE),,,,,,,2022-06-01
2022-05-31,"SHARES LISTED, SHARES REGISTERED FOR TRADING, LISTED FUND CERTIFICATES",,,,,,,2022-06-01
2022-05-31,"SHARES UNLISTED, UNREGISTERED FOR TRADING, UNLISTED FUND CERTIFICATES",,,0,,0,0,2022-06-01
2022-05-31,"SHARES UNLISTED, UNREGISTERED FOR TRADING, UNLISTED FUND CERTIFICATES",,,,,,,2022-06-01
2022-05-31,BONDS,,,,,,,2022-06-01
2022-05-31,BONDS,,Listed bonds,,,192336452140,0.616999045157256,2022-06-01
2022-05-31,BONDS,,CII121029,560000,100743,56416080000,0.180978005491015,2022-06-01
2022-05-31,BONDS,,KBC121020,550000,101333,55733150000,0.178787223903745,2022-06-01
2022-05-31,BONDS,,MSN121015,100000,100217,10021700000,0.0321487646364177,2022-06-01
2022-05-31,BONDS,,TNG119007,13,1009224780,13119922140,0.0420875988032954,2022-06-01
2022-05-31,BONDS,,VJC11912,570000,100080,57045600000,0.182997452322782,2022-06-01
2022-05-31,BONDS,,Unlisted Bonds,,,28000541350,0.0898233646540438,2022-06-01
2022-05-31,BONDS,,BOND KDH 12% 26/06/2022,3,1000180450,3000541350,0.00962548246734475,2022-06-01
2022-05-31,BONDS,,KDH TRADING & INV JSC 12% 14/06/2025,10,1000000000,10000000000,0.0320791528746796,2022-06-01
2022-05-31,BONDS,,PDR BOND 12 PCT 02 DEC 2023,150,100000000,15000000000,0.0481187293120194,2022-06-01
2022-05-31,BONDS,,,,,220336993490,0.706822409811299,2022-06-01
2022-05-31,OTHER SECURITIES,,,,,,,2022-06-01
2022-05-31,OTHER SECURITIES,,Investment - Rights,0,,0,0,2022-06-01
2022-05-31,OTHER SECURITIES,,Index future contracts,0,,0,0,2022-06-01
2022-05-31,OTHER SECURITIES,,,,,0,0,2022-06-01
2022-05-31,OTHER SECURITIES,,,,,220336993490,0.706822409811299,2022-06-01
2022-05-31,OTHER ASSETS,,,,,,,2022-06-01
2022-05-31,OTHER ASSETS,,Dividend receivables,,,0,0,2022-06-01
2022-05-31,OTHER ASSETS,,Coupon receivables,,,6394731780,0.0205137578363192,2022-06-01
2022-05-31,OTHER ASSETS,,Interest receivables from bank deposits and certificates of deposit,,,421104110,0.00135086631208459,2022-06-01
2022-05-31,OTHER ASSETS,,Outstanding Settlement of sales transactions,,,0,0,2022-06-01
2022-05-31,OTHER ASSETS,,Receivable from AP/Investors on securities on hold of buying,,,0,0,2022-06-01
2022-05-31,OTHER ASSETS,,Other receivables,,,697501,2.23752412092419e-06,2022-06-01
2022-05-31,OTHER ASSETS,,Other assets,,,0,0,2022-06-01
2022-05-31,OTHER ASSETS,,,,,6816533391,0.0218668616725247,2022-06-01
2022-05-31,CASH,,,,,,,2022-06-01
2022-05-31,CASH,,"Cash, Cash Equivalents",,,34037353775,0.109188947519778,2022-06-01
2022-05-31,CASH,,Cash at Bank,,,3537353775,0.011347531252005,2022-06-01
2022-05-31,CASH,,Cash Equivalents,,,30500000000,0.0978414162677728,2022-06-01
2022-05-31,CASH,,Deposits with term over three (03) months,,,0,0,2022-06-01
2022-05-31,CASH,,Certificates of deposit,,,50538049315,0.162121780996398,2022-06-01
2022-05-31,CASH,,"Công cụ chuyển nhượng…
Transferable instruments…",,,0,0,2022-06-01
2022-05-31,CASH,,,,,84575403090,0.271310728516176,2022-06-01
2022-05-31,Total value of portfolio,,,,,311728929971,1,2022-06-01
2022-06-30,REAL ESTATE INVESTMENT (NOT APPLICABLE),,,,,,,2022-07-01
2022-06-30,"SHARES LISTED, SHARES REGISTERED FOR TRADING, LISTED FUND CERTIFICATES",,,,,,,2022-07-01
2022-06-30,"SHARES UNLISTED, UNREGISTERED FOR TRADING, UNLISTED FUND CERTIFICATES",,,0,,0,0,2022-07-01
2022-06-30,"SHARES UNLISTED, UNREGISTERED FOR TRADING, UNLISTED FUND CERTIFICATES",,,,,,,2022-07-01
2022-06-30,BONDS,,,,,,,2022-07-01
2022-06-30,BONDS,,Listed bonds,,,203377325500,0.549072106773391,2022-07-01
2022-06-30,BONDS,,CII121029,660000,100295,66194700000,0.178710499299159,2022-07-01
2022-06-30,BONDS,,KBC121020,50000,100944,5047200000,0.013626281742537,2022-07-01
2022-06-30,BONDS,,MSN121015,100000,100079,10007900000,0.0270190333355397,2022-07-01
2022-06-30,BONDS,,TNG119007,15,1007057700,15105865500,0.0407823702781482,2022-07-01
2022-06-30,BONDS,,VJC11912,570000,100038,57021660000,0.153945396375645,2022-07-01
2022-06-30,BONDS,,VND122013,500000,100000,50000000000,0.134988525742362,2022-07-01
2022-06-30,BONDS,,Unlisted Bonds,,,31003554040,0.0837024810526651,2022-07-01
2022-06-30,BONDS,,KDH TRADING & INV JSC 12% 14/06/2025,10,1000000000,10000000000,0.0269977051484724,2022-07-01
2022-06-30,BONDS,,PDR BOND 12 PCT 02 DEC 2023,210,100016924,21003554040,0.0567047759041927,2022-07-01
2022-06-30,BONDS,,,,,234380879540,0.632774587826056,2022-07-01
2022-06-30,OTHER SECURITIES,,,,,,,2022-07-01
2022-06-30,OTHER SECURITIES,,Investment - Rights,0,,0,0,2022-07-01
2022-06-30,OTHER SECURITIES,,Index future contracts,0,,0,0,2022-07-01
2022-06-30,OTHER SECURITIES,,,,,0,0,2022-07-01
2022-06-30,OTHER SECURITIES,,,,,234380879540,0.632774587826056,2022-07-01
2022-06-30,OTHER ASSETS,,,,,,,2022-07-01
2022-06-30,OTHER ASSETS,,Dividend receivables,,,0,0,2022-07-01
2022-06-30,OTHER ASSETS,,Coupon receivables,,,5447342740,0.0147065753137192,2022-07-01
2022-06-30,OTHER ASSETS,,Interest receivables from bank deposits and certificates of deposit,,,828128216,0.00223575614006985,2022-07-01
2022-06-30,OTHER ASSETS,,Outstanding Settlement of sales transactions,,,0,0,2022-07-01
2022-06-30,OTHER ASSETS,,Receivable from AP/Investors on securities on hold of buying,,,0,0,2022-07-01
2022-06-30,OTHER ASSETS,,Other receivables,,,12100,3.26672232296517e-08,2022-07-01
2022-06-30,OTHER ASSETS,,Other assets,,,0,0,2022-07-01
2022-06-30,OTHER ASSETS,,,,,6275483056,0.0169423641210123,2022-07-01
2022-06-30,CASH,,,,,,,2022-07-01
2022-06-30,CASH,,"Cash, Cash Equivalents",,,69607440580,0.18792411569186568,2022-07-01
2022-06-30,CASH,,Cash at Bank,,,8607440580,0.0232381142861837,2022-07-01
2022-06-30,CASH,,Cash Equivalents,,,61000000000,0.164686001405682,2022-07-01
2022-06-30,CASH,,Deposits with term over three (03) months,,,9600000000,0.0259177969425335,2022-07-01
2022-06-30,CASH,,Certificates of deposit,,,50538049315,0.136441135418533,2022-07-01
2022-06-30,CASH,,"Công cụ chuyển nhượng…
Transferable instruments…",,,0,0,2022-07-01
2022-06-30,CASH,,,,,129745489895,0.3502830480529322,2022-07-01
2022-06-30,Total value of portfolio,,,,,370401852491,1,2022-07-01
2022-07-31,REAL ESTATE INVESTMENT (NOT APPLICABLE),,,,,,,2022-08-01
2022-07-31,"SHARES LISTED, SHARES REGISTERED FOR TRADING, LISTED FUND CERTIFICATES",,,,,,,2022-08-01
2022-07-31,"SHARES UNLISTED, UNREGISTERED FOR TRADING, UNLISTED FUND CERTIFICATES",,,0,,0,0,2022-08-01
2022-07-31,"SHARES UNLISTED, UNREGISTERED FOR TRADING, UNLISTED FUND CERTIFICATES",,,,,,,2022-08-01
2022-07-31,BONDS,,,,,,,2022-08-01
2022-07-31,BONDS,,Listed bonds,,,216978515050,0.443105772535091,2022-08-01
2022-07-31,BONDS,,CII121029,660000,100290,66191400000,0.135173712592791,2022-08-01
2022-07-31,BONDS,,KBC121020,550000,101231,55677050000,0.113701682616087,2022-08-01
2022-07-31,BONDS,,MSN121015,100000,100208,10020800000,0.0204641197972824,2022-08-01
2022-07-31,BONDS,,TNG119007,15,1005317670,15079765050,0.0307953575061943,2022-08-01
2022-07-31,BONDS,,VND122013,500000,100019,50009500000,0.102127614462138,2022-08-01
2022-07-31,BONDS,,VND122014,200000,100000,20000000000,0.0408432855605987,2022-08-01
2022-07-31,BONDS,,Unlisted Bonds,,,31003340260,0.0633139139785793,2022-08-01
2022-07-31,BONDS,,KDH TRADING & INV JSC 12% 14/06/2025,10,1000000000,10000000000,0.0204216427802994,2022-08-01
2022-07-31,BONDS,,PDR BOND 12 PCT 02 DEC 2023,210,100015906,21003340260,0.04289227119828,2022-08-01
2022-07-31,BONDS,,,,,247981855310,0.50641968651367,2022-08-01
2022-07-31,OTHER SECURITIES,,,,,,,2022-08-01
2022-07-31,OTHER SECURITIES,,Investment - Rights,0,,0,0,2022-08-01
2022-07-31,OTHER SECURITIES,,Index future contracts,0,,0,0,2022-08-01
2022-07-31,OTHER SECURITIES,,,,,0,0,2022-08-01
2022-07-31,OTHER SECURITIES,,,,,247981855310,0.50641968651367,2022-08-01
2022-07-31,OTHER ASSETS,,,,,,,2022-08-01
2022-07-31,OTHER ASSETS,,Dividend receivables,,,0,0,2022-08-01
2022-07-31,OTHER ASSETS,,Coupon receivables,,,3795431507,0.00775089464330472,2022-08-01
2022-07-31,OTHER ASSETS,,Interest receivables from bank deposits and certificates of deposit,,,686915067,0.00140279341186794,2022-08-01
2022-07-31,OTHER ASSETS,,Outstanding Settlement of sales transactions,,,0,0,2022-08-01
2022-07-31,OTHER ASSETS,,Receivable from AP/Investors on securities on hold of buying,,,0,0,2022-08-01
2022-07-31,OTHER ASSETS,,Other receivables,,,24200,4.94203755283244e-08,2022-08-01
2022-07-31,OTHER ASSETS,,Other assets,,,0,0,2022-08-01
2022-07-31,OTHER ASSETS,,,,,4482370774,0.00915373747554819,2022-08-01
2022-07-31,CASH,,,,,,,2022-08-01
2022-07-31,CASH,,"Cash, Cash Equivalents",,,166342389847,0.339698486467672,2022-08-01
2022-07-31,CASH,,Cash at Bank,,,81142389847,0.165706089979522,2022-08-01
2022-07-31,CASH,,Cash Equivalents,,,85200000000,0.17399239648815,2022-08-01
2022-07-31,CASH,,Deposits with term over three (03) months,,,30600000000,0.062490226907716,2022-08-01
2022-07-31,CASH,,Certificates of deposit,,,40269954538,0.0822378626353931,2022-08-01
2022-07-31,CASH,,"Công cụ chuyển nhượng…
Transferable instruments…",,,0,0,2022-08-01
2022-07-31,CASH,,,,,237212344385,0.4844265760107811,2022-08-01
2022-07-31,Total value of portfolio,,,,,489676570469,1,2022-08-01
2022-08-31,REAL ESTATE INVESTMENT (NOT APPLICABLE),,,,,,,2022-09-05
2022-08-31,"SHARES LISTED, SHARES REGISTERED FOR TRADING, LISTED FUND CERTIFICATES",,,,,,,2022-09-05
2022-08-31,"SHARES UNLISTED, UNREGISTERED FOR TRADING, UNLISTED FUND CERTIFICATES",,,0,,0,0,2022-09-05
2022-08-31,"SHARES UNLISTED, UNREGISTERED FOR TRADING, UNLISTED FUND CERTIFICATES",,,,,,,2022-09-05
2022-08-31,BONDS,,,,,,,2022-09-05
2022-08-31,BONDS,,Listed bonds,,,458419613300,0.533421003015482,2022-09-05
2022-08-31,BONDS,,BCG122006,200000,100000,20000000000,0.0232721719376522,2022-09-05
2022-08-31,BONDS,,CII121029,1070000,99781,106765670000,0.124233451463932,2022-09-05
2022-08-31,BONDS,,KBC121020,1090000,101092,110190280000,0.128218357100902,2022-09-05
2022-08-31,BONDS,,MSN12003,800000,100527,80421600000,0.0935792651350545,2022-09-05
2022-08-31,BONDS,,MSN121015,100000,100204,10020400000,0.0116598235842025,2022-09-05
2022-08-31,BONDS,,TNG119007,15,1003360060,15050400900,0.0175127758737698,2022-09-05
2022-08-31,BONDS,,TNG122017,159200,100322,15971262400,0.018584298231708,2022-09-05
2022-08-31,BONDS,,VND122013,800000,100000,80000000000,0.0930886877506088,2022-09-05
2022-08-31,BONDS,,VND122014,200000,100000,20000000000,0.0232721719376522,2022-09-05
2022-08-31,BONDS,,Unlisted Bonds,,,71003126270,0.0826198481333135,2022-09-05
2022-08-31,BONDS,,KDH TRADING & INV JSC 12% 14/06/2025,10,1000000000,10000000000,0.0116360859688261,2022-09-05
2022-08-31,BONDS,,KDH TRADING & INV JSC 12% 23/08/2025,40,1000000000,40000000000,0.0465443438753044,2022-09-05
2022-08-31,BONDS,,PDR BOND 12 PCT 02 DEC 2023,210,100014887,21003126270,0.024439418289183,2022-09-05
2022-08-31,BONDS,,,,,529422739570,0.616040851148795,2022-09-05
2022-08-31,OTHER SECURITIES,,,,,,,2022-09-05
2022-08-31,OTHER SECURITIES,,Investment - Rights,0,,0,0,2022-09-05
2022-08-31,OTHER SECURITIES,,Index future contracts,0,,0,0,2022-09-05
2022-08-31,OTHER SECURITIES,,,,,0,0,2022-09-05
2022-08-31,OTHER SECURITIES,,,,,529422739570,0.616040851148795,2022-09-05
2022-08-31,OTHER ASSETS,,,,,,,2022-09-05
2022-08-31,OTHER ASSETS,,Dividend receivables,,,0,0,2022-09-05
2022-08-31,OTHER ASSETS,,Coupon receivables,,,11218383560,0.0130538075535425,2022-09-05
2022-08-31,OTHER ASSETS,,Interest receivables from bank deposits and certificates of deposit,,,2757992328,0.00320922358299708,2022-09-05
2022-08-31,OTHER ASSETS,,Outstanding Settlement of sales transactions,,,0,0,2022-09-05
2022-08-31,OTHER ASSETS,,Receivable from AP/Investors on securities on hold of buying,,,0,0,2022-09-05
2022-08-31,OTHER ASSETS,,Other receivables,,,12100,1.40796640222796e-08,2022-09-05
2022-08-31,OTHER ASSETS,,Other assets,,,0,0,2022-09-05
2022-08-31,OTHER ASSETS,,,,,13976387988,0.0162630452162036,2022-09-05
2022-08-31,CASH,,,,,,,2022-09-05
2022-08-31,CASH,,"Cash, Cash Equivalents",,,195220393476,0.2271601281354794,2022-09-05
2022-08-31,CASH,,Cash at Bank,,,20120393476,0.0234122628213344,2022-09-05
2022-08-31,CASH,,Cash Equivalents,,,175100000000,0.203747865314145,2022-09-05
2022-08-31,CASH,,Deposits with term over three (03) months,,,30600000000,0.0356064230646079,2022-09-05
2022-08-31,CASH,,Certificates of deposit,,,90175985908,0.104929552434914,2022-09-05
2022-08-31,CASH,,"Công cụ chuyển nhượng…
Transferable instruments…",,,0,0,2022-09-05
2022-08-31,CASH,,,,,315996379384,0.36769610363500127,2022-09-05
2022-08-31,Total value of portfolio,,,,,859395506942,1,2022-09-05
2022-09-30,REAL ESTATE INVESTMENT (NOT APPLICABLE),,,,,,,2022-10-03
2022-09-30,"SHARES LISTED, SHARES REGISTERED FOR TRADING, LISTED FUND CERTIFICATES",,,,,,,2022-10-03
2022-09-30,"SHARES UNLISTED, UNREGISTERED FOR TRADING, UNLISTED FUND CERTIFICATES",,,0,,0,0,2022-10-03
2022-09-30,"SHARES UNLISTED, UNREGISTERED FOR TRADING, UNLISTED FUND CERTIFICATES",,,,,,,2022-10-03
2022-09-30,BONDS,,,,,,,2022-10-03
2022-09-30,BONDS,,Listed bonds,,,576115043700,0.538132466087927,2022-10-03
2022-09-30,BONDS,,BCG122006,200000,99924,19984800000,0.0186672259748769,2022-10-03
2022-09-30,BONDS,,CII121029,1070000,99785,106769950000,0.099730734557079,2022-10-03
2022-09-30,BONDS,,KBC121020,1170000,101073,118255410000,0.110458971879715,2022-10-03
2022-09-30,BONDS,,MSN12003,1300000,100129,130167700000,0.121585898809595,2022-10-03
2022-09-30,BONDS,,MSN121015,100000,100199,10019900000,0.00935929994524186,2022-10-03
2022-09-30,BONDS,,TNG119007,15,1001464780,15021971700,0.0140315910247842,2022-10-03
2022-09-30,BONDS,,TNG122017,159200,100360,15977312000,0.0149239468783832,2022-10-03
2022-09-30,BONDS,,VND122013,1400000,99932,139904800000,0.130681043421499,2022-10-03
2022-09-30,BONDS,,VND122014,200000,100066,20013200000,0.0186937535967539,2022-10-03
2022-09-30,BONDS,,Unlisted Bonds,,,99082914650,0.0925504962782212,2022-10-03
2022-09-30,BONDS,,DAT XANH GROUP JSC 12% 18 Mar 2023,280,100285698,28079995440,0.026228714835875,2022-10-03
2022-09-30,BONDS,,KDH TRADING & INV JSC 12% 14/06/2025,10,1000000000,10000000000,0.00934071192850413,2022-10-03
2022-09-30,BONDS,,KDH TRADING & INV JSC 12% 23/08/2025,40,1000000000,40000000000,0.0373628477140165,2022-10-03
2022-09-30,BONDS,,PDR BOND 12 PCT 02 DEC 2023,210,100013901,21002919210,0.0196182217998256,2022-10-03
2022-09-30,BONDS,,,,,675197958350,0.630682962366148,2022-10-03
2022-09-30,OTHER SECURITIES,,,,,,,2022-10-03
2022-09-30,OTHER SECURITIES,,Investment - Rights,0,,0,0,2022-10-03
2022-09-30,OTHER SECURITIES,,Index future contracts,0,,0,0,2022-10-03
2022-09-30,OTHER SECURITIES,,,,,0,0,2022-10-03
2022-09-30,OTHER SECURITIES,,,,,675197958350,0.630682962366148,2022-10-03
2022-09-30,OTHER ASSETS,,,,,,,2022-10-03
2022-09-30,OTHER ASSETS,,Dividend receivables,,,0,0,2022-10-03
2022-09-30,OTHER ASSETS,,Coupon receivables,,,19742010958,0.018440443724805,2022-10-03
2022-09-30,OTHER ASSETS,,Interest receivables from bank deposits and certificates of deposit,,,6944326578,0.00648649541025529,2022-10-03
2022-09-30,OTHER ASSETS,,Outstanding Settlement of sales transactions,,,0,0,2022-10-03
2022-09-30,OTHER ASSETS,,Receivable from AP/Investors on securities on hold of buying,,,0,0,2022-10-03
2022-09-30,OTHER ASSETS,,Other receivables,,,110000,1.02747831213545e-07,2022-10-03
2022-09-30,OTHER ASSETS,,Other assets,,,0,0,2022-10-03
2022-09-30,OTHER ASSETS,,,,,26686447536,0.0249270418828915,2022-10-03
2022-09-30,CASH,,,,,,,2022-10-03
2022-09-30,CASH,,"Cash, Cash Equivalents",,,147951287500,0.13819703559887941,2022-10-03
2022-09-30,CASH,,Cash at Bank,,,78951287500,0.0737461232922009,2022-10-03
2022-09-30,CASH,,Cash Equivalents,,,69000000000,0.0644509123066785,2022-10-03
2022-09-30,CASH,,Deposits with term over three (03) months,,,30600000000,0.0285825785012227,2022-10-03
2022-09-30,CASH,,Certificates of deposit,,,190146514538,0.177610381650858,2022-10-03
2022-09-30,CASH,,"Công cụ chuyển nhượng…
Transferable instruments…",,,0,0,2022-10-03
2022-09-30,CASH,,,,,368697802038,0.3443899957509601,2022-10-03
2022-09-30,Total value of portfolio,,,,,1070582207924,1,2022-10-03
2022-10-31,REAL ESTATE INVESTMENT (NOT APPLICABLE),,,,,,,2022-11-01
2022-10-31,"SHARES LISTED, SHARES REGISTERED FOR TRADING, LISTED FUND CERTIFICATES",,,,,,,2022-11-01
2022-10-31,"SHARES UNLISTED, UNREGISTERED FOR TRADING, UNLISTED FUND CERTIFICATES",,,0,,0,0,2022-11-01
2022-10-31,"SHARES UNLISTED, UNREGISTERED FOR TRADING, UNLISTED FUND CERTIFICATES",,,,,,,2022-11-01
2022-10-31,BONDS,,,,,,,2022-11-01
2022-10-31,BONDS,,Listed bonds,,,480417810000,0.647696651522699,2022-11-01
2022-10-31,BONDS,,BCG122006,200000,100000,20000000000,0.0269638900990244,2022-11-01
2022-10-31,BONDS,,CII121029,1370000,99195,135897150000,0.183215790868532,2022-11-01
2022-10-31,BONDS,,KBC121020,1530000,100962,154471860000,0.208258112821594,2022-11-01
2022-10-31,BONDS,,MSN121015,100000,100194,10019400000,0.0135081000229082,2022-11-01
2022-10-31,BONDS,,VND122013,1400000,100021,140029400000,0.188786867611616,2022-11-01
2022-10-31,BONDS,,VND122014,200000,100000,20000000000,0.0269638900990244,2022-11-01
2022-10-31,BONDS,,Unlisted Bonds,,,99067863950,0.133562749794645,2022-11-01
2022-10-31,BONDS,,DAT XANH GROUP JSC 12% 18 Mar 2023,280,100232709,28065158520,0.0378372924972489,2022-11-01
2022-10-31,BONDS,,KDH TRADING & INV JSC 12% 14/06/2025,10,1000000000,10000000000,0.0134819450495122,2022-11-01
2022-10-31,BONDS,,KDH TRADING & INV JSC 12% 23/08/2025,40,1000000000,40000000000,0.0539277801980488,2022-11-01
2022-10-31,BONDS,,PDR BOND 12 PCT 02 DEC 2023,210,100012883,21002705430,0.0283157320498351,2022-11-01
2022-10-31,BONDS,,,,,579485673950,0.781259401317344,2022-11-01
2022-10-31,OTHER SECURITIES,,,,,,,2022-11-01
2022-10-31,OTHER SECURITIES,,Investment - Rights,0,,0,0,2022-11-01
2022-10-31,OTHER SECURITIES,,Index future contracts,0,,0,0,2022-11-01
2022-10-31,OTHER SECURITIES,,,,,0,0,2022-11-01
2022-10-31,OTHER SECURITIES,,,,,579485673950,0.781259401317344,2022-11-01
2022-10-31,OTHER ASSETS,,,,,,,2022-11-01
2022-10-31,OTHER ASSETS,,Dividend receivables,,,0,0,2022-11-01
2022-10-31,OTHER ASSETS,,Coupon receivables,,,18046472604,0.0243301551984655,2022-11-01
2022-10-31,OTHER ASSETS,,Interest receivables from bank deposits and certificates of deposit,,,4099417533,0.00552681219149128,2022-11-01
2022-10-31,OTHER ASSETS,,Outstanding Settlement of sales transactions,,,0,0,2022-11-01
2022-10-31,OTHER ASSETS,,Receivable from AP/Investors on securities on hold of buying,,,0,0,2022-11-01
2022-10-31,OTHER ASSETS,,Other receivables,,,0,0,2022-11-01
2022-10-31,OTHER ASSETS,,Other assets,,,0,0,2022-11-01
2022-10-31,OTHER ASSETS,,,,,22145890137,0.0298569673899568,2022-11-01
2022-10-31,CASH,,,,,,,2022-11-01
2022-10-31,CASH,,"Cash, Cash Equivalents",,,78933143840,0.10641723078361219,2022-11-01
2022-10-31,CASH,,Cash at Bank,,,8933143840,0.0120436154370268,2022-11-01
2022-10-31,CASH,,Cash Equivalents,,,70000000000,0.0943736153465854,2022-11-01
2022-10-31,CASH,,Deposits with term over three (03) months,,,21100000000,0.0284469040544707,2022-11-01
2022-10-31,CASH,,Certificates of deposit,,,40068028950,0.0540194964546164,2022-11-01
2022-10-31,CASH,,"Công cụ chuyển nhượng…
Transferable instruments…",,,0,0,2022-11-01
2022-10-31,CASH,,,,,140101172790,0.1888836312926993,2022-11-01
2022-10-31,Total value of portfolio,,,,,741732736877,1,2022-11-01
2022-11-30,REAL ESTATE INVESTMENT (NOT APPLICABLE),,,,,,,2022-12-02
2022-11-30,"SHARES LISTED, SHARES REGISTERED FOR TRADING, LISTED FUND CERTIFICATES",,,,,,,2022-12-02
2022-11-30,"SHARES UNLISTED, UNREGISTERED FOR TRADING, UNLISTED FUND CERTIFICATES",,,0,,0,0,2022-12-02
2022-11-30,"SHARES UNLISTED, UNREGISTERED FOR TRADING, UNLISTED FUND CERTIFICATES",,,,,,,2022-12-02
2022-11-30,BONDS,,,,,,,2022-12-02
2022-11-30,BONDS,,Listed bonds,,,230132370000,0.711965686618,2022-12-02
2022-11-30,BONDS,,CII121029,870000,99665,86708550000,0.268252190408508,2022-12-02
2022-11-30,BONDS,,KBC121020,530000,100764,53404920000,0.165220001586823,2022-12-02
2022-11-30,BONDS,,VND122013,900000,100021,90018900000,0.278493494622669,2022-12-02
2022-11-30,BONDS,,Unlisted Bonds,,,49053303530,0.151757307885969,2022-12-02
2022-11-30,BONDS,,DAT XANH GROUP JSC 12% 18 Mar 2023,280,100181447,28050805160,0.0867814065267183,2022-12-02
2022-11-30,BONDS,,PDR BOND 12 PCT 02 DEC 2023,210,100011897,21002498370,0.0649759013592503,2022-12-02
2022-11-30,BONDS,,,,,279185673530,0.863722994503969,2022-12-02
2022-11-30,OTHER SECURITIES,,,,,,,2022-12-02
2022-11-30,OTHER SECURITIES,,Investment - Rights,0,,0,0,2022-12-02
2022-11-30,OTHER SECURITIES,,Index future contracts,0,,0,0,2022-12-02
2022-11-30,OTHER SECURITIES,,,,,0,0,2022-12-02
2022-11-30,OTHER SECURITIES,,,,,279185673530,0.863722994503969,2022-12-02
2022-11-30,OTHER ASSETS,,,,,,,2022-12-02
2022-11-30,OTHER ASSETS,,Dividend receivables,,,0,0,2022-12-02
2022-11-30,OTHER ASSETS,,Coupon receivables,,,10179082191,0.0314912554077307,2022-12-02
2022-11-30,OTHER ASSETS,,Interest receivables from bank deposits and certificates of deposit,,,59835617,0.000185114793462635,2022-12-02
2022-11-30,OTHER ASSETS,,Outstanding Settlement of sales transactions,,,0,0,2022-12-02
2022-11-30,OTHER ASSETS,,Receivable from AP/Investors on securities on hold of buying,,,0,0,2022-12-02
2022-11-30,OTHER ASSETS,,Other receivables,,,0,0,2022-12-02
2022-11-30,OTHER ASSETS,,Other assets,,,0,0,2022-12-02
2022-11-30,OTHER ASSETS,,,,,10238917808,0.0316763702011933,2022-12-02
2022-11-30,CASH,,,,,,,2022-12-02
2022-11-30,CASH,,"Cash, Cash Equivalents",,,33810607107,0.1046006352948379,2022-12-02
2022-11-30,CASH,,Cash at Bank,,,5810607107,0.0179764058337499,2022-12-02
2022-11-30,CASH,,Cash Equivalents,,,28000000000,0.086624229461088,2022-12-02
2022-11-30,CASH,,Deposits with term over three (03) months,,,0,0,2022-12-02
2022-11-30,CASH,,Certificates of deposit,,,0,0,2022-12-02
2022-11-30,CASH,,"Công cụ chuyển nhượng…
Transferable instruments…",,,0,0,2022-12-02
2022-11-30,CASH,,,,,33810607107,0.1046006352948379,2022-12-02
2022-11-30,Total value of portfolio,,,,,323235198445,1,2022-12-02
2022-12-31,REAL ESTATE INVESTMENT (NOT APPLICABLE),,,,,,,2023-01-04
2022-12-31,"SHARES LISTED, SHARES REGISTERED FOR TRADING, LISTED FUND CERTIFICATES",,,,,,,2023-01-04
2022-12-31,"SHARES UNLISTED, UNREGISTERED FOR TRADING, UNLISTED FUND CERTIFICATES",,,,,,,2023-01-04
2022-12-31,"SHARES UNLISTED, UNREGISTERED FOR TRADING, UNLISTED FUND CERTIFICATES",,,,,0,0,2023-01-04
2022-12-31,BONDS,,,,,,,2023-01-04
2022-12-31,BONDS,,Listed bonds,,,214085100000,0.72730542847671,2023-01-04
2022-12-31,BONDS,,CII121029,870000,99671,86713770000,0.294590308455287,2023-01-04
2022-12-31,BONDS,,KBC121020,530000,100645,53341850000,0.181216801496183,2023-01-04
2022-12-31,BONDS,,MML121021,170000,100103,17017510000,0.0578131191855795,2023-01-04
2022-12-31,BONDS,,VND122013,570000,100021,57011970000,0.193685199339661,2023-01-04
2022-12-31,BONDS,,Unlisted Bonds,,,38537105320,0.130921049138939,2023-01-04
2022-12-31,BONDS,,DAT XANH GROUP JSC 12% 18 Mar 2023,280,100128469,28035971320,0.095245835107877,2023-01-04
2022-12-31,BONDS,,PDR BOND 12 PCT 02 DEC 2023,105,100010800,10501134000,0.0356752140310622,2023-01-04
2022-12-31,BONDS,,,,,252622205320,0.858226477615649,2023-01-04
2022-12-31,OTHER SECURITIES,,,,,,,2023-01-04
2022-12-31,OTHER SECURITIES,,Investment - Rights,,,0,0,2023-01-04
2022-12-31,OTHER SECURITIES,,Index future contracts,,,0,0,2023-01-04
2022-12-31,OTHER SECURITIES,,,,,0,0,2023-01-04
2022-12-31,OTHER SECURITIES,,,,,252622205320,0.858226477615649,2023-01-04
2022-12-31,OTHER ASSETS,,,,,,,2023-01-04
2022-12-31,OTHER ASSETS,,Dividend receivables,,,0,0,2023-01-04
2022-12-31,OTHER ASSETS,,Coupon receivables,,,7233950684,0.0245757019138932,2023-01-04
2022-12-31,OTHER ASSETS,,Interest receivables from bank deposits and certificates of deposit,,,61873973,0.000210202748553362,2023-01-04
2022-12-31,OTHER ASSETS,,Outstanding Settlement of sales transactions,,,0,0,2023-01-04
2022-12-31,OTHER ASSETS,,Receivable from AP/Investors on securities on hold of buying,,,0,0,2023-01-04
2022-12-31,OTHER ASSETS,,Other receivables,,,12100,4.11069975657726e-08,2023-01-04
2022-12-31,OTHER ASSETS,,Other assets,,,0,0,2023-01-04
2022-12-31,OTHER ASSETS,,,,,7295836757,0.0247859457694441,2023-01-04
2022-12-31,CASH,,,,,,,2023-01-04
2022-12-31,CASH,,"Cash, Cash Equivalent",,,34435735054,0.116987576614907,2023-01-04
2022-12-31,CASH,,Cash at Bank,,,135735054,0.000461128969782481,2023-01-04
2022-12-31,CASH,,Cash Equivalents,,,34300000000,0.116526447645124,2023-01-04
2022-12-31,CASH,,Deposits with term over three (03) months,,,0,0,2023-01-04
2022-12-31,CASH,,Certificates of deposit,,,0,0,2023-01-04
2022-12-31,CASH,,,,,34435735054,0.116987576614907,2023-01-04
2022-12-31,Total value of portfolio,,,,,294353777131,1,2023-01-04
2023-01-31,REAL ESTATE INVESTMENT (NOT APPLICABLE),,,,,,,2023-02-01
2023-01-31,REAL ESTATE INVESTMENT (NOT APPLICABLE),2264,,,,,,2023-02-01
2023-01-31,"SHARES LISTED, SHARES REGISTERED FOR TRADING, LISTED FUND CERTIFICATES",2246,,,,,,2023-02-01
2023-01-31,"SHARES LISTED, SHARES REGISTERED FOR TRADING, LISTED FUND CERTIFICATES",2247,,,,,,2023-02-01
2023-01-31,"SHARES UNLISTED, UNREGISTERED FOR TRADING, UNLISTED FUND CERTIFICATES",2248,,,,,,2023-02-01
2023-01-31,"SHARES UNLISTED, UNREGISTERED FOR TRADING, UNLISTED FUND CERTIFICATES",2249,,,,0,0,2023-02-01
2023-01-31,BONDS,2251,,,,,,2023-02-01
2023-01-31,BONDS,2251.1,Listed bonds,,,173149849030,0.592940276538464,2023-02-01
2023-01-31,BONDS,2251.1.1,CII121029,510000,99711.924,50853081240,0.174143034037843,2023-02-01
2023-01-31,BONDS,2251.1.2,KBC121020,530000,100546.199,53289485470,0.182486340174052,2023-02-01
2023-01-31,BONDS,2251.1.3,MML121021,170000,99999.668,16999943560,0.0582151892830021,2023-02-01
2023-01-31,BONDS,2251.1.4,VND122013,520000,100014.113,52007338760,0.178095713043568,2023-02-01
2023-01-31,BONDS,2251.2,Unlisted Bonds,,,21212686220,0.0726414496106851,2023-02-01
2023-01-31,BONDS,2251.2.1,DAT XANH GROUP JSC 12% 18 Mar 2023,160,100076073,16012171680,0.0548326294080429,2023-02-01
2023-01-31,BONDS,2251.2.2,PDR BOND 12 PCT 02 DEC 2023,52,100009895,5200514540,0.0178088202026422,2023-02-01
2023-01-31,BONDS,2252,,,,194362535250,0.665581726149149,2023-02-01
2023-01-31,OTHER SECURITIES,2253,,,,,,2023-02-01
2023-01-31,OTHER SECURITIES,2253.1,Investment - Rights,,,0,0,2023-02-01
2023-01-31,OTHER SECURITIES,2253.2,Index future contracts,,,0,0,2023-02-01
2023-01-31,OTHER SECURITIES,2254,,,,0,0,2023-02-01
2023-01-31,OTHER SECURITIES,2255,,,,194362535250,0.665581726149149,2023-02-01
2023-01-31,OTHER ASSETS,2256,,,,,,2023-02-01
2023-01-31,OTHER ASSETS,2256.1,Dividend receivables,,,0,0,2023-02-01
2023-01-31,OTHER ASSETS,2256.2,Coupon receivables,,,6147627397,0.0210521459259318,2023-02-01
2023-01-31,OTHER ASSETS,2256.3,Interest receivables from bank deposits and certificates of deposit,,,227736985,0.000779870335552761,2023-02-01
2023-01-31,OTHER ASSETS,2256.4,Outstanding Settlement of sales transactions,,,0,0,2023-02-01
2023-01-31,OTHER ASSETS,2256.5,Receivable from AP/Investors on securities on hold of buying,,,0,0,2023-02-01
2023-01-31,OTHER ASSETS,2256.6,Other receivables,,,267850,9.17234718716449e-07,2023-02-01
2023-01-31,OTHER ASSETS,2256.7,Other assets,,,0,0,2023-02-01
2023-01-31,OTHER ASSETS,2257,,,,6375632232,0.0218329334962033,2023-02-01
2023-01-31,CASH,2258,,,,,,2023-02-01
2023-01-31,CASH,2259,"Cash, Cash Equivalent",,,91280870322,0.312585340354647,2023-02-01
2023-01-31,CASH,2259.1,Cash at Bank,,,1480870322,0.0050711430773015,2023-02-01
2023-01-31,CASH,2259.2,Cash Equivalents,,,89800000000,0.307514197277346,2023-02-01
2023-01-31,CASH,2260,Deposits with term over three (03) months,,,0,0,2023-02-01
2023-01-31,CASH,2261.1,Certificates of deposit,,,0,0,2023-02-01
2023-01-31,CASH,2262,,,,91280870322,0.312585340354647,2023-02-01
2023-01-31,Total value of portfolio,2263,,,,292019037804,1,2023-02-01
2023-02-28,REAL ESTATE INVESTMENT (NOT APPLICABLE),,,,,,,2023-03-02
2023-02-28,REAL ESTATE INVESTMENT (NOT APPLICABLE),2264,,,,,,2023-03-02
2023-02-28,"SHARES LISTED, SHARES REGISTERED FOR TRADING, LISTED FUND CERTIFICATES",2246,,,,,,2023-03-02
2023-02-28,"SHARES LISTED, SHARES REGISTERED FOR TRADING, LISTED FUND CERTIFICATES",2247,,,,,,2023-03-02
2023-02-28,"SHARES UNLISTED, UNREGISTERED FOR TRADING, UNLISTED FUND CERTIFICATES",2248,,,,,,2023-03-02
2023-02-28,"SHARES UNLISTED, UNREGISTERED FOR TRADING, UNLISTED FUND CERTIFICATES",2249,,,,0,0,2023-03-02
2023-02-28,BONDS,2251,,,,,,2023-03-02
2023-02-28,BONDS,2251.1,Listed bonds,,,173099204460,0.591568228123757,2023-03-02
2023-02-28,BONDS,2251.1.1,CII121029,510000,99724.768,50859631680,0.173813289840492,2023-03-02
2023-02-28,BONDS,2251.1.2,KBC121020,530000,100439.251,53232803030,0.181923626193181,2023-03-02
2023-02-28,BONDS,2251.1.3,MML121021,170000,99999.675,16999944750,0.0580974778326215,2023-03-02
2023-02-28,BONDS,2251.1.4,VND122013,520000,100013.125,52006825000,0.177733834257463,2023-03-02
2023-02-28,BONDS,2251.2,Unlisted Bonds,,,27206408268,0.0929781669587709,2023-03-02
2023-02-28,BONDS,2251.2.1,DAT XANH GROUP JSC 12% 18 Mar 2023,220,100027005,22005941100,0.0752055194322455,2023-03-02
2023-02-28,BONDS,2251.2.2,PDR BOND 12 PCT 02 DEC 2023,52,100008984,5200467168,0.0177726475265254,2023-03-02
2023-02-28,BONDS,2252,,,,200305612728,0.684546395082528,2023-03-02
2023-02-28,OTHER SECURITIES,2253,,,,,,2023-03-02
2023-02-28,OTHER SECURITIES,2253.1,Investment - Rights,,,0,0,2023-03-02
2023-02-28,OTHER SECURITIES,2253.2,Index future contracts,,,0,0,2023-03-02
2023-02-28,OTHER SECURITIES,2254,,,,0,0,2023-03-02
2023-02-28,OTHER SECURITIES,2255,,,,200305612728,0.684546395082528,2023-03-02
2023-02-28,OTHER ASSETS,2256,,,,,,2023-03-02
2023-02-28,OTHER ASSETS,2256.1,Dividend receivables,,,0,0,2023-03-02
2023-02-28,OTHER ASSETS,2256.2,Coupon receivables,,,7116432877,0.0243204791191363,2023-03-02
2023-02-28,OTHER ASSETS,2256.3,Interest receivables from bank deposits and certificates of deposit,,,83046571,0.000283812470493337,2023-03-02
2023-02-28,OTHER ASSETS,2256.4,Outstanding Settlement of sales transactions,,,0,0,2023-03-02
2023-02-28,OTHER ASSETS,2256.5,Receivable from AP/Investors on securities on hold of buying,,,0,0,2023-03-02
2023-02-28,OTHER ASSETS,2256.6,Other receivables,,,0,0,2023-03-02
2023-02-28,OTHER ASSETS,2256.7,Other assets,,,0,0,2023-03-02
2023-02-28,OTHER ASSETS,2257,,,,7199479448,0.0246042915896297,2023-03-02
2023-02-28,CASH,2258,,,,,,2023-03-02
2023-02-28,CASH,2259,"Cash, Cash Equivalent",,,56105626640,0.191741529042483,2023-03-02
2023-02-28,CASH,2259.1,Cash at Bank,,,3205626640,0.0109552604667766,2023-03-02
2023-02-28,CASH,2259.2,Cash Equivalents,,,52900000000,0.180786268575707,2023-03-02
2023-02-28,CASH,2260,Deposits with term over three (03) months,,,29000000000,0.0991077842853591,2023-03-02
2023-02-28,CASH,2261.1,Certificates of deposit,,,0,0,2023-03-02
2023-02-28,CASH,2262,,,,85105626640,0.290849313327842,2023-03-02
2023-02-28,Total value of portfolio,2263,,,,292610718816,1,2023-03-02
2023-03-31,REAL ESTATE INVESTMENT (NOT APPLICABLE),,,,,,,2023-04-04
2023-03-31,REAL ESTATE INVESTMENT (NOT APPLICABLE),2264,,,,,,2023-04-04
2023-03-31,"SHARES LISTED, SHARES REGISTERED FOR TRADING, LISTED FUND CERTIFICATES",2246,,,,,,2023-04-04
2023-03-31,"SHARES LISTED, SHARES REGISTERED FOR TRADING, LISTED FUND CERTIFICATES",2247,,,,,,2023-04-04
2023-03-31,"SHARES UNLISTED, UNREGISTERED FOR TRADING, UNLISTED FUND CERTIFICATES",2248,,,,,,2023-04-04
2023-03-31,"SHARES UNLISTED, UNREGISTERED FOR TRADING, UNLISTED FUND CERTIFICATES",2249,,,,0,0,2023-04-04
2023-03-31,BONDS,2251,,,,,,2023-04-04
2023-03-31,BONDS,2251.1,Listed bonds,,,216239087830,0.734010512977156,2023-04-04
2023-03-31,BONDS,2251.1.1,CII121029,510000,99385,50686350000,0.172051751317451,2023-04-04
2023-03-31,BONDS,2251.1.2,CTG121030,260000,89811.876,23351087760,0.0792638559350891,2023-04-04
2023-03-31,BONDS,2251.1.3,KBC121020,530000,100320.844,53170047320,0.180482511742072,2023-04-04
2023-03-31,BONDS,2251.1.4,MML121021,170000,99999.683,16999946110,0.0577052895015679,2023-04-04
2023-03-31,BONDS,2251.1.5,MSN121013,200000,100127,20025400000,0.0679750098563516,2023-04-04
2023-03-31,BONDS,2251.1.6,VND122013,520000,100012.032,52006256640,0.176532094624624,2023-04-04
2023-03-31,BONDS,2251.2,Unlisted Bonds,,,26298713020,0.0892693917097218,2023-04-04
2023-03-31,BONDS,2251.2.1,KDH TRADING & INV JSC 12% 23/08/2025,22,959013560,21098298320,0.0716168983518056,2023-04-04
2023-03-31,BONDS,2251.2.2,PDR BOND 12 PCT 02 DEC 2023,52,100007975,5200414700,0.0176524933579162,2023-04-04
2023-03-31,BONDS,2252,,,,242537800850,0.823279904686878,2023-04-04
2023-03-31,OTHER SECURITIES,2253,,,,,,2023-04-04
2023-03-31,OTHER SECURITIES,2253.1,Investment - Rights,,,0,0,2023-04-04
2023-03-31,OTHER SECURITIES,2253.2,Index future contracts,,,0,0,2023-04-04
2023-03-31,OTHER SECURITIES,2254,,,,0,0,2023-04-04
2023-03-31,OTHER SECURITIES,2255,,,,242537800850,0.823279904686878,2023-04-04
2023-03-31,OTHER ASSETS,2256,,,,,,2023-04-04
2023-03-31,OTHER ASSETS,2256.1,Dividend receivables,,,0,0,2023-04-04
2023-03-31,OTHER ASSETS,2256.2,Coupon receivables,,,4603254795,0.0156254701559731,2023-04-04
2023-03-31,OTHER ASSETS,2256.3,Interest receivables from bank deposits and certificates of deposit,,,6575342,2.23196009697126e-05,2023-04-04
2023-03-31,OTHER ASSETS,2256.4,Outstanding Settlement of sales transactions,,,0,0,2023-04-04
2023-03-31,OTHER ASSETS,2256.5,Receivable from AP/Investors on securities on hold of buying,,,0,0,2023-04-04
2023-03-31,OTHER ASSETS,2256.6,Other receivables,,,0,0,2023-04-04
2023-03-31,OTHER ASSETS,2256.7,Other assets,,,0,0,2023-04-04
2023-03-31,OTHER ASSETS,2257,,,,4609830137,0.0156477897569428,2023-04-04
2023-03-31,CASH,2258,,,,,,2023-04-04
2023-03-31,CASH,2259,"Cash, Cash Equivalent",,,18451811401,0.0626335584732648,2023-04-04
2023-03-31,CASH,2259.1,Cash at Bank,,,8451811401,0.0286891629274322,2023-04-04
2023-03-31,CASH,2259.2,Cash Equivalents,,,10000000000,0.0339443955458326,2023-04-04
2023-03-31,CASH,2260,Deposits with term over three (03) months,,,29000000000,0.0984387470829146,2023-04-04
2023-03-31,CASH,2261.1,Certificates of deposit,,,0,0,2023-04-04
2023-03-31,CASH,2262,,,,47451811401,0.161072305556179,2023-04-04
2023-03-31,Total value of portfolio,2263,,,,294599442388,1,2023-04-04
2023-04-30,REAL ESTATE INVESTMENT (NOT APPLICABLE),,,,,,,2023-05-05
2023-04-30,REAL ESTATE INVESTMENT (NOT APPLICABLE),2264,,,,,,2023-05-05
2023-04-30,"SHARES LISTED, SHARES REGISTERED FOR TRADING, LISTED FUND CERTIFICATES",2246,,,,,,2023-05-05
2023-04-30,"SHARES LISTED, SHARES REGISTERED FOR TRADING, LISTED FUND CERTIFICATES",2247,,,,,,2023-05-05
2023-04-30,"SHARES UNLISTED, UNREGISTERED FOR TRADING, UNLISTED FUND CERTIFICATES",2248,,,,,,2023-05-05
2023-04-30,"SHARES UNLISTED, UNREGISTERED FOR TRADING, UNLISTED FUND CERTIFICATES",2249,,,,0,0,2023-05-05
2023-04-30,BONDS,2251,,,,,,2023-05-05
2023-04-30,BONDS,2251.1,Listed bonds,,,208548046298,0.703120617309867,2023-05-05
2023-04-30,BONDS,2251.1.1,BAF122029,100000,96071.59,9607159000,0.0323905770712503,2023-05-05
2023-04-30,BONDS,2251.1.2,CII121029,570500,99715.015,56887416058,0.191796163070782,2023-05-05
2023-04-30,BONDS,2251.1.3,KBC121020,530000,100206.257,53109316210,0.179058283505187,2023-05-05
2023-04-30,BONDS,2251.1.4,MML121021,170000,99999.691,16999947470,0.0573153945650573,2023-05-05
2023-04-30,BONDS,2251.1.5,MSN121013,200000,99692.508,19938501600,0.0672227422029809,2023-05-05
2023-04-30,BONDS,2251.1.6,VND122013,520000,100010.973,52005705960,0.17533745689461,2023-05-05
2023-04-30,BONDS,2251.2,Unlisted Bonds,,,26329577716,0.0887702822721652,2023-05-05
2023-04-30,BONDS,2251.2.1,KDH TRADING & INV JSC 12% 23/08/2025,22,960418810,21129213820,0.0712372334726257,2023-05-05
2023-04-30,BONDS,2251.2.2,PDR BOND 12 PCT 02 DEC 2023,52,100006998,5200363896,0.0175330487995395,2023-05-05
2023-04-30,BONDS,2252,,,,234877624014,0.791890899582033,2023-05-05
2023-04-30,OTHER SECURITIES,2253,,,,,,2023-05-05
2023-04-30,OTHER SECURITIES,2253.1,Investment - Rights,,,0,0,2023-05-05
2023-04-30,OTHER SECURITIES,2253.2,Index future contracts,,,0,0,2023-05-05
2023-04-30,OTHER SECURITIES,2254,,,,0,0,2023-05-05
2023-04-30,OTHER SECURITIES,2255,,,,234877624014,0.791890899582033,2023-05-05
2023-04-30,OTHER ASSETS,2256,,,,,,2023-05-05
2023-04-30,OTHER ASSETS,2256.1,Dividend receivables,,,0,0,2023-05-05
2023-04-30,OTHER ASSETS,2256.2,Coupon receivables,,,4731187671,0.0159512191789555,2023-05-05
2023-04-30,OTHER ASSETS,2256.3,Interest receivables from bank deposits and certificates of deposit,,,50630136,0.000170699716975215,2023-05-05
2023-04-30,OTHER ASSETS,2256.4,Outstanding Settlement of sales transactions,,,0,0,2023-05-05
2023-04-30,OTHER ASSETS,2256.5,Receivable from AP/Investors on securities on hold of buying,,,0,0,2023-05-05
2023-04-30,OTHER ASSETS,2256.6,Other receivables,,,0,0,2023-05-05
2023-04-30,OTHER ASSETS,2256.7,Other assets,,,0,0,2023-05-05
2023-04-30,OTHER ASSETS,2257,,,,4781817807,0.0161219188959307,2023-05-05
2023-04-30,CASH,2258,,,,,,2023-05-05
2023-04-30,CASH,2259,"Cash, Cash Equivalent",,,27944072802,0.0942135592611521,2023-05-05
2023-04-30,CASH,2259.1,Cash at Bank,,,3944072802,0.0132974580797302,2023-05-05
2023-04-30,CASH,2259.2,Cash Equivalents,,,24000000000,0.0809161011814218,2023-05-05
2023-04-30,CASH,2260,Deposits with term over three (03) months,,,29000000000,0.0977736222608847,2023-05-05
2023-04-30,CASH,2261.1,Certificates of deposit,,,0,0,2023-05-05
2023-04-30,CASH,2262,,,,56944072802,0.191987181522037,2023-05-05
2023-04-30,Total value of portfolio,2263,,,,296603514623,1,2023-05-05
2023-05-31,REAL ESTATE INVESTMENT (NOT APPLICABLE),,,,,,,2023-06-02
2023-05-31,REAL ESTATE INVESTMENT (NOT APPLICABLE),2264,,,,,,2023-06-02
2023-05-31,"SHARES LISTED, SHARES REGISTERED FOR TRADING, LISTED FUND CERTIFICATES",2246,,,,,,2023-06-02
2023-05-31,"SHARES LISTED, SHARES REGISTERED FOR TRADING, LISTED FUND CERTIFICATES",2247,,,,,,2023-06-02
2023-05-31,"SHARES UNLISTED, UNREGISTERED FOR TRADING, UNLISTED FUND CERTIFICATES",2248,,,,,,2023-06-02
2023-05-31,"SHARES UNLISTED, UNREGISTERED FOR TRADING, UNLISTED FUND CERTIFICATES",2249,,,,0,0,2023-06-02
2023-05-31,BONDS,2251,,,,,,2023-06-02
2023-05-31,BONDS,2251.1,Listed bonds,,,171335271883,0.592772464824338,2023-06-02
2023-05-31,BONDS,2251.1.1,BAF122029,150000,96206.788,14431018200,0.0499273158079229,2023-06-02
2023-05-31,BONDS,2251.1.2,CII121029,570500,99731.405,56896766553,0.196847013341117,2023-06-02
2023-05-31,BONDS,2251.1.3,KBC121020,530000,100087.85,53046560500,0.183526369511999,2023-06-02
2023-05-31,BONDS,2251.1.4,MML121021,170000,99999.699,16999948830,0.0588151024543743,2023-06-02
2023-05-31,BONDS,2251.1.5,MSN121013,200000,99729.889,19945977800,0.0690075446456314,2023-06-02
2023-05-31,BONDS,2251.1.6,VND122013,100000,100150,10015000000,0.034649119063293,2023-06-02
2023-05-31,BONDS,2251.2,Unlisted Bonds,,,26361471228,0.0912033704705486,2023-06-02
2023-05-31,BONDS,2251.2.1,KDH TRADING & INV JSC 12% 23/08/2025,22,961870900,21161159800,0.0732117369373509,2023-06-02
2023-05-31,BONDS,2251.2.2,PDR BOND 12 PCT 02 DEC 2023,52,100005989,5200311428,0.0179916335331977,2023-06-02
2023-05-31,BONDS,2252,,,,197696743111,0.683975835294886,2023-06-02
2023-05-31,OTHER SECURITIES,2253,,,,,,2023-06-02
2023-05-31,OTHER SECURITIES,2253.1,Investment - Rights,,,0,0,2023-06-02
2023-05-31,OTHER SECURITIES,2253.2,Index future contracts,,,0,0,2023-06-02
2023-05-31,OTHER SECURITIES,2254,,,,0,0,2023-06-02
2023-05-31,OTHER SECURITIES,2255,,,,197696743111,0.683975835294886,2023-06-02
2023-05-31,OTHER ASSETS,2256,,,,,,2023-06-02
2023-05-31,OTHER ASSETS,2256.1,Dividend receivables,,,0,0,2023-06-02
2023-05-31,OTHER ASSETS,2256.2,Coupon receivables,,,5990451369,0.0207252983252469,2023-06-02
2023-05-31,OTHER ASSETS,2256.3,Interest receivables from bank deposits and certificates of deposit,,,50993150,0.000176422139367185,2023-06-02
2023-05-31,OTHER ASSETS,2256.4,Outstanding Settlement of sales transactions,,,0,0,2023-06-02
2023-05-31,OTHER ASSETS,2256.5,Receivable from AP/Investors on securities on hold of buying,,,0,0,2023-06-02
2023-05-31,OTHER ASSETS,2256.6,Other receivables,,,0,0,2023-06-02
2023-05-31,OTHER ASSETS,2256.7,Other assets,,,0,0,2023-06-02
2023-05-31,OTHER ASSETS,2257,,,,6041444519,0.0209017204646141,2023-06-02
2023-05-31,CASH,2258,,,,,,2023-06-02
2023-05-31,CASH,2259,"Cash, Cash Equivalent",,,56302349929,0.194790496877994,2023-06-02
2023-05-31,CASH,2259.1,Cash at Bank,,,1802349929,0.00623563028293946,2023-06-02
2023-05-31,CASH,2259.2,Cash Equivalents,,,54500000000,0.188554866595054,2023-06-02
2023-05-31,CASH,2260,Deposits with term over three (03) months,,,29000000000,0.100331947362506,2023-06-02
2023-05-31,CASH,2261.1,Certificates of deposit,,,0,0,2023-06-02
2023-05-31,CASH,2262,,,,85302349929,0.2951224442405,2023-06-02
2023-05-31,Total value of portfolio,2263,,,,289040537559,1,2023-06-02
2023-06-30,REAL ESTATE INVESTMENT (NOT APPLICABLE),,,,,,,2023-07-04
2023-06-30,REAL ESTATE INVESTMENT (NOT APPLICABLE),2264,,,,,,2023-07-04
2023-06-30,"SHARES LISTED, SHARES REGISTERED FOR TRADING, LISTED FUND CERTIFICATES",2246,,,,,,2023-07-04
2023-06-30,"SHARES LISTED, SHARES REGISTERED FOR TRADING, LISTED FUND CERTIFICATES",2247,,,,,,2023-07-04
2023-06-30,"SHARES UNLISTED, UNREGISTERED FOR TRADING, UNLISTED FUND CERTIFICATES",2248,,,,,,2023-07-04
2023-06-30,"SHARES UNLISTED, UNREGISTERED FOR TRADING, UNLISTED FUND CERTIFICATES",2249,,,,0,0,2023-07-04
2023-06-30,BONDS,2251,,,,,,2023-07-04
2023-06-30,BONDS,2251.1,Listed bonds,,,170389813624,0.588142308816608,2023-07-04
2023-06-30,BONDS,2251.1.1,BAF122029,150000,96346.587,14451988050,0.0498845878044895,2023-07-04
2023-06-30,BONDS,2251.1.2,BID121028,172000,87040,14970880000,0.0516756708687201,2023-07-04
2023-06-30,BONDS,2251.1.3,CII121029,570500,99747.267,56905815824,0.196424405849023,2023-07-04
2023-06-30,BONDS,2251.1.4,MML121021,170000,100202,17034340000,0.0587982100788914,2023-07-04
2023-06-30,BONDS,2251.1.5,MSN121013,150000,99766.065,14964909750,0.0516550630838735,2023-07-04
2023-06-30,BONDS,2251.1.6,VND122013,520000,100119,52061880000,0.17970437113161,2023-07-04
2023-06-30,BONDS,2251.2,Unlisted Bonds,,,26392335976,0.091099632576873,2023-07-04
2023-06-30,BONDS,2251.2.1,KDH TRADING & INV JSC 12% 23/08/2025,22,963276150,21192075300,0.0731496550789221,2023-07-04
2023-06-30,BONDS,2251.2.2,PDR BOND 12 PCT 02 DEC 2023,52,100005013,5200260676,0.017949977497951,2023-07-04
2023-06-30,BONDS,2252,,,,196782149600,0.679241941393481,2023-07-04
2023-06-30,OTHER SECURITIES,2253,,,,,,2023-07-04
2023-06-30,OTHER SECURITIES,2253.1,Investment - Rights,,,0,0,2023-07-04
2023-06-30,OTHER SECURITIES,2253.2,Index future contracts,,,0,0,2023-07-04
2023-06-30,OTHER SECURITIES,2254,,,,0,0,2023-07-04
2023-06-30,OTHER SECURITIES,2255,,,,196782149600,0.679241941393481,2023-07-04
2023-06-30,OTHER ASSETS,2256,,,,,,2023-07-04
2023-06-30,OTHER ASSETS,2256.1,Dividend receivables,,,0,0,2023-07-04
2023-06-30,OTHER ASSETS,2256.2,Coupon receivables,,,6522315753,0.02251337544312,2023-07-04
2023-06-30,OTHER ASSETS,2256.3,Interest receivables from bank deposits and certificates of deposit,,,4730000000,0.0163267572252965,2023-07-04
2023-06-30,OTHER ASSETS,2256.4,Outstanding Settlement of sales transactions,,,0,0,2023-07-04
2023-06-30,OTHER ASSETS,2256.5,Receivable from AP/Investors on securities on hold of buying,,,0,0,2023-07-04
2023-06-30,OTHER ASSETS,2256.6,Other receivables,,,0,0,2023-07-04
2023-06-30,OTHER ASSETS,2256.7,Other assets,,,0,0,2023-07-04
2023-06-30,OTHER ASSETS,2257,,,,11252315753,0.0388401326684165,2023-07-04
2023-06-30,CASH,2258,,,,,,2023-07-04
2023-06-30,CASH,2259,"Cash, Cash Equivalent",,,3042565739,0.0105021632479192,2023-07-04
2023-06-30,CASH,2259.1,Cash at Bank,,,3042565739,0.0105021632479192,2023-07-04
2023-06-30,CASH,2259.2,Cash Equivalents,,,0,0,2023-07-04
2023-06-30,CASH,2260,Deposits with term over three (03) months,,,29000000000,0.100100625694207,2023-07-04
2023-06-30,CASH,2261.1,Certificates of deposit,,,49631447740,0.171315136995976,2023-07-04
2023-06-30,CASH,2262,,,,81674013479,0.281917925938102,2023-07-04
2023-06-30,Total value of portfolio,2263,,,,289708478832,1,2023-07-04
2023-07-31,REAL ESTATE INVESTMENT (NOT APPLICABLE),,,,,,,2023-08-02
2023-07-31,REAL ESTATE INVESTMENT (NOT APPLICABLE),2264,,,,,,2023-08-02
2023-07-31,"SHARES LISTED, SHARES REGISTERED FOR TRADING, LISTED FUND CERTIFICATES",2246,,,,,,2023-08-02
2023-07-31,"SHARES LISTED, SHARES REGISTERED FOR TRADING, LISTED FUND CERTIFICATES",2247,,,,,,2023-08-02
2023-07-31,"SHARES UNLISTED, UNREGISTERED FOR TRADING, UNLISTED FUND CERTIFICATES",2248,,,,,,2023-08-02
2023-07-31,"SHARES UNLISTED, UNREGISTERED FOR TRADING, UNLISTED FUND CERTIFICATES",2249,,,,0,0,2023-08-02
2023-07-31,BONDS,2251,,,,,,2023-08-02
2023-07-31,BONDS,2251.1,Listed bonds,,,169728770020,0.522654748745737,2023-08-02
2023-07-31,BONDS,2251.1.1,BAF122029,120000,96491.046,11578925520,0.0356555957348191,2023-08-02
2023-07-31,BONDS,2251.1.2,CII121029,570500,99286,56642663000,0.174422738084215,2023-08-02
2023-07-31,BONDS,2251.1.3,MML121021,170000,99909.712,16984651040,0.0523017312904535,2023-08-02
2023-07-31,BONDS,2251.1.4,MSN121013,150000,99803.446,14970516900,0.046099501858414,2023-08-02
2023-07-31,BONDS,2251.1.5,TD2338134,160000,109365,17498400000,0.0538837455451703,2023-08-02
2023-07-31,BONDS,2251.1.6,VND122013,520000,100103.103,52053613560,0.160291436232665,2023-08-02
2023-07-31,BONDS,2251.2,Unlisted Bonds,,,26424229488,0.0813695228111471,2023-08-02
2023-07-31,BONDS,2251.2.1,KDH TRADING & INV JSC 12% 23/08/2025,22,964728240,21224021280,0.0653562475481643,2023-08-02
2023-07-31,BONDS,2251.2.2,PDR BOND 12 PCT 02 DEC 2023,52,100004004,5200208208,0.0160132752629828,2023-08-02
2023-07-31,BONDS,2252,,,,196152999508,0.604024271556884,2023-08-02
2023-07-31,OTHER SECURITIES,2253,,,,,,2023-08-02
2023-07-31,OTHER SECURITIES,2253.1,Investment - Rights,,,0,0,2023-08-02
2023-07-31,OTHER SECURITIES,2253.2,Index future contracts,,,0,0,2023-08-02
2023-07-31,OTHER SECURITIES,2254,,,,0,0,2023-08-02
2023-07-31,OTHER SECURITIES,2255,,,,196152999508,0.604024271556884,2023-08-02
2023-07-31,OTHER ASSETS,2256,,,,,,2023-08-02
2023-07-31,OTHER ASSETS,2256.1,Dividend receivables,,,0,0,2023-08-02
2023-07-31,OTHER ASSETS,2256.2,Coupon receivables,,,5120348375,0.0157673586694284,2023-08-02
2023-07-31,OTHER ASSETS,2256.3,Interest receivables from bank deposits and certificates of deposit,,,2296012055,0.00707023095484521,2023-08-02
2023-07-31,OTHER ASSETS,2256.4,Outstanding Settlement of sales transactions,,,0,0,2023-08-02
2023-07-31,OTHER ASSETS,2256.5,Receivable from AP/Investors on securities on hold of buying,,,0,0,2023-08-02
2023-07-31,OTHER ASSETS,2256.6,Other receivables,,,0,0,2023-08-02
2023-07-31,OTHER ASSETS,2256.7,Other assets,,,0,0,2023-08-02
2023-07-31,OTHER ASSETS,2257,,,,7416360430,0.0228375896242736,2023-08-02
2023-07-31,CASH,2258,,,,,,2023-08-02
2023-07-31,CASH,2259,"Cash, Cash Equivalent",,,37646203004,0.115925937423385,2023-08-02
2023-07-31,CASH,2259.1,Cash at Bank,,,5446203004,0.0167707800058793,2023-08-02
2023-07-31,CASH,2259.2,Cash Equivalents,,,32200000000,0.0991551574175057,2023-08-02
2023-07-31,CASH,2260,Deposits with term over three (03) months,,,34100000000,0.105005927575682,2023-08-02
2023-07-31,CASH,2261.1,Certificates of deposit,,,49428009038,0.152206273819776,2023-08-02
2023-07-31,CASH,2262,,,,121174212042,0.373138138818842,2023-08-02
2023-07-31,Total value of portfolio,2263,,,,324743571980,1,2023-08-02
2023-08-31,REAL ESTATE INVESTMENT (NOT APPLICABLE),,,,,,,2023-09-05
2023-08-31,REAL ESTATE INVESTMENT (NOT APPLICABLE),2264,,,,,,2023-09-05
2023-08-31,"SHARES LISTED, SHARES REGISTERED FOR TRADING, LISTED FUND CERTIFICATES",2246,,,,,,2023-09-05
2023-08-31,"SHARES LISTED, SHARES REGISTERED FOR TRADING, LISTED FUND CERTIFICATES",2247,,,,,,2023-09-05
2023-08-31,"SHARES UNLISTED, UNREGISTERED FOR TRADING, UNLISTED FUND CERTIFICATES",2248,,,,,,2023-09-05
2023-08-31,"SHARES UNLISTED, UNREGISTERED FOR TRADING, UNLISTED FUND CERTIFICATES",2249,,,,0,0,2023-09-05
2023-08-31,BONDS,2251,,,,,,2023-09-05
2023-08-31,BONDS,2251.1,Listed bonds,,,207343218679,0.483012323089103,2023-09-05
2023-08-31,BONDS,2251.1.1,BAF122029,276091,98044.125998,27069100791,0.0630582921413779,2023-09-05
2023-08-31,BONDS,2251.1.2,CII121029,570500,99780.048,56924517384,0.132607391539237,2023-09-05
2023-08-31,BONDS,2251.1.3,CTG121030,270000,89506.845,24166848150,0.0562974064984713,2023-09-05
2023-08-31,BONDS,2251.1.4,MML121021,170000,99912.209,16985075530,0.0395672491333814,2023-09-05
2023-08-31,BONDS,2251.1.5,VIC121003,261587,100000.304999,26158779784,0.0609376717171884,2023-09-05
2023-08-31,BONDS,2251.1.6,VND122013,560000,100069.459,56038897040,0.130544312059447,2023-09-05
2023-08-31,BONDS,2251.2,Unlisted Bonds,,,41460404000,0.0965832699031067,2023-09-05
2023-08-31,BONDS,2251.2.1,KDH TRADING & INV JSC 12% 23/08/2025,22,966180330,21255967260,0.0495164210875557,2023-09-05
2023-08-31,BONDS,2251.2.2,PDR BOND 12 PCT 02 DEC 2023,52,100002995,5200155740,0.0121139206789835,2023-09-05
2023-08-31,BONDS,2251.2.3,PHAT DAT REAL ESTATE 13% 24/09/2023,150,100028540,15004281000,0.0349529281365675,2023-09-05
2023-08-31,BONDS,2252,,,,248803622679,0.57959559299221,2023-09-05
2023-08-31,OTHER SECURITIES,2253,,,,,,2023-09-05
2023-08-31,OTHER SECURITIES,2253.1,Investment - Rights,,,0,0,2023-09-05
2023-08-31,OTHER SECURITIES,2253.2,Index future contracts,,,0,0,2023-09-05
2023-08-31,OTHER SECURITIES,2254,,,,0,0,2023-09-05
2023-08-31,OTHER SECURITIES,2255,,,,248803622679,0.57959559299221,2023-09-05
2023-08-31,OTHER ASSETS,2256,,,,,,2023-09-05
2023-08-31,OTHER ASSETS,2256.1,Dividend receivables,,,0,0,2023-09-05
2023-08-31,OTHER ASSETS,2256.2,Coupon receivables,,,5914348094,0.0137776534513201,2023-09-05
2023-08-31,OTHER ASSETS,2256.3,Interest receivables from bank deposits and certificates of deposit,,,3068728632,0.00714869651834187,2023-09-05
2023-08-31,OTHER ASSETS,2256.4,Outstanding Settlement of sales transactions,,,0,0,2023-09-05
2023-08-31,OTHER ASSETS,2256.5,Receivable from AP/Investors on securities on hold of buying,,,0,0,2023-09-05
2023-08-31,OTHER ASSETS,2256.6,Other receivables,,,0,0,2023-09-05
2023-08-31,OTHER ASSETS,2256.7,Other assets,,,0,0,2023-09-05
2023-08-31,OTHER ASSETS,2257,,,,8983076726,0.020926349969662,2023-09-05
2023-08-31,CASH,2258,,,,,,2023-09-05
2023-08-31,CASH,2259,"Cash, Cash Equivalent",,,85107061315,0.198259483280648,2023-09-05
2023-08-31,CASH,2259.1,Cash at Bank,,,6207061315,0.0144595377867465,2023-09-05
2023-08-31,CASH,2259.2,Cash Equivalents,,,78900000000,0.183799945493901,2023-09-05
2023-08-31,CASH,2260,Deposits with term over three (03) months,,,7100000000,0.01653966556409,2023-09-05
2023-08-31,CASH,2261.1,Certificates of deposit,,,79277313262,0.184678908193391,2023-09-05
2023-08-31,CASH,2262,,,,171484374577,0.399478057038128,2023-09-05
2023-08-31,Total value of portfolio,2263,,,,429271073982,1,2023-09-05
2023-09-30,REAL ESTATE INVESTMENT (NOT APPLICABLE),,,,,,,2023-10-02
2023-09-30,REAL ESTATE INVESTMENT (NOT APPLICABLE),2264,,,,,,2023-10-02
2023-09-30,"SHARES LISTED, SHARES REGISTERED FOR TRADING, LISTED FUND CERTIFICATES",2246,,,,,,2023-10-02
2023-09-30,"SHARES LISTED, SHARES REGISTERED FOR TRADING, LISTED FUND CERTIFICATES",2247,,,,,,2023-10-02
2023-09-30,"SHARES UNLISTED, UNREGISTERED FOR TRADING, UNLISTED FUND CERTIFICATES",2248,,,,,,2023-10-02
2023-09-30,"SHARES UNLISTED, UNREGISTERED FOR TRADING, UNLISTED FUND CERTIFICATES",2249,,,,0,0,2023-10-02
2023-09-30,BONDS,2251,,,,,,2023-10-02
2023-09-30,BONDS,2251.1,Listed bonds,,,240554515921,0.477169969948381,2023-10-02
2023-09-30,BONDS,2251.1.1,BAF122029,276091,98125.395,27091538431,0.053739454981677,2023-10-02
2023-09-30,BONDS,2251.1.2,CII121029,920500,99329,91432344500,0.181367491316202,2023-10-02
2023-09-30,BONDS,2251.1.3,CTG121030,270000,89645.521,24204290670,0.0480122379220632,2023-10-02
2023-09-30,BONDS,2251.1.4,MML121021,420000,99508.696,41793652320,0.0829029367634771,2023-10-02
2023-09-30,BONDS,2251.1.5,VND122013,560000,100058.375,56032690000,0.111147848964962,2023-10-02
2023-09-30,BONDS,2251.2,Unlisted Bonds,,,30490617776,0.0604819540060498,2023-10-02
2023-09-30,BONDS,2251.2.1,KDH TRADING & INV JSC 12% 23/08/2025,22,967585580,21286882760,0.0422251944345942,2023-10-02
2023-09-30,BONDS,2251.2.2,PDR BOND 12 PCT 02 DEC 2023,92,100040598,9203735016,0.0182567595714556,2023-10-02
2023-09-30,BONDS,2252,,,,271045133697,0.537651923954431,2023-10-02
2023-09-30,OTHER SECURITIES,2253,,,,,,2023-10-02
2023-09-30,OTHER SECURITIES,2253.1,Investment - Rights,,,0,0,2023-10-02
2023-09-30,OTHER SECURITIES,2253.2,Index future contracts,,,0,0,2023-10-02
2023-09-30,OTHER SECURITIES,2254,,,,0,0,2023-10-02
2023-09-30,OTHER SECURITIES,2255,,,,271045133697,0.537651923954431,2023-10-02
2023-09-30,OTHER ASSETS,2256,,,,,,2023-10-02
2023-09-30,OTHER ASSETS,2256.1,Dividend receivables,,,0,0,2023-10-02
2023-09-30,OTHER ASSETS,2256.2,Coupon receivables,,,7964597986,0.0157987762860318,2023-10-02
2023-09-30,OTHER ASSETS,2256.3,Interest receivables from bank deposits and certificates of deposit,,,4234608770,0.00839987614361662,2023-10-02
2023-09-30,OTHER ASSETS,2256.4,Outstanding Settlement of sales transactions,,,0,0,2023-10-02
2023-09-30,OTHER ASSETS,2256.5,Receivable from AP/Investors on securities on hold of buying,,,0,0,2023-10-02
2023-09-30,OTHER ASSETS,2256.6,Other receivables,,,229900,4.56035404993851e-07,2023-10-02
2023-09-30,OTHER ASSETS,2256.7,Other assets,,,0,0,2023-10-02
2023-09-30,OTHER ASSETS,2257,,,,12199436656,0.0241991084650534,2023-10-02
2023-09-30,CASH,2258,,,,,,2023-10-02
2023-09-30,CASH,2259,"Cash, Cash Equivalent",,,94651428990,0.187752948032629,2023-10-02
2023-09-30,CASH,2259.1,Cash at Bank,,,10251428990,0.0203349916103539,2023-10-02
2023-09-30,CASH,2259.2,Cash Equivalents,,,84400000000,0.167417956422275,2023-10-02
2023-09-30,CASH,2260,Deposits with term over three (03) months,,,7100000000,0.0140837380402625,2023-10-02
2023-09-30,CASH,2261.1,Certificates of deposit,,,119131525587,0.236312281507624,2023-10-02
2023-09-30,CASH,2262,,,,220882954577,0.438148967580515,2023-10-02
2023-09-30,Total value of portfolio,2263,,,,504127524930,1,2023-10-02
2023-10-31,REAL ESTATE INVESTMENT (NOT APPLICABLE),,,,,,,2023-11-02
2023-10-31,REAL ESTATE INVESTMENT (NOT APPLICABLE),2264,,,,,,2023-11-02
2023-10-31,"SHARES LISTED, SHARES REGISTERED FOR TRADING, LISTED FUND CERTIFICATES",2246,,,,,,2023-11-02
2023-10-31,"SHARES LISTED, SHARES REGISTERED FOR TRADING, LISTED FUND CERTIFICATES",2247,,,,,,2023-11-02
2023-10-31,"SHARES UNLISTED, UNREGISTERED FOR TRADING, UNLISTED FUND CERTIFICATES",2248,,,,,,2023-11-02
2023-10-31,"SHARES UNLISTED, UNREGISTERED FOR TRADING, UNLISTED FUND CERTIFICATES",2249,,,,0,0,2023-11-02
2023-10-31,BONDS,2251,,,,,,2023-11-02
2023-10-31,BONDS,2251.1,Listed bonds,,,306202797189,0.438906860859853,2023-11-02
2023-10-31,BONDS,2251.1.1,BAF122029,276091,98209.373,27114724001,0.0388658709313311,2023-11-02
2023-10-31,BONDS,2251.1.2,CII121029,920500,99559,91644059500,0.131361329291748,2023-11-02
2023-10-31,BONDS,2251.1.3,MML121021,420000,99523.064,41799686880,0.0599150939241801,2023-11-02
2023-10-31,BONDS,2251.1.4,MSN121013,305300,100631,30722644300,0.0440374140628892,2023-11-02
2023-10-31,BONDS,2251.1.5,MSN121014,40288,100291,4040523808,0.00579163102714624,2023-11-02
2023-10-31,BONDS,2251.1.6,MSN121015,45800,100339,4595526200,0.00658716379130997,2023-11-02
2023-10-31,BONDS,2251.1.7,VHM121025,500000,100000.065,50000032500,0.0716693560899123,2023-11-02
2023-10-31,BONDS,2251.1.8,VND122013,560000,100510,56285600000,0.0806790017413362,2023-11-02
2023-10-31,BONDS,2251.2,Unlisted Bonds,,,30520696248,0.0437479445140353,2023-11-02
2023-10-31,BONDS,2251.2.1,KDH TRADING & INV JSC 12% 23/08/2025,22,969037670,21318828740,0.0305581147049638,2023-11-02
2023-10-31,BONDS,2251.2.2,PDR BOND 12 PCT 02 DEC 2023,92,100020299,9201867508,0.0131898298090715,2023-11-02
2023-10-31,BONDS,2252,,,,336723493437,0.482654805373889,2023-11-02
2023-10-31,OTHER SECURITIES,2253,,,,,,2023-11-02
2023-10-31,OTHER SECURITIES,2253.1,Investment - Rights,,,0,0,2023-11-02
2023-10-31,OTHER SECURITIES,2253.2,Index future contracts,,,0,0,2023-11-02
2023-10-31,OTHER SECURITIES,2254,,,,0,0,2023-11-02
2023-10-31,OTHER SECURITIES,2255,,,,336723493437,0.482654805373889,2023-11-02
2023-10-31,OTHER ASSETS,2256,,,,,,2023-11-02
2023-10-31,OTHER ASSETS,2256.1,Dividend receivables,,,0,0,2023-11-02
2023-10-31,OTHER ASSETS,2256.2,Coupon receivables,,,8129229024,0.0116523246191391,2023-11-02
2023-10-31,OTHER ASSETS,2256.3,Interest receivables from bank deposits and Money market instruments,,,5251567121,0.00752752378761003,2023-11-02
2023-10-31,OTHER ASSETS,2256.4,Outstanding Settlement of sales transactions,,,0,0,2023-11-02
2023-10-31,OTHER ASSETS,2256.5,Receivable from AP/Investors on securities on hold of buying,,,0,0,2023-11-02
2023-10-31,OTHER ASSETS,2256.6,Other receivables,,,229900,3.29535485103351e-07,2023-11-02
2023-10-31,OTHER ASSETS,2256.7,Other assets,,,0,0,2023-11-02
2023-10-31,OTHER ASSETS,2257,,,,13381026045,0.0191801779422343,2023-11-02
2023-10-31,CASH,2258,,,,,,2023-11-02
2023-10-31,CASH,2259,"Cash, Cash Equivalent",,,181312646476,0.25989104354867826,2023-11-02
2023-10-31,CASH,2259.1,Cash at Bank,,,62312646476,0.08931808692710877,2023-11-02
2023-10-31,CASH,2259.2,Cash Equivalents,,,119000000000,0.1705729566215695,2023-11-02
2023-10-31,CASH,2260,Deposits with term over three (03) months,,,27100000000,0.03884476575163473,2023-11-02
2023-10-31,CASH,2261.1,Money market instruments,,,139131525587,0.199429207383564,2023-11-02
2023-10-31,CASH,2262,,,,347544172063,0.498165016683877,2023-11-02
2023-10-31,Total value of portfolio,2263,,,,697648691545,1,2023-11-02
2023-11-30,REAL ESTATE INVESTMENT (NOT APPLICABLE),,,,,,,2023-12-04
2023-11-30,REAL ESTATE INVESTMENT (NOT APPLICABLE),2264,,,,,,2023-12-04
2023-11-30,"SHARES LISTED, SHARES REGISTERED FOR TRADING, LISTED FUND CERTIFICATES",2246,,,,,,2023-12-04
2023-11-30,"SHARES LISTED, SHARES REGISTERED FOR TRADING, LISTED FUND CERTIFICATES",2247,,,,,,2023-12-04
2023-11-30,"SHARES UNLISTED, UNREGISTERED FOR TRADING, UNLISTED FUND CERTIFICATES",2248,,,,,,2023-12-04
2023-11-30,"SHARES UNLISTED, UNREGISTERED FOR TRADING, UNLISTED FUND CERTIFICATES",2249,,,,0,0,2023-12-04
2023-11-30,BONDS,2251,,,,,,2023-12-04
2023-11-30,BONDS,2251.1,Listed bonds,,,520973798961,0.44669709967682,2023-12-04
2023-11-30,BONDS,2251.1.1,BAF122029,276091,98290.641998,27137161640,0.0232681402063302,2023-12-04
2023-11-30,BONDS,2251.1.2,CII121029,1273916,98991.727,126107144893,0.108127694683633,2023-12-04
2023-11-30,BONDS,2251.1.3,MML121021,420000,99536.969,41805526980,0.0358451954583325,2023-12-04
2023-11-30,BONDS,2251.1.4,MSN121013,305300,100247,30605409100,0.0262419098746576,2023-12-04
2023-11-30,BONDS,2251.1.5,MSN121014,40288,100206,4037099328,0.00346151872612664,2023-12-04
2023-11-30,BONDS,2251.1.6,MSN121015,170390,100168,17067625520,0.0146342461623964,2023-12-04
2023-11-30,BONDS,2251.1.7,TD2333121,500000,99649,49824500000,0.0427208809487823,2023-12-04
2023-11-30,BONDS,2251.1.8,TD2338134,100000,110588,11058800000,0.00948211579115482,2023-12-04
2023-11-30,BONDS,2251.1.9,TD2338137,400000,101227,40490800000,0.0347179128003483,2023-12-04
2023-11-30,BONDS,2251.1.10,VHM121024,100000,100135,10013500000,0.00858584715111303,2023-12-04
2023-11-30,BONDS,2251.1.11,VHM121025,500000,100000.063,50000031500,0.0428713864293041,2023-12-04
2023-11-30,BONDS,2251.1.12,VND122013,560000,99820,55899200000,0.047929493890198,2023-12-04
2023-11-30,BONDS,2251.1.13,VND122014,569270,100000,56927000000,0.0488107575544427,2023-12-04
2023-11-30,BONDS,2251.2,Unlisted Bonds,,,90636330460,0.0777140539938413,2023-12-04
2023-11-30,BONDS,2251.2.1,KDH TRADING & INV JSC 12% 14/06/2025,30,999750040,29992501200,0.0257163859772082,2023-12-04
2023-11-30,BONDS,2251.2.2,KDH TRADING & INV JSC 12% 23/08/2025,52,989303250,51443769000,0.0441092862147268,2023-12-04
2023-11-30,BONDS,2251.2.3,PDR BOND 12 PCT 02 DEC 2023,92,100000655,9200060260,0.00788838180190635,2023-12-04
2023-11-30,BONDS,2252,,,,611610129421,0.524411153670661,2023-12-04
2023-11-30,OTHER SECURITIES,2253,,,,,,2023-12-04
2023-11-30,OTHER SECURITIES,2253.1,Investment - Rights,,,0,0,2023-12-04
2023-11-30,OTHER SECURITIES,2253.2,Index future contracts,,,0,0,2023-12-04
2023-11-30,OTHER SECURITIES,2254,,,,0,0,2023-12-04
2023-11-30,OTHER SECURITIES,2255,,,,611610129421,0.524411153670661,2023-12-04
2023-11-30,OTHER ASSETS,2256,,,,,,2023-12-04
2023-11-30,OTHER ASSETS,2256.1,Dividend receivables,,,0,0,2023-12-04
2023-11-30,OTHER ASSETS,2256.2,Coupon receivables,,,18160073621,0.0155709408661173,2023-12-04
2023-11-30,OTHER ASSETS,2256.3,Interest receivables from bank deposits and Money market instruments,,,4038991781,0.00346314136678162,2023-12-04
2023-11-30,OTHER ASSETS,2256.4,Outstanding Settlement of sales transactions,,,0,0,2023-12-04
2023-11-30,OTHER ASSETS,2256.5,Receivable from AP/Investors on securities on hold of buying,,,0,0,2023-12-04
2023-11-30,OTHER ASSETS,2256.6,Other receivables,,,0,0,2023-12-04
2023-11-30,OTHER ASSETS,2256.7,Other assets,,,0,0,2023-12-04
2023-11-30,OTHER ASSETS,2257,,,,22199065402,0.0190340822328989,2023-12-04
2023-11-30,CASH,2258,,,,,,2023-12-04
2023-11-30,CASH,2259,"Cash, Cash Equivalent",,,316667085954,0.2715189691705614,2023-12-04
2023-11-30,CASH,2259.1,Cash at Bank,,,59667085954,0.0511601817499743,2023-12-04
2023-11-30,CASH,2259.2,Cash Equivalents,,,257000000000,0.220358787420587,2023-12-04
2023-11-30,CASH,2260,Deposits with term over three (03) months,,,56100000000,0.0481016652696301,2023-12-04
2023-11-30,CASH,2261.1,Money market instruments,,,159703507782,0.136934129656248,2023-12-04
2023-11-30,CASH,2262,,,,532470593736,0.45655476409644,2023-12-04
2023-11-30,Total value of portfolio,2263,,,,1166279788559,1,2023-12-04
2023-12-31,REAL ESTATE INVESTMENT (NOT APPLICABLE),,,,,,,2024-01-03
2023-12-31,REAL ESTATE INVESTMENT (NOT APPLICABLE),2264,,,,,,2024-01-03
2023-12-31,"SHARES LISTED, SHARES REGISTERED FOR TRADING, LISTED FUND CERTIFICATES",2246,,,,,,2024-01-03
2023-12-31,"SHARES LISTED, SHARES REGISTERED FOR TRADING, LISTED FUND CERTIFICATES",2247,,,,,,2024-01-03
2023-12-31,"SHARES UNLISTED, UNREGISTERED FOR TRADING, UNLISTED FUND CERTIFICATES",2248,,,,,,2024-01-03
2023-12-31,"SHARES UNLISTED, UNREGISTERED FOR TRADING, UNLISTED FUND CERTIFICATES",2249,,,,0,0,2024-01-03
2023-12-31,BONDS,2251,,,,,,2024-01-03
2023-12-31,BONDS,2251.1,Listed bonds,,,651223920004,0.374407885503479,2024-01-03
2023-12-31,BONDS,2251.1.1,BAF122029,276091,98374.619998,27160347210,0.0156152866257952,2024-01-03
2023-12-31,BONDS,2251.1.2,CII121029,1233916,99087.900999,122266146450,0.0702944224787105,2024-01-03
2023-12-31,BONDS,2251.1.3,MML121021,420000,99551.338,41811561960,0.024038703159038,2024-01-03
2023-12-31,BONDS,2251.1.4,MSN121013,405300,100052.576,40551309053,0.0233141465025402,2024-01-03
2023-12-31,BONDS,2251.1.5,MSN121014,200288,100009.027001,20030608000,0.0115161887582124,2024-01-03
2023-12-31,BONDS,2251.1.6,MSN121015,370390,100018.207999,37045744061,0.0212986935441451,2024-01-03
2023-12-31,BONDS,2251.1.7,TD2333119,1100000,108592,119451200000,0.068676026538734,2024-01-03
2023-12-31,BONDS,2251.1.8,VHM121024,100000,100000.084,10000008400,0.00574930048644102,2024-01-03
2023-12-31,BONDS,2251.1.9,VHM121025,500000,100000.062,50000031000,0.0287464961079799,2024-01-03
2023-12-31,BONDS,2251.1.10,VND122013,460000,100013,46005980000,0.0264501981011532,2024-01-03
2023-12-31,BONDS,2251.1.11,VND122014,1369270,99981,136900983870,0.078708423200729,2024-01-03
2023-12-31,BONDS,2251.2,Unlisted Bonds,,,132597931270,0.0762344710382127,2024-01-03
2023-12-31,BONDS,2251.2.1,KDH12101,45,1003298430,45148429350,0.0259571668783801,2024-01-03
2023-12-31,BONDS,2251.2.2,KDH12202,88,993744340,87449501920,0.0502773041598326,2024-01-03
2023-12-31,BONDS,2252,,,,783821851274,0.450642356541691,2024-01-03
2023-12-31,OTHER SECURITIES,2253,,,,,,2024-01-03
2023-12-31,OTHER SECURITIES,2253.1,Investment - Rights,,,0,0,2024-01-03
2023-12-31,OTHER SECURITIES,2253.2,Index future contracts,,,0,0,2024-01-03
2023-12-31,OTHER SECURITIES,2254,,,,0,0,2024-01-03
2023-12-31,OTHER SECURITIES,2255,,,,783821851274,0.450642356541691,2024-01-03
2023-12-31,OTHER ASSETS,2256,,,,,,2024-01-03
2023-12-31,OTHER ASSETS,2256.1,Dividend receivables,,,0,0,2024-01-03
2023-12-31,OTHER ASSETS,2256.2,Coupon receivables,,,32097059501,0.0184535484792618,2024-01-03
2023-12-31,OTHER ASSETS,2256.3,Interest receivables from bank deposits and Money market instruments,,,15036789317,0.00864509475159433,2024-01-03
2023-12-31,OTHER ASSETS,2256.4,Outstanding Settlement of sales transactions,,,4076000000,0.00234341290980651,2024-01-03
2023-12-31,OTHER ASSETS,2256.5,Receivable from AP/Investors on securities on hold of buying,,,0,0,2024-01-03
2023-12-31,OTHER ASSETS,2256.6,Other receivables,,,48400,2.78265909800381e-08,2024-01-03
2023-12-31,OTHER ASSETS,2256.7,Other assets,,,0,0,2024-01-03
2023-12-31,OTHER ASSETS,2257,,,,51209897218,0.0294420839672537,2024-01-03
2023-12-31,CASH,2258,,,,,,2024-01-03
2023-12-31,CASH,2259,"Cash, Cash Equivalent",,,568442850746,0.32681460130652457,2024-01-03
2023-12-31,CASH,2259.1,Cash at Bank,,,163042850746,0.0937381553704203,2024-01-03
2023-12-31,CASH,2259.2,Cash Equivalents,,,405400000000,0.233076445936104,2024-01-03
2023-12-31,CASH,2260,Deposits with term over three (03) months,,,56100000000,0.0322535486359533,2024-01-03
2023-12-31,CASH,2261.1,Money market instruments,,,279768895433,0.160847409548577,2024-01-03
2023-12-31,CASH,2262,,,,904311746179,0.519915559491055,2024-01-03
2023-12-31,Total value of portfolio,2263,,,,1739343494671,1,2024-01-03
2024-01-31,REAL ESTATE INVESTMENT (NOT APPLICABLE),,,,,,,2024-02-02
2024-01-31,REAL ESTATE INVESTMENT (NOT APPLICABLE),2264,,,,,,2024-02-02
2024-01-31,"SHARES LISTED, SHARES REGISTERED FOR TRADING, LISTED FUND CERTIFICATES",2246,,,,,,2024-02-02
2024-01-31,"SHARES LISTED, SHARES REGISTERED FOR TRADING, LISTED FUND CERTIFICATES",2247,,,,,,2024-02-02
2024-01-31,"SHARES UNLISTED, UNREGISTERED FOR TRADING, UNLISTED FUND CERTIFICATES",2248,,,,,,2024-02-02
2024-01-31,"SHARES UNLISTED, UNREGISTERED FOR TRADING, UNLISTED FUND CERTIFICATES",2249,,,,0,0,2024-02-02
2024-01-31,BONDS,2251,,,,,,2024-02-02
2024-01-31,BONDS,2251.1,Listed bonds,,,927865961462,0.406421703591567,2024-02-02
2024-01-31,BONDS,2251.1.1,BAF122029,276091,98458.597998,27183532780,0.0119068681910445,2024-02-02
2024-01-31,BONDS,2251.1.2,CII121029,1383916,99311.138999,137438274240,0.0602003951813177,2024-02-02
2024-01-31,BONDS,2251.1.3,MML121021,2410000,100289.303,241697220230,0.105867657699658,2024-02-02
2024-01-31,BONDS,2251.1.4,MSN123008,1300000,100104,130135200000,0.0570015194844447,2024-02-02
2024-01-31,BONDS,2251.1.5,TD2333117,400000,116823,46729200000,0.0204682161651307,2024-02-02
2024-01-31,BONDS,2251.1.6,TD2338135,500000,103984,51992000000,0.0227734156556816,2024-02-02
2024-01-31,BONDS,2251.1.7,VHM121024,100000,100393,10039300000,0.00439739097922919,2024-02-02
2024-01-31,BONDS,2251.1.8,VHM121025,300000,100000.06,30000018000,0.0131405385365427,2024-02-02
2024-01-31,BONDS,2251.1.9,VIC121005,695516,100236,69715741776,0.0305367280583361,2024-02-02
2024-01-31,BONDS,2251.1.10,VND122013,460000,100018,46008280000,0.020152440453204,2024-02-02
2024-01-31,BONDS,2251.1.11,VND122014,1369270,100000.141999,136927194436,0.0599765331869779,2024-02-02
2024-01-31,BONDS,2251.2,Unlisted Bonds,,,144720612210,0.0633901880251391,2024-02-02
2024-01-31,BONDS,2251.2.1,KDH12101,57,1004257330,57242667810,0.0250733010324133,2024-02-02
2024-01-31,BONDS,2251.2.2,KDH12202,88,994067550,87477944400,0.0383168869927258,2024-02-02
2024-01-31,BONDS,2252,,,,1072586573672,0.469811891616706,2024-02-02
2024-01-31,OTHER SECURITIES,2253,,,,,,2024-02-02
2024-01-31,OTHER SECURITIES,2253.1,Investment - Rights,,,0,0,2024-02-02
2024-01-31,OTHER SECURITIES,2253.2,Index future contracts,,,0,0,2024-02-02
2024-01-31,OTHER SECURITIES,2254,,,,0,0,2024-02-02
2024-01-31,OTHER SECURITIES,2255,,,,1072586573672,0.469811891616706,2024-02-02
2024-01-31,OTHER ASSETS,2256,,,,,,2024-02-02
2024-01-31,OTHER ASSETS,2256.1,Dividend receivables,,,0,0,2024-02-02
2024-01-31,OTHER ASSETS,2256.2,Coupon receivables,,,44472321112,0.0194796632915933,2024-02-02
2024-01-31,OTHER ASSETS,2256.3,Interest receivables from bank deposits and Money market instruments,,,12061312331,0.00528306814638522,2024-02-02
2024-01-31,OTHER ASSETS,2256.4,Outstanding Settlement of sales transactions,,,0,0,2024-02-02
2024-01-31,OTHER ASSETS,2256.5,Receivable from AP/Investors on securities on hold of buying,,,0,0,2024-02-02
2024-01-31,OTHER ASSETS,2256.6,Other receivables,,,0,0,2024-02-02
2024-01-31,OTHER ASSETS,2256.7,Other assets,,,0,0,2024-02-02
2024-01-31,OTHER ASSETS,2257,,,,56533633443,0.0247627314379785,2024-02-02
2024-01-31,CASH,2258,,,,,,2024-02-02
2024-01-31,CASH,2259,"Cash, Cash Equivalent",,,666028180372,0.291732123980782,2024-02-02
2024-01-31,CASH,2259.1,Cash at Bank,,,59728180372,0.0261619994993283,2024-02-02
2024-01-31,CASH,2259.2,Cash Equivalents,,,606300000000,0.265570124481454,2024-02-02
2024-01-31,CASH,2260,Deposits with term over three (03) months,,,267800000000,0.117301136955522,2024-02-02
2024-01-31,CASH,2261.1,Money market instruments,,,220064437031,0.0963921160090115,2024-02-02
2024-01-31,CASH,2262,,,,1153892617403,0.505425376945316,2024-02-02
2024-01-31,Total value of portfolio,2263,,,,2283012824518,1,2024-02-02
2024-02-29,REAL ESTATE INVESTMENT (NOT APPLICABLE),,,,,,,2024-03-01
2024-02-29,REAL ESTATE INVESTMENT (NOT APPLICABLE),2264,,,,,,2024-03-01
2024-02-29,"SHARES LISTED, SHARES REGISTERED FOR TRADING, LISTED FUND CERTIFICATES",2246,,,,,,2024-03-01
2024-02-29,"SHARES LISTED, SHARES REGISTERED FOR TRADING, LISTED FUND CERTIFICATES",2247,,,,,,2024-03-01
2024-02-29,"SHARES UNLISTED, UNREGISTERED FOR TRADING, UNLISTED FUND CERTIFICATES",2248,,,,,,2024-03-01
2024-02-29,"SHARES UNLISTED, UNREGISTERED FOR TRADING, UNLISTED FUND CERTIFICATES",2249,,,,0,0,2024-03-01
2024-02-29,BONDS,2251,,,,,,2024-03-01
2024-02-29,BONDS,2251.1,Listed bonds,,,775231156180,0.332361116285754,2024-03-01
2024-02-29,BONDS,2251.1.1,BAF122029,276091,98537.157998,27205222489,0.0116635638843531,2024-03-01
2024-02-29,BONDS,2251.1.2,CII121029,1003416,99578.016,99918174503,0.04283743726025,2024-03-01
2024-02-29,BONDS,2251.1.3,MML121021,2160000,100280.35,216605556000,0.0928642557925533,2024-03-01
2024-02-29,BONDS,2251.1.4,MSN123008,1300000,99999.734,129999654200,0.0557341250312724,2024-03-01
2024-02-29,BONDS,2251.1.5,TD2434019,900000,97982,88183800000,0.0378066154496949,2024-03-01
2024-02-29,BONDS,2251.1.6,VHM121024,100000,100000.067,10000006700,0.00428725466356942,2024-03-01
2024-02-29,BONDS,2251.1.7,VND122013,856900,100004.304,85693688098,0.0367390417785034,2024-03-01
2024-02-29,BONDS,2251.1.8,VND122014,1169270,100597,117625054190,0.0504288224255573,2024-03-01
2024-02-29,BONDS,2251.2,Unlisted Bonds,,,144733116070,0.0620507311104143,2024-03-01
2024-02-29,BONDS,2251.2.1,KDH12101,57,1004009910,57228564870,0.0245353267241603,2024-03-01
2024-02-29,BONDS,2251.2.2,KDH12202,88,994369900,87504551200,0.0375154043862539,2024-03-01
2024-02-29,BONDS,2252,,,,919964272250,0.394411847396168,2024-03-01
2024-02-29,OTHER SECURITIES,2253,,,,,,2024-03-01
2024-02-29,OTHER SECURITIES,2253.1,Investment - Rights,,,0,0,2024-03-01
2024-02-29,OTHER SECURITIES,2253.2,Index future contracts,,,0,0,2024-03-01
2024-02-29,OTHER SECURITIES,2254,,,,0,0,2024-03-01
2024-02-29,OTHER SECURITIES,2255,,,,919964272250,0.394411847396168,2024-03-01
2024-02-29,OTHER ASSETS,2256,,,,,,2024-03-01
2024-02-29,OTHER ASSETS,2256.1,Dividend receivables,,,0,0,2024-03-01
2024-02-29,OTHER ASSETS,2256.2,Coupon receivables,,,21833490442,0.00936056710036632,2024-03-01
2024-02-29,OTHER ASSETS,2256.3,Interest receivables from bank deposits and Money market instruments,,,12659022608,0.00542724173498591,2024-03-01
2024-02-29,OTHER ASSETS,2256.4,Outstanding Settlement of sales transactions,,,0,0,2024-03-01
2024-02-29,OTHER ASSETS,2256.5,Receivable from AP/Investors on securities on hold of buying,,,0,0,2024-03-01
2024-02-29,OTHER ASSETS,2256.6,Other receivables,,,0,0,2024-03-01
2024-02-29,OTHER ASSETS,2256.7,Other assets,,,0,0,2024-03-01
2024-02-29,OTHER ASSETS,2257,,,,34492513050,0.0147878088353522,2024-03-01
2024-02-29,CASH,2258,,,,,,2024-03-01
2024-02-29,CASH,2259,"Cash, Cash Equivalent",,,755511962803,0.323907001573274,2024-03-01
2024-02-29,CASH,2259.1,Cash at Bank,,,97011962803,0.0415914711286328,2024-03-01
2024-02-29,CASH,2259.2,Cash Equivalents,,,658500000000,0.282315530444641,2024-03-01
2024-02-29,CASH,2260,Deposits with term over three (03) months,,,295800000000,0.126816907981055,2024-03-01
2024-02-29,CASH,2261.1,Money market instruments,,,326727799157,0.140076434214151,2024-03-01
2024-02-29,CASH,2262,,,,1378039761960,0.59080034376848,2024-03-01
2024-02-29,Total value of portfolio,2263,,,,2332496547260,1,2024-03-01
2024-03-31,REAL ESTATE INVESTMENT (NOT APPLICABLE),,,,,,,2024-04-01
2024-03-31,REAL ESTATE INVESTMENT (NOT APPLICABLE),2264,,,,,,2024-04-01
2024-03-31,"SHARES LISTED, SHARES REGISTERED FOR TRADING, LISTED FUND CERTIFICATES",2246,,,,,,2024-04-01
2024-03-31,"SHARES LISTED, SHARES REGISTERED FOR TRADING, LISTED FUND CERTIFICATES",2247,,,,,,2024-04-01
2024-03-31,"SHARES UNLISTED, UNREGISTERED FOR TRADING, UNLISTED FUND CERTIFICATES",2248,,,,,,2024-04-01
2024-03-31,"SHARES UNLISTED, UNREGISTERED FOR TRADING, UNLISTED FUND CERTIFICATES",2249,,,,0,0,2024-04-01
2024-03-31,BONDS,2251,,,,,,2024-04-01
2024-03-31,BONDS,2251.1,Listed bonds,,,674760979624,0.277347342830832,2024-04-01
2024-03-31,BONDS,2251.1.1,BAF122029,276091,98621.135998,27228408059,0.0111917061785128,2024-04-01
2024-03-31,BONDS,2251.1.2,BAF1230201,280000,100703,28196840000,0.0115897612434315,2024-04-01
2024-03-31,BONDS,2251.1.3,CII121029,1943416,100088.321,194513244445,0.0799508761195503,2024-04-01
2024-03-31,BONDS,2251.1.4,MML121021,1170000,100270.778,117316810260,0.0482207871787887,2024-04-01
2024-03-31,BONDS,2251.1.5,MSN123008,1300000,99999.739,129999660700,0.0534338255364824,2024-04-01
2024-03-31,BONDS,2251.1.6,MSN123009,500000,100999,50499500000,0.0207568347344124,2024-04-01
2024-03-31,BONDS,2251.1.7,VHM121024,100000,100000.058,10000005800,0.00411030738391006,2024-04-01
2024-03-31,BONDS,2251.1.8,VND122014,1169270,100068,117006510360,0.0480932444557439,2024-04-01
2024-03-31,BONDS,2251.2,Unlisted Bonds,,,164942528960,0.0677964101485907,2024-04-01
2024-03-31,BONDS,2251.2.1,KDH12101,77,1005318640,77409535280,0.0318176799903886,2024-04-01
2024-03-31,BONDS,2251.2.2,KDH12202,88,994693110,87532993680,0.0359787301582021,2024-04-01
2024-03-31,BONDS,2252,,,,839703508584,0.345143752979423,2024-04-01
2024-03-31,OTHER SECURITIES,2253,,,,,,2024-04-01
2024-03-31,OTHER SECURITIES,2253.1,Investment - Rights,,,0,0,2024-04-01
2024-03-31,OTHER SECURITIES,2253.2,Index future contracts,,,0,0,2024-04-01
2024-03-31,OTHER SECURITIES,2254,,,,0,0,2024-04-01
2024-03-31,OTHER SECURITIES,2255,,,,839703508584,0.345143752979423,2024-04-01
2024-03-31,OTHER ASSETS,2256,,,,,,2024-04-01
2024-03-31,OTHER ASSETS,2256.1,Dividend receivables,,,0,0,2024-04-01
2024-03-31,OTHER ASSETS,2256.2,Coupon receivables,,,11963338787,0.00491729712321003,2024-04-01
2024-03-31,OTHER ASSETS,2256.3,Interest receivables from bank deposits and Money market instruments,,,20872310689,0.00857915629851549,2024-04-01
2024-03-31,OTHER ASSETS,2256.4,Outstanding Settlement of sales transactions,,,0,0,2024-04-01
2024-03-31,OTHER ASSETS,2256.5,Receivable from AP/Investors on securities on hold of buying,,,0,0,2024-04-01
2024-03-31,OTHER ASSETS,2256.6,Other receivables,,,0,0,2024-04-01
2024-03-31,OTHER ASSETS,2256.7,Other assets,,,57956685,2.38219652135051e-05,2024-04-01
2024-03-31,OTHER ASSETS,2257,,,,32893606161,0.013520275386939,2024-04-01
2024-03-31,CASH,2258,,,,,,2024-04-01
2024-03-31,CASH,2259,"Cash, Cash Equivalent",,,887520438694,0.364797969670682,2024-04-01
2024-03-31,CASH,2259.1,Cash at Bank,,,40620438694,0.0166962392263426,2024-04-01
2024-03-31,CASH,2259.2,Cash Equivalents,,,846900000000,0.348101730444339,2024-04-01
2024-03-31,CASH,2260,Deposits with term over three (03) months,,,295800000000,0.121582821898023,2024-04-01
2024-03-31,CASH,2261.1,Money market instruments,,,376991926554,0.154955180064934,2024-04-01
2024-03-31,CASH,2262,,,,1560312365248,0.641335971633638,2024-04-01
2024-03-31,Total value of portfolio,2263,,,,2432909479993,1,2024-04-01
2024-04-30,REAL ESTATE INVESTMENT (NOT APPLICABLE),,,,,,,2024-05-03
2024-04-30,REAL ESTATE INVESTMENT (NOT APPLICABLE),2264,,,,,,2024-05-03
2024-04-30,"SHARES LISTED, SHARES REGISTERED FOR TRADING, LISTED FUND CERTIFICATES",2246,,,,,,2024-05-03
2024-04-30,"SHARES LISTED, SHARES REGISTERED FOR TRADING, LISTED FUND CERTIFICATES",2247,,,,,,2024-05-03
2024-04-30,"SHARES UNLISTED, UNREGISTERED FOR TRADING, UNLISTED FUND CERTIFICATES",2248,,,,,,2024-05-03
2024-04-30,"SHARES UNLISTED, UNREGISTERED FOR TRADING, UNLISTED FUND CERTIFICATES",2249,,,,0,0,2024-05-03
2024-04-30,BONDS,2251,,,,,,2024-05-03
2024-04-30,BONDS,2251.1,Listed bonds,,,674150396118,0.318613569642823,2024-05-03
2024-04-30,BONDS,2251.1.1,BAF122029,276091,98702.405,27250845699,0.0128791576389201,2024-05-03
2024-04-30,BONDS,2251.1.2,BAF123020,280000,100206.983,28057955240,0.0132606096909126,2024-05-03
2024-04-30,BONDS,2251.1.3,CII121029,1943416,100075.269,194487878979,0.0919178832061596,2024-05-03
2024-04-30,BONDS,2251.1.4,MML121021,1170000,99888,116868960000,0.0552340200947189,2024-05-03
2024-04-30,BONDS,2251.1.5,MSN123008,1300000,99999.745,129999668500,0.0614397895064335,2024-05-03
2024-04-30,BONDS,2251.1.6,MSN123009,500000,100975.853,50487926500,0.0238613498985675,2024-05-03
2024-04-30,BONDS,2251.1.7,VHM121024,100000,100000.05,10000005000,0.00472615206909764,2024-05-03
2024-04-30,BONDS,2251.1.8,VND122014,1169270,100060,116997156200,0.0552946075380132,2024-05-03
2024-04-30,BONDS,2251.2,Unlisted Bonds,,,164942067180,0.0779540902313547,2024-05-03
2024-04-30,BONDS,2251.2.1,KDH12101,77,1004955180,77381548860,0.0365716784396277,2024-05-03
2024-04-30,BONDS,2251.2.2,KDH12202,88,995005890,87560518320,0.0413824117917271,2024-05-03
2024-04-30,BONDS,2252,,,,839092463298,0.396567659874178,2024-05-03
2024-04-30,OTHER SECURITIES,2253,,,,,,2024-05-03
2024-04-30,OTHER SECURITIES,2253.1,Investment - Rights,,,0,0,2024-05-03
2024-04-30,OTHER SECURITIES,2253.2,Index future contracts,,,0,0,2024-05-03
2024-04-30,OTHER SECURITIES,2254,,,,0,0,2024-05-03
2024-04-30,OTHER SECURITIES,2255,,,,839092463298,0.396567659874178,2024-05-03
2024-04-30,OTHER ASSETS,2256,,,,,,2024-05-03
2024-04-30,OTHER ASSETS,2256.1,Dividend receivables,,,0,0,2024-05-03
2024-04-30,OTHER ASSETS,2256.2,Coupon receivables,,,13703916050,0.00647667588110684,2024-05-03
2024-04-30,OTHER ASSETS,2256.3,Interest receivables from bank deposits and Money market instruments,,,16164183564,0.00763943513990969,2024-05-03
2024-04-30,OTHER ASSETS,2256.4,Outstanding Settlement of sales transactions,,,0,0,2024-05-03
2024-04-30,OTHER ASSETS,2256.5,Receivable from AP/Investors on securities on hold of buying,,,0,0,2024-05-03
2024-04-30,OTHER ASSETS,2256.6,Other receivables,,,0,0,2024-05-03
2024-04-30,OTHER ASSETS,2256.7,Other assets,,,54432319,2.57255288439988e-05,2024-05-03
2024-04-30,OTHER ASSETS,2257,,,,29922531933,0.0141418365498605,2024-05-03
2024-04-30,CASH,2258,,,,,,2024-05-03
2024-04-30,CASH,2259,"Cash, Cash Equivalent",,,534144793476,0.25244482586602,2024-05-03
2024-04-30,CASH,2259.1,Cash at Bank,,,48144793476,0.0227539501533125,2024-05-03
2024-04-30,CASH,2259.2,Cash Equivalents,,,486000000000,0.229690875712707,2024-05-03
2024-04-30,CASH,2260,Deposits with term over three (03) months,,,295800000000,0.139799508304154,2024-05-03
2024-04-30,CASH,2261.1,Money market instruments,,,416927481486,0.197046169405788,2024-05-03
2024-04-30,CASH,2262,,,,1246872274962,0.589290503575962,2024-05-03
2024-04-30,Total value of portfolio,2263,,,,2115887270193,1,2024-05-03
2024-05-31,REAL ESTATE INVESTMENT (NOT APPLICABLE),,,,,,,2024-06-03
2024-05-31,REAL ESTATE INVESTMENT (NOT APPLICABLE),2264,,,,,,2024-06-03
2024-05-31,"SHARES LISTED, SHARES REGISTERED FOR TRADING, LISTED FUND CERTIFICATES",2246,,,,,,2024-06-03
2024-05-31,"SHARES LISTED, SHARES REGISTERED FOR TRADING, LISTED FUND CERTIFICATES",2247,,,,,,2024-06-03
2024-05-31,"SHARES UNLISTED, UNREGISTERED FOR TRADING, UNLISTED FUND CERTIFICATES",2248,,,,,,2024-06-03
2024-05-31,"SHARES UNLISTED, UNREGISTERED FOR TRADING, UNLISTED FUND CERTIFICATES",2249,,,,0,0,2024-06-03
2024-05-31,BONDS,2251,,,,,,2024-06-03
2024-05-31,BONDS,2251.1,Listed bonds,,,637914946786,0.340494929689278,2024-06-03
2024-05-31,BONDS,2251.1.1,BAF122029,276091,99938.024999,27591989260,0.0147275628050501,2024-06-03
2024-05-31,BONDS,2251.1.2,BAF123020,280000,100923.164,28258485920,0.0150833135748482,2024-06-03
2024-05-31,BONDS,2251.1.3,CII121029,1743416,99929.021,174217854076,0.0929909171639532,2024-06-03
2024-05-31,BONDS,2251.1.4,MML121021,1170000,100122.933,117143831610,0.0625269574079448,2024-06-03
2024-05-31,BONDS,2251.1.5,MSN123008,1300000,100421.295,130547683500,0.0696814278116334,2024-06-03
2024-05-31,BONDS,2251.1.6,MSN123009,500000,100354.795,50177397500,0.0267828015628625,2024-06-03
2024-05-31,BONDS,2251.1.7,VHM121024,100000,100787.444,10078744400,0.00537965348378245,2024-06-03
2024-05-31,BONDS,2251.1.8,VND122014,1019270,98010.302,99898960520,0.0533222958792034,2024-06-03
2024-05-31,BONDS,2251.2,Unlisted Bonds,,,183717074740,0.0980612427432293,2024-06-03
2024-05-31,BONDS,2251.2.1,KDH12101,77,1005957460,77458724420,0.0413445445322929,2024-06-03
2024-05-31,BONDS,2251.2.2,KDH12202,88,995144890,87572750320,0.0467430299495837,2024-06-03
2024-05-31,BONDS,2251.2.3,TCSCPO2325001,186856,100000,18685600000,0.00997366826135262,2024-06-03
2024-05-31,BONDS,2252,,,,821632021526,0.438556172432507,2024-06-03
2024-05-31,OTHER SECURITIES,2253,,,,,,2024-06-03
2024-05-31,OTHER SECURITIES,2253.1,Investment - Rights,,,0,0,2024-06-03
2024-05-31,OTHER SECURITIES,2253.2,Index future contracts,,,0,0,2024-06-03
2024-05-31,OTHER SECURITIES,2254,,,,0,0,2024-06-03
2024-05-31,OTHER SECURITIES,2255,,,,821632021526,0.438556172432507,2024-06-03
2024-05-31,OTHER ASSETS,2256,,,,,,2024-06-03
2024-05-31,OTHER ASSETS,2256.1,Dividend receivables,,,0,0,2024-06-03
2024-05-31,OTHER ASSETS,2256.2,Coupon receivables,,,20099248143,0.0107282203023125,2024-06-03
2024-05-31,OTHER ASSETS,2256.3,Interest receivables from bank deposits and Money market instruments,,,17524767124,0.00935405947104908,2024-06-03
2024-05-31,OTHER ASSETS,2256.4,Outstanding Settlement of sales transactions,,,0,0,2024-06-03
2024-05-31,OTHER ASSETS,2256.5,Receivable from AP/Investors on securities on hold of buying,,,0,0,2024-06-03
2024-05-31,OTHER ASSETS,2256.6,Other receivables,,,0,0,2024-06-03
2024-05-31,OTHER ASSETS,2256.7,Other assets,,,50790474,2.71100386668266e-05,2024-06-03
2024-05-31,OTHER ASSETS,2257,,,,37674805741,0.0201093898120284,2024-06-03
2024-05-31,CASH,2258,,,,,,2024-06-03
2024-05-31,CASH,2259,"Cash, Cash Equivalent",,,390430417131,0.208397025495896,2024-06-03
2024-05-31,CASH,2259.1,Cash at Bank,,,25430417131,0.0135737971599741,2024-06-03
2024-05-31,CASH,2259.2,Cash Equivalents,,,365000000000,0.194823228335922,2024-06-03
2024-05-31,CASH,2260,Deposits with term over three (03) months,,,246800000000,0.131732528091248,2024-06-03
2024-05-31,CASH,2261.1,Money market instruments,,,376955989020,0.20120488416832,2024-06-03
2024-05-31,CASH,2262,,,,1014186406151,0.541334437755464,2024-06-03
2024-05-31,Total value of portfolio,2263,,,,1873493233418,1,2024-06-03
2024-06-30,REAL ESTATE INVESTMENT (NOT APPLICABLE),,,,,,,2024-07-01
2024-06-30,REAL ESTATE INVESTMENT (NOT APPLICABLE),2264,,,,,,2024-07-01
2024-06-30,"SHARES LISTED, SHARES REGISTERED FOR TRADING, LISTED FUND CERTIFICATES",2246,,,,,,2024-07-01
2024-06-30,"SHARES LISTED, SHARES REGISTERED FOR TRADING, LISTED FUND CERTIFICATES",2247,,,,,,2024-07-01
2024-06-30,"SHARES UNLISTED, UNREGISTERED FOR TRADING, UNLISTED FUND CERTIFICATES",2248,,,,,,2024-07-01
2024-06-30,"SHARES UNLISTED, UNREGISTERED FOR TRADING, UNLISTED FUND CERTIFICATES",2249,,,,0,0,2024-07-01
2024-06-30,BONDS,2251,,,,,,2024-07-01
2024-06-30,BONDS,2251.1,Listed bonds,,,516751367924,0.304445601624935,2024-07-01
2024-06-30,BONDS,2251.1.1,BAF122029,276091,99971.198999,27601148303,0.0162612984159178,2024-07-01
2024-06-30,BONDS,2251.1.2,BAF123020,280000,101841.403,28515592840,0.0168000461280681,2024-07-01
2024-06-30,BONDS,2251.1.3,CII121029,1453416,100689.002,146343006531,0.0862184165006113,2024-07-01
2024-06-30,BONDS,2251.1.4,MML121021,1170000,100142.967,117167271390,0.0690294455772525,2024-07-01
2024-06-30,BONDS,2251.1.5,MSN123008,500000,100421.224,50210612000,0.0295817310357742,2024-07-01
2024-06-30,BONDS,2251.1.6,MSN123009,500000,99903.367,49951683500,0.0294291825417527,2024-07-01
2024-06-30,BONDS,2251.1.7,VHM121024,100000,98949.818,9894981800,0.00582965788609549,2024-07-01
2024-06-30,BONDS,2251.1.8,VND122014,869270,100161.137,87067071560,0.0512958235394626,2024-07-01
2024-06-30,BONDS,2251.2,Unlisted Bonds,,,148920683170,0.0877370623405006,2024-07-01
2024-06-30,BONDS,2251.2.1,KDH12101,77,1003731910,77287357070,0.0455340757310543,2024-07-01
2024-06-30,BONDS,2251.2.2,KDH12202,53,999013700,52947726100,0.0311943099288661,2024-07-01
2024-06-30,BONDS,2251.2.3,TCSCPO2325001,186856,100000,18685600000,0.0110086766805802,2024-07-01
2024-06-30,BONDS,2252,,,,665672051094,0.392182663965435,2024-07-01
2024-06-30,OTHER SECURITIES,2253,,,,,,2024-07-01
2024-06-30,OTHER SECURITIES,2253.1,Investment - Rights,,,0,0,2024-07-01
2024-06-30,OTHER SECURITIES,2253.2,Index future contracts,,,0,0,2024-07-01
2024-06-30,OTHER SECURITIES,2254,,,,0,0,2024-07-01
2024-06-30,OTHER SECURITIES,2255,,,,665672051094,0.392182663965435,2024-07-01
2024-06-30,OTHER ASSETS,2256,,,,,,2024-07-01
2024-06-30,OTHER ASSETS,2256.1,Dividend receivables,,,0,0,2024-07-01
2024-06-30,OTHER ASSETS,2256.2,Coupon receivables,,,16961561218,0.0099929541169045,2024-07-01
2024-06-30,OTHER ASSETS,2256.3,Interest receivables from bank deposits and Money market instruments,,,14897317808,0.00877679898724806,2024-07-01
2024-06-30,OTHER ASSETS,2256.4,Outstanding Settlement of sales transactions,,,102362820000,0.0603073591157058,2024-07-01
2024-06-30,OTHER ASSETS,2256.5,Receivable from AP/Investors on securities on hold of buying,,,0,0,2024-07-01
2024-06-30,OTHER ASSETS,2256.6,Other receivables,,,0,0,2024-07-01
2024-06-30,OTHER ASSETS,2256.7,Other assets,,,47266109,2.784696835692e-05,2024-07-01
2024-06-30,OTHER ASSETS,2257,,,,134268965135,0.0791049591882153,2024-07-01
2024-06-30,CASH,2258,,,,,,2024-07-01
2024-06-30,CASH,2259,"Cash, Cash Equivalent",,,273947685898,0.161397091955529,2024-07-01
2024-06-30,CASH,2259.1,Cash at Bank,,,26947685898,0.0158763091011749,2024-07-01
2024-06-30,CASH,2259.2,Cash Equivalents,,,247000000000,0.145520782854354,2024-07-01
2024-06-30,CASH,2260,Deposits with term over three (03) months,,,246800000000,0.14540295226095,2024-07-01
2024-06-30,CASH,2261.1,Money market instruments,,,376663354089,0.221912332629871,2024-07-01
2024-06-30,CASH,2262,,,,897411039987,0.52871237684635,2024-07-01
2024-06-30,Total value of portfolio,2263,,,,1697352056216,1,2024-07-01
2024-07-31,REAL ESTATE INVESTMENT (NOT APPLICABLE),,,,,,,2024-08-01
2024-07-31,REAL ESTATE INVESTMENT (NOT APPLICABLE),2264,,,,,,2024-08-01
2024-07-31,"SHARES LISTED, SHARES REGISTERED FOR TRADING, LISTED FUND CERTIFICATES",2246,,,,,,2024-08-01
2024-07-31,"SHARES LISTED, SHARES REGISTERED FOR TRADING, LISTED FUND CERTIFICATES",2247,,,,,,2024-08-01
2024-07-31,"SHARES UNLISTED, UNREGISTERED FOR TRADING, UNLISTED FUND CERTIFICATES",2248,,,,,,2024-08-01
2024-07-31,"SHARES UNLISTED, UNREGISTERED FOR TRADING, UNLISTED FUND CERTIFICATES",2249,,,,0,0,2024-08-01
2024-07-31,BONDS,2251,,,,,,2024-08-01
2024-07-31,BONDS,2251.1,Listed bonds,,,487621692924,0.272358427891306,2024-08-01
2024-07-31,BONDS,2251.1.1,BAF122029,276091,100876.602,27851121923,0.0155560917244501,2024-08-01
2024-07-31,BONDS,2251.1.2,BAF123020,280000,101728.418,28483957040,0.0159095583156245,2024-08-01
2024-07-31,BONDS,2251.1.3,CII121029,1573416,100619.752999,158316729286,0.0884269426954082,2024-08-01
2024-07-31,BONDS,2251.1.4,MML121021,170000,100049.562,17008425540,0.00949996300042118,2024-08-01
2024-07-31,BONDS,2251.1.5,MSN123008,1200000,100215.408,120258489600,0.0671697212066894,2024-08-01
2024-07-31,BONDS,2251.1.6,TCX124011,186856,99970.272,18680045145,0.0104336369822328,2024-08-01
2024-07-31,BONDS,2251.1.7,TCX124013,300000,100188.849,30056654700,0.0167879799864436,2024-08-01
2024-07-31,BONDS,2251.1.8,VHM121024,100000,99240.692,9924069200,0.00554303453849376,2024-08-01
2024-07-31,BONDS,2251.1.9,VND122014,769270,100149.752999,77042200490,0.0430314994415427,2024-08-01
2024-07-31,BONDS,2251.2,Unlisted Bonds,,,134716430020,0.0752451247018147,2024-08-01
2024-07-31,BONDS,2251.2.1,KDH12101,77,1007178830,77552769910,0.0433166751968023,2024-08-01
2024-07-31,BONDS,2251.2.2,KDH12202,57,1002871230,57163660110,0.0319284495050123,2024-08-01
2024-07-31,BONDS,2252,,,,622338122944,0.347603552593121,2024-08-01
2024-07-31,OTHER SECURITIES,2253,,,,,,2024-08-01
2024-07-31,OTHER SECURITIES,2253.1,Investment - Rights,,,0,0,2024-08-01
2024-07-31,OTHER SECURITIES,2253.2,Index future contracts,,,0,0,2024-08-01
2024-07-31,OTHER SECURITIES,2254,,,,0,0,2024-08-01
2024-07-31,OTHER SECURITIES,2255,,,,622338122944,0.347603552593121,2024-08-01
2024-07-31,OTHER ASSETS,2256,,,,,,2024-08-01
2024-07-31,OTHER ASSETS,2256.1,Dividend receivables,,,0,0,2024-08-01
2024-07-31,OTHER ASSETS,2256.2,Coupon receivables,,,14678717016,0.00819871705453889,2024-08-01
2024-07-31,OTHER ASSETS,2256.3,Interest receivables from bank deposits and Money market instruments,,,5769271504,0.00322239502407136,2024-08-01
2024-07-31,OTHER ASSETS,2256.4,Outstanding Settlement of sales transactions,,,0,0,2024-08-01
2024-07-31,OTHER ASSETS,2256.5,Receivable from AP/Investors on securities on hold of buying,,,0,0,2024-08-01
2024-07-31,OTHER ASSETS,2256.6,Other receivables,,,0,0,2024-08-01
2024-07-31,OTHER ASSETS,2256.7,Other assets,,,67231335,3.755169421572e-05,2024-08-01
2024-07-31,OTHER ASSETS,2257,,,,20515219855,0.011458663772826,2024-08-01
2024-07-31,CASH,2258,,,,,,2024-08-01
2024-07-31,CASH,2259,"Cash, Cash Equivalent",,,793014213290,0.442933748767384,2024-08-01
2024-07-31,CASH,2259.1,Cash at Bank,,,21314213290,0.011904937183156,2024-08-01
2024-07-31,CASH,2259.2,Cash Equivalents,,,771700000000,0.431028811584228,2024-08-01
2024-07-31,CASH,2260,Deposits with term over three (03) months,,,84500000000,0.0471970125422667,2024-08-01
2024-07-31,CASH,2261.1,Money market instruments,,,270000000000,0.150807022324403,2024-08-01
2024-07-31,CASH,2262,,,,1147514213290,0.640937783634053,2024-08-01
2024-07-31,Total value of portfolio,2263,,,,1790367556089,1,2024-08-01
2024-08-31,REAL ESTATE INVESTMENT (NOT APPLICABLE),,,,,,,2024-09-04
2024-08-31,REAL ESTATE INVESTMENT (NOT APPLICABLE),2264,,,,,,2024-09-04
2024-08-31,"SHARES LISTED, SHARES REGISTERED FOR TRADING, LISTED FUND CERTIFICATES",2246,,,,,,2024-09-04
2024-08-31,"SHARES LISTED, SHARES REGISTERED FOR TRADING, LISTED FUND CERTIFICATES",2247,,,,,,2024-09-04
2024-08-31,"SHARES UNLISTED, UNREGISTERED FOR TRADING, UNLISTED FUND CERTIFICATES",2248,,,,,,2024-09-04
2024-08-31,"SHARES UNLISTED, UNREGISTERED FOR TRADING, UNLISTED FUND CERTIFICATES",2249,,,,0,0,2024-09-04
2024-08-31,BONDS,2251,,,,,,2024-09-04
2024-08-31,BONDS,2251.1,Listed bonds,,,660165901287,0.475345300953427,2024-09-04
2024-08-31,BONDS,2251.1.1,BAF122029,276091,100819.241999,27835285343,0.0200424954737865,2024-09-04
2024-08-31,BONDS,2251.1.2,BAF123020,280000,101608.342,28450335760,0.0204853558593357,2024-09-04
2024-08-31,BONDS,2251.1.3,CII121029,1493416,100415.959,149962799826,0.107979088402081,2024-09-04
2024-08-31,BONDS,2251.1.4,MML121021,370000,99928.53,36973556100,0.0266224082725416,2024-09-04
2024-08-31,BONDS,2251.1.5,MSN123008,1050000,100117.642,105123524100,0.0756930539780718,2024-09-04
2024-08-31,BONDS,2251.1.6,TCX124011,186856,99377.191998,18569224588,0.0133705688722285,2024-09-04
2024-08-31,BONDS,2251.1.7,TCX124013,100000,99155.691,9915569100,0.00713959804463596,2024-09-04
2024-08-31,BONDS,2251.1.8,TD2434022,1500000,99485,149227500000,0.107449643733098,2024-09-04
2024-08-31,BONDS,2251.1.9,TD2434024,500000,99947.189,49973594500,0.0359829450006687,2024-09-04
2024-08-31,BONDS,2251.1.10,VHM121024,100000,99490.41,9949041000,0.00716369912339202,2024-09-04
2024-08-31,BONDS,2251.1.11,VND122014,739270,100349.629999,74185470970,0.0534164441935874,2024-09-04
2024-08-31,BONDS,2251.2,Unlisted Bonds,,,125504621600,0.0903682422996917,2024-09-04
2024-08-31,BONDS,2251.2.1,KBCH2426001,46,999985560,45999335760,0.0331213230763173,2024-09-04
2024-08-31,BONDS,2251.2.2,KDH12101,77,1006416220,77494048940,0.0557987498955504,2024-09-04
2024-08-31,BONDS,2251.2.3,KDH12202,2,1005618450,2011236900,0.00144816932782403,2024-09-04
2024-08-31,BONDS,2252,,,,785670522887,0.565713543253119,2024-09-04
2024-08-31,OTHER SECURITIES,2253,,,,,,2024-09-04
2024-08-31,OTHER SECURITIES,2253.1,Investment - Rights,,,0,0,2024-09-04
2024-08-31,OTHER SECURITIES,2253.2,Index future contracts,,,0,0,2024-09-04
2024-08-31,OTHER SECURITIES,2254,,,,0,0,2024-09-04
2024-08-31,OTHER SECURITIES,2255,,,,785670522887,0.565713543253119,2024-09-04
2024-08-31,OTHER ASSETS,2256,,,,,,2024-09-04
2024-08-31,OTHER ASSETS,2256.1,Dividend receivables,,,0,0,2024-09-04
2024-08-31,OTHER ASSETS,2256.2,Coupon receivables,,,8480748492,0.00610647101945289,2024-09-04
2024-08-31,OTHER ASSETS,2256.3,Interest receivables from bank deposits and Money market instruments,,,4737752054,0.00341136700874874,2024-09-04
2024-08-31,OTHER ASSETS,2256.4,Outstanding Settlement of sales transactions,,,106071300000,0.0763754897408757,2024-09-04
2024-08-31,OTHER ASSETS,2256.5,Receivable from AP/Investors on securities on hold of buying,,,0,0,2024-09-04
2024-08-31,OTHER ASSETS,2256.6,Other receivables,,,0,0,2024-09-04
2024-08-31,OTHER ASSETS,2256.7,Other assets,,,54946562,3.95636763415494e-05,2024-09-04
2024-08-31,OTHER ASSETS,2257,,,,119344747108,0.0859328914454189,2024-09-04
2024-08-31,CASH,2258,,,,,,2024-09-04
2024-08-31,CASH,2259,"Cash, Cash Equivalent",,,177298083083,0.127661562793919,2024-09-04
2024-08-31,CASH,2259.1,Cash at Bank,,,73098083083,0.0526334823329529,2024-09-04
2024-08-31,CASH,2259.2,Cash Equivalents,,,104200000000,0.0750280804609659,2024-09-04
2024-08-31,CASH,2260,Deposits with term over three (03) months,,,6500000000,0.00468025453931169,2024-09-04
2024-08-31,CASH,2261.1,Money market instruments,,,300000000000,0.216011747968232,2024-09-04
2024-08-31,CASH,2262,,,,483798083083,0.348353565301462,2024-09-04
2024-08-31,Total value of portfolio,2263,,,,1388813353078,1,2024-09-04
2024-09-30,REAL ESTATE INVESTMENT (NOT APPLICABLE),,,,,,,2024-10-01
2024-09-30,REAL ESTATE INVESTMENT (NOT APPLICABLE),2264,,,,,,2024-10-01
2024-09-30,"SHARES LISTED, SHARES REGISTERED FOR TRADING, LISTED FUND CERTIFICATES",2246,,,,,,2024-10-01
2024-09-30,"SHARES LISTED, SHARES REGISTERED FOR TRADING, LISTED FUND CERTIFICATES",2247,,,,,,2024-10-01
2024-09-30,"SHARES UNLISTED, UNREGISTERED FOR TRADING, UNLISTED FUND CERTIFICATES",2248,,,,,,2024-10-01
2024-09-30,"SHARES UNLISTED, UNREGISTERED FOR TRADING, UNLISTED FUND CERTIFICATES",2249,,,,0,0,2024-10-01
2024-09-30,BONDS,2251,,,,,,2024-10-01
2024-09-30,BONDS,2251.1,Listed bonds,,,439939859256,0.3624948225333,2024-10-01
2024-09-30,BONDS,2251.1.1,BAF122029,276091,100735.178998,27812076305,0.0229161633172161,2024-10-01
2024-09-30,BONDS,2251.1.2,BAF123020,280000,100918.571,28257199880,0.0232829293374578,2024-10-01
2024-09-30,BONDS,2251.1.3,CII121029,983416,100180.151,98518763376,0.0811759627931377,2024-10-01
2024-09-30,BONDS,2251.1.4,MSN123008,700000,99624.298,69737008600,0.0574608188474013,2024-10-01
2024-09-30,BONDS,2251.1.5,TCX124011,186856,98795.150998,18460466735,0.0152107690908083,2024-10-01
2024-09-30,BONDS,2251.1.6,TD2434024,1000000,100207.5,100207500000,0.0825674218072348,2024-10-01
2024-09-30,BONDS,2251.1.7,VHM121024,100000,99989.106,9998910600,0.00823874729060232,2024-10-01
2024-09-30,BONDS,2251.1.8,VND122014,869270,100024.081999,86947933760,0.0716420100494417,2024-10-01
2024-09-30,BONDS,2251.2,Unlisted Bonds,,,125436622430,0.103355322847618,2024-10-01
2024-09-30,BONDS,2251.2.1,KBCH2426001,46,999802130,45990897980,0.0378948668793071,2024-10-01
2024-09-30,BONDS,2251.2.2,KDH12101,77,1005713270,77439921790,0.0638077457990091,2024-10-01
2024-09-30,BONDS,2251.2.3,KDH12202,2,1002901330,2005802660,0.00165271016930164,2024-10-01
2024-09-30,BONDS,2252,,,,565376481686,0.465850145380918,2024-10-01
2024-09-30,OTHER SECURITIES,2253,,,,,,2024-10-01
2024-09-30,OTHER SECURITIES,2253.1,Investment - Rights,,,0,0,2024-10-01
2024-09-30,OTHER SECURITIES,2253.2,Index future contracts,,,0,0,2024-10-01
2024-09-30,OTHER SECURITIES,2254,,,,0,0,2024-10-01
2024-09-30,OTHER SECURITIES,2255,,,,565376481686,0.465850145380918,2024-10-01
2024-09-30,OTHER ASSETS,2256,,,,,,2024-10-01
2024-09-30,OTHER ASSETS,2256.1,Dividend receivables,,,0,0,2024-10-01
2024-09-30,OTHER ASSETS,2256.2,Coupon receivables,,,11464641880,0.00944645781977247,2024-10-01
2024-09-30,OTHER ASSETS,2256.3,Interest receivables from bank deposits and Money market instruments,,,6261653425,0.00515938008185706,2024-10-01
2024-09-30,OTHER ASSETS,2256.4,Outstanding Settlement of sales transactions,,,0,0,2024-10-01
2024-09-30,OTHER ASSETS,2256.5,Receivable from AP/Investors on securities on hold of buying,,,0,0,2024-10-01
2024-09-30,OTHER ASSETS,2256.6,Other receivables,,,0,0,2024-10-01
2024-09-30,OTHER ASSETS,2256.7,Other assets,,,43058071,3.54783215873349e-05,2024-10-01
2024-09-30,OTHER ASSETS,2257,,,,17769353376,0.0146413162232169,2024-10-01
2024-09-30,CASH,2258,,,,,,2024-10-01
2024-09-30,CASH,2259,"Cash, Cash Equivalent",,,323998696966,0.266963421673888,2024-10-01
2024-09-30,CASH,2259.1,Cash at Bank,,,50498696966,0.0416091331797266,2024-10-01
2024-09-30,CASH,2259.2,Cash Equivalents,,,273500000000,0.225354288494162,2024-10-01
2024-09-30,CASH,2260,Deposits with term over three (03) months,,,6500000000,0.00535576919638776,2024-10-01
2024-09-30,CASH,2261.1,Money market instruments,,,300000000000,0.247189347525589,2024-10-01
2024-09-30,CASH,2262,,,,630498696966,0.519508538395865,2024-10-01
2024-09-30,Total value of portfolio,2263,,,,1213644532028,1,2024-10-01
2024-10-31,REAL ESTATE INVESTMENT (NOT APPLICABLE),,,,,,,2024-11-01
2024-10-31,REAL ESTATE INVESTMENT (NOT APPLICABLE),2264,,,,,,2024-11-01
2024-10-31,"SHARES LISTED, SHARES REGISTERED FOR TRADING, LISTED FUND CERTIFICATES",2246,,,,,,2024-11-01
2024-10-31,"SHARES LISTED, SHARES REGISTERED FOR TRADING, LISTED FUND CERTIFICATES",2247,,,,,,2024-11-01
2024-10-31,"SHARES UNLISTED, UNREGISTERED FOR TRADING, UNLISTED FUND CERTIFICATES",2248,,,,,,2024-11-01
2024-10-31,"SHARES UNLISTED, UNREGISTERED FOR TRADING, UNLISTED FUND CERTIFICATES",2249,,,,0,0,2024-11-01
2024-10-31,BONDS,2251,,,,,,2024-11-01
2024-10-31,BONDS,2251.1,Listed bonds,,,325253170720,0.26190238854723,2024-11-01
2024-10-31,BONDS,2251.1.1,BAF122029,276091,100676.826999,27795965843,0.0223820411347378,2024-11-01
2024-10-31,BONDS,2251.1.2,BAF123020,280000,102451.259,28686352520,0.0230990038531049,2024-11-01
2024-10-31,BONDS,2251.1.3,HDB124018,300000,99789.767,29936930100,0.0241060017389074,2024-11-01
2024-10-31,BONDS,2251.1.4,MSN123008,700000,99626.057,69738239900,0.0561550608790626,2024-11-01
2024-10-31,BONDS,2251.1.5,TCX124011,186856,99587.260002,18608477055,0.0149840340591986,2024-11-01
2024-10-31,BONDS,2251.1.6,TNG122017,128712,100802.351,12974472202,0.0104473855007203,2024-11-01
2024-10-31,BONDS,2251.1.7,VND122014,869270,100072.932,86990397600,0.0700469510002913,2024-11-01
2024-10-31,BONDS,2251.1.8,VPI124001,500000,101044.671,50522335500,0.0406819103812072,2024-11-01
2024-10-31,BONDS,2251.2,Unlisted Bonds,,,125427366970,0.100997407422393,2024-11-01
2024-10-31,BONDS,2251.2.1,KBC12401,46,999694950,45985967700,0.0370291079826365,2024-11-01
2024-10-31,BONDS,2251.2.2,KDH12101,77,1005671230,77436684710,0.0623540506671552,2024-11-01
2024-10-31,BONDS,2251.2.3,KDH12202,2,1002357280,2004714560,0.0016142487726012,2024-11-01
2024-10-31,BONDS,2252,,,,450680537690,0.362899795969623,2024-11-01
2024-10-31,OTHER SECURITIES,2253,,,,,,2024-11-01
2024-10-31,OTHER SECURITIES,2253.1,Investment - Rights,,,0,0,2024-11-01
2024-10-31,OTHER SECURITIES,2253.2,Index future contracts,,,0,0,2024-11-01
2024-10-31,OTHER SECURITIES,2254,,,,0,0,2024-11-01
2024-10-31,OTHER SECURITIES,2255,,,,450680537690,0.362899795969623,2024-11-01
2024-10-31,OTHER ASSETS,2256,,,,,,2024-11-01
2024-10-31,OTHER ASSETS,2256.1,Dividend receivables,,,0,0,2024-11-01
2024-10-31,OTHER ASSETS,2256.2,Coupon receivables,,,14005264042,0.0112774061409292,2024-11-01
2024-10-31,OTHER ASSETS,2256.3,Interest receivables from bank deposits and Money market instruments,,,8429628769,0.00678775830003551,2024-11-01
2024-10-31,OTHER ASSETS,2256.4,Outstanding Settlement of sales transactions,,,0,0,2024-11-01
2024-10-31,OTHER ASSETS,2256.5,Receivable from AP/Investors on securities on hold of buying,,,0,0,2024-11-01
2024-10-31,OTHER ASSETS,2256.6,Other receivables,,,0,0,2024-11-01
2024-10-31,OTHER ASSETS,2256.7,Other assets,,,30773299,2.47794679256681e-05,2024-11-01
2024-10-31,OTHER ASSETS,2257,,,,22465666110,0.0180899439088904,2024-11-01
2024-10-31,CASH,2258,,,,,,2024-11-01
2024-10-31,CASH,2259,"Cash, Cash Equivalent",,,462240792818,0.372208416769649,2024-11-01
2024-10-31,CASH,2259.1,Cash at Bank,,,57440792818,0.0462528337718545,2024-11-01
2024-10-31,CASH,2259.2,Cash Equivalents,,,404800000000,0.325955582997794,2024-11-01
2024-10-31,CASH,2260,Deposits with term over three (03) months,,,6500000000,0.00523397057679265,2024-11-01
2024-10-31,CASH,2261.1,Money market instruments,,,300000000000,0.241567872775045,2024-11-01
2024-10-31,CASH,2262,,,,768740792818,0.619010260121487,2024-11-01
2024-10-31,Total value of portfolio,2263,,,,1241886996618,1,2024-11-01
2024-11-30,REAL ESTATE INVESTMENT (NOT APPLICABLE),,,,,,,2024-12-02
2024-11-30,REAL ESTATE INVESTMENT (NOT APPLICABLE),2264,,,,,,2024-12-02
2024-11-30,"SHARES LISTED, SHARES REGISTERED FOR TRADING, LISTED FUND CERTIFICATES",2246,,,,,,2024-12-02
2024-11-30,"SHARES LISTED, SHARES REGISTERED FOR TRADING, LISTED FUND CERTIFICATES",2247,,,,,,2024-12-02
2024-11-30,"SHARES UNLISTED, UNREGISTERED FOR TRADING, UNLISTED FUND CERTIFICATES",2248,,,,,,2024-12-02
2024-11-30,"SHARES UNLISTED, UNREGISTERED FOR TRADING, UNLISTED FUND CERTIFICATES",2249,,,,0,0,2024-12-02
2024-11-30,BONDS,2251,,,,,,2024-12-02
2024-11-30,BONDS,2251.1,Listed bonds,,,394757655348,0.34605646593664,2024-12-02
2024-11-30,BONDS,2251.1.1,BAF122029,276091,100608.305,27777047536,0.0243501975813194,2024-12-02
2024-11-30,BONDS,2251.1.2,BAF123020,280000,102350.009,28658002520,0.0251224692884851,2024-12-02
2024-11-30,BONDS,2251.1.3,HDB124018,300000,99627.342,29888202600,0.026200899779477,2024-12-02
2024-11-30,BONDS,2251.1.4,MSN123008,700000,99632.583,69742808100,0.0611386489118419,2024-12-02
2024-11-30,BONDS,2251.1.5,TCX124011,186856,99783.877001,18645216121,0.0163449587615219,2024-12-02
2024-11-30,BONDS,2251.1.6,TCX124013,700000,99317.411,69522187700,0.060945246415644,2024-12-02
2024-11-30,BONDS,2251.1.7,TNG122017,128712,100744.456002,12967020421,0.0113672811656146,2024-12-02
2024-11-30,BONDS,2251.1.8,VND122014,869270,100105.588999,87018785350,0.076283291584994,2024-12-02
2024-11-30,BONDS,2251.1.9,VPI124001,500000,101076.77,50538385000,0.0443034724477418,2024-12-02
2024-11-30,BONDS,2251.2,Unlisted Bonds,,,95210144400,0.0834640839664924,2024-12-02
2024-11-30,BONDS,2251.2.1,KBC12401,46,999664300,45984557800,0.0403114501880876,2024-12-02
2024-11-30,BONDS,2251.2.2,KDH12101,47,1004665000,47219255000,0.0413938229900974,2024-12-02
2024-11-30,BONDS,2251.2.3,KDH12202,2,1003165800,2006331600,0.00175881078830742,2024-12-02
2024-11-30,BONDS,2252,,,,489967799748,0.429520549903132,2024-12-02
2024-11-30,OTHER SECURITIES,2253,,,,,,2024-12-02
2024-11-30,OTHER SECURITIES,2253.1,Investment - Rights,,,0,0,2024-12-02
2024-11-30,OTHER SECURITIES,2253.2,Index future contracts,,,0,0,2024-12-02
2024-11-30,OTHER SECURITIES,2254,,,,0,0,2024-12-02
2024-11-30,OTHER SECURITIES,2255,,,,489967799748,0.429520549903132,2024-12-02
2024-11-30,OTHER ASSETS,2256,,,,,,2024-12-02
2024-11-30,OTHER ASSETS,2256.1,Dividend receivables,,,0,0,2024-12-02
2024-11-30,OTHER ASSETS,2256.2,Coupon receivables,,,15268554295,0.0133848751701382,2024-12-02
2024-11-30,OTHER ASSETS,2256.3,Interest receivables from bank deposits and Money market instruments,,,10072339725,0.00882971676856775,2024-12-02
2024-11-30,OTHER ASSETS,2256.4,Outstanding Settlement of sales transactions,,,0,0,2024-12-02
2024-11-30,OTHER ASSETS,2256.5,Receivable from AP/Investors on securities on hold of buying,,,0,0,2024-12-02
2024-11-30,OTHER ASSETS,2256.6,Other receivables,,,0,0,2024-12-02
2024-11-30,OTHER ASSETS,2256.7,Other assets,,,18884808,1.65549922283606e-05,2024-12-02
2024-11-30,OTHER ASSETS,2257,,,,25359778828,0.0222311469309343,2024-12-02
2024-11-30,CASH,2258,,,,,,2024-12-02
2024-11-30,CASH,2259,"Cash, Cash Equivalent",,,318904337181,0.27956115961687,2024-12-02
2024-11-30,CASH,2259.1,Cash at Bank,,,49904337181,0.0437476470077398,2024-12-02
2024-11-30,CASH,2259.2,Cash Equivalents,,,269000000000,0.23581351260913,2024-12-02
2024-11-30,CASH,2260,Deposits with term over three (03) months,,,6500000000,0.00569809602958864,2024-12-02
2024-11-30,CASH,2261.1,Money market instruments,,,300000000000,0.262989047519475,2024-12-02
2024-11-30,CASH,2262,,,,625404337181,0.548248303165934,2024-12-02
2024-11-30,Total value of portfolio,2263,,,,1140731915757,1,2024-12-02
2024-12-31,REAL ESTATE INVESTMENT (NOT APPLICABLE),,,,,,,2025-01-03
2024-12-31,REAL ESTATE INVESTMENT (NOT APPLICABLE),2264,,,,,,2025-01-03
2024-12-31,"SHARES LISTED, SHARES REGISTERED FOR TRADING, LISTED FUND CERTIFICATES",2246,,,,,,2025-01-03
2024-12-31,"SHARES LISTED, SHARES REGISTERED FOR TRADING, LISTED FUND CERTIFICATES",2247,,,,,,2025-01-03
2024-12-31,"SHARES UNLISTED, UNREGISTERED FOR TRADING, UNLISTED FUND CERTIFICATES",2248,,,,,,2025-01-03
2024-12-31,"SHARES UNLISTED, UNREGISTERED FOR TRADING, UNLISTED FUND CERTIFICATES",2249,,,,0,0,2025-01-03
2024-12-31,BONDS,2251,,,,,,2025-01-03
2024-12-31,BONDS,2251.1,Listed bonds,,,304663481288,0.254560878255894,2025-01-03
2024-12-31,BONDS,2251.1.1,BAF122029,276091,100539.325001,27758002779,0.0231931360338266,2025-01-03
2024-12-31,BONDS,2251.1.2,BAF123020,280000,100750.686,28210192080,0.0235709617749159,2025-01-03
2024-12-31,BONDS,2251.1.3,HDB124018,300000,99787.479,29936243700,0.0250131602768324,2025-01-03
2024-12-31,BONDS,2251.1.4,MSN123009,500000,99644.332,49822166000,0.0416287973863918,2025-01-03
2024-12-31,BONDS,2251.1.5,TCX124011,186856,99366.808001,18567284276,0.0155138521103467,2025-01-03
2024-12-31,BONDS,2251.1.6,TNG122017,128712,101016.372001,13002019273,0.0108638076058291,2025-01-03
2024-12-31,BONDS,2251.1.7,VND122014,869270,100317.725999,87203189680,0.0728624266282564,2025-01-03
2024-12-31,BONDS,2251.1.8,VPI124001,500000,100328.767,50164383500,0.0419147364394947,2025-01-03
2024-12-31,BONDS,2251.2,Unlisted Bonds,,,88116488640,0.0736255314952557,2025-01-03
2024-12-31,BONDS,2251.2.1,KBC12401,46,999709240,45986625040,0.0384240198684684,2025-01-03
2024-12-31,BONDS,2251.2.2,KDH12101,40,1003246590,40129863600,0.0335304161795764,2025-01-03
2024-12-31,BONDS,2251.2.3,KDH12202,2,1000000000,2000000000,0.00167109544721086,2025-01-03
2024-12-31,BONDS,2252,,,,392779969928,0.328186409751149,2025-01-03
2024-12-31,OTHER SECURITIES,2253,,,,,,2025-01-03
2024-12-31,OTHER SECURITIES,2253.1,Investment - Rights,,,0,0,2025-01-03
2024-12-31,OTHER SECURITIES,2253.2,Index future contracts,,,0,0,2025-01-03
2024-12-31,OTHER SECURITIES,2254,,,,0,0,2025-01-03
2024-12-31,OTHER SECURITIES,2255,,,,392779969928,0.328186409751149,2025-01-03
2024-12-31,OTHER ASSETS,2256,,,,,,2025-01-03
2024-12-31,OTHER ASSETS,2256.1,Dividend receivables,,,0,0,2025-01-03
2024-12-31,OTHER ASSETS,2256.2,Coupon receivables,,,15045345017,0.0125711037798126,2025-01-03
2024-12-31,OTHER ASSETS,2256.3,Interest receivables from bank deposits and Money market instruments,,,9672578083,0.00808190059864641,2025-01-03
2024-12-31,OTHER ASSETS,2256.4,Outstanding Settlement of sales transactions,,,0,0,2025-01-03
2024-12-31,OTHER ASSETS,2256.5,Receivable from AP/Investors on securities on hold of buying,,,0,0,2025-01-03
2024-12-31,OTHER ASSETS,2256.6,Other receivables,,,0,0,2025-01-03
2024-12-31,OTHER ASSETS,2256.7,Other assets,,,0,0,2025-01-03
2024-12-31,OTHER ASSETS,2257,,,,24717923100,0.0206530043784591,2025-01-03
2024-12-31,CASH,2258,,,,,,2025-01-03
2024-12-31,CASH,2259,"Cash, Cash Equivalent",,,532821835814,0.445198072001653,2025-01-03
2024-12-31,CASH,2259.1,Cash at Bank,,,38021835814,0.0317690583616871,2025-01-03
2024-12-31,CASH,2259.2,Cash Equivalents,,,494800000000,0.413429013639966,2025-01-03
2024-12-31,CASH,2260,Deposits with term over three (03) months,,,6500000000,0.00543106020343529,2025-01-03
2024-12-31,CASH,2261.1,Money market instruments,,,240000000000,0.200531453665303,2025-01-03
2024-12-31,CASH,2262,,,,779321835814,0.651160585870392,2025-01-03
2024-12-31,Total value of portfolio,2263,,,,1196819728842,1,2025-01-03
2025-01-31,REAL ESTATE INVESTMENT (NOT APPLICABLE),,,,,,,2025-02-03
2025-01-31,REAL ESTATE INVESTMENT (NOT APPLICABLE),2264,,,,,,2025-02-03
2025-01-31,"SHARES LISTED, SHARES REGISTERED FOR TRADING, LISTED FUND CERTIFICATES",2246,,,,,,2025-02-03
2025-01-31,"SHARES LISTED, SHARES REGISTERED FOR TRADING, LISTED FUND CERTIFICATES",2247,,,,,,2025-02-03
2025-01-31,"SHARES UNLISTED, UNREGISTERED FOR TRADING, UNLISTED FUND CERTIFICATES",2248,,,,,,2025-02-03
2025-01-31,"SHARES UNLISTED, UNREGISTERED FOR TRADING, UNLISTED FUND CERTIFICATES",2249,,,,0,0,2025-02-03
2025-01-31,BONDS,2251,,,,,,2025-02-03
2025-01-31,BONDS,2251.1,Listed bonds,,,324316487747,0.273303183081357,2025-02-03
2025-01-31,BONDS,2251.1.1,BAF122029,276091,100492.188999,27744988953,0.0233808458154226,2025-02-03
2025-01-31,BONDS,2251.1.2,BAF123020,280000,100711.394,28199190320,0.0237636036586126,2025-02-03
2025-01-31,BONDS,2251.1.3,HDB124018,300000,99807.273,29942181900,0.02523243168585,2025-02-03
2025-01-31,BONDS,2251.1.4,MSN123008,700000,99658.655,69761058500,0.0587880051230948,2025-02-03
2025-01-31,BONDS,2251.1.5,TCX124011,186856,99450.142997,18582855920,0.0156598688798091,2025-02-03
2025-01-31,BONDS,2251.1.6,TNG122017,128712,100972.202001,12996334064,0.0109520779925649,2025-02-03
2025-01-31,BONDS,2251.1.7,VND122014,869270,100187.396999,87089898590,0.0733911083714237,2025-02-03
2025-01-31,BONDS,2251.1.8,VPI124001,500000,99999.959,49999979500,0.0421352415545793,2025-02-03
2025-01-31,BONDS,2251.2,Unlisted Bonds,,,109664235080,0.0924146185898729,2025-02-03
2025-01-31,BONDS,2251.2.1,KBC12401,68,993643810,67567779080,0.056939717202129,2025-02-03
2025-01-31,BONDS,2251.2.2,KDH12101,40,1002411400,40096456000,0.0337894910345425,2025-02-03
2025-01-31,BONDS,2251.2.3,KDH12202,2,1000000000,2000000000,0.00168541035320142,2025-02-03
2025-01-31,BONDS,2252,,,,433980722827,0.36571780167123,2025-02-03
2025-01-31,OTHER SECURITIES,2253,,,,,,2025-02-03
2025-01-31,OTHER SECURITIES,2253.1,Investment - Rights,,,0,0,2025-02-03
2025-01-31,OTHER SECURITIES,2253.2,Index future contracts,,,0,0,2025-02-03
2025-01-31,OTHER SECURITIES,2254,,,,0,0,2025-02-03
2025-01-31,OTHER SECURITIES,2255,,,,433980722827,0.36571780167123,2025-02-03
2025-01-31,OTHER ASSETS,2256,,,,,,2025-02-03
2025-01-31,OTHER ASSETS,2256.1,Dividend receivables,,,0,0,2025-02-03
2025-01-31,OTHER ASSETS,2256.2,Coupon receivables,,,18502110604,0.0155918243840296,2025-02-03
2025-01-31,OTHER ASSETS,2256.3,Interest receivables from bank deposits and Money market instruments,,,9710897259,0.00818342338959692,2025-02-03
2025-01-31,OTHER ASSETS,2256.4,Outstanding Settlement of sales transactions,,,0,0,2025-02-03
2025-01-31,OTHER ASSETS,2256.5,Receivable from AP/Investors on securities on hold of buying,,,0,0,2025-02-03
2025-01-31,OTHER ASSETS,2256.6,Other receivables,,,0,0,2025-02-03
2025-01-31,OTHER ASSETS,2256.7,Other assets,,,0,0,2025-02-03
2025-01-31,OTHER ASSETS,2257,,,,28213007863,0.0237752477736266,2025-02-03
2025-01-31,CASH,2258,,,,,,2025-02-03
2025-01-31,CASH,2259,"Cash, Cash Equivalent",,,477960899858,0.402780124523069,2025-02-03
2025-01-31,CASH,2259.1,Cash at Bank,,,22960899858,0.0193492691697471,2025-02-03
2025-01-31,CASH,2259.2,Cash Equivalents,,,455000000000,0.383430855353322,2025-02-03
2025-01-31,CASH,2260,Deposits with term over three (03) months,,,6500000000,0.0054775836479046,2025-02-03
2025-01-31,CASH,2261.1,Money market instruments,,,240000000000,0.20224924238417,2025-02-03
2025-01-31,CASH,2262,,,,724460899858,0.610506950555144,2025-02-03
2025-01-31,Total value of portfolio,2263,,,,1186654630548,1,2025-02-03
2025-02-28,REAL ESTATE INVESTMENT (NOT APPLICABLE),,,,,,,2025-03-03
2025-02-28,REAL ESTATE INVESTMENT (NOT APPLICABLE),2264,,,,,,2025-03-03
2025-02-28,"SHARES LISTED, SHARES REGISTERED FOR TRADING, LISTED FUND CERTIFICATES",2246,,,,,,2025-03-03
2025-02-28,"SHARES LISTED, SHARES REGISTERED FOR TRADING, LISTED FUND CERTIFICATES",2247,,,,,,2025-03-03
2025-02-28,"SHARES UNLISTED, UNREGISTERED FOR TRADING, UNLISTED FUND CERTIFICATES",2248,,,,,,2025-03-03
2025-02-28,"SHARES UNLISTED, UNREGISTERED FOR TRADING, UNLISTED FUND CERTIFICATES",2249,,,,0,0,2025-03-03
2025-02-28,BONDS,2251,,,,,,2025-03-03
2025-02-28,BONDS,2251.1,Listed bonds,,,287046622513,0.22591271494866,2025-03-03
2025-02-28,BONDS,2251.1.1,BAF122029,276091,100441.465998,27730984789,0.0218249635095402,2025-03-03
2025-02-28,BONDS,2251.1.2,BAF123020,280000,100652.066,28182578480,0.0221803787932816,2025-03-03
2025-02-28,BONDS,2251.1.3,HDB124018,300000,100000.274,30000082200,0.0236107986889064,2025-03-03
2025-02-28,BONDS,2251.1.4,MSN123008,700000,99674.667,69772266900,0.05491248113462,2025-03-03
2025-02-28,BONDS,2251.1.5,TCX124011,186856,99512.822997,18594568054,0.0146343800028043,2025-03-03
2025-02-28,BONDS,2251.1.6,TCX124013,500000,99570.366,49785183000,0.0391821570910018,2025-03-03
2025-02-28,BONDS,2251.1.7,TNG122017,128712,100908.058999,12988078090,0.010221935229857,2025-03-03
2025-02-28,BONDS,2251.1.8,VPI124001,500000,99985.762,49992881000,0.0393456204986483,2025-03-03
2025-02-28,BONDS,2251.2,Unlisted Bonds,,,105154275760,0.0827589877819439,2025-03-03
2025-02-28,BONDS,2251.2.1,KBC12401,88,1001502620,88132230560,0.069362221739394,2025-03-03
2025-02-28,BONDS,2251.2.2,KDH12101,15,1001469680,15022045200,0.0118227171095169,2025-03-03
2025-02-28,BONDS,2251.2.3,KDH12202,2,1000000000,2000000000,0.00157404893303302,2025-03-03
2025-02-28,BONDS,2252,,,,392200898273,0.308671702730603,2025-03-03
2025-02-28,OTHER SECURITIES,2253,,,,,,2025-03-03
2025-02-28,OTHER SECURITIES,2253.1,Investment - Rights,,,0,0,2025-03-03
2025-02-28,OTHER SECURITIES,2253.2,Index future contracts,,,0,0,2025-03-03
2025-02-28,OTHER SECURITIES,2254,,,,0,0,2025-03-03
2025-02-28,OTHER SECURITIES,2255,,,,392200898273,0.308671702730603,2025-03-03
2025-02-28,OTHER ASSETS,2256,,,,,,2025-03-03
2025-02-28,OTHER ASSETS,2256.1,Dividend receivables,,,0,0,2025-03-03
2025-02-28,OTHER ASSETS,2256.2,Coupon receivables,,,2839000351,0.00223436273668596,2025-03-03
2025-02-28,OTHER ASSETS,2256.3,Interest receivables from bank deposits and Money market instruments,,,10282294524,0.00809241736231672,2025-03-03
2025-02-28,OTHER ASSETS,2256.4,Outstanding Settlement of sales transactions,,,0,0,2025-03-03
2025-02-28,OTHER ASSETS,2256.5,Receivable from AP/Investors on securities on hold of buying,,,0,0,2025-03-03
2025-02-28,OTHER ASSETS,2256.6,Other receivables,,,0,0,2025-03-03
2025-02-28,OTHER ASSETS,2256.7,Other assets,,,0,0,2025-03-03
2025-02-28,OTHER ASSETS,2257,,,,13121294875,0.0103267800990027,2025-03-03
2025-02-28,CASH,2258,,,,,,2025-03-03
2025-02-28,CASH,2259,"Cash, Cash Equivalent",,,625286336249,0.492115645206432,2025-03-03
2025-02-28,CASH,2259.1,Cash at Bank,,,53286336249,0.0419376503589885,2025-03-03
2025-02-28,CASH,2259.2,Cash Equivalents,,,572000000000,0.450177994847443,2025-03-03
2025-02-28,CASH,2260,Deposits with term over three (03) months,,,0,0,2025-03-03
2025-02-28,CASH,2261.1,Money market instruments,,,240000000000,0.188885871963962,2025-03-03
2025-02-28,CASH,2262,,,,865286336249,0.681001517170394,2025-03-03
2025-02-28,Total value of portfolio,2263,,,,1270608529397,1,2025-03-03
2025-03-31,REAL ESTATE INVESTMENT (NOT APPLICABLE),,,,,,,2025-04-01
2025-03-31,REAL ESTATE INVESTMENT (NOT APPLICABLE),2264,,,,,,2025-04-01
2025-03-31,"SHARES LISTED, SHARES REGISTERED FOR TRADING, LISTED FUND CERTIFICATES",2246,,,,,,2025-04-01
2025-03-31,"SHARES LISTED, SHARES REGISTERED FOR TRADING, LISTED FUND CERTIFICATES",2247,,,,,,2025-04-01
2025-03-31,"SHARES UNLISTED, UNREGISTERED FOR TRADING, UNLISTED FUND CERTIFICATES",2248,,,,,,2025-04-01
2025-03-31,"SHARES UNLISTED, UNREGISTERED FOR TRADING, UNLISTED FUND CERTIFICATES",2249,,,,0,0,2025-04-01
2025-03-31,BONDS,2251,,,,,,2025-04-01
2025-03-31,BONDS,2251.1,Listed bonds,,,279517251519,0.226589297735583,2025-04-01
2025-03-31,BONDS,2251.1.1,BAF122029,276091,100362.054999,27709060127,0.0224622145537346,2025-04-01
2025-03-31,BONDS,2251.1.2,BAF123020,280000,100606.917,28169936760,0.0228358219502252,2025-04-01
2025-03-31,BONDS,2251.1.3,MSN123008,700000,99671.07,69769749000,0.0565585070087286,2025-04-01
2025-03-31,BONDS,2251.1.4,TCX124011,186856,99746.466,18638225651,0.0151089867918594,2025-04-01
2025-03-31,BONDS,2251.1.5,TCX124013,500000,99535.799,49767899500,0.0403441051892053,2025-04-01
2025-03-31,BONDS,2251.1.6,TNG122017,128712,100843.845997,12979813106,0.0105220222381435,2025-04-01
2025-03-31,BONDS,2251.1.7,VPI124001,725000,99975.955,72482567375,0.0587576400036867,2025-04-01
2025-03-31,BONDS,2251.2,Unlisted Bonds,,,105053303230,0.0851609482932789,2025-04-01
2025-03-31,BONDS,2251.2.1,KBC12401,103,1000475290,103048954870,0.0835361330633001,2025-04-01
2025-03-31,BONDS,2251.2.2,KDH12202,2,1002174180,2004348360,0.00162481522997874,2025-04-01
2025-03-31,BONDS,2252,,,,384570554749,0.311750246028862,2025-04-01
2025-03-31,OTHER SECURITIES,2253,,,,,,2025-04-01
2025-03-31,OTHER SECURITIES,2253.1,Investment - Rights,,,0,0,2025-04-01
2025-03-31,OTHER SECURITIES,2253.2,Index future contracts,,,0,0,2025-04-01
2025-03-31,OTHER SECURITIES,2254,,,,0,0,2025-04-01
2025-03-31,OTHER SECURITIES,2255,,,,384570554749,0.311750246028862,2025-04-01
2025-03-31,OTHER ASSETS,2256,,,,,,2025-04-01
2025-03-31,OTHER ASSETS,2256.1,Dividend receivables,,,0,0,2025-04-01
2025-03-31,OTHER ASSETS,2256.2,Coupon receivables,,,4429718946,0.00359093007564122,2025-04-01
2025-03-31,OTHER ASSETS,2256.3,Interest receivables from bank deposits and Money market instruments,,,7937938355,0.00643485104247864,2025-04-01
2025-03-31,OTHER ASSETS,2256.4,Outstanding Settlement of sales transactions,,,0,0,2025-04-01
2025-03-31,OTHER ASSETS,2256.5,Receivable from AP/Investors on securities on hold of buying,,,0,0,2025-04-01
2025-03-31,OTHER ASSETS,2256.6,Other receivables,,,0,0,2025-04-01
2025-03-31,OTHER ASSETS,2256.7,Other assets,,,0,0,2025-04-01
2025-03-31,OTHER ASSETS,2257,,,,12367657301,0.0100257811181199,2025-04-01
2025-03-31,CASH,2258,,,,,,2025-04-01
2025-03-31,CASH,2259,"Cash, Cash Equivalent",,,448647196936,0.363693663744601,2025-04-01
2025-03-31,CASH,2259.1,Cash at Bank,,,83047196936,0.0673218054713085,2025-04-01
2025-03-31,CASH,2259.2,Cash Equivalents,,,365600000000,0.296371858273292,2025-04-01
2025-03-31,CASH,2260,Deposits with term over three (03) months,,,128000000000,0.103762576200715,2025-04-01
2025-03-31,CASH,2261.1,Money market instruments,,,260000000000,0.210767732907702,2025-04-01
2025-03-31,CASH,2262,,,,836647196936,0.678223972853018,2025-04-01
2025-03-31,Total value of portfolio,2263,,,,1233585408986,1,2025-04-01
2025-04-30,REAL ESTATE INVESTMENT (NOT APPLICABLE),,,,,,,2025-05-05
2025-04-30,REAL ESTATE INVESTMENT (NOT APPLICABLE),2264,,,,,,2025-05-05
2025-04-30,"SHARES LISTED, SHARES REGISTERED FOR TRADING, LISTED FUND CERTIFICATES",2246,,,,,,2025-05-05
2025-04-30,"SHARES LISTED, SHARES REGISTERED FOR TRADING, LISTED FUND CERTIFICATES",2247,,,,,,2025-05-05
2025-04-30,"SHARES UNLISTED, UNREGISTERED FOR TRADING, UNLISTED FUND CERTIFICATES",2248,,,,,,2025-05-05
2025-04-30,"SHARES UNLISTED, UNREGISTERED FOR TRADING, UNLISTED FUND CERTIFICATES",2249,,,,0,0,2025-05-05
2025-04-30,BONDS,2251,,,,,,2025-05-05
2025-04-30,BONDS,2251.1,Listed bonds,,,367180862215,0.334968022398692,2025-05-05
2025-04-30,BONDS,2251.1.1,BAF122029,276091,100232.957,27673417331,0.0252456236974326,2025-05-05
2025-04-30,BONDS,2251.1.2,BAF123020,280000,100736.23,28206144400,0.0257316145295929,2025-05-05
2025-04-30,BONDS,2251.1.3,DSE125004,500000,100147.161,50073580500,0.0456806167220266,2025-05-05
2025-04-30,BONDS,2251.1.4,MSN123008,700000,99672.549,69770784300,0.0636497814651679,2025-05-05
2025-04-30,BONDS,2251.1.5,TCX124011,186856,99999.598,18685524884,0.0170462405914012,2025-05-05
2025-04-30,BONDS,2251.1.6,TCX124013,500000,99651.836,49825918000,0.0454546816954927,2025-05-05
2025-04-30,BONDS,2251.1.7,VPI124001,725000,100376.808,72773185800,0.0663887817682746,2025-05-05
2025-04-30,BONDS,2251.1.8,VRE12007,500000,100344.614,50172307000,0.0457706819293031,2025-05-05
2025-04-30,BONDS,2251.2,Unlisted Bonds,,,94781061100,0.0864659024056826,2025-05-05
2025-04-30,BONDS,2251.2.1,KBC12401,95,997695380,94781061100,0.0864659024056826,2025-05-05
2025-04-30,BONDS,2252,,,,461961923315,0.421433924804374,2025-05-05
2025-04-30,OTHER SECURITIES,2253,,,,,,2025-05-05
2025-04-30,OTHER SECURITIES,2253.1,Investment - Rights,,,0,0,2025-05-05
2025-04-30,OTHER SECURITIES,2253.2,Index future contracts,,,0,0,2025-05-05
2025-04-30,OTHER SECURITIES,2254,,,,0,0,2025-05-05
2025-04-30,OTHER SECURITIES,2255,,,,461961923315,0.421433924804374,2025-05-05
2025-04-30,OTHER ASSETS,2256,,,,,,2025-05-05
2025-04-30,OTHER ASSETS,2256.1,Dividend receivables,,,0,0,2025-05-05
2025-04-30,OTHER ASSETS,2256.2,Coupon receivables,,,9001352204,0.00821166203624871,2025-05-05
2025-04-30,OTHER ASSETS,2256.3,Interest receivables from bank deposits and Money market instruments,,,3981445204,0.00363215233557495,2025-05-05
2025-04-30,OTHER ASSETS,2256.4,Outstanding Settlement of sales transactions,,,0,0,2025-05-05
2025-04-30,OTHER ASSETS,2256.5,Receivable from AP/Investors on securities on hold of buying,,,0,0,2025-05-05
2025-04-30,OTHER ASSETS,2256.6,Other receivables,,,0,0,2025-05-05
2025-04-30,OTHER ASSETS,2256.7,Other assets,,,46228246,4.21726340751199e-05,2025-05-05
2025-04-30,OTHER ASSETS,2257,,,,13029025654,0.0118859870058988,2025-05-05
2025-04-30,CASH,2258,,,,,,2025-05-05
2025-04-30,CASH,2259,"Cash, Cash Equivalent",,,220175961489,0.20085988674572,2025-05-05
2025-04-30,CASH,2259.1,Cash at Bank,,,17175961489,0.0156691114511234,2025-05-05
2025-04-30,CASH,2259.2,Cash Equivalents,,,203000000000,0.185190775294597,2025-05-05
2025-04-30,CASH,2260,Deposits with term over three (03) months,,,191000000000,0.174243537346148,2025-05-05
2025-04-30,CASH,2261.1,Money market instruments,,,210000000000,0.191576664097859,2025-05-05
2025-04-30,CASH,2262,,,,621175961489,0.566680088189727,2025-05-05
2025-04-30,Total value of portfolio,2263,,,,1096166910458,1,2025-05-05
2025-05-31,REAL ESTATE INVESTMENT (NOT APPLICABLE),,,,,,,2025-06-02
2025-05-31,REAL ESTATE INVESTMENT (NOT APPLICABLE),2264,,,,,,2025-06-02
2025-05-31,"SHARES LISTED, SHARES REGISTERED FOR TRADING, LISTED FUND CERTIFICATES",2246,,,,,,2025-06-02
2025-05-31,"SHARES LISTED, SHARES REGISTERED FOR TRADING, LISTED FUND CERTIFICATES",2247,,,,,,2025-06-02
2025-05-31,"SHARES UNLISTED, UNREGISTERED FOR TRADING, UNLISTED FUND CERTIFICATES",2248,,,,,,2025-06-02
2025-05-31,"SHARES UNLISTED, UNREGISTERED FOR TRADING, UNLISTED FUND CERTIFICATES",2249,,,,0,0,2025-06-02
2025-05-31,BONDS,2251,,,,,,2025-06-02
2025-05-31,BONDS,2251.1,Listed bonds,,,379453813948,0.291812167428791,2025-06-02
2025-05-31,BONDS,2251.1.1,BAF122029,276091,100051.818,27623406483,0.0212432865905398,2025-06-02
2025-05-31,BONDS,2251.1.2,BAF123020,280000,100488.3,28136724000,0.0216380442440641,2025-06-02
2025-05-31,BONDS,2251.1.3,DSE125004,500000,100473.824,50236912000,0.0386337984671262,2025-06-02
2025-05-31,BONDS,2251.1.4,MSN123008,700000,99679.346,69775542200,0.0536596324887417,2025-06-02
2025-05-31,BONDS,2251.1.5,TCX124011,186856,100074.219,18699468265,0.0143804915475782,2025-06-02
2025-05-31,BONDS,2251.1.6,TCX124013,500000,99999.494,49999747000,0.0384514109666075,2025-06-02
2025-05-31,BONDS,2251.1.7,VPI124001,850000,99759.74,84795779000,0.0652106768972777,2025-06-02
2025-05-31,BONDS,2251.1.8,VRE12007,500000,100372.47,50186235000,0.0385948262268556,2025-06-02
2025-05-31,BONDS,2251.2,Unlisted Bonds,,,95028229250,0.073079759709999,2025-06-02
2025-05-31,BONDS,2251.2.1,KBC12401,95,1000297150,95028229250,0.073079759709999,2025-06-02
2025-05-31,BONDS,2252,,,,474482043198,0.36489192713879,2025-06-02
2025-05-31,OTHER SECURITIES,2253,,,,,,2025-06-02
2025-05-31,OTHER SECURITIES,2253.1,Investment - Rights,,,0,0,2025-06-02
2025-05-31,OTHER SECURITIES,2253.2,Index future contracts,,,0,0,2025-06-02
2025-05-31,OTHER SECURITIES,2254,,,,0,0,2025-06-02
2025-05-31,OTHER SECURITIES,2255,,,,474482043198,0.36489192713879,2025-06-02
2025-05-31,OTHER ASSETS,2256,,,,,,2025-06-02
2025-05-31,OTHER ASSETS,2256.1,Dividend receivables,,,0,0,2025-06-02
2025-05-31,OTHER ASSETS,2256.2,Coupon receivables,,,10670331645,0.00820582766612584,2025-06-02
2025-05-31,OTHER ASSETS,2256.3,Interest receivables from bank deposits and Money market instruments,,,6725198575,0.00517189365456926,2025-06-02
2025-05-31,OTHER ASSETS,2256.4,Outstanding Settlement of sales transactions,,,0,0,2025-06-02
2025-05-31,OTHER ASSETS,2256.5,Receivable from AP/Investors on securities on hold of buying,,,0,0,2025-06-02
2025-05-31,OTHER ASSETS,2256.6,Other receivables,,,0,0,2025-06-02
2025-05-31,OTHER ASSETS,2256.7,Other assets,,,40378958,3.10527152959671e-05,2025-06-02
2025-05-31,OTHER ASSETS,2257,,,,17435909178,0.0134087740359911,2025-06-02
2025-05-31,CASH,2258,,,,,,2025-06-02
2025-05-31,CASH,2259,"Cash, Cash Equivalent",,,377422942046,0.290250361723567,2025-06-02
2025-05-31,CASH,2259.1,Cash at Bank,,,25348514649,0.0194938217219733,2025-06-02
2025-05-31,CASH,2259.2,Cash Equivalents,,,352074427397,0.270756540001594,2025-06-02
2025-05-31,CASH,2260,Deposits with term over three (03) months,,,191000000000,0.146885133131214,2025-06-02
2025-05-31,CASH,2261.1,Money market instruments,,,239994925333,0.184563803970438,2025-06-02
2025-05-31,CASH,2262,,,,808417867379,0.621699298825219,2025-06-02
2025-05-31,Total value of portfolio,2263,,,,1300335819755,1,2025-06-02
2025-06-30,REAL ESTATE INVESTMENT (NOT APPLICABLE),,,,,,,2025-07-01
2025-06-30,REAL ESTATE INVESTMENT (NOT APPLICABLE),2264,,,,,,2025-07-01
2025-06-30,"SHARES LISTED, SHARES REGISTERED FOR TRADING, LISTED FUND CERTIFICATES",2246,,,,,,2025-07-01
2025-06-30,"SHARES LISTED, SHARES REGISTERED FOR TRADING, LISTED FUND CERTIFICATES",2247,,,,,,2025-07-01
2025-06-30,"SHARES UNLISTED, UNREGISTERED FOR TRADING, UNLISTED FUND CERTIFICATES",2248,,,,,,2025-07-01
2025-06-30,"SHARES UNLISTED, UNREGISTERED FOR TRADING, UNLISTED FUND CERTIFICATES",2249,,,,0,0,2025-07-01
2025-06-30,BONDS,2251,,,,,,2025-07-01
2025-06-30,BONDS,2251.1,Listed bonds,,,419416155586,0.273836981362333,2025-07-01
2025-06-30,BONDS,2251.1.1,BAF122029,276091,100113.877,27640540415,0.0180465202631308,2025-07-01
2025-06-30,BONDS,2251.1.2,BAF123020,380000,100467.744,38177742720,0.0249262640039838,2025-07-01
2025-06-30,BONDS,2251.1.3,DSE125004,500000,100188.535,50094267500,0.0327065679589552,2025-07-01
2025-06-30,BONDS,2251.1.4,HDB124018,300000,100001.96,30000588000,0.0195873963069849,2025-07-01
2025-06-30,BONDS,2251.1.5,MSN123008,700000,99691.57,69784099000,0.0455620670847808,2025-07-01
2025-06-30,BONDS,2251.1.6,TCX124011,186856,99806.151,18649378151,0.012176186704156,2025-07-01
2025-06-30,BONDS,2251.1.7,TCX124013,500000,100000.192,50000096000,0.0326450833476761,2025-07-01
2025-06-30,BONDS,2251.1.8,VPI124001,850000,99983.788,84986219800,0.0554875380394254,2025-07-01
2025-06-30,BONDS,2251.1.9,VRE12007,500000,100166.448,50083224000,0.03269935765324,2025-07-01
2025-06-30,BONDS,2251.2,Unlisted Bonds,,,109997406050,0.0718173518812928,2025-07-01
2025-06-30,BONDS,2251.2.1,KBC12401,95,1000000000,95000000000,0.0620255392715492,2025-07-01
2025-06-30,BONDS,2251.2.2,VN00NL050628,150,99982707,14997406050,0.00979181260974363,2025-07-01
2025-06-30,BONDS,2252,,,,529413561636,0.345654333243626,2025-07-01
2025-06-30,OTHER SECURITIES,2253,,,,,,2025-07-01
2025-06-30,OTHER SECURITIES,2253.1,Investment - Rights,,,0,0,2025-07-01
2025-06-30,OTHER SECURITIES,2253.2,Index future contracts,,,0,0,2025-07-01
2025-06-30,OTHER SECURITIES,2254,,,,0,0,2025-07-01
2025-06-30,OTHER SECURITIES,2255,,,,529413561636,0.345654333243626,2025-07-01
2025-06-30,OTHER ASSETS,2256,,,,,,2025-07-01
2025-06-30,OTHER ASSETS,2256.1,Dividend receivables,,,0,0,2025-07-01
2025-06-30,OTHER ASSETS,2256.2,Coupon receivables,,,16915891697,0.0110443926817426,2025-07-01
2025-06-30,OTHER ASSETS,2256.3,Interest receivables from bank deposits and Money market instruments,,,9233779244,0.00602873828551093,2025-07-01
2025-06-30,OTHER ASSETS,2256.4,Outstanding Settlement of sales transactions,,,0,0,2025-07-01
2025-06-30,OTHER ASSETS,2256.5,Receivable from AP/Investors on securities on hold of buying,,,0,0,2025-07-01
2025-06-30,OTHER ASSETS,2256.6,Other receivables,,,0,0,2025-07-01
2025-06-30,OTHER ASSETS,2256.7,Other assets,,,34718356,2.26676289844382e-05,2025-07-01
2025-06-30,OTHER ASSETS,2257,,,,26184389297,0.017095798596238,2025-07-01
2025-06-30,CASH,2258,,,,,,2025-07-01
2025-06-30,CASH,2259,"Cash, Cash Equivalent",,,519034274674,0.338877692495497,2025-07-01
2025-06-30,CASH,2259.1,Cash at Bank,,,101459847277,0.0662431762291047,2025-07-01
2025-06-30,CASH,2259.2,Cash Equivalents,,,417574427397,0.272634516266393,2025-07-01
2025-06-30,CASH,2260,Deposits with term over three (03) months,,,217000000000,0.141679389704486,2025-07-01
2025-06-30,CASH,2261.1,Money market instruments,,,239994925333,0.156692785960153,2025-07-01
2025-06-30,CASH,2262,,,,976029200007,0.637249868160136,2025-07-01
2025-06-30,Total value of portfolio,2263,,,,1531627150940,1,2025-07-01
2025-07-31,REAL ESTATE INVESTMENT (NOT APPLICABLE),,,,,,,2025-08-01
2025-07-31,REAL ESTATE INVESTMENT (NOT APPLICABLE),2264,,,,,,2025-08-01
2025-07-31,"SHARES LISTED, SHARES REGISTERED FOR TRADING, LISTED FUND CERTIFICATES",2246,,,,,,2025-08-01
2025-07-31,"SHARES LISTED, SHARES REGISTERED FOR TRADING, LISTED FUND CERTIFICATES",2247,,,,,,2025-08-01
2025-07-31,"SHARES UNLISTED, UNREGISTERED FOR TRADING, UNLISTED FUND CERTIFICATES",2248,,,,,,2025-08-01
2025-07-31,"SHARES UNLISTED, UNREGISTERED FOR TRADING, UNLISTED FUND CERTIFICATES",2249,,,,0,0,2025-08-01
2025-07-31,BONDS,2251,,,,,,2025-08-01
2025-07-31,BONDS,2251.1,Listed bonds,,,489361916056,0.259619149817784,2025-08-01
2025-07-31,BONDS,2251.1.1,BAF122029,476091,100049.767,47632793621,0.0252704286492021,2025-08-01
2025-07-31,BONDS,2251.1.2,BAF123020,380000,100415.946,38158059480,0.020243837200769,2025-08-01
2025-07-31,BONDS,2251.1.3,DSE125004,500000,100271.397,50135698500,0.0265982844047088,2025-08-01
2025-07-31,BONDS,2251.1.4,HDB124018,300000,99795.635,29938690500,0.0158832494300155,2025-08-01
2025-07-31,BONDS,2251.1.5,MSN123008,700000,99709.262,69796483400,0.0370288391598202,2025-08-01
2025-07-31,BONDS,2251.1.6,TCX124011,186856,100337.260002,18748619055,0.00994662718861758,2025-08-01
2025-07-31,BONDS,2251.1.7,TCX124013,500000,99996.728,49998364000,0.0265254249014234,2025-08-01
2025-07-31,BONDS,2251.1.8,VPI124001,1350000,100000,135000000000,0.071620990672658,2025-08-01
2025-07-31,BONDS,2251.1.9,VRE12007,500000,99906.415,49953207500,0.0265014682105693,2025-08-01
2025-07-31,BONDS,2251.2,Unlisted Bonds,,,129919236350,0.0689255141838681,2025-08-01
2025-07-31,BONDS,2251.2.1,KBC12401,115,999189680,114906813200,0.0609610355290522,2025-08-01
2025-07-31,BONDS,2251.2.2,NLG12501,150,100082821,15012423150,0.00796447865481589,2025-08-01
2025-07-31,BONDS,2252,,,,619281152406,0.328544664001652,2025-08-01
2025-07-31,OTHER SECURITIES,2253,,,,,,2025-08-01
2025-07-31,OTHER SECURITIES,2253.1,Investment - Rights,,,0,0,2025-08-01
2025-07-31,OTHER SECURITIES,2253.2,Index future contracts,,,0,0,2025-08-01
2025-07-31,OTHER SECURITIES,2254,,,,0,0,2025-08-01
2025-07-31,OTHER SECURITIES,2255,,,,619281152406,0.328544664001652,2025-08-01
2025-07-31,OTHER ASSETS,2256,,,,,,2025-08-01
2025-07-31,OTHER ASSETS,2256.1,Dividend receivables,,,0,0,2025-08-01
2025-07-31,OTHER ASSETS,2256.2,Coupon receivables,,,14779868589,0.00784110244708059,2025-08-01
2025-07-31,OTHER ASSETS,2256.3,Interest receivables from bank deposits and Money market instruments,,,16473060960,0.00873938478049101,2025-08-01
2025-07-31,OTHER ASSETS,2256.4,Outstanding Settlement of sales transactions,,,0,0,2025-08-01
2025-07-31,OTHER ASSETS,2256.5,Receivable from AP/Investors on securities on hold of buying,,,0,0,2025-08-01
2025-07-31,OTHER ASSETS,2256.6,Other receivables,,,0,0,2025-08-01
2025-07-31,OTHER ASSETS,2256.7,Other assets,,,28869068,1.53157870367135e-05,2025-08-01
2025-07-31,OTHER ASSETS,2257,,,,31281798617,0.0165958030146083,2025-08-01
2025-07-31,CASH,2258,,,,,,2025-08-01
2025-07-31,CASH,2259,"Cash, Cash Equivalent",,,567396099429,0.301018301814125,2025-08-01
2025-07-31,CASH,2259.1,Cash at Bank,,,31696099429,0.0168156003078818,2025-08-01
2025-07-31,CASH,2259.2,Cash Equivalents,,,535700000000,0.284202701506244,2025-08-01
2025-07-31,CASH,2260,Deposits with term over three (03) months,,,227000000000,0.120429369501432,2025-08-01
2025-07-31,CASH,2261.1,Money market instruments,,,439963215103,0.233411861668182,2025-08-01
2025-07-31,CASH,2262,,,,1234359314532,0.65485953298374,2025-08-01
2025-07-31,Total value of portfolio,2263,,,,1884922265555,1,2025-08-01
2025-08-31,REAL ESTATE INVESTMENT (NOT APPLICABLE),,,,,,,2025-09-03
2025-08-31,REAL ESTATE INVESTMENT (NOT APPLICABLE),2264,,,,,,2025-09-03
2025-08-31,"SHARES LISTED, SHARES REGISTERED FOR TRADING, LISTED FUND CERTIFICATES",2246,,,,,,2025-09-03
2025-08-31,"SHARES LISTED, SHARES REGISTERED FOR TRADING, LISTED FUND CERTIFICATES",2247,,,,,,2025-09-03
2025-08-31,"SHARES UNLISTED, UNREGISTERED FOR TRADING, UNLISTED FUND CERTIFICATES",2248,,,,,,2025-09-03
2025-08-31,"SHARES UNLISTED, UNREGISTERED FOR TRADING, UNLISTED FUND CERTIFICATES",2249,,,,0,0,2025-09-03
2025-08-31,BONDS,2251,,,,,,2025-09-03
2025-08-31,BONDS,2251.1,Listed bonds,,,420372299736,0.213879808400344,2025-09-03
2025-08-31,BONDS,2251.1.1,BAF123020,418000,100369.291,41954363638,0.0213458195558773,2025-09-03
2025-08-31,BONDS,2251.1.2,DSE125004,500000,100092.296,50046148000,0.0254628113035456,2025-09-03
2025-08-31,BONDS,2251.1.3,HDB124018,300000,99787.713,29936313900,0.0152311964541089,2025-09-03
2025-08-31,BONDS,2251.1.4,MSN123008,700000,99722.875,69806012500,0.0355163662973711,2025-09-03
2025-08-31,BONDS,2251.1.5,MSN123009,250000,99723.256,24930814000,0.0126844649967025,2025-09-03
2025-08-31,BONDS,2251.1.6,TCX124011,186856,100177.507,18718768248,0.00952385913364651,2025-09-03
2025-08-31,BONDS,2251.1.7,TCX124013,500000,99999.322,49999661000,0.0254391593391813,2025-09-03
2025-08-31,BONDS,2251.1.8,VPI124001,1350000,99985.347,134980218450,0.0686761313199113,2025-09-03
2025-08-31,BONDS,2251.2,Unlisted Bonds,,,169135794800,0.0860540321238632,2025-09-03
2025-08-31,BONDS,2251.2.1,KBC12401,170,994916440,169135794800,0.0860540321238632,2025-09-03
2025-08-31,BONDS,2252,,,,589508094536,0.299933840524208,2025-09-03
2025-08-31,OTHER SECURITIES,2253,,,,,,2025-09-03
2025-08-31,OTHER SECURITIES,2253.1,Investment - Rights,,,0,0,2025-09-03
2025-08-31,OTHER SECURITIES,2253.2,Index future contracts,,,0,0,2025-09-03
2025-08-31,OTHER SECURITIES,2254,,,,0,0,2025-09-03
2025-08-31,OTHER SECURITIES,2255,,,,589508094536,0.299933840524208,2025-09-03
2025-08-31,OTHER ASSETS,2256,,,,,,2025-09-03
2025-08-31,OTHER ASSETS,2256.1,Dividend receivables,,,0,0,2025-09-03
2025-08-31,OTHER ASSETS,2256.2,Coupon receivables,,,3133895648,0.00159448422543982,2025-09-03
2025-08-31,OTHER ASSETS,2256.3,Interest receivables from bank deposits and Money market instruments,,,19558855875,0.00995128449163299,2025-09-03
2025-08-31,OTHER ASSETS,2256.4,Outstanding Settlement of sales transactions,,,0,0,2025-09-03
2025-08-31,OTHER ASSETS,2256.5,Receivable from AP/Investors on securities on hold of buying,,,0,0,2025-09-03
2025-08-31,OTHER ASSETS,2256.6,Other receivables,,,0,0,2025-09-03
2025-08-31,OTHER ASSETS,2256.7,Other assets,,,23019780,1.17121564358786e-05,2025-09-03
2025-08-31,OTHER ASSETS,2257,,,,22715771303,0.0115574808735087,2025-09-03
2025-08-31,CASH,2258,,,,,,2025-09-03
2025-08-31,CASH,2259,"Cash, Cash Equivalent",,,436906455665,0.222292165980463,2025-09-03
2025-08-31,CASH,2259.1,Cash at Bank,,,30206455665,0.0153686409740628,2025-09-03
2025-08-31,CASH,2259.2,Cash Equivalents,,,406700000000,0.2069235250064,2025-09-03
2025-08-31,CASH,2260,Deposits with term over three (03) months,,,297000000000,0.151109630998035,2025-09-03
2025-08-31,CASH,2261.1,Money market instruments,,,619330106388,0.315106881623786,2025-09-03
2025-08-31,CASH,2262,,,,1353236562053,0.688508678602284,2025-09-03
2025-08-31,Total value of portfolio,2263,,,,1965460427892,1,2025-09-03
2025-09-30,REAL ESTATE INVESTMENT (NOT APPLICABLE),,,,,,,2025-10-01
2025-09-30,REAL ESTATE INVESTMENT (NOT APPLICABLE),2264,,,,,,2025-10-01
2025-09-30,"SHARES LISTED, SHARES REGISTERED FOR TRADING, LISTED FUND CERTIFICATES",2246,,,,,,2025-10-01
2025-09-30,"SHARES LISTED, SHARES REGISTERED FOR TRADING, LISTED FUND CERTIFICATES",2247,,,,,,2025-10-01
2025-09-30,"SHARES UNLISTED, UNREGISTERED FOR TRADING, UNLISTED FUND CERTIFICATES",2248,,,,,,2025-10-01
2025-09-30,"SHARES UNLISTED, UNREGISTERED FOR TRADING, UNLISTED FUND CERTIFICATES",2249,,,,0,0,2025-10-01
2025-09-30,BONDS,2251,,,,,,2025-10-01
2025-09-30,BONDS,2251.1,Listed bonds,,,475503198481,0.235156285679466,2025-10-01
2025-09-30,BONDS,2251.1.1,BAF123020,418000,100324.926,41935819068,0.0207390223251065,2025-10-01
2025-09-30,BONDS,2251.1.2,CII124021,250,99996158,24999039500,0.0123630740932001,2025-10-01
2025-09-30,BONDS,2251.1.3,DSE125004,500000,100485.862,50242931000,0.024847237775377,2025-10-01
2025-09-30,BONDS,2251.1.4,HDB124018,300000,99810.604,29943181200,0.014808159639962,2025-10-01
2025-09-30,BONDS,2251.1.5,MSN123008,700000,99719.794,69803855800,0.0345209359442173,2025-10-01
2025-09-30,BONDS,2251.1.6,MSN123009,250000,99719.82,24929955000,0.0123289089088861,2025-10-01
2025-09-30,BONDS,2251.1.7,SHB125010,300000,100000.068,30000020400,0.014836269009564,2025-10-01
2025-09-30,BONDS,2251.1.8,TCX124011,186856,99997.534,18685139213,0.0092405854445759,2025-10-01
2025-09-30,BONDS,2251.1.9,TCX124013,500000,99992.562,49996281000,0.0247252589999489,2025-10-01
2025-09-30,BONDS,2251.1.10,VPI124001,1350000,99975.538,134966976300,0.0667468335386279,2025-10-01
2025-09-30,BONDS,2251.2,"Unlisted Bonds, Private placement bonds",,,184950033350,0.0914655527403716,2025-10-01
2025-09-30,BONDS,2251.2.1,KBC12401,185,999729910,184950033350,0.0914655527403716,2025-10-01
2025-09-30,BONDS,2252,,,,660453231831,0.326621838419837,2025-10-01
2025-09-30,OTHER SECURITIES,2253,,,,,,2025-10-01
2025-09-30,OTHER SECURITIES,2253.1,Investment - Rights,,,0,0,2025-10-01
2025-09-30,OTHER SECURITIES,2253.2,Index future contracts,,,0,0,2025-10-01
2025-09-30,OTHER SECURITIES,2254,,,,0,0,2025-10-01
2025-09-30,OTHER SECURITIES,2255,,,,660453231831,0.326621838419837,2025-10-01
2025-09-30,OTHER ASSETS,2256,,,,,,2025-10-01
2025-09-30,OTHER ASSETS,2256.1,Dividend receivables,,,0,0,2025-10-01
2025-09-30,OTHER ASSETS,2256.2,Coupon receivables,,,8532253878,0.00421955759043095,2025-10-01
2025-09-30,OTHER ASSETS,2256.3,Interest receivables from bank deposits and Money market instruments,,,26283187788,0.0129981393096537,2025-10-01
2025-09-30,OTHER ASSETS,2256.4,Outstanding Settlement of sales transactions,,,0,0,2025-10-01
2025-09-30,OTHER ASSETS,2256.5,Receivable from AP/Investors on securities on hold of buying,,,0,0,2025-10-01
2025-09-30,OTHER ASSETS,2256.6,Other receivables,,,0,0,2025-10-01
2025-09-30,OTHER ASSETS,2256.7,Other assets,,,17359178,8.58484198207093e-06,2025-10-01
2025-09-30,OTHER ASSETS,2257,,,,34832800844,0.0172262817420668,2025-10-01
2025-09-30,CASH,2258,,,,,,2025-10-01
2025-09-30,CASH,2259,"Cash, Cash Equivalent",,,260768867647,0.128961147964095,2025-10-01
2025-09-30,CASH,2259.1,Cash at Bank,,,14268867647,0.00705655383063526,2025-10-01
2025-09-30,CASH,2259.2,Cash Equivalents,,,246500000000,0.12190459413346,2025-10-01
2025-09-30,CASH,2260,Deposits with term over three (03) months,,,199000000000,0.0984138508420223,2025-10-01
2025-09-30,CASH,2261.1,Money market instruments,,,867018195054,0.428776881031979,2025-10-01
2025-09-30,CASH,2262,,,,1326787062701,0.656151879838096,2025-10-01
2025-09-30,Total value of portfolio,2263,,,,2022073095376,1,2025-10-01
2025-10-31,REAL ESTATE INVESTMENT (NOT APPLICABLE),,,,,,,2025-11-03
2025-10-31,REAL ESTATE INVESTMENT (NOT APPLICABLE),2264,,,,,,2025-11-03
2025-10-31,"SHARES LISTED, SHARES REGISTERED FOR TRADING, LISTED FUND CERTIFICATES",2246,,,,,,2025-11-03
2025-10-31,"SHARES LISTED, SHARES REGISTERED FOR TRADING, LISTED FUND CERTIFICATES",2247,,,,,,2025-11-03
2025-10-31,"SHARES UNLISTED, UNREGISTERED FOR TRADING, UNLISTED FUND CERTIFICATES",2248,,,,,,2025-11-03
2025-10-31,"SHARES UNLISTED, UNREGISTERED FOR TRADING, UNLISTED FUND CERTIFICATES",2249,,,,0,0,2025-11-03
2025-10-31,BONDS,2251,,,,,,2025-11-03
2025-10-31,BONDS,2251.1,Listed bonds,,,455424961026,0.234913093571062,2025-11-03
2025-10-31,BONDS,2251.1.1,BAF123020,418000,100289.125,41920854250,0.0216232275341775,2025-11-03
2025-10-31,BONDS,2251.1.2,CII124021,250,99995333,24998833250,0.0128946670845505,2025-11-03
2025-10-31,BONDS,2251.1.3,DSE125004,500000,100287.64,50143820000,0.0258647217164674,2025-11-03
2025-10-31,BONDS,2251.1.4,HDB124018,300000,99722.957,29916887100,0.0154314521602956,2025-11-03
2025-10-31,BONDS,2251.1.5,MSN123008,500000,99999.603,49999801500,0.0257904354250655,2025-11-03
2025-10-31,BONDS,2251.1.6,MSN123009,250000,98923.329,24730832250,0.0127564292860593,2025-11-03
2025-10-31,BONDS,2251.1.7,SHB125010,300000,99902.733,29970819900,0.0154592712786514,2025-11-03
2025-10-31,BONDS,2251.1.8,TCX124011,186856,99997.358,18685106326,0.00963797882499967,2025-11-03
2025-10-31,BONDS,2251.1.9,TCX124013,500000,99993.441,49996720500,0.0257888462121255,2025-11-03
2025-10-31,BONDS,2251.1.10,VPI124001,1350000,100045.397,135061285950,0.06966606404867,2025-11-03
2025-10-31,BONDS,2251.2,"Unlisted Bonds, Private placement bonds",,,184943565750,0.0953958805167804,2025-11-03
2025-10-31,BONDS,2251.2.1,KBC12401,185,999694950,184943565750,0.0953958805167804,2025-11-03
2025-10-31,BONDS,2252,,,,640368526776,0.330308974087843,2025-11-03
2025-10-31,OTHER SECURITIES,2253,,,,,,2025-11-03
2025-10-31,OTHER SECURITIES,2253.1,Investment - Rights,,,0,0,2025-11-03
2025-10-31,OTHER SECURITIES,2253.2,Index future contracts,,,0,0,2025-11-03
2025-10-31,OTHER SECURITIES,2254,,,,0,0,2025-11-03
2025-10-31,OTHER SECURITIES,2255,,,,640368526776,0.330308974087843,2025-11-03
2025-10-31,OTHER ASSETS,2256,,,,,,2025-11-03
2025-10-31,OTHER ASSETS,2256.1,Dividend receivables,,,0,0,2025-11-03
2025-10-31,OTHER ASSETS,2256.2,Coupon receivables,,,12743707153,0.00657334122427251,2025-11-03
2025-10-31,OTHER ASSETS,2256.3,Interest receivables from bank deposits and Money market instruments,,,18529231679,0.00955757700544728,2025-11-03
2025-10-31,OTHER ASSETS,2256.4,Outstanding Settlement of sales transactions,,,20355400000,0.0104995342681786,2025-11-03
2025-10-31,OTHER ASSETS,2256.5,Receivable from AP/Investors on securities on hold of buying,,,0,0,2025-11-03
2025-10-31,OTHER ASSETS,2256.6,Other receivables,,,0,0,2025-11-03
2025-10-31,OTHER ASSETS,2256.7,Other assets,,,11509890,5.93692506548466e-06,2025-11-03
2025-10-31,OTHER ASSETS,2257,,,,51639848722,0.0266363894229639,2025-11-03
2025-10-31,CASH,2258,,,,,,2025-11-03
2025-10-31,CASH,2259,"Cash, Cash Equivalent",,,143099683657,0.0738123560491168,2025-11-03
2025-10-31,CASH,2259.1,Cash at Bank,,,15099683657,0.00778857924655513,2025-11-03
2025-10-31,CASH,2259.2,Cash Equivalents,,,128000000000,0.0660237768025617,2025-11-03
2025-10-31,CASH,2260,Deposits with term over three (03) months,,,136000000000,0.0701502628527218,2025-11-03
2025-10-31,CASH,2261.1,Money market instruments,,,967587456292,0.499092017587355,2025-11-03
2025-10-31,CASH,2262,,,,1246687139949,0.643054636489193,2025-11-03
2025-10-31,Total value of portfolio,2263,,,,1938695515447,1,2025-11-03
2025-11-30,REAL ESTATE INVESTMENT (NOT APPLICABLE),,,,,,,2025-12-02
2025-11-30,REAL ESTATE INVESTMENT (NOT APPLICABLE),2264,,,,,,2025-12-02
2025-11-30,"SHARES LISTED, SHARES REGISTERED FOR TRADING, LISTED FUND CERTIFICATES",2246,,,,,,2025-12-02
2025-11-30,"SHARES LISTED, SHARES REGISTERED FOR TRADING, LISTED FUND CERTIFICATES",2247,,,,,,2025-12-02
2025-11-30,"SHARES UNLISTED, UNREGISTERED FOR TRADING, UNLISTED FUND CERTIFICATES",2248,,,,,,2025-12-02
2025-11-30,"SHARES UNLISTED, UNREGISTERED FOR TRADING, UNLISTED FUND CERTIFICATES",2249,,,,0,0,2025-12-02
2025-11-30,BONDS,2251,,,,,,2025-12-02
2025-11-30,BONDS,2251.1,Listed bonds,,,530582692097,0.291232114832767,2025-12-02
2025-11-30,BONDS,2251.1.1,BAF123020,418000,100262.909,41909895962,0.0230039686843066,2025-12-02
2025-11-30,BONDS,2251.1.2,CII124021,250,99992286,24998071500,0.013721218837562,2025-12-02
2025-11-30,BONDS,2251.1.3,DSE125004,550000,100142.529,55078390950,0.0302320383172655,2025-12-02
2025-11-30,BONDS,2251.1.4,HDB124018,300000,99861.965,29958589500,0.0164440029941584,2025-12-02
2025-11-30,BONDS,2251.1.5,MSN123008,800000,99245.041,79396032800,0.0435797753791947,2025-12-02
2025-11-30,BONDS,2251.1.6,MSN123009,250000,99087.438,24771859500,0.0135970530851885,2025-12-02
2025-11-30,BONDS,2251.1.7,SHB125017,860626,100256.961999,86283748178,0.0473603810148086,2025-12-02
2025-11-30,BONDS,2251.1.8,VBA122001,350000,99161.131,34706395850,0.0190500316202753,2025-12-02
2025-11-30,BONDS,2251.1.9,VPI124001,1526847,100520.685999,153479707857,0.0842436449000067,2025-12-02
2025-11-30,BONDS,2251.2,"Unlisted Bonds, Private placement bonds",,,165186342750,0.0906693125447405,2025-12-02
2025-11-30,BONDS,2251.2.1,KBC12401,165,1001129350,165186342750,0.0906693125447405,2025-12-02
2025-11-30,BONDS,2252,,,,695769034847,0.381901427377507,2025-12-02
2025-11-30,OTHER SECURITIES,2253,,,,,,2025-12-02
2025-11-30,OTHER SECURITIES,2253.1,Investment - Rights,,,0,0,2025-12-02
2025-11-30,OTHER SECURITIES,2253.2,Index future contracts,,,0,0,2025-12-02
2025-11-30,OTHER SECURITIES,2254,,,,0,0,2025-12-02
2025-11-30,OTHER SECURITIES,2255,,,,695769034847,0.381901427377507,2025-12-02
2025-11-30,OTHER ASSETS,2256,,,,,,2025-12-02
2025-11-30,OTHER ASSETS,2256.1,Dividend receivables,,,0,0,2025-12-02
2025-11-30,OTHER ASSETS,2256.2,Coupon receivables,,,20877450939,0.0114594469059136,2025-12-02
2025-11-30,OTHER ASSETS,2256.3,Interest receivables from bank deposits and Money market instruments,,,18198635961,0.00998906921943984,2025-12-02
2025-11-30,OTHER ASSETS,2256.4,Outstanding Settlement of sales transactions,,,0,0,2025-12-02
2025-11-30,OTHER ASSETS,2256.5,Receivable from AP/Investors on securities on hold of buying,,,0,0,2025-12-02
2025-11-30,OTHER ASSETS,2256.6,Other receivables,,,0,0,2025-12-02
2025-11-30,OTHER ASSETS,2256.7,Other assets,,,5849288,3.21062209506542e-06,2025-12-02
2025-11-30,OTHER ASSETS,2257,,,,39081936188,0.0214517267474485,2025-12-02
2025-11-30,CASH,2258,,,,,,2025-12-02
2025-11-30,CASH,2259,"Cash, Cash Equivalent",,,133076326308,0.0730444104606579,2025-12-02
2025-11-30,CASH,2259.1,Cash at Bank,,,17076326308,0.00937304344511875,2025-12-02
2025-11-30,CASH,2259.2,Cash Equivalents,,,116000000000,0.0636713670155392,2025-12-02
2025-11-30,CASH,2260,Deposits with term over three (03) months,,,136000000000,0.0746491889147701,2025-12-02
2025-11-30,CASH,2261.1,Money market instruments,,,817927728507,0.448953246499616,2025-12-02
2025-11-30,CASH,2262,,,,1087004054815,0.596646845875044,2025-12-02
2025-11-30,Total value of portfolio,2263,,,,1821855025850,1,2025-12-02
2025-12-31,REAL ESTATE INVESTMENT (NOT APPLICABLE),,,,,,,2026-01-06
2025-12-31,REAL ESTATE INVESTMENT (NOT APPLICABLE),2264,,,,,,2026-01-06
2025-12-31,"SHARES LISTED, SHARES REGISTERED FOR TRADING, LISTED FUND CERTIFICATES",2246,,,,,,2026-01-06
2025-12-31,"SHARES LISTED, SHARES REGISTERED FOR TRADING, LISTED FUND CERTIFICATES",2247,,,,,,2026-01-06
2025-12-31,"SHARES UNLISTED, UNREGISTERED FOR TRADING, UNLISTED FUND CERTIFICATES",2248,,,,,,2026-01-06
2025-12-31,"SHARES UNLISTED, UNREGISTERED FOR TRADING, UNLISTED FUND CERTIFICATES",2249,,,,0,0,2026-01-06
2025-12-31,BONDS,2251,,,,,,2026-01-06
2025-12-31,BONDS,2251.1,Listed bonds,,,696755208775,0.509322926997419,2026-01-06
2025-12-31,BONDS,2251.1.1,BAF123020,418000,101395.233,42383207394,0.0309818125126089,2026-01-06
2025-12-31,BONDS,2251.1.2,CII124021,250,100408485,25102121250,0.018349465792114,2026-01-06
2025-12-31,BONDS,2251.1.3,DSE125004,550000,100482.523,55265387650,0.0403985914206989,2026-01-06
2025-12-31,BONDS,2251.1.4,DSE125018,600000,100036.95,60022170000,0.0438757642915716,2026-01-06
2025-12-31,BONDS,2251.1.5,HDB124018,1200000,100046.875,120056250000,0.0877602347054428,2026-01-06
2025-12-31,BONDS,2251.1.6,MSN123008,800000,99981.843,79985474400,0.0584687928064569,2026-01-06
2025-12-31,BONDS,2251.1.7,MSN123009,250000,99457.986,24864496500,0.0181757638496343,2026-01-06
2025-12-31,BONDS,2251.1.8,SHB125010,200000,99984.372,19996874400,0.0146175679376897,2026-01-06
2025-12-31,BONDS,2251.1.9,SHB125017,1160626,99957.358,116013108586,0.0848047281038295,2026-01-06
2025-12-31,BONDS,2251.1.10,VPI124001,1526847,100249.808,153066118595,0.111890205577372,2026-01-06
2025-12-31,BONDS,2251.2,"Unlisted Bonds, Private placement bonds",,,18058590000,0.0132006963140142,2026-01-06
2025-12-31,BONDS,2251.2.1,KBC12401,18,1003255000,18058590000,0.0132006963140142,2026-01-06
2025-12-31,BONDS,2252,,,,714813798775,0.522523623311433,2026-01-06
2025-12-31,OTHER SECURITIES,2253,,,,,,2026-01-06
2025-12-31,OTHER SECURITIES,2253.1,Investment - Rights,,,0,0,2026-01-06
2025-12-31,OTHER SECURITIES,2253.2,Index future contracts,,,0,0,2026-01-06
2025-12-31,OTHER SECURITIES,2254,,,,0,0,2026-01-06
2025-12-31,OTHER SECURITIES,2255,,,,714813798775,0.522523623311433,2026-01-06
2025-12-31,OTHER ASSETS,2256,,,,,,2026-01-06
2025-12-31,OTHER ASSETS,2256.1,Dividend receivables,,,0,0,2026-01-06
2025-12-31,OTHER ASSETS,2256.2,Coupon receivables,,,23864415000,0.0174447116373208,2026-01-06
2025-12-31,OTHER ASSETS,2256.3,Interest receivables from bank deposits and Money market instruments,,,10937472606,0.00799521193596261,2026-01-06
2025-12-31,OTHER ASSETS,2256.4,Outstanding Settlement of sales transactions,,,0,0,2026-01-06
2025-12-31,OTHER ASSETS,2256.5,Receivable from AP/Investors on securities on hold of buying,,,0,0,2026-01-06
2025-12-31,OTHER ASSETS,2256.6,Other receivables,,,0,0,2026-01-06
2025-12-31,OTHER ASSETS,2256.7,Other assets,,,0,0,2026-01-06
2025-12-31,OTHER ASSETS,2257,,,,34801887606,0.0254399235732834,2026-01-06
2025-12-31,CASH,2258,,,,,,2026-01-06
2025-12-31,CASH,2259,"Cash, Cash Equivalent",,,78546789408,0.057417124671186,2026-01-06
2025-12-31,CASH,2259.1,Cash at Bank,,,23546789408,0.0172125296684322,2026-01-06
2025-12-31,CASH,2259.2,Cash Equivalents,,,55000000000,0.0402045950027538,2026-01-06
2025-12-31,CASH,2260,Deposits with term over three (03) months,,,69900000000,0.051096385285318,2026-01-06
2025-12-31,CASH,2261.1,Money market instruments,,,469940360609,0.34352294315878,2026-01-06
2025-12-31,CASH,2262,,,,618387150017,0.452036453115284,2026-01-06
2025-12-31,Total value of portfolio,2263,,,,1368002836398,1,2026-01-06
2026-01-31,REAL ESTATE INVESTMENT (NOT APPLICABLE),,,,,,,2026-02-02
2026-01-31,REAL ESTATE INVESTMENT (NOT APPLICABLE),2264,,,,,,2026-02-02
2026-01-31,"SHARES LISTED, SHARES REGISTERED FOR TRADING, LISTED FUND CERTIFICATES",2246,,,,,,2026-02-02
2026-01-31,"SHARES LISTED, SHARES REGISTERED FOR TRADING, LISTED FUND CERTIFICATES",2247,,,,,,2026-02-02
2026-01-31,"SHARES UNLISTED, UNREGISTERED FOR TRADING, UNLISTED FUND CERTIFICATES",2248,,,,,,2026-02-02
2026-01-31,"SHARES UNLISTED, UNREGISTERED FOR TRADING, UNLISTED FUND CERTIFICATES",2249,,,,0,0,2026-02-02
2026-01-31,BONDS,2251,,,,,,2026-02-02
2026-01-31,BONDS,2251.1,Listed bonds,,,626510988196,0.529861892840111,2026-02-02
2026-01-31,BONDS,2251.1.1,CII124021,250,100401166,25100291500,0.02122817989725,2026-02-02
2026-01-31,BONDS,2251.1.2,DSE125004,550000,100272.504,55149877200,0.0466421481405044,2026-02-02
2026-01-31,BONDS,2251.1.3,DSE125018,1000000,100065.403,100065403000,0.0846287532706469,2026-02-02
2026-01-31,BONDS,2251.1.4,HDB124018,1000000,100037.635,100037635000,0.0846052689179099,2026-02-02
2026-01-31,BONDS,2251.1.5,MSN123008,800000,100320.027,80256021600,0.0678752780366068,2026-02-02
2026-01-31,BONDS,2251.1.6,MSN123009,250000,99509.521,24877380250,0.0210396561856381,2026-02-02
2026-01-31,BONDS,2251.1.7,SHB125017,860626,102645.3,88339213958,0.0747115118516484,2026-02-02
2026-01-31,BONDS,2251.1.8,VPI124001,1526847,100000.305,152685165688,0.129131096539906,2026-02-02
2026-01-31,BONDS,2251.2,"Unlisted Bonds, Private placement bonds",,,10798451820,0.00913262213893995,2026-02-02
2026-01-31,BONDS,2251.2.1,AF050129,108,99985665,10798451820,0.00913262213893995,2026-02-02
2026-01-31,BONDS,2252,,,,637309440016,0.53899451497905,2026-02-02
2026-01-31,OTHER SECURITIES,2253,,,,,,2026-02-02
2026-01-31,OTHER SECURITIES,2253.1,Investment - Rights,,,0,0,2026-02-02
2026-01-31,OTHER SECURITIES,2253.2,Index future contracts,,,0,0,2026-02-02
2026-01-31,OTHER SECURITIES,2254,,,,0,0,2026-02-02
2026-01-31,OTHER SECURITIES,2255,,,,637309440016,0.53899451497905,2026-02-02
2026-01-31,OTHER ASSETS,2256,,,,,,2026-02-02
2026-01-31,OTHER ASSETS,2256.1,Dividend receivables,,,0,0,2026-02-02
2026-01-31,OTHER ASSETS,2256.2,Coupon receivables,,,17800286672,0.0150543147156612,2026-02-02
2026-01-31,OTHER ASSETS,2256.3,Interest receivables from bank deposits and Money market instruments,,,12162579452,0.0102863117992734,2026-02-02
2026-01-31,OTHER ASSETS,2256.4,Outstanding Settlement of sales transactions,,,0,0,2026-02-02
2026-01-31,OTHER ASSETS,2256.5,Receivable from AP/Investors on securities on hold of buying,,,0,0,2026-02-02
2026-01-31,OTHER ASSETS,2256.6,Other receivables,,,0,0,2026-02-02
2026-01-31,OTHER ASSETS,2256.7,Other assets,,,0,0,2026-02-02
2026-01-31,OTHER ASSETS,2257,,,,29962866124,0.0253406265149346,2026-02-02
2026-01-31,CASH,2258,,,,,,2026-02-02
2026-01-31,CASH,2259,"Cash, Cash Equivalent",,,85232469717,0.0720840313842326,2026-02-02
2026-01-31,CASH,2259.1,Cash at Bank,,,10732469717,0.0090768188048439,2026-02-02
2026-01-31,CASH,2259.2,Cash Equivalents,,,74500000000,0.0630072125793887,2026-02-02
2026-01-31,CASH,2260,Deposits with term over three (03) months,,,59900000000,0.0506594903826226,2026-02-02
2026-01-31,CASH,2261.1,Money market instruments,,,369999538667,0.31292133673916,2026-02-02
2026-01-31,CASH,2262,,,,515132008384,0.435664858506015,2026-02-02
2026-01-31,Total value of portfolio,2263,,,,1182404314524,1,2026-02-02
2026-02-28,REAL ESTATE INVESTMENT (NOT APPLICABLE),,,,,,,2026-03-02
2026-02-28,REAL ESTATE INVESTMENT (NOT APPLICABLE),2264,,,,,,2026-03-02
2026-02-28,"SHARES LISTED, SHARES REGISTERED FOR TRADING, LISTED FUND CERTIFICATES",2246,,,,,,2026-03-02
2026-02-28,"SHARES LISTED, SHARES REGISTERED FOR TRADING, LISTED FUND CERTIFICATES",2247,,,,,,2026-03-02
2026-02-28,"SHARES UNLISTED, UNREGISTERED FOR TRADING, UNLISTED FUND CERTIFICATES",2248,,,,,,2026-03-02
2026-02-28,"SHARES UNLISTED, UNREGISTERED FOR TRADING, UNLISTED FUND CERTIFICATES",2249,,,,0,0,2026-03-02
2026-02-28,BONDS,2251,,,,,,2026-03-02
2026-02-28,BONDS,2251.1,Listed bonds,,,554086032687,0.466791394847042,2026-03-02
2026-02-28,BONDS,2251.1.1,BAF123020,418000,100590.274,42046734532,0.0354223941826788,2026-03-02
2026-02-28,BONDS,2251.1.2,CII124021,250,100355347,25088836750,0.0211361637196111,2026-03-02
2026-02-28,BONDS,2251.1.3,DSE125004,550000,100145.771,55080174050,0.0464024533311803,2026-03-02
2026-02-28,BONDS,2251.1.4,DSE125018,1000000,100169.727,100169727000,0.0843882787678767,2026-03-02
2026-02-28,BONDS,2251.1.5,HDB124018,100000,100058.192,10005819200,0.00842943157817105,2026-03-02
2026-02-28,BONDS,2251.1.6,MSN123008,800000,100933.707,80746965600,0.0680255167583012,2026-03-02
2026-02-28,BONDS,2251.1.7,SHB125017,860626,102611.27,88309926855,0.0743969555333873,2026-03-02
2026-02-28,BONDS,2251.1.8,VPI124001,1526847,99969.315,152637848700,0.128590200975836,2026-03-02
2026-02-28,BONDS,2251.2,"Unlisted Bonds, Private placement bonds",,,101097090108,0.0851695385239001,2026-03-02
2026-02-28,BONDS,2251.2.1,AF050129,108,99974951,10797294708,0.00909621242910669,2026-03-02
2026-02-28,BONDS,2251.2.2,KBC12401,90,1003331060,90299795400,0.0760733260947934,2026-03-02
2026-02-28,BONDS,2252,,,,655183122795,0.551960933370942,2026-03-02
2026-02-28,OTHER SECURITIES,2253,,,,,,2026-03-02
2026-02-28,OTHER SECURITIES,2253.1,Investment - Rights,,,0,0,2026-03-02
2026-02-28,OTHER SECURITIES,2253.2,Index future contracts,,,0,0,2026-03-02
2026-02-28,OTHER SECURITIES,2254,,,,0,0,2026-03-02
2026-02-28,OTHER SECURITIES,2255,,,,655183122795,0.551960933370942,2026-03-02
2026-02-28,OTHER ASSETS,2256,,,,,,2026-03-02
2026-02-28,OTHER ASSETS,2256.1,Dividend receivables,,,0,0,2026-03-02
2026-02-28,OTHER ASSETS,2256.2,Coupon receivables,,,10053530439,0.00846962605066964,2026-03-02
2026-02-28,OTHER ASSETS,2256.3,Interest receivables from bank deposits and Money market instruments,,,12574201368,0.0105931726291537,2026-03-02
2026-02-28,OTHER ASSETS,2256.4,Outstanding Settlement of sales transactions,,,0,0,2026-03-02
2026-02-28,OTHER ASSETS,2256.5,Receivable from AP/Investors on securities on hold of buying,,,0,0,2026-03-02
2026-02-28,OTHER ASSETS,2256.6,Other receivables,,,0,0,2026-03-02
2026-02-28,OTHER ASSETS,2256.7,Other assets,,,0,0,2026-03-02
2026-02-28,OTHER ASSETS,2257,,,,22627731807,0.0190627986798234,2026-03-02
2026-02-28,CASH,2258,,,,,,2026-03-02
2026-02-28,CASH,2259,"Cash, Cash Equivalent",,,69245980901,0.0583364786431798,2026-03-02
2026-02-28,CASH,2259.1,Cash at Bank,,,18245980901,0.0153713798448002,2026-03-02
2026-02-28,CASH,2259.2,Cash Equivalents,,,51000000000,0.0429650987983796,2026-03-02
2026-02-28,CASH,2260,Deposits with term over three (03) months,,,29900000000,0.0251893422366971,2026-03-02
2026-02-28,CASH,2261.1,Money market instruments,,,410053119701,0.345450447069358,2026-03-02
2026-02-28,CASH,2262,,,,509199100602,0.428976267949235,2026-03-02
2026-02-28,Total value of portfolio,2263,,,,1187009955204,1,2026-03-02
2026-03-31,REAL ESTATE INVESTMENT (NOT APPLICABLE),,,,,,,2026-04-01
2026-03-31,REAL ESTATE INVESTMENT (NOT APPLICABLE),2264,,,,,,2026-04-01
2026-03-31,"SHARES LISTED, SHARES REGISTERED FOR TRADING, LISTED FUND CERTIFICATES",2246,,,,,,2026-04-01
2026-03-31,"SHARES LISTED, SHARES REGISTERED FOR TRADING, LISTED FUND CERTIFICATES",2247,,,,,,2026-04-01
2026-03-31,"SHARES UNLISTED, UNREGISTERED FOR TRADING, UNLISTED FUND CERTIFICATES",2248,,,,,,2026-04-01
2026-03-31,"SHARES UNLISTED, UNREGISTERED FOR TRADING, UNLISTED FUND CERTIFICATES",2249,,,,0,0,2026-04-01
2026-03-31,BONDS,2251,,,,,,2026-04-01
2026-03-31,BONDS,2251.1,Listed bonds,,,495369159690,0.473372711771894,2026-04-01
2026-03-31,BONDS,2251.1.1,BAF123020,418000,100000.027,41800011286,0.0399439171928511,2026-04-01
2026-03-31,BONDS,2251.1.2,BAF126003,108,99997491,10799729028,0.0103201762087596,2026-04-01
2026-03-31,BONDS,2251.1.3,CII124021,250,100309303,25077325750,0.0239637883426038,2026-04-01
2026-03-31,BONDS,2251.1.4,DSE125004,550000,100261.1,55143605000,0.052694999931089,2026-04-01
2026-03-31,BONDS,2251.1.5,DSE125018,1000000,99541.828,99541828000,0.0951217574476763,2026-04-01
2026-03-31,BONDS,2251.1.6,HDB124018,300000,100045.577,30013673100,0.0286809413700143,2026-04-01
2026-03-31,BONDS,2251.1.7,MSN123008,500000,100624.55,50312275000,0.0480782010472099,2026-04-01
2026-03-31,BONDS,2251.1.8,VND125032,300000,99760.959,29928287700,0.0285993474363729,2026-04-01
2026-03-31,BONDS,2251.1.9,VPI124001,1526847,100044.356,152752424826,0.145969582795317,2026-04-01
2026-03-31,BONDS,2251.2,"Unlisted Bonds, Private placement bonds",,,90449018100,0.086432706068937,2026-04-01
2026-03-31,BONDS,2251.2.1,KBC12401,90,1004989090,90449018100,0.086432706068937,2026-04-01
2026-03-31,BONDS,2252,,,,585818177790,0.559805417840831,2026-04-01
2026-03-31,OTHER SECURITIES,2253,,,,,,2026-04-01
2026-03-31,OTHER SECURITIES,2253.1,Investment - Rights,,,0,0,2026-04-01
2026-03-31,OTHER SECURITIES,2253.2,Index future contracts,,,0,0,2026-04-01
2026-03-31,OTHER SECURITIES,2254,,,,0,0,2026-04-01
2026-03-31,OTHER SECURITIES,2255,,,,585818177790,0.559805417840831,2026-04-01
2026-03-31,OTHER ASSETS,2256,,,,,,2026-04-01
2026-03-31,OTHER ASSETS,2256.1,Dividend receivables,,,0,0,2026-04-01
2026-03-31,OTHER ASSETS,2256.2,Coupon receivables,,,12266735039,0.0117220410605145,2026-04-01
2026-03-31,OTHER ASSETS,2256.3,Interest receivables from bank deposits and Money market instruments,,,7622321917,0.00728385916900161,2026-04-01
2026-03-31,OTHER ASSETS,2256.4,Outstanding Settlement of sales transactions,,,0,0,2026-04-01
2026-03-31,OTHER ASSETS,2256.5,Receivable from AP/Investors on securities on hold of buying,,,0,0,2026-04-01
2026-03-31,OTHER ASSETS,2256.6,Other receivables,,,0,0,2026-04-01
2026-03-31,OTHER ASSETS,2256.7,Other assets,,,0,0,2026-04-01
2026-03-31,OTHER ASSETS,2257,,,,19889056956,0.0190059002295161,2026-04-01
2026-03-31,CASH,2258,,,,,,2026-04-01
2026-03-31,CASH,2259,"Cash, Cash Equivalent",,,216760268283,0.207135212183453,2026-04-01
2026-03-31,CASH,2259.1,Cash at Bank,,,9760268283,0.00932687183763366,2026-04-01
2026-03-31,CASH,2259.2,Cash Equivalents,,,207000000000,0.197808340345819,2026-04-01
2026-03-31,CASH,2260,Deposits with term over three (03) months,,,20000000000,0.019111916941625,2026-04-01
2026-03-31,CASH,2261.1,Money market instruments,,,204000000000,0.194941552804575,2026-04-01
2026-03-31,CASH,2262,,,,440760268283,0.421188681929653,2026-04-01
2026-03-31,Total value of portfolio,2263,,,,1046467503029,1,2026-04-01
2026-04-30,REAL ESTATE INVESTMENT (NOT APPLICABLE),,,,,,,2026-05-04
2026-04-30,REAL ESTATE INVESTMENT (NOT APPLICABLE),2264,,,,,,2026-05-04
2026-04-30,"SHARES LISTED, SHARES REGISTERED FOR TRADING, LISTED FUND CERTIFICATES",2246,,,,,,2026-05-04
2026-04-30,"SHARES LISTED, SHARES REGISTERED FOR TRADING, LISTED FUND CERTIFICATES",2247,,,,,,2026-05-04
2026-04-30,"SHARES UNLISTED, UNREGISTERED FOR TRADING, UNLISTED FUND CERTIFICATES",2248,,,,,,2026-05-04
2026-04-30,"SHARES UNLISTED, UNREGISTERED FOR TRADING, UNLISTED FUND CERTIFICATES",2249,,,,0,0,2026-05-04
2026-04-30,BONDS,2251,,,,,,2026-05-04
2026-04-30,BONDS,2251.1,Listed bonds,,,444242960462,0.543881158918786,2026-05-04
2026-04-30,BONDS,2251.1.1,BAF126003,108,99978256,10797651648,0.0132194312900495,2026-05-04
2026-04-30,BONDS,2251.1.2,CII124021,250,100262459,25065614750,0.0306875219475941,2026-05-04
2026-04-30,BONDS,2251.1.3,DSE125004,455000,100139.908,45563658140,0.0557830228035371,2026-05-04
2026-04-30,BONDS,2251.1.4,DSE125018,1000000,99569.062,99569062000,0.121901170424171,2026-05-04
2026-04-30,BONDS,2251.1.5,HDB124018,300000,99916.337,29974901100,0.0366979004727268,2026-05-04
2026-04-30,BONDS,2251.1.6,MSN123008,500000,100196.295,50098147500,0.0613345420119831,2026-05-04
2026-04-30,BONDS,2251.1.7,VND125032,300000,100167.767,30050330100,0.0367902472639814,2026-05-04
2026-04-30,BONDS,2251.1.8,VPI124001,1526847,100287.452,153123595224,0.187467322704743,2026-05-04
2026-04-30,BONDS,2251.2,"Unlisted Bonds, Private placement bonds",,,70217000000,0.0859658041538446,2026-05-04
2026-04-30,BONDS,2251.2.1,KBC12401,70,1003100000,70217000000,0.0859658041538446,2026-05-04
2026-04-30,BONDS,2252,,,,514459960462,0.629846963072631,2026-05-04
2026-04-30,OTHER SECURITIES,2253,,,,,,2026-05-04
2026-04-30,OTHER SECURITIES,2253.1,Investment - Rights,,,0,0,2026-05-04
2026-04-30,OTHER SECURITIES,2253.2,Index future contracts,,,0,0,2026-05-04
2026-04-30,OTHER SECURITIES,2254,,,,0,0,2026-05-04
2026-04-30,OTHER SECURITIES,2255,,,,514459960462,0.629846963072631,2026-05-04
2026-04-30,OTHER ASSETS,2256,,,,,,2026-05-04
2026-04-30,OTHER ASSETS,2256.1,Dividend receivables,,,0,0,2026-05-04
2026-04-30,OTHER ASSETS,2256.2,Coupon receivables,,,9966048453,0.0122013097896282,2026-05-04
2026-04-30,OTHER ASSETS,2256.3,Interest receivables from bank deposits and Money market instruments,,,6195123287,0.00758461277467228,2026-05-04
2026-04-30,OTHER ASSETS,2256.4,Outstanding Settlement of sales transactions,,,0,0,2026-05-04
2026-04-30,OTHER ASSETS,2256.5,Receivable from AP/Investors on securities on hold of buying,,,0,0,2026-05-04
2026-04-30,OTHER ASSETS,2256.6,Other receivables,,,0,0,2026-05-04
2026-04-30,OTHER ASSETS,2256.7,Other assets,,,0,0,2026-05-04
2026-04-30,OTHER ASSETS,2257,,,,16161171740,0.0197859225643005,2026-05-04
2026-04-30,CASH,2258,,,,,,2026-05-04
2026-04-30,CASH,2259,"Cash, Cash Equivalent",,,72180393604,0.0883695626459245,2026-05-04
2026-04-30,CASH,2259.1,Cash at Bank,,,3180393604,0.00389371653151806,2026-05-04
2026-04-30,CASH,2259.2,Cash Equivalents,,,69000000000,0.0844758461144064,2026-05-04
2026-04-30,CASH,2260,Deposits with term over three (03) months,,,30000000000,0.0367286287453941,2026-05-04
2026-04-30,CASH,2261.1,Money market instruments,,,184000000000,0.22526892297175,2026-05-04
2026-04-30,CASH,2262,,,,286180393604,0.350367114363069,2026-05-04
2026-04-30,Total value of portfolio,2263,,,,816801525806,1,2026-05-04
2026-05-31,REAL ESTATE INVESTMENT (NOT APPLICABLE),,,,,,,2026-06-02
2026-05-31,REAL ESTATE INVESTMENT (NOT APPLICABLE),2264,,,,,,2026-06-02
2026-05-31,"SHARES LISTED, SHARES REGISTERED FOR TRADING, LISTED FUND CERTIFICATES",2246,,,,,,2026-06-02
2026-05-31,"SHARES LISTED, SHARES REGISTERED FOR TRADING, LISTED FUND CERTIFICATES",2247,,,,,,2026-06-02
2026-05-31,"SHARES UNLISTED, UNREGISTERED FOR TRADING, UNLISTED FUND CERTIFICATES",2248,,,,,,2026-06-02
2026-05-31,"SHARES UNLISTED, UNREGISTERED FOR TRADING, UNLISTED FUND CERTIFICATES",2249,,,,0,0,2026-06-02
2026-05-31,BONDS,2251,,,,,,2026-06-02
2026-05-31,BONDS,2251.1,Listed bonds,,,394517455977,0.504808110788184,2026-06-02
2026-05-31,BONDS,2251.1.1,BAF126003,108,99843663,10783115604,0.0137976257678778,2026-06-02
2026-05-31,BONDS,2251.1.2,CII124021,250,100301135,25075283750,0.0320852890678001,2026-06-02
2026-05-31,BONDS,2251.1.3,DSE125004,455000,100061.665,45528057575,0.0582558068954782,2026-06-02
2026-05-31,BONDS,2251.1.4,DSE125018,1000000,100094.969,100094969000,0.128077354841398,2026-06-02
2026-05-31,BONDS,2251.1.5,MSN123008,500000,100563.461,50281730500,0.0643384088493803,2026-06-02
2026-05-31,BONDS,2251.1.6,VND125032,300000,99934.055,29980216500,0.0383614367960136,2026-06-02
2026-05-31,BONDS,2251.1.7,VPI124001,1326847,100067.364999,132774083048,0.169892188570236,2026-06-02
2026-05-31,BONDS,2251.2,"Unlisted Bonds, Private placement bonds",,,45083969100,0.0576875697726559,2026-06-02
2026-05-31,BONDS,2251.2.1,KBC12401,45,1001865980,45083969100,0.0576875697726559,2026-06-02
2026-05-31,BONDS,2252,,,,439601425077,0.56249568056084,2026-06-02
2026-05-31,OTHER SECURITIES,2253,,,,,,2026-06-02
2026-05-31,OTHER SECURITIES,2253.1,Investment - Rights,,,0,0,2026-06-02
2026-05-31,OTHER SECURITIES,2253.2,Index future contracts,,,0,0,2026-06-02
2026-05-31,OTHER SECURITIES,2254,,,,0,0,2026-06-02
2026-05-31,OTHER SECURITIES,2255,,,,439601425077,0.56249568056084,2026-06-02
2026-05-31,OTHER ASSETS,2256,,,,,,2026-06-02
2026-05-31,OTHER ASSETS,2256.1,Dividend receivables,,,0,0,2026-06-02
2026-05-31,OTHER ASSETS,2256.2,Coupon receivables,,,10821774320,0.0138470918513014,2026-06-02
2026-05-31,OTHER ASSETS,2256.3,Interest receivables from bank deposits and Money market instruments,,,6448465069,0.00825118741806767,2026-06-02
2026-05-31,OTHER ASSETS,2256.4,Outstanding Settlement of sales transactions,,,0,0,2026-06-02
2026-05-31,OTHER ASSETS,2256.5,Receivable from AP/Investors on securities on hold of buying,,,0,0,2026-06-02
2026-05-31,OTHER ASSETS,2256.6,Other receivables,,,0,0,2026-06-02
2026-05-31,OTHER ASSETS,2256.7,Other assets,,,0,0,2026-06-02
2026-05-31,OTHER ASSETS,2257,,,,17270239389,0.0220982792693691,2026-06-02
2026-05-31,CASH,2258,,,,,,2026-06-02
2026-05-31,CASH,2259,"Cash, Cash Equivalent",,,130647981407,0.16717171743144,2026-06-02
2026-05-31,CASH,2259.1,Cash at Bank,,,37147981407,0.0475330103384716,2026-06-02
2026-05-31,CASH,2259.2,Cash Equivalents,,,93500000000,0.119638707092968,2026-06-02
2026-05-31,CASH,2260,Deposits with term over three (03) months,,,30000000000,0.0383867509389202,2026-06-02
2026-05-31,CASH,2261.1,Money market instruments,,,164000000000,0.209847571799431,2026-06-02
2026-05-31,CASH,2262,,,,324647981407,0.415406040169791,2026-06-02
2026-05-31,Total value of portfolio,2263,,,,781519645873,1,2026-06-02
2026-06-30,REAL ESTATE INVESTMENT (NOT APPLICABLE),,,,,,,2026-07-02
2026-06-30,REAL ESTATE INVESTMENT (NOT APPLICABLE),2264,,,,,,2026-07-02
2026-06-30,"SHARES LISTED, SHARES REGISTERED FOR TRADING, LISTED FUND CERTIFICATES",2246,,,,,,2026-07-02
2026-06-30,"SHARES LISTED, SHARES REGISTERED FOR TRADING, LISTED FUND CERTIFICATES",2247,,,,,,2026-07-02
2026-06-30,"SHARES UNLISTED, UNREGISTERED FOR TRADING, UNLISTED FUND CERTIFICATES",2248,,,,,,2026-07-02
2026-06-30,"SHARES UNLISTED, UNREGISTERED FOR TRADING, UNLISTED FUND CERTIFICATES",2249,,,,0,0,2026-07-02
2026-06-30,BONDS,2251,,,,,,2026-07-02
2026-06-30,BONDS,2251.1,Listed bonds,,,304530646718,0.401745909517982,2026-07-02
2026-06-30,BONDS,2251.1.1,BAF126003,108,99995850,10799551800,0.0142470907510837,2026-07-02
2026-06-30,BONDS,2251.1.2,CII124021,250,100219986,25054996500,0.0330532984622181,2026-07-02
2026-06-30,BONDS,2251.1.3,DSE125004,455000,100148.132,45567400060,0.0601138728688497,2026-07-02
2026-06-30,BONDS,2251.1.4,DSE125018,400000,100101.062,40040424800,0.0528225223048185,2026-07-02
2026-06-30,BONDS,2251.1.5,MSN123008,500000,100537.847,50268923500,0.0663162627789595,2026-07-02
2026-06-30,BONDS,2251.1.6,VND125032,300000,99991.965,29997589500,0.0395737145239913,2026-07-02
2026-06-30,BONDS,2251.1.7,VPI124001,1026847,100114,102801760558,0.135619147828061,2026-07-02
2026-06-30,BONDS,2251.2,"Unlisted Bonds, Private placement bonds",,,45037584450,0.0594149243183172,2026-07-02
2026-06-30,BONDS,2251.2.1,KBC12401,45,1000835210,45037584450,0.0594149243183172,2026-07-02
2026-06-30,BONDS,2252,,,,349568231168,0.461160833836299,2026-07-02
2026-06-30,OTHER SECURITIES,2253,,,,,,2026-07-02
2026-06-30,OTHER SECURITIES,2253.1,Investment - Rights,,,0,0,2026-07-02
2026-06-30,OTHER SECURITIES,2253.2,Index future contracts,,,0,0,2026-07-02
2026-06-30,OTHER SECURITIES,2254,,,,0,0,2026-07-02
2026-06-30,OTHER SECURITIES,2255,,,,349568231168,0.461160833836299,2026-07-02
2026-06-30,OTHER ASSETS,2256,,,,,,2026-07-02
2026-06-30,OTHER ASSETS,2256.1,Dividend receivables,,,0,0,2026-07-02
2026-06-30,OTHER ASSETS,2256.2,Coupon receivables,,,10870600060,0.014340819734163,2026-07-02
2026-06-30,OTHER ASSETS,2256.3,Interest receivables from bank deposits and Money market instruments,,,14645287670,0.0193205001813332,2026-07-02
2026-06-30,OTHER ASSETS,2256.4,Outstanding Settlement of sales transactions,,,0,0,2026-07-02
2026-06-30,OTHER ASSETS,2256.5,Receivable from AP/Investors on securities on hold of buying,,,0,0,2026-07-02
2026-06-30,OTHER ASSETS,2256.6,Other receivables,,,0,0,2026-07-02
2026-06-30,OTHER ASSETS,2256.7,Other assets,,,0,0,2026-07-02
2026-06-30,OTHER ASSETS,2257,,,,25515887730,0.0336613199154963,2026-07-02
2026-06-30,CASH,2258,,,,,,2026-07-02
2026-06-30,CASH,2259,"Cash, Cash Equivalent",,,48831168345,0.0644195333081009,2026-07-02
2026-06-30,CASH,2259.1,Cash at Bank,,,18831168345,0.0248426387806344,2026-07-02
2026-06-30,CASH,2259.2,Cash Equivalents,,,30000000000,0.0395768945274665,2026-07-02
2026-06-30,CASH,2260,Deposits with term over three (03) months,,,30000000000,0.0395768945274665,2026-07-02
2026-06-30,CASH,2261.1,Money market instruments,,,304102752277,0.401181418412637,2026-07-02
2026-06-30,CASH,2262,,,,382933920622,0.505177846248205,2026-07-02
2026-06-30,Total value of portfolio,2263,,,,758018039520,1,2026-07-02
2026-07-31,REAL ESTATE INVESTMENT (NOT APPLICABLE),,,,,,,2026-08-03
2026-07-31,REAL ESTATE INVESTMENT (NOT APPLICABLE),2264,,,,,,2026-08-03
2026-07-31,"SHARES LISTED, SHARES REGISTERED FOR TRADING, LISTED FUND CERTIFICATES",2246,,,,,,2026-08-03
2026-07-31,"SHARES LISTED, SHARES REGISTERED FOR TRADING, LISTED FUND CERTIFICATES",2247,,,,,,2026-08-03
2026-07-31,"SHARES UNLISTED, UNREGISTERED FOR TRADING, UNLISTED FUND CERTIFICATES",2248,,,,,,2026-08-03
2026-07-31,"SHARES UNLISTED, UNREGISTERED FOR TRADING, UNLISTED FUND CERTIFICATES",2249,,,,0,0,2026-08-03
2026-07-31,BONDS,2251,,,,,,2026-08-03
2026-07-31,BONDS,2251.1,Listed bonds,,,284836367068,0.495308032951317,2026-08-03
2026-07-31,BONDS,2251.1.1,BAF126003,108,100055505,10805994540,0.0187907743480393,2026-08-03
2026-07-31,BONDS,2251.1.2,CII124021,250,100143742,25035935500,0.0435355221429314,2026-08-03
2026-07-31,BONDS,2251.1.3,DSE125004,550000,100164.233,55090328150,0.0957977464447327,2026-08-03
2026-07-31,BONDS,2251.1.4,DSE125018,400000,100042.295,40016918000,0.06958627208801,2026-08-03
2026-07-31,BONDS,2251.1.5,MSN123008,300000,100523.573,30157071900,0.052440775439305,2026-08-03
2026-07-31,BONDS,2251.1.6,VND125032,300000,99980.633,29994189900,0.052157536455977,2026-08-03
2026-07-31,BONDS,2251.1.7,VPI124001,934397,100317.027,93735929078,0.162999406032322,2026-08-03
2026-07-31,BONDS,2251.2,"Unlisted Bonds, Private placement bonds",,,15014159700,0.0261084424856766,2026-08-03
2026-07-31,BONDS,2251.2.1,KBC12401,15,1000943980,15014159700,0.0261084424856766,2026-08-03
2026-07-31,BONDS,2252,,,,299850526768,0.521416475436994,2026-08-03
2026-07-31,OTHER SECURITIES,2253,,,,,,2026-08-03
2026-07-31,OTHER SECURITIES,2253.1,Investment - Rights,,,0,0,2026-08-03
2026-07-31,OTHER SECURITIES,2253.2,Index future contracts,,,0,0,2026-08-03
2026-07-31,OTHER SECURITIES,2254,,,,0,0,2026-08-03
2026-07-31,OTHER SECURITIES,2255,,,,299850526768,0.521416475436994,2026-08-03
2026-07-31,OTHER ASSETS,2256,,,,,,2026-08-03
2026-07-31,OTHER ASSETS,2256.1,Dividend receivables,,,0,0,2026-08-03
2026-07-31,OTHER ASSETS,2256.2,Coupon receivables,,,3586234330,0.00623617935441061,2026-08-03
2026-07-31,OTHER ASSETS,2256.3,Interest receivables from bank deposits and Money market instruments,,,6744767121,0.0117286193817367,2026-08-03
2026-07-31,OTHER ASSETS,2256.4,Outstanding Settlement of sales transactions,,,0,0,2026-08-03
2026-07-31,OTHER ASSETS,2256.5,Receivable from AP/Investors on securities on hold of buying,,,0,0,2026-08-03
2026-07-31,OTHER ASSETS,2256.6,Other receivables,,,0,0,2026-08-03
2026-07-31,OTHER ASSETS,2256.7,Other assets,,,0,0,2026-08-03
2026-07-31,OTHER ASSETS,2257,,,,10331001451,0.0179647987361474,2026-08-03
2026-07-31,CASH,2258,,,,,,2026-08-03
2026-07-31,CASH,2259,"Cash, Cash Equivalent",,,68577122438,0.119250220643765,2026-08-03
2026-07-31,CASH,2259.1,Cash at Bank,,,8577122438,0.0149149411182251,2026-08-03
2026-07-31,CASH,2259.2,Cash Equivalents,,,60000000000,0.10433527952554,2026-08-03
2026-07-31,CASH,2260,Deposits with term over three (03) months,,,32000000000,0.0556454824136212,2026-08-03
2026-07-31,CASH,2261.1,Money market instruments,,,164310494438,0.285723022769473,2026-08-03
2026-07-31,CASH,2262,,,,264887616876,0.460618725826859,2026-08-03
2026-07-31,Total value of portfolio,2263,,,,575069145095,1,2026-08-03
